{
"type": "FeatureCollection",
"name": "pri_adm0",
"crs": { "type": "name", "properties": { "name": "urn:ogc:def:crs:OGC:1.3:CRS84" } },
"features": [
{ "type": "Feature", "properties": { "COUNTRY": "Puerto Rico" }, "geometry": { "type": "MultiPolygon", "coordinates": [ [ [ [ -66.511253, 17.901806000000136 ], [ -66.510971000999973, 17.901806000000136 ], [ -66.510971000999973, 17.901527001000034 ], [ -66.51069599899995, 17.901527001000034 ], [ -66.51069599899995, 17.901251001000105 ], [ -66.510139, 17.901251001000105 ], [ -66.510139, 17.900694000000158 ], [ -66.509865, 17.900694000000158 ], [ -66.509865, 17.899583999000015 ], [ -66.509582998999974, 17.899583999000015 ], [ -66.509582998999974, 17.898195000000158 ], [ -66.509865, 17.898195000000158 ], [ -66.509865, 17.897917 ], [ -66.510414, 17.897917 ], [ -66.510414, 17.897638 ], [ -66.510971000999973, 17.897638 ], [ -66.510971000999973, 17.897362001000033 ], [ -66.511253, 17.897362001000033 ], [ -66.511253, 17.897082999000077 ], [ -66.511527999999885, 17.897082999000077 ], [ -66.511527999999885, 17.896805 ], [ -66.511803, 17.896805 ], [ -66.511803, 17.896528 ], [ -66.512084998999967, 17.896528 ], [ -66.512084998999967, 17.895970999000042 ], [ -66.512360000999877, 17.895970999000042 ], [ -66.512360000999877, 17.895694999000114 ], [ -66.512642, 17.895694999000114 ], [ -66.512642, 17.895416 ], [ -66.512917, 17.895416 ], [ -66.512917, 17.89514000000014 ], [ -66.513190999999892, 17.89514000000014 ], [ -66.513190999999892, 17.894861001000038 ], [ -66.513474000999963, 17.894861001000038 ], [ -66.513474000999963, 17.894305999000153 ], [ -66.513748000999897, 17.894305999000153 ], [ -66.513748000999897, 17.894030000000157 ], [ -66.51403, 17.894030000000157 ], [ -66.51403, 17.893473001000132 ], [ -66.514305, 17.893473001000132 ], [ -66.514305, 17.893193999000175 ], [ -66.51458, 17.893193999000175 ], [ -66.51458, 17.892916000000127 ], [ -66.515137000999971, 17.892916000000127 ], [ -66.515137000999971, 17.892361 ], [ -66.515419, 17.892361 ], [ -66.515419, 17.892084001000171 ], [ -66.515693999999883, 17.892084001000171 ], [ -66.515693999999883, 17.891807999000036 ], [ -66.516251000999944, 17.891807999000036 ], [ -66.516251000999944, 17.891525000000172 ], [ -66.516808, 17.891525000000172 ], [ -66.516808, 17.891251 ], [ -66.517365000999916, 17.891251 ], [ -66.517365000999916, 17.890972000999966 ], [ -66.519858999999883, 17.890972000999966 ], [ -66.519858999999883, 17.890693999000064 ], [ -66.520416000999944, 17.890693999000064 ], [ -66.520416000999944, 17.890415000000189 ], [ -66.520690999999886, 17.890415000000189 ], [ -66.520690999999886, 17.890139 ], [ -66.521530000999917, 17.890139 ], [ -66.521530000999917, 17.889862 ], [ -66.522087, 17.889862 ], [ -66.522087, 17.88958400100006 ], [ -66.522362, 17.88958400100006 ], [ -66.522362, 17.889302999000108 ], [ -66.522635998999988, 17.889302999000108 ], [ -66.522635998999988, 17.889028999000175 ], [ -66.523193, 17.889028999000175 ], [ -66.523193, 17.888472000000149 ], [ -66.523476, 17.888472000000149 ], [ -66.523476, 17.888193001000104 ], [ -66.523749998999961, 17.888193001000104 ], [ -66.523749998999961, 17.88791699899997 ], [ -66.524024998999948, 17.88791699899997 ], [ -66.524024998999948, 17.887638 ], [ -66.524307000999954, 17.887638 ], [ -66.524307000999954, 17.887362000000167 ], [ -66.524582, 17.887362000000167 ], [ -66.524582, 17.887083000000189 ], [ -66.525138998999921, 17.887083000000189 ], [ -66.525138998999921, 17.886806001000082 ], [ -66.526252998999837, 17.886806001000082 ], [ -66.526252998999837, 17.88652799900018 ], [ -66.526526998999941, 17.88652799900018 ], [ -66.526526998999941, 17.886250000000189 ], [ -66.526801998999872, 17.886250000000189 ], [ -66.526801998999872, 17.885971 ], [ -66.527084, 17.885971 ], [ -66.527084, 17.884863000000166 ], [ -66.527359, 17.884863000000166 ], [ -66.527359, 17.88430600099997 ], [ -66.527640998999914, 17.88430600099997 ], [ -66.527640998999914, 17.883750999000085 ], [ -66.527915998999958, 17.883750999000085 ], [ -66.527915998999958, 17.883194 ], [ -66.528473, 17.883194 ], [ -66.528473, 17.88291700100018 ], [ -66.528748, 17.88291700100018 ], [ -66.528748, 17.882640999000046 ], [ -66.529586999999822, 17.882640999000046 ], [ -66.529586999999822, 17.883194 ], [ -66.529861, 17.883194 ], [ -66.529861, 17.883750999000085 ], [ -66.530136, 17.883750999000085 ], [ -66.530136, 17.884026999000184 ], [ -66.530417998999837, 17.884026999000184 ], [ -66.530417998999837, 17.88430600099997 ], [ -66.530136, 17.88430600099997 ], [ -66.530136, 17.884583 ], [ -66.529861, 17.884583 ], [ -66.529861, 17.885138999000162 ], [ -66.528473, 17.885138999000162 ], [ -66.528473, 17.885415998999974 ], [ -66.527915998999958, 17.885415998999974 ], [ -66.527915998999958, 17.885695001000158 ], [ -66.527640998999914, 17.885695001000158 ], [ -66.527640998999914, 17.885971 ], [ -66.527915998999958, 17.885971 ], [ -66.527915998999958, 17.88652799900018 ], [ -66.528198, 17.88652799900018 ], [ -66.528198, 17.88791699899997 ], [ -66.527915998999958, 17.88791699899997 ], [ -66.527915998999958, 17.889028999000175 ], [ -66.527640998999914, 17.889028999000175 ], [ -66.527640998999914, 17.88958400100006 ], [ -66.527359, 17.88958400100006 ], [ -66.527359, 17.890415000000189 ], [ -66.527084, 17.890415000000189 ], [ -66.527084, 17.891251 ], [ -66.526801998999872, 17.891251 ], [ -66.526801998999872, 17.892084001000171 ], [ -66.526526998999941, 17.892084001000171 ], [ -66.526526998999941, 17.893473001000132 ], [ -66.526252998999837, 17.893473001000132 ], [ -66.526252998999837, 17.894030000000157 ], [ -66.52597, 17.894030000000157 ], [ -66.52597, 17.894305999000153 ], [ -66.525696, 17.894305999000153 ], [ -66.525696, 17.894582999000136 ], [ -66.525413998999966, 17.894582999000136 ], [ -66.525413998999966, 17.894861001000038 ], [ -66.525138998999921, 17.894861001000038 ], [ -66.525138998999921, 17.89514000000014 ], [ -66.524864, 17.89514000000014 ], [ -66.524864, 17.895416 ], [ -66.524582, 17.895416 ], [ -66.524582, 17.895970999000042 ], [ -66.524307000999954, 17.895970999000042 ], [ -66.524307000999954, 17.896252000000118 ], [ -66.524024998999948, 17.896252000000118 ], [ -66.524024998999948, 17.896528 ], [ -66.523476, 17.896528 ], [ -66.523476, 17.896805 ], [ -66.522919000999934, 17.896805 ], [ -66.522919000999934, 17.897082999000077 ], [ -66.522635998999988, 17.897082999000077 ], [ -66.522635998999988, 17.897362001000033 ], [ -66.522362, 17.897362001000033 ], [ -66.522362, 17.897638 ], [ -66.522087, 17.897638 ], [ -66.522087, 17.897917 ], [ -66.521805, 17.897917 ], [ -66.521805, 17.898195000000158 ], [ -66.521530000999917, 17.898195000000158 ], [ -66.521530000999917, 17.898471999000037 ], [ -66.521247998999968, 17.898471999000037 ], [ -66.521247998999968, 17.89875000100011 ], [ -66.520142000999954, 17.89875000100011 ], [ -66.520142000999954, 17.899027 ], [ -66.519585, 17.899027 ], [ -66.519585, 17.899583999000015 ], [ -66.518753000999936, 17.899583999000015 ], [ -66.518753000999936, 17.899859999000114 ], [ -66.518196, 17.899859999000114 ], [ -66.518196, 17.900417000000118 ], [ -66.517639000999964, 17.900417000000118 ], [ -66.517639000999964, 17.900694000000158 ], [ -66.516525000999877, 17.900694000000158 ], [ -66.516525000999877, 17.900971999000149 ], [ -66.51597599899992, 17.900971999000149 ], [ -66.51597599899992, 17.901251001000105 ], [ -66.515693999999883, 17.901251001000105 ], [ -66.515693999999883, 17.901527001000034 ], [ -66.515419, 17.901527001000034 ], [ -66.515419, 17.901806000000136 ], [ -66.515137000999971, 17.901806000000136 ], [ -66.515137000999971, 17.902082 ], [ -66.514305, 17.902082 ], [ -66.514305, 17.902360999000109 ], [ -66.51403, 17.902360999000109 ], [ -66.51403, 17.902914001000056 ], [ -66.512360000999877, 17.902914001000056 ], [ -66.512360000999877, 17.902639001000011 ], [ -66.512084998999967, 17.902639001000011 ], [ -66.512084998999967, 17.902360999000109 ], [ -66.511803, 17.902360999000109 ], [ -66.511803, 17.902082 ], [ -66.511253, 17.902082 ], [ -66.511253, 17.901806000000136 ] ] ], [ [ [ -66.388748000999897, 17.919307999000068 ], [ -66.389029999999877, 17.919307999000068 ], [ -66.389029999999877, 17.919583999000167 ], [ -66.389305, 17.919583999000167 ], [ -66.389305, 17.919861001000186 ], [ -66.389029999999877, 17.919861001000186 ], [ -66.389029999999877, 17.920137000000182 ], [ -66.388191, 17.920137000000182 ], [ -66.388191, 17.920418000000154 ], [ -66.387917, 17.920418000000154 ], [ -66.387917, 17.920973001000164 ], [ -66.387642, 17.920973001000164 ], [ -66.387642, 17.921530000000132 ], [ -66.387360000999934, 17.921530000000132 ], [ -66.387360000999934, 17.921806 ], [ -66.387084998999967, 17.921806 ], [ -66.387084998999967, 17.922082999000168 ], [ -66.385695998999893, 17.922082999000168 ], [ -66.385695998999893, 17.921806 ], [ -66.385414, 17.921806 ], [ -66.385414, 17.919861001000186 ], [ -66.385695998999893, 17.919861001000186 ], [ -66.385695998999893, 17.919025 ], [ -66.388748000999897, 17.919025 ], [ -66.388748000999897, 17.919307999000068 ] ] ], [ [ [ -66.381530999999882, 17.920973 ], [ -66.381248, 17.920973 ], [ -66.381248, 17.920694 ], [ -66.380974, 17.920694 ], [ -66.380974, 17.920418000000154 ], [ -66.381248, 17.920418000000154 ], [ -66.381248, 17.920137000000182 ], [ -66.381530999999882, 17.920137000000182 ], [ -66.381530999999882, 17.919861 ], [ -66.38208, 17.919861 ], [ -66.38208, 17.9195840000001 ], [ -66.382919, 17.9195840000001 ], [ -66.382919, 17.919861 ], [ -66.383469, 17.919861 ], [ -66.383469, 17.920137000000182 ], [ -66.383751, 17.920137000000182 ], [ -66.383751, 17.920694 ], [ -66.384026, 17.920694 ], [ -66.384026, 17.921247 ], [ -66.384308, 17.921247 ], [ -66.384308, 17.9220830000001 ], [ -66.384026, 17.9220830000001 ], [ -66.384026, 17.922361 ], [ -66.383751, 17.922361 ], [ -66.383751, 17.922640000000172 ], [ -66.383469, 17.922640000000172 ], [ -66.383469, 17.9229160000001 ], [ -66.38236199999983, 17.9229160000001 ], [ -66.38236199999983, 17.922640000000172 ], [ -66.38208, 17.922640000000172 ], [ -66.38208, 17.922361 ], [ -66.381805, 17.922361 ], [ -66.381805, 17.921530000000132 ], [ -66.381530999999882, 17.921530000000132 ], [ -66.381530999999882, 17.920973 ] ] ], [ [ [ -66.455696000999922, 17.932083 ], [ -66.455414, 17.932083 ], [ -66.455414, 17.931805000000168 ], [ -66.455139, 17.931805000000168 ], [ -66.455139, 17.931525999000087 ], [ -66.454865, 17.931525999000087 ], [ -66.454865, 17.929860999000141 ], [ -66.454582000999949, 17.929860999000141 ], [ -66.454582000999949, 17.929304000000172 ], [ -66.454308000999902, 17.929304000000172 ], [ -66.454308000999902, 17.929028001000177 ], [ -66.454025, 17.929028001000177 ], [ -66.454025, 17.928472999000064 ], [ -66.453750999999841, 17.928472999000064 ], [ -66.453750999999841, 17.927360999000086 ], [ -66.454025, 17.927360999000086 ], [ -66.454025, 17.926250000999971 ], [ -66.453750999999841, 17.926250000999971 ], [ -66.453750999999841, 17.925973999000064 ], [ -66.453194000999929, 17.925973999000064 ], [ -66.453194000999929, 17.925694 ], [ -66.452918998999905, 17.925694 ], [ -66.452918998999905, 17.925417 ], [ -66.453194000999929, 17.925417 ], [ -66.453194000999929, 17.924862001000065 ], [ -66.452918998999905, 17.924862001000065 ], [ -66.452918998999905, 17.923470999000074 ], [ -66.453194000999929, 17.923470999000074 ], [ -66.453194000999929, 17.923195 ], [ -66.453750999999841, 17.923195 ], [ -66.453750999999841, 17.9229160000001 ], [ -66.455414, 17.9229160000001 ], [ -66.455414, 17.923195 ], [ -66.457359000999929, 17.923195 ], [ -66.457359000999929, 17.924305 ], [ -66.457085000999825, 17.924305 ], [ -66.457085000999825, 17.925973999000064 ], [ -66.457359000999929, 17.925973999000064 ], [ -66.457359000999929, 17.927360999000086 ], [ -66.457642, 17.927360999000086 ], [ -66.457642, 17.92791700000015 ], [ -66.457915999999841, 17.92791700000015 ], [ -66.457915999999841, 17.928192 ], [ -66.458190998999953, 17.928192 ], [ -66.458190998999953, 17.92958300000015 ], [ -66.458473000999902, 17.92958300000015 ], [ -66.458473000999902, 17.930140001000154 ], [ -66.458747999999844, 17.930140001000154 ], [ -66.458747999999844, 17.931805000000168 ], [ -66.45903, 17.931805000000168 ], [ -66.45903, 17.932083 ], [ -66.459305, 17.932083 ], [ -66.459305, 17.933195 ], [ -66.456802, 17.933195 ], [ -66.456802, 17.932919001000016 ], [ -66.45625299999989, 17.932919001000016 ], [ -66.45625299999989, 17.93263599900007 ], [ -66.455971000999909, 17.93263599900007 ], [ -66.455971000999909, 17.932362 ], [ -66.455696000999922, 17.932362 ], [ -66.455696000999922, 17.932083 ] ] ], [ [ [ -66.24958000099997, 17.919307999000068 ], [ -66.249306000999979, 17.919307999000068 ], [ -66.249306000999979, 17.919025 ], [ -66.248749, 17.919025 ], [ -66.248749, 17.9187510000001 ], [ -66.248192000999893, 17.9187510000001 ], [ -66.248192000999893, 17.918472001000168 ], [ -66.24736, 17.918472001000168 ], [ -66.24736, 17.9187510000001 ], [ -66.247086, 17.9187510000001 ], [ -66.247086, 17.918472001000168 ], [ -66.245971999999881, 17.918472001000168 ], [ -66.245971999999881, 17.918193999000096 ], [ -66.245415000999969, 17.918193999000096 ], [ -66.245415000999969, 17.917915 ], [ -66.244858, 17.917915 ], [ -66.244858, 17.918193999000096 ], [ -66.243468999999891, 17.918193999000096 ], [ -66.243468999999891, 17.917915 ], [ -66.241248998999879, 17.917915 ], [ -66.241248998999879, 17.918193999000096 ], [ -66.240692, 17.918193999000096 ], [ -66.240692, 17.918472001000168 ], [ -66.239585998999985, 17.918472001000168 ], [ -66.239585998999985, 17.918193999000096 ], [ -66.239029, 17.918193999000096 ], [ -66.239029, 17.917915 ], [ -66.238471998999898, 17.917915 ], [ -66.238471998999898, 17.917639 ], [ -66.237357998999926, 17.917639 ], [ -66.237357998999926, 17.91736 ], [ -66.237082998999881, 17.91736 ], [ -66.237082998999881, 17.917084001000092 ], [ -66.23680899999988, 17.917084001000092 ], [ -66.23680899999988, 17.916804999000078 ], [ -66.236526, 17.916804999000078 ], [ -66.236526, 17.916529 ], [ -66.233749000999921, 17.916529 ], [ -66.233749000999921, 17.916804999000078 ], [ -66.232361000999902, 17.916804999000078 ], [ -66.232361000999902, 17.917084001000092 ], [ -66.23180399999984, 17.917084001000092 ], [ -66.23180399999984, 17.91736 ], [ -66.231529, 17.91736 ], [ -66.231529, 17.917639 ], [ -66.229858000999855, 17.917639 ], [ -66.229858000999855, 17.916804999000078 ], [ -66.229584000999921, 17.916804999000078 ], [ -66.229584000999921, 17.916529 ], [ -66.229309000999876, 17.916529 ], [ -66.229309000999876, 17.916250000000105 ], [ -66.228752, 17.916250000000105 ], [ -66.228752, 17.915972001000114 ], [ -66.228470000999948, 17.915972001000114 ], [ -66.228470000999948, 17.9156929990001 ], [ -66.225417998999944, 17.9156929990001 ], [ -66.225417998999944, 17.915138000000127 ], [ -66.225136, 17.915138000000127 ], [ -66.225136, 17.91319500100019 ], [ -66.225417998999944, 17.91319500100019 ], [ -66.225417998999944, 17.912915999 ], [ -66.225693000999854, 17.912915999 ], [ -66.225693000999854, 17.912640000000181 ], [ -66.22625, 17.912640000000181 ], [ -66.22625, 17.912361 ], [ -66.228195000999904, 17.912361 ], [ -66.228195000999904, 17.912640000000181 ], [ -66.229858000999855, 17.912640000000181 ], [ -66.229858000999855, 17.912915999 ], [ -66.23014099999989, 17.912915999 ], [ -66.23014099999989, 17.91319500100019 ], [ -66.230698000999894, 17.91319500100019 ], [ -66.230698000999894, 17.912915999 ], [ -66.231247, 17.912915999 ], [ -66.231247, 17.912640000000181 ], [ -66.233749000999921, 17.912640000000181 ], [ -66.233749000999921, 17.912915999 ], [ -66.23430599999989, 17.912915999 ], [ -66.23430599999989, 17.91319500100019 ], [ -66.234580998999945, 17.91319500100019 ], [ -66.234580998999945, 17.913471000000186 ], [ -66.234863000999894, 17.913471000000186 ], [ -66.234863000999894, 17.91375 ], [ -66.235137999999893, 17.91375 ], [ -66.235137999999893, 17.914027998999984 ], [ -66.235694998999975, 17.914027998999984 ], [ -66.235694998999975, 17.914304999000024 ], [ -66.235969998999906, 17.914304999000024 ], [ -66.235969998999906, 17.914583001000096 ], [ -66.236526, 17.914583001000096 ], [ -66.236526, 17.914304999000024 ], [ -66.23680899999988, 17.914304999000024 ], [ -66.23680899999988, 17.914027998999984 ], [ -66.237082998999881, 17.914027998999984 ], [ -66.237082998999881, 17.91375 ], [ -66.237357998999926, 17.91375 ], [ -66.237357998999926, 17.913471000000186 ], [ -66.237639999999885, 17.913471000000186 ], [ -66.237639999999885, 17.912915999 ], [ -66.237915, 17.912915999 ], [ -66.237915, 17.912640000000181 ], [ -66.23930399999989, 17.912640000000181 ], [ -66.23930399999989, 17.912915999 ], [ -66.240135000999942, 17.912915999 ], [ -66.240135000999942, 17.91319500100019 ], [ -66.240973998999948, 17.91319500100019 ], [ -66.240973998999948, 17.913471000000186 ], [ -66.241531, 17.913471000000186 ], [ -66.241531, 17.91375 ], [ -66.242081, 17.91375 ], [ -66.242081, 17.914027998999984 ], [ -66.24292, 17.914027998999984 ], [ -66.24292, 17.914304999000024 ], [ -66.243195, 17.914304999000024 ], [ -66.243195, 17.914583001000096 ], [ -66.243468999999891, 17.914583001000096 ], [ -66.243468999999891, 17.914862 ], [ -66.243751998999983, 17.914862 ], [ -66.243751998999983, 17.915416999000172 ], [ -66.244307999999876, 17.915416999000172 ], [ -66.244307999999876, 17.9156929990001 ], [ -66.244583, 17.9156929990001 ], [ -66.244583, 17.915416999000172 ], [ -66.244858, 17.915416999000172 ], [ -66.244858, 17.915138000000127 ], [ -66.245415000999969, 17.915138000000127 ], [ -66.245415000999969, 17.914862 ], [ -66.246803000999876, 17.914862 ], [ -66.246803000999876, 17.915138000000127 ], [ -66.247917000999962, 17.915138000000127 ], [ -66.247917000999962, 17.915416999000172 ], [ -66.248474, 17.915416999000172 ], [ -66.248474, 17.9156929990001 ], [ -66.24958000099997, 17.9156929990001 ], [ -66.24958000099997, 17.915972001000114 ], [ -66.249863, 17.915972001000114 ], [ -66.249863, 17.916529 ], [ -66.250420000999952, 17.916529 ], [ -66.250420000999952, 17.916804999000078 ], [ -66.250694000999943, 17.916804999000078 ], [ -66.250694000999943, 17.917084001000092 ], [ -66.250968999999884, 17.917084001000092 ], [ -66.250968999999884, 17.91736 ], [ -66.251251, 17.91736 ], [ -66.251251, 17.917639 ], [ -66.251526, 17.917639 ], [ -66.251526, 17.917915 ], [ -66.251808000999858, 17.917915 ], [ -66.251808000999858, 17.918193999000096 ], [ -66.25208300099996, 17.918193999000096 ], [ -66.25208300099996, 17.9187510000001 ], [ -66.25347100099998, 17.9187510000001 ], [ -66.25347100099998, 17.919025 ], [ -66.253753999999844, 17.919025 ], [ -66.253753999999844, 17.919307999000068 ], [ -66.254028, 17.919307999000068 ], [ -66.254028, 17.919861001000186 ], [ -66.253753999999844, 17.919861001000186 ], [ -66.253753999999844, 17.920137000000182 ], [ -66.25347100099998, 17.920137000000182 ], [ -66.25347100099998, 17.920418000000154 ], [ -66.253197000999933, 17.920418000000154 ], [ -66.253197000999933, 17.92069399899998 ], [ -66.252357, 17.92069399899998 ], [ -66.252357, 17.920973001000164 ], [ -66.250968999999884, 17.920973001000164 ], [ -66.250968999999884, 17.92069399899998 ], [ -66.250420000999952, 17.92069399899998 ], [ -66.250420000999952, 17.920418000000154 ], [ -66.249863, 17.920418000000154 ], [ -66.249863, 17.919861001000186 ], [ -66.24958000099997, 17.919861001000186 ], [ -66.24958000099997, 17.919307999000068 ] ] ], [ [ [ -66.260971, 17.924583000000155 ], [ -66.260696, 17.924583000000155 ], [ -66.260696, 17.924028 ], [ -66.260414, 17.924028 ], [ -66.260414, 17.92375200000015 ], [ -66.260139, 17.92375200000015 ], [ -66.260139, 17.923471000000177 ], [ -66.259583, 17.923471000000177 ], [ -66.259583, 17.923195 ], [ -66.258468999999877, 17.923195 ], [ -66.258468999999877, 17.9229160000001 ], [ -66.258194, 17.9229160000001 ], [ -66.258194, 17.922640000000172 ], [ -66.257918999999845, 17.922640000000172 ], [ -66.257918999999845, 17.921806 ], [ -66.258194, 17.921806 ], [ -66.258194, 17.921530000000132 ], [ -66.259026, 17.921530000000132 ], [ -66.259026, 17.921247 ], [ -66.259865, 17.921247 ], [ -66.259865, 17.921530000000132 ], [ -66.260696, 17.921530000000132 ], [ -66.260696, 17.921806 ], [ -66.261252999999897, 17.921806 ], [ -66.261252999999897, 17.9220830000001 ], [ -66.261528, 17.9220830000001 ], [ -66.261528, 17.922361 ], [ -66.262085, 17.922361 ], [ -66.262085, 17.922640000000172 ], [ -66.26236, 17.922640000000172 ], [ -66.26236, 17.9229160000001 ], [ -66.263191, 17.9229160000001 ], [ -66.263191, 17.923195 ], [ -66.263474, 17.923195 ], [ -66.263474, 17.924028 ], [ -66.263748, 17.924028 ], [ -66.263748, 17.925417 ], [ -66.263474, 17.925417 ], [ -66.263474, 17.925694 ], [ -66.262085, 17.925694 ], [ -66.262085, 17.925417 ], [ -66.261528, 17.925417 ], [ -66.261528, 17.925138 ], [ -66.261252999999897, 17.925138 ], [ -66.261252999999897, 17.924862000000132 ], [ -66.260971, 17.924862000000132 ], [ -66.260971, 17.924583000000155 ] ] ], [ [ [ -66.288193, 17.935694 ], [ -66.287361, 17.935694 ], [ -66.287361, 17.935417 ], [ -66.286804, 17.935417 ], [ -66.286804, 17.935141000000101 ], [ -66.286246999999889, 17.935141000000101 ], [ -66.286246999999889, 17.934858000000133 ], [ -66.285973, 17.934858000000133 ], [ -66.285973, 17.934584 ], [ -66.282639, 17.934584 ], [ -66.282639, 17.934305 ], [ -66.282364, 17.934305 ], [ -66.282364, 17.934029000000123 ], [ -66.282081999999889, 17.934029000000123 ], [ -66.282081999999889, 17.933748000000151 ], [ -66.281807, 17.933748000000151 ], [ -66.281807, 17.933195 ], [ -66.282081999999889, 17.933195 ], [ -66.282081999999889, 17.93291900000014 ], [ -66.282364, 17.93291900000014 ], [ -66.282364, 17.932636000000173 ], [ -66.284302, 17.932636000000173 ], [ -66.284302, 17.932362 ], [ -66.289580999999885, 17.932362 ], [ -66.289580999999885, 17.932636000000173 ], [ -66.291252, 17.932636000000173 ], [ -66.291252, 17.93291900000014 ], [ -66.291527, 17.93291900000014 ], [ -66.291527, 17.933195 ], [ -66.291809, 17.933195 ], [ -66.291809, 17.933472 ], [ -66.292358, 17.933472 ], [ -66.292358, 17.933748000000151 ], [ -66.292915, 17.933748000000151 ], [ -66.292915, 17.935141000000101 ], [ -66.293198, 17.935141000000101 ], [ -66.293198, 17.935417 ], [ -66.292915, 17.935417 ], [ -66.292915, 17.935972000000163 ], [ -66.292358, 17.935972000000163 ], [ -66.292358, 17.936251000000141 ], [ -66.291527, 17.936251000000141 ], [ -66.291527, 17.935972000000163 ], [ -66.289863999999852, 17.935972000000163 ], [ -66.289863999999852, 17.935694 ], [ -66.289307, 17.935694 ], [ -66.289307, 17.935417 ], [ -66.288193, 17.935417 ], [ -66.288193, 17.935694 ] ] ], [ [ [ -66.265418999999895, 17.941805000000102 ], [ -66.265694, 17.941805000000102 ], [ -66.265694, 17.941528000000119 ], [ -66.266250999999897, 17.941528000000119 ], [ -66.266250999999897, 17.941805000000102 ], [ -66.267365, 17.941805000000102 ], [ -66.267365, 17.942362 ], [ -66.267913999999848, 17.942362 ], [ -66.267913999999848, 17.942638000000102 ], [ -66.268471, 17.942638000000102 ], [ -66.268471, 17.942917000000136 ], [ -66.269028, 17.942917000000136 ], [ -66.269028, 17.943472 ], [ -66.269302, 17.943472 ], [ -66.269302, 17.943750000000136 ], [ -66.269584999999893, 17.943750000000136 ], [ -66.269584999999893, 17.944027000000119 ], [ -66.267081999999846, 17.944027000000119 ], [ -66.267081999999846, 17.943750000000136 ], [ -66.265694, 17.943750000000136 ], [ -66.265694, 17.943472 ], [ -66.265137, 17.943472 ], [ -66.265137, 17.942083 ], [ -66.265418999999895, 17.942083 ], [ -66.265418999999895, 17.941805000000102 ] ] ], [ [ [ -66.362083, 17.928473000000167 ], [ -66.362358, 17.928473000000167 ], [ -66.362358, 17.928192 ], [ -66.364585999999861, 17.928192 ], [ -66.364585999999861, 17.928473000000167 ], [ -66.364861, 17.928473000000167 ], [ -66.364861, 17.928192 ], [ -66.365134999999896, 17.928192 ], [ -66.365134999999896, 17.927639 ], [ -66.365417, 17.927639 ], [ -66.365417, 17.927361000000133 ], [ -66.368469, 17.927361000000133 ], [ -66.368469, 17.927639 ], [ -66.368752, 17.927639 ], [ -66.368752, 17.92791700000015 ], [ -66.369026, 17.92791700000015 ], [ -66.369026, 17.928192 ], [ -66.369308, 17.928192 ], [ -66.369308, 17.928749 ], [ -66.369026, 17.928749 ], [ -66.369026, 17.929028 ], [ -66.367638, 17.929028 ], [ -66.367638, 17.929304000000172 ], [ -66.367081, 17.929304000000172 ], [ -66.367081, 17.92958300000015 ], [ -66.366806, 17.92958300000015 ], [ -66.366806, 17.929861 ], [ -66.365974, 17.929861 ], [ -66.365974, 17.93014 ], [ -66.364304, 17.93014 ], [ -66.364304, 17.929861 ], [ -66.364029, 17.929861 ], [ -66.364029, 17.92958300000015 ], [ -66.363746999999876, 17.92958300000015 ], [ -66.363746999999876, 17.929304000000172 ], [ -66.362083, 17.929304000000172 ], [ -66.362083, 17.928473000000167 ] ] ], [ [ [ -66.296806, 17.935694 ], [ -66.296524, 17.935694 ], [ -66.296524, 17.935141000000101 ], [ -66.296249, 17.935141000000101 ], [ -66.296249, 17.934305 ], [ -66.296524, 17.934305 ], [ -66.296524, 17.934029000000123 ], [ -66.297081, 17.934029000000123 ], [ -66.297081, 17.933748000000151 ], [ -66.299583, 17.933748000000151 ], [ -66.299583, 17.934029000000123 ], [ -66.301247, 17.934029000000123 ], [ -66.301247, 17.934305 ], [ -66.301529, 17.934305 ], [ -66.301529, 17.935417 ], [ -66.301247, 17.935417 ], [ -66.301247, 17.935694 ], [ -66.300697, 17.935694 ], [ -66.300697, 17.935972000000163 ], [ -66.300415, 17.935972000000163 ], [ -66.300415, 17.936251000000141 ], [ -66.30014, 17.936251000000141 ], [ -66.30014, 17.936527 ], [ -66.299858, 17.936527 ], [ -66.299858, 17.936806 ], [ -66.299309, 17.936806 ], [ -66.299309, 17.937084000000141 ], [ -66.298752, 17.937084000000141 ], [ -66.298752, 17.937363000000119 ], [ -66.298194999999851, 17.937363000000119 ], [ -66.298194999999851, 17.936806 ], [ -66.297638, 17.936806 ], [ -66.297638, 17.936527 ], [ -66.297081, 17.936527 ], [ -66.297081, 17.936251000000141 ], [ -66.296806, 17.936251000000141 ], [ -66.296806, 17.935694 ] ] ], [ [ [ -66.293198, 17.95402700000011 ], [ -66.292641, 17.95402700000011 ], [ -66.292641, 17.952362 ], [ -66.292358, 17.952362 ], [ -66.292358, 17.951805 ], [ -66.292084, 17.951805 ], [ -66.292084, 17.950972 ], [ -66.291809, 17.950972 ], [ -66.291809, 17.94986200000011 ], [ -66.292084, 17.94986200000011 ], [ -66.292084, 17.948748000000137 ], [ -66.292641, 17.948748000000137 ], [ -66.292641, 17.948473 ], [ -66.294028999999853, 17.948473 ], [ -66.294028999999853, 17.948748000000137 ], [ -66.294861, 17.948748000000137 ], [ -66.294861, 17.94903 ], [ -66.295418, 17.94903 ], [ -66.295418, 17.949306 ], [ -66.295692, 17.949306 ], [ -66.295692, 17.949583000000132 ], [ -66.295975, 17.949583000000132 ], [ -66.295975, 17.94986200000011 ], [ -66.295692, 17.94986200000011 ], [ -66.295692, 17.950972 ], [ -66.295975, 17.950972 ], [ -66.295975, 17.951805 ], [ -66.296249, 17.951805 ], [ -66.296249, 17.95402700000011 ], [ -66.296524, 17.95402700000011 ], [ -66.296524, 17.955139 ], [ -66.296806, 17.955139 ], [ -66.296806, 17.955416 ], [ -66.297081, 17.955416 ], [ -66.297081, 17.956249 ], [ -66.295418, 17.956249 ], [ -66.295418, 17.956804 ], [ -66.294861, 17.956804 ], [ -66.294861, 17.957083000000182 ], [ -66.294586, 17.957083000000182 ], [ -66.294586, 17.957361000000105 ], [ -66.294028999999853, 17.957361000000105 ], [ -66.294028999999853, 17.957083000000182 ], [ -66.293746999999883, 17.957083000000182 ], [ -66.293746999999883, 17.954582000000187 ], [ -66.293472, 17.954582000000187 ], [ -66.293472, 17.954306 ], [ -66.293198, 17.954306 ], [ -66.293198, 17.95402700000011 ] ] ], [ [ [ -66.556808, 17.961805 ], [ -66.55764, 17.961805 ], [ -66.55764, 17.961250000000177 ], [ -66.558197, 17.961250000000177 ], [ -66.558197, 17.961529000000155 ], [ -66.558472, 17.961529000000155 ], [ -66.558472, 17.962358 ], [ -66.558197, 17.962358 ], [ -66.558197, 17.962641000000133 ], [ -66.55764, 17.962641000000133 ], [ -66.55764, 17.962917 ], [ -66.556808, 17.962917 ], [ -66.556808, 17.963194000000101 ], [ -66.553474, 17.963194000000101 ], [ -66.553474, 17.963472 ], [ -66.552086, 17.963472 ], [ -66.552086, 17.962358 ], [ -66.552361, 17.962358 ], [ -66.552361, 17.962084 ], [ -66.552634999999896, 17.962084 ], [ -66.552634999999896, 17.961805 ], [ -66.553192, 17.961805 ], [ -66.553192, 17.961529000000155 ], [ -66.555419999999856, 17.961529000000155 ], [ -66.555419999999856, 17.961250000000177 ], [ -66.556526, 17.961250000000177 ], [ -66.556526, 17.961529000000155 ], [ -66.556808, 17.961529000000155 ], [ -66.556808, 17.961805 ] ] ], [ [ [ -66.02208709599995, 17.977361679000182 ], [ -66.02208709599995, 17.977083206000145 ], [ -66.022361755999952, 17.977083206000145 ], [ -66.022361755999952, 17.976804733000108 ], [ -66.022636413999919, 17.976804733000108 ], [ -66.022636413999919, 17.97652816700014 ], [ -66.023750303999975, 17.97652816700014 ], [ -66.023750303999975, 17.976251602000104 ], [ -66.024024963999977, 17.976251602000104 ], [ -66.024024963999977, 17.975973129000067 ], [ -66.024307249999879, 17.975973129000067 ], [ -66.024307249999879, 17.97569465600003 ], [ -66.024581907999959, 17.97569465600003 ], [ -66.024581907999959, 17.975416183000164 ], [ -66.024864195999953, 17.975416183000164 ], [ -66.024864195999953, 17.975139617000025 ], [ -66.02513885399992, 17.975139617000025 ], [ -66.02513885399992, 17.974861144000158 ], [ -66.025413511999943, 17.974861144000158 ], [ -66.025413511999943, 17.974306106000029 ], [ -66.025695799999937, 17.974306106000029 ], [ -66.025695799999937, 17.97402954000006 ], [ -66.025970457999904, 17.97402954000006 ], [ -66.025970457999904, 17.973472596000022 ], [ -66.026527403999978, 17.973472596000022 ], [ -66.026527403999978, 17.973194123000155 ], [ -66.026802061999888, 17.973194123000155 ], [ -66.026802061999888, 17.972919463000153 ], [ -66.027084349999882, 17.972919463000153 ], [ -66.027084349999882, 17.972637177000081 ], [ -66.027641295999956, 17.972637177000081 ], [ -66.027641295999956, 17.972085954000022 ], [ -66.027915953999923, 17.972085954000022 ], [ -66.027915953999923, 17.971525193000105 ], [ -66.02847289999994, 17.971525193000105 ], [ -66.02847289999994, 17.971250535000081 ], [ -66.028747557999907, 17.971250535000081 ], [ -66.028747557999907, 17.970972062000044 ], [ -66.029029845999901, 17.970972062000044 ], [ -66.029029845999901, 17.970693589 ], [ -66.029304503999981, 17.970693589 ], [ -66.029304503999981, 17.97041511599997 ], [ -66.029586791999975, 17.97041511599997 ], [ -66.029586791999975, 17.97013855 ], [ -66.030136107999965, 17.97013855 ], [ -66.030136107999965, 17.969861985000136 ], [ -66.030418395999959, 17.969861985000136 ], [ -66.030418395999959, 17.969583512000099 ], [ -66.030693053999869, 17.969583512000099 ], [ -66.030693053999869, 17.969303131000061 ], [ -66.030975341999863, 17.969303131000061 ], [ -66.030975341999863, 17.96875 ], [ -66.03125, 17.96875 ], [ -66.03125, 17.968193054000153 ], [ -66.03152465799991, 17.968193054000153 ], [ -66.03152465799991, 17.967916489000118 ], [ -66.031806945999904, 17.967916489000118 ], [ -66.031806945999904, 17.96763801600008 ], [ -66.032081603999984, 17.96763801600008 ], [ -66.032081603999984, 17.96708488500002 ], [ -66.032363891999978, 17.96708488500002 ], [ -66.032363891999978, 17.966806411999983 ], [ -66.032638549999888, 17.966806411999983 ], [ -66.032638549999888, 17.966527939000173 ], [ -66.032913207999968, 17.966527939000173 ], [ -66.032913207999968, 17.966249466000136 ], [ -66.033195495999962, 17.966249466000136 ], [ -66.033195495999962, 17.96569442700013 ], [ -66.033470153999872, 17.96569442700013 ], [ -66.033470153999872, 17.964862823000033 ], [ -66.033752439999944, 17.964862823000033 ], [ -66.033752439999944, 17.964027404000092 ], [ -66.034027099999946, 17.964027404000092 ], [ -66.034027099999946, 17.96347236600019 ], [ -66.034301757999913, 17.96347236600019 ], [ -66.034301757999913, 17.962640762000149 ], [ -66.034584043999928, 17.962640762000149 ], [ -66.034584043999928, 17.961805345000187 ], [ -66.034858703999987, 17.961805345000187 ], [ -66.034858703999987, 17.961528779000048 ], [ -66.035697936999895, 17.961528779000048 ], [ -66.035697936999895, 17.961805345000187 ], [ -66.035972593999986, 17.961805345000187 ], [ -66.035972593999986, 17.962083818000053 ], [ -66.036529539999947, 17.962083818000053 ], [ -66.036529539999947, 17.96235847600002 ], [ -66.03680419799997, 17.96235847600002 ], [ -66.03680419799997, 17.962640762000149 ], [ -66.037918090999938, 17.962640762000149 ], [ -66.037918090999938, 17.96235847600002 ], [ -66.038749693999875, 17.96235847600002 ], [ -66.038749693999875, 17.962083818000053 ], [ -66.039581297999973, 17.962083818000053 ], [ -66.039581297999973, 17.961805345000187 ], [ -66.040138243999934, 17.961805345000187 ], [ -66.040138243999934, 17.961528779000048 ], [ -66.040412901999844, 17.961528779000048 ], [ -66.040412901999844, 17.960971833000144 ], [ -66.040695190999941, 17.960971833000144 ], [ -66.040695190999941, 17.960695268000109 ], [ -66.040969847999918, 17.960695268000109 ], [ -66.040969847999918, 17.960136414000033 ], [ -66.041252136999901, 17.960136414000033 ], [ -66.041252136999901, 17.959861756000066 ], [ -66.041526794999982, 17.959861756000066 ], [ -66.041526794999982, 17.959583283000029 ], [ -66.041809082999976, 17.959583283000029 ], [ -66.041809082999976, 17.959304810000162 ], [ -66.042083740999885, 17.959304810000162 ], [ -66.042083740999885, 17.959026337000125 ], [ -66.042358397999976, 17.959026337000125 ], [ -66.042358397999976, 17.95874977200009 ], [ -66.04264068699996, 17.95874977200009 ], [ -66.04264068699996, 17.957639695000125 ], [ -66.042915344999926, 17.957639695000125 ], [ -66.042915344999926, 17.955972672000144 ], [ -66.044029236999904, 17.955972672000144 ], [ -66.044029236999904, 17.955694199000106 ], [ -66.044586182999979, 17.955694199000106 ], [ -66.044586182999979, 17.955415726000069 ], [ -66.046249390999947, 17.955415726000069 ], [ -66.046249390999947, 17.955139160000101 ], [ -66.046524048999913, 17.955139160000101 ], [ -66.046524048999913, 17.953472137000119 ], [ -66.046806334999928, 17.953472137000119 ], [ -66.046806334999928, 17.952917099 ], [ -66.047080994999988, 17.952917099 ], [ -66.047080994999988, 17.95263862600018 ], [ -66.047363280999889, 17.95263862600018 ], [ -66.047363280999889, 17.952362059999984 ], [ -66.047920226999963, 17.952362059999984 ], [ -66.047920226999963, 17.952083587000175 ], [ -66.048194884999987, 17.952083587000175 ], [ -66.048194884999987, 17.952362059999984 ], [ -66.048469542999953, 17.952362059999984 ], [ -66.048469542999953, 17.95263862600018 ], [ -66.048751830999947, 17.95263862600018 ], [ -66.048751830999947, 17.953193664000082 ], [ -66.049026488999971, 17.953193664000082 ], [ -66.049026488999971, 17.954582214000027 ], [ -66.049308776999965, 17.954582214000027 ], [ -66.049308776999965, 17.955415726000069 ], [ -66.050140380999835, 17.955415726000069 ], [ -66.050140380999835, 17.955694199000106 ], [ -66.050415038999972, 17.955694199000106 ], [ -66.050415038999972, 17.955972672000144 ], [ -66.050697326999909, 17.955972672000144 ], [ -66.050697326999909, 17.956249237 ], [ -66.050971984999876, 17.956249237 ], [ -66.050971984999876, 17.956527710000046 ], [ -66.051246642999956, 17.956527710000046 ], [ -66.051246642999956, 17.956804276000014 ], [ -66.051803588999974, 17.956804276000014 ], [ -66.051803588999974, 17.957082749000051 ], [ -66.052917480999838, 17.957082749000051 ], [ -66.052917480999838, 17.957361222000088 ], [ -66.053749084999879, 17.957361222000088 ], [ -66.053749084999879, 17.957639695000125 ], [ -66.054031372999987, 17.957639695000125 ], [ -66.054031372999987, 17.958194733000084 ], [ -66.054306030999953, 17.958194733000084 ], [ -66.054306030999953, 17.958471299000053 ], [ -66.054862976999971, 17.958471299000053 ], [ -66.054862976999971, 17.95874977200009 ], [ -66.056251526999915, 17.95874977200009 ], [ -66.056251526999915, 17.958471299000053 ], [ -66.058471678999922, 17.958471299000053 ], [ -66.058471678999922, 17.95874977200009 ], [ -66.058746338999924, 17.95874977200009 ], [ -66.058746338999924, 17.959026337000125 ], [ -66.059303282999906, 17.959026337000125 ], [ -66.059303282999906, 17.959304810000162 ], [ -66.060142516999974, 17.959304810000162 ], [ -66.060142516999974, 17.959583283000029 ], [ -66.061248778999925, 17.959583283000029 ], [ -66.061248778999925, 17.959861756000066 ], [ -66.061805724999942, 17.959861756000066 ], [ -66.061805724999942, 17.960136414000033 ], [ -66.063468932999967, 17.960136414000033 ], [ -66.063468932999967, 17.96041870200014 ], [ -66.064308166999865, 17.96041870200014 ], [ -66.064308166999865, 17.960695268000109 ], [ -66.064582824999945, 17.960695268000109 ], [ -66.064582824999945, 17.961528779000048 ], [ -66.064308166999865, 17.961528779000048 ], [ -66.064308166999865, 17.962083818000053 ], [ -66.064582824999945, 17.962083818000053 ], [ -66.064582824999945, 17.96235847600002 ], [ -66.06597137499989, 17.96235847600002 ], [ -66.06597137499989, 17.962640762000149 ], [ -66.066253662999884, 17.962640762000149 ], [ -66.066253662999884, 17.963750839000056 ], [ -66.066528320999964, 17.963750839000056 ], [ -66.066528320999964, 17.964027404000092 ], [ -66.066802978999874, 17.964027404000092 ], [ -66.066802978999874, 17.964305877000129 ], [ -66.067085266999868, 17.964305877000129 ], [ -66.067085266999868, 17.964582443000097 ], [ -66.067642210999963, 17.964582443000097 ], [ -66.067642210999963, 17.965415954000093 ], [ -66.067916870999909, 17.965415954000093 ], [ -66.067916870999909, 17.965972900000168 ], [ -66.068473814999891, 17.965972900000168 ], [ -66.068473814999891, 17.966249466000136 ], [ -66.069030760999965, 17.966249466000136 ], [ -66.069030760999965, 17.966527939000173 ], [ -66.069862364999949, 17.966527939000173 ], [ -66.069862364999949, 17.966249466000136 ], [ -66.070243834999985, 17.966249466000136 ], [ -66.070419310999966, 17.966249466000136 ], [ -66.070419310999966, 17.965972900000168 ], [ -66.070693968999933, 17.965972900000168 ], [ -66.070693968999933, 17.966249466000136 ], [ -66.070968628999935, 17.966249466000136 ], [ -66.070968628999935, 17.966527939000173 ], [ -66.072082518999878, 17.966527939000173 ], [ -66.072082518999878, 17.966249466000136 ], [ -66.072914122999975, 17.966249466000136 ], [ -66.072914122999975, 17.965972900000168 ], [ -66.073471068999936, 17.965972900000168 ], [ -66.073471068999936, 17.96569442700013 ], [ -66.07402801499984, 17.96569442700013 ], [ -66.07402801499984, 17.965415954000093 ], [ -66.074584960999914, 17.965415954000093 ], [ -66.074584960999914, 17.965139389 ], [ -66.075141906999988, 17.965139389 ], [ -66.075141906999988, 17.964862823000033 ], [ -66.075691222999978, 17.964862823000033 ], [ -66.075691222999978, 17.965139389 ], [ -66.075973510999972, 17.965139389 ], [ -66.075973510999972, 17.965415954000093 ], [ -66.076530456999933, 17.965415954000093 ], [ -66.076530456999933, 17.96569442700013 ], [ -66.076805114999956, 17.96569442700013 ], [ -66.076805114999956, 17.965972900000168 ], [ -66.077079772999923, 17.965972900000168 ], [ -66.077079772999923, 17.966249466000136 ], [ -66.077362060999917, 17.966249466000136 ], [ -66.077362060999917, 17.966806411999983 ], [ -66.077919006999821, 17.966806411999983 ], [ -66.077919006999821, 17.96708488500002 ], [ -66.078750610999975, 17.96708488500002 ], [ -66.078750610999975, 17.966806411999983 ], [ -66.079582214999959, 17.966806411999983 ], [ -66.079582214999959, 17.966249466000136 ], [ -66.081802368999945, 17.966249466000136 ], [ -66.081802368999945, 17.965972900000168 ], [ -66.082916258999944, 17.965972900000168 ], [ -66.082916258999944, 17.96569442700013 ], [ -66.083473204999905, 17.96569442700013 ], [ -66.083473204999905, 17.965415954000093 ], [ -66.084030150999979, 17.965415954000093 ], [ -66.084030150999979, 17.965139389 ], [ -66.084587096999883, 17.965139389 ], [ -66.084587096999883, 17.964862823000033 ], [ -66.085693358999947, 17.964862823000033 ], [ -66.085693358999947, 17.964582443000097 ], [ -66.086250304999908, 17.964582443000097 ], [ -66.086250304999908, 17.964027404000092 ], [ -66.086524962999988, 17.964027404000092 ], [ -66.086524962999988, 17.963750839000056 ], [ -66.087364196999886, 17.963750839000056 ], [ -66.087364196999886, 17.96347236600019 ], [ -66.088752746999944, 17.96347236600019 ], [ -66.088752746999944, 17.963193893000152 ], [ -66.089302062999934, 17.963193893000152 ], [ -66.089302062999934, 17.962917327000184 ], [ -66.089584350999985, 17.962917327000184 ], [ -66.089584350999985, 17.962640762000149 ], [ -66.090141296999889, 17.962640762000149 ], [ -66.090141296999889, 17.96235847600002 ], [ -66.090415954999969, 17.96235847600002 ], [ -66.090415954999969, 17.962083818000053 ], [ -66.090698240999984, 17.962083818000053 ], [ -66.090698240999984, 17.961805345000187 ], [ -66.091247558999953, 17.961805345000187 ], [ -66.091247558999953, 17.961528779000048 ], [ -66.091804504999914, 17.961528779000048 ], [ -66.091804504999914, 17.961250306000181 ], [ -66.092086790999929, 17.961250306000181 ], [ -66.092086790999929, 17.960971833000144 ], [ -66.092361448999839, 17.960971833000144 ], [ -66.092361448999839, 17.960695268000109 ], [ -66.092918394999913, 17.960695268000109 ], [ -66.092918394999913, 17.96041870200014 ], [ -66.093193052999879, 17.96041870200014 ], [ -66.093193052999879, 17.960136414000033 ], [ -66.094024656999977, 17.960136414000033 ], [ -66.094024656999977, 17.959861756000066 ], [ -66.094306944999971, 17.959861756000066 ], [ -66.094306944999971, 17.959583283000029 ], [ -66.094581602999938, 17.959583283000029 ], [ -66.094581602999938, 17.959304810000162 ], [ -66.094863890999932, 17.959304810000162 ], [ -66.094863890999932, 17.959026337000125 ], [ -66.095695494999916, 17.959026337000125 ], [ -66.095695494999916, 17.95874977200009 ], [ -66.096252440999876, 17.95874977200009 ], [ -66.096252440999876, 17.958471299000053 ], [ -66.09680175699998, 17.958471299000053 ], [ -66.09680175699998, 17.958194733000084 ], [ -66.097358702999941, 17.958194733000084 ], [ -66.097358702999941, 17.957914353000149 ], [ -66.097915648999958, 17.957914353000149 ], [ -66.097915648999958, 17.957639695000125 ], [ -66.098197936999952, 17.957639695000125 ], [ -66.098197936999952, 17.957361222000088 ], [ -66.098472594999919, 17.957361222000088 ], [ -66.098472594999919, 17.957082749000051 ], [ -66.099029540999823, 17.957082749000051 ], [ -66.099029540999823, 17.956804276000014 ], [ -66.099586486999897, 17.956804276000014 ], [ -66.099586486999897, 17.956527710000046 ], [ -66.100418090999938, 17.956527710000046 ], [ -66.100418090999938, 17.956249237 ], [ -66.101249694999922, 17.956249237 ], [ -66.101249694999922, 17.955972672000144 ], [ -66.101806640999826, 17.955972672000144 ], [ -66.101806640999826, 17.955694199000106 ], [ -66.102363585999967, 17.955694199000106 ], [ -66.102363585999967, 17.955415726000069 ], [ -66.10263824499998, 17.955415726000069 ], [ -66.10263824499998, 17.955139160000101 ], [ -66.102912902999947, 17.955139160000101 ], [ -66.102912902999947, 17.954860687000064 ], [ -66.103195189999951, 17.954860687000064 ], [ -66.103195189999951, 17.954582214000027 ], [ -66.103752135999969, 17.954582214000027 ], [ -66.103752135999969, 17.954305649000162 ], [ -66.104026792999946, 17.954305649000162 ], [ -66.104026792999946, 17.954027176000125 ], [ -66.104309081999929, 17.954027176000125 ], [ -66.104309081999929, 17.953750610000156 ], [ -66.104583739999896, 17.953750610000156 ], [ -66.104583739999896, 17.953472137000119 ], [ -66.10514068599997, 17.953472137000119 ], [ -66.10514068599997, 17.953193664000082 ], [ -66.105697631999988, 17.953193664000082 ], [ -66.105697631999988, 17.952917099 ], [ -66.106246946999931, 17.952917099 ], [ -66.106246946999931, 17.95263862600018 ], [ -66.106529235999972, 17.95263862600018 ], [ -66.106529235999972, 17.952362059999984 ], [ -66.107086181999932, 17.952362059999984 ], [ -66.107086181999932, 17.952083587000175 ], [ -66.107635496999933, 17.952083587000175 ], [ -66.107635496999933, 17.951805114000138 ], [ -66.108192443999883, 17.951805114000138 ], [ -66.108192443999883, 17.951528549000045 ], [ -66.108474731999877, 17.951528549000045 ], [ -66.108474731999877, 17.951250076 ], [ -66.109306335999975, 17.951250076 ], [ -66.109306335999975, 17.950971604000074 ], [ -66.109580993999941, 17.950971604000074 ], [ -66.109580993999941, 17.950695039000038 ], [ -66.109863281999935, 17.950695039000038 ], [ -66.109863281999935, 17.950416566000172 ], [ -66.110137939999845, 17.950416566000172 ], [ -66.110137939999845, 17.950138093000135 ], [ -66.110420227999953, 17.950138093000135 ], [ -66.110420227999953, 17.949861527000166 ], [ -66.11152648999996, 17.949861527000166 ], [ -66.11152648999996, 17.949306489000037 ], [ -66.112083435999978, 17.949306489000037 ], [ -66.112083435999978, 17.949029924000172 ], [ -66.112358093999944, 17.949029924000172 ], [ -66.112358093999944, 17.948747635000188 ], [ -66.112640381999938, 17.948747635000188 ], [ -66.112640381999938, 17.948472977 ], [ -66.112915039999962, 17.948472977 ], [ -66.112915039999962, 17.948194504000128 ], [ -66.113746643999889, 17.948194504000128 ], [ -66.113746643999889, 17.948747635000188 ], [ -66.116806029999907, 17.948747635000188 ], [ -66.116806029999907, 17.948472977 ], [ -66.117637633999891, 17.948472977 ], [ -66.117637633999891, 17.948194504000128 ], [ -66.118751525999926, 17.948194504000128 ], [ -66.118751525999926, 17.947917939000092 ], [ -66.121803283999952, 17.947917939000092 ], [ -66.121803283999952, 17.947639466000055 ], [ -66.122360229999913, 17.947639466000055 ], [ -66.122360229999913, 17.947359085000016 ], [ -66.123748779999971, 17.947359085000016 ], [ -66.123748779999971, 17.947082520000151 ], [ -66.124580383999955, 17.947082520000151 ], [ -66.124580383999955, 17.946807862000185 ], [ -66.124862671999949, 17.946807862000185 ], [ -66.124862671999949, 17.946529389000148 ], [ -66.125419615999931, 17.946529389000148 ], [ -66.125419615999931, 17.94625091600011 ], [ -66.125694275999933, 17.94625091600011 ], [ -66.125694275999933, 17.946529389000148 ], [ -66.126525879999974, 17.946529389000148 ], [ -66.126525879999974, 17.946807862000185 ], [ -66.128753661999838, 17.946807862000185 ], [ -66.128753661999838, 17.946529389000148 ], [ -66.129859923999959, 17.946529389000148 ], [ -66.129859923999959, 17.94625091600011 ], [ -66.130142211999953, 17.94625091600011 ], [ -66.130142211999953, 17.945693970000036 ], [ -66.130691527999943, 17.945693970000036 ], [ -66.130691527999943, 17.945138931000031 ], [ -66.130973815999937, 17.945138931000031 ], [ -66.130973815999937, 17.944583893000129 ], [ -66.131248473999847, 17.944583893000129 ], [ -66.131248473999847, 17.944305420000092 ], [ -66.132080077999888, 17.944305420000092 ], [ -66.132080077999888, 17.944026947000054 ], [ -66.132362365999882, 17.944026947000054 ], [ -66.132362365999882, 17.943750381000086 ], [ -66.132637023999962, 17.943750381000086 ], [ -66.132637023999962, 17.943471908000049 ], [ -66.132919311999956, 17.943471908000049 ], [ -66.132919311999956, 17.943195343000127 ], [ -66.133193969999979, 17.943195343000127 ], [ -66.133193969999979, 17.942361831000085 ], [ -66.133468627999946, 17.942361831000085 ], [ -66.133468627999946, 17.942083358000048 ], [ -66.134582519999924, 17.942083358000048 ], [ -66.134582519999924, 17.94180488500001 ], [ -66.134864807999918, 17.94180488500001 ], [ -66.134864807999918, 17.941528320000145 ], [ -66.135414123999965, 17.941528320000145 ], [ -66.135414123999965, 17.941249847000108 ], [ -66.136253355999884, 17.941249847000108 ], [ -66.136253355999884, 17.940971374000071 ], [ -66.136802673999966, 17.940971374000071 ], [ -66.136802673999966, 17.940694808000103 ], [ -66.137084959999925, 17.940694808000103 ], [ -66.137084959999925, 17.940416335000066 ], [ -66.137359619999927, 17.940416335000066 ], [ -66.137359619999927, 17.940694808000103 ], [ -66.138191223999911, 17.940694808000103 ], [ -66.138191223999911, 17.940971374000071 ], [ -66.139030455999887, 17.940971374000071 ], [ -66.139030455999887, 17.941249847000108 ], [ -66.139579771999934, 17.941249847000108 ], [ -66.139579771999934, 17.941528320000145 ], [ -66.140419005999945, 17.941528320000145 ], [ -66.140419005999945, 17.941249847000108 ], [ -66.140975951999906, 17.941249847000108 ], [ -66.140975951999906, 17.940971374000071 ], [ -66.141525267999896, 17.940971374000071 ], [ -66.141525267999896, 17.940694808000103 ], [ -66.14180755599989, 17.940694808000103 ], [ -66.14180755599989, 17.940416335000066 ], [ -66.14208221399997, 17.940416335000066 ], [ -66.14208221399997, 17.939582826000105 ], [ -66.142639159999874, 17.939582826000105 ], [ -66.142639159999874, 17.9390277870001 ], [ -66.142913817999954, 17.9390277870001 ], [ -66.142913817999954, 17.938472749000027 ], [ -66.143196105999948, 17.938472749000027 ], [ -66.143196105999948, 17.938194276000161 ], [ -66.143753051999909, 17.938194276000161 ], [ -66.143753051999909, 17.937915803000124 ], [ -66.144027709999932, 17.937915803000124 ], [ -66.144027709999932, 17.93736267200012 ], [ -66.144302367999899, 17.93736267200012 ], [ -66.144302367999899, 17.937084199000083 ], [ -66.144584655999893, 17.937084199000083 ], [ -66.144584655999893, 17.936527253000179 ], [ -66.144859313999973, 17.936527253000179 ], [ -66.144859313999973, 17.93625068700004 ], [ -66.145141601999967, 17.93625068700004 ], [ -66.145141601999967, 17.935693741000136 ], [ -66.145416259999877, 17.935693741000136 ], [ -66.145416259999877, 17.935417176000044 ], [ -66.145973205999951, 17.935417176000044 ], [ -66.145973205999951, 17.935140610000076 ], [ -66.146247863999918, 17.935140610000076 ], [ -66.146247863999918, 17.934858322000025 ], [ -66.146530151999912, 17.934858322000025 ], [ -66.146530151999912, 17.934583664 ], [ -66.146804809999935, 17.934583664 ], [ -66.146804809999935, 17.934305191000135 ], [ -66.147087095999836, 17.934305191000135 ], [ -66.147087095999836, 17.934028626000099 ], [ -66.147361755999896, 17.934028626000099 ], [ -66.147361755999896, 17.933748245000061 ], [ -66.148750303999975, 17.933748245000061 ], [ -66.148750303999975, 17.933471680000025 ], [ -66.149024963999921, 17.933471680000025 ], [ -66.149024963999921, 17.933195114000057 ], [ -66.149307249999936, 17.933195114000057 ], [ -66.149307249999936, 17.932918549000192 ], [ -66.149581909999938, 17.932918549000192 ], [ -66.149581909999938, 17.932636261000084 ], [ -66.150413513999979, 17.932636261000084 ], [ -66.150413513999979, 17.932361603000118 ], [ -66.15069579999988, 17.932361603000118 ], [ -66.15069579999988, 17.93208313000008 ], [ -66.151252745999955, 17.93208313000008 ], [ -66.151252745999955, 17.931804657000043 ], [ -66.151527403999978, 17.931804657000043 ], [ -66.151527403999978, 17.931526184000177 ], [ -66.151802061999945, 17.931526184000177 ], [ -66.151802061999945, 17.931249618000038 ], [ -66.152641295999956, 17.931249618000038 ], [ -66.152641295999956, 17.930973053000173 ], [ -66.152915953999923, 17.930973053000173 ], [ -66.152915953999923, 17.930694580000136 ], [ -66.153198241999917, 17.930694580000136 ], [ -66.153198241999917, 17.930414199000097 ], [ -66.153747557999964, 17.930414199000097 ], [ -66.153747557999964, 17.930139541000131 ], [ -66.154029845999958, 17.930139541000131 ], [ -66.154029845999958, 17.929861068000093 ], [ -66.154304503999981, 17.929861068000093 ], [ -66.154304503999981, 17.929582595000056 ], [ -66.154861449999942, 17.929582595000056 ], [ -66.154861449999942, 17.92930412200019 ], [ -66.155418395999959, 17.92930412200019 ], [ -66.155418395999959, 17.929582595000056 ], [ -66.158470153999929, 17.929582595000056 ], [ -66.158470153999929, 17.929027557000097 ], [ -66.158752441999923, 17.929027557000097 ], [ -66.158752441999923, 17.928472518000092 ], [ -66.159027099999832, 17.928472518000092 ], [ -66.159027099999832, 17.928192140000021 ], [ -66.159301757999913, 17.928192140000021 ], [ -66.159301757999913, 17.927917482 ], [ -66.159584045999907, 17.927917482 ], [ -66.159584045999907, 17.927639009000131 ], [ -66.160140989999888, 17.927639009000131 ], [ -66.160140989999888, 17.928192140000021 ], [ -66.159858703999987, 17.928192140000021 ], [ -66.159858703999987, 17.928472518000092 ], [ -66.159584045999907, 17.928472518000092 ], [ -66.159584045999907, 17.928749086000096 ], [ -66.159301757999913, 17.928749086000096 ], [ -66.159301757999913, 17.929027557000097 ], [ -66.159027099999832, 17.929027557000097 ], [ -66.159027099999832, 17.929582595000056 ], [ -66.158752441999923, 17.929582595000056 ], [ -66.158752441999923, 17.929861068000093 ], [ -66.158470153999929, 17.929861068000093 ], [ -66.158470153999929, 17.930139541000131 ], [ -66.158195495999962, 17.930139541000131 ], [ -66.158195495999962, 17.930414199000097 ], [ -66.158470153999929, 17.930414199000097 ], [ -66.158470153999929, 17.931526184000177 ], [ -66.158195495999962, 17.931526184000177 ], [ -66.158195495999962, 17.931804657000043 ], [ -66.157913207999968, 17.931804657000043 ], [ -66.157913207999968, 17.93208313000008 ], [ -66.157638549999945, 17.93208313000008 ], [ -66.157638549999945, 17.932361603000118 ], [ -66.157363891999978, 17.932361603000118 ], [ -66.157363891999978, 17.932636261000084 ], [ -66.157081603999984, 17.932636261000084 ], [ -66.157081603999984, 17.932918549000192 ], [ -66.156806945999904, 17.932918549000192 ], [ -66.156806945999904, 17.933471680000025 ], [ -66.156524657999967, 17.933471680000025 ], [ -66.156524657999967, 17.934305191000135 ], [ -66.156249999999829, 17.934305191000135 ], [ -66.156249999999829, 17.934858322000025 ], [ -66.15597534199992, 17.934858322000025 ], [ -66.15597534199992, 17.93625068700004 ], [ -66.156249999999829, 17.93625068700004 ], [ -66.156249999999829, 17.936805726000046 ], [ -66.156524657999967, 17.936805726000046 ], [ -66.156524657999967, 17.937084199000083 ], [ -66.157081603999984, 17.937084199000083 ], [ -66.157081603999984, 17.93736267200012 ], [ -66.158752441999923, 17.93736267200012 ], [ -66.158752441999923, 17.937084199000083 ], [ -66.159301757999913, 17.937084199000083 ], [ -66.159301757999913, 17.936805726000046 ], [ -66.159584045999907, 17.936805726000046 ], [ -66.159584045999907, 17.936527253000179 ], [ -66.159858703999987, 17.936527253000179 ], [ -66.159858703999987, 17.935972214000174 ], [ -66.160140989999888, 17.935972214000174 ], [ -66.160140989999888, 17.935140610000076 ], [ -66.160415649999948, 17.935140610000076 ], [ -66.160415649999948, 17.931804657000043 ], [ -66.161529539999947, 17.931804657000043 ], [ -66.161529539999947, 17.93208313000008 ], [ -66.161804197999913, 17.93208313000008 ], [ -66.161804197999913, 17.931804657000043 ], [ -66.163192747999972, 17.931804657000043 ], [ -66.163192747999972, 17.93208313000008 ], [ -66.16430663999995, 17.93208313000008 ], [ -66.16430663999995, 17.932361603000118 ], [ -66.164581297999916, 17.932361603000118 ], [ -66.164581297999916, 17.932636261000084 ], [ -66.167083739999953, 17.932636261000084 ], [ -66.167083739999953, 17.932918549000192 ], [ -66.167915343999937, 17.932918549000192 ], [ -66.167915343999937, 17.933195114000057 ], [ -66.16819763299992, 17.933195114000057 ], [ -66.16819763299992, 17.933471680000025 ], [ -66.168746947999978, 17.933471680000025 ], [ -66.168746947999978, 17.933748245000061 ], [ -66.169303893999881, 17.933748245000061 ], [ -66.169303893999881, 17.934028626000099 ], [ -66.169860839999956, 17.934028626000099 ], [ -66.169860839999956, 17.934305191000135 ], [ -66.170135497999922, 17.934305191000135 ], [ -66.170135497999922, 17.934583664 ], [ -66.17069244399994, 17.934583664 ], [ -66.17069244399994, 17.934858322000025 ], [ -66.170974730999944, 17.934858322000025 ], [ -66.170974730999944, 17.935140610000076 ], [ -66.171524047999981, 17.935140610000076 ], [ -66.171524047999981, 17.935417176000044 ], [ -66.172080993999884, 17.935417176000044 ], [ -66.172080993999884, 17.935693741000136 ], [ -66.172637938999969, 17.935693741000136 ], [ -66.172637938999969, 17.935972214000174 ], [ -66.172920226999963, 17.935972214000174 ], [ -66.172920226999963, 17.936527253000179 ], [ -66.173751830999947, 17.936527253000179 ], [ -66.173751830999947, 17.936805726000046 ], [ -66.174858092999898, 17.936805726000046 ], [ -66.174858092999898, 17.936527253000179 ], [ -66.176246642999956, 17.936527253000179 ], [ -66.176246642999956, 17.93625068700004 ], [ -66.177360534999934, 17.93625068700004 ], [ -66.177360534999934, 17.935972214000174 ], [ -66.177635192999901, 17.935972214000174 ], [ -66.177635192999901, 17.935693741000136 ], [ -66.177917480999895, 17.935693741000136 ], [ -66.177917480999895, 17.935417176000044 ], [ -66.178192138999975, 17.935417176000044 ], [ -66.178192138999975, 17.935693741000136 ], [ -66.179031372999873, 17.935693741000136 ], [ -66.179031372999873, 17.935417176000044 ], [ -66.180137634999937, 17.935417176000044 ], [ -66.180137634999937, 17.935693741000136 ], [ -66.183471678999979, 17.935693741000136 ], [ -66.183471678999979, 17.935417176000044 ], [ -66.183746338999981, 17.935417176000044 ], [ -66.183746338999981, 17.935140610000076 ], [ -66.184585570999957, 17.935140610000076 ], [ -66.184585570999957, 17.935417176000044 ], [ -66.18486022899998, 17.935417176000044 ], [ -66.18486022899998, 17.935140610000076 ], [ -66.185142516999974, 17.935140610000076 ], [ -66.185142516999974, 17.935417176000044 ], [ -66.185417174999941, 17.935417176000044 ], [ -66.185417174999941, 17.935693741000136 ], [ -66.186248778999925, 17.935693741000136 ], [ -66.186248778999925, 17.935972214000174 ], [ -66.186805724999886, 17.935972214000174 ], [ -66.186805724999886, 17.93625068700004 ], [ -66.18736267099996, 17.93625068700004 ], [ -66.18736267099996, 17.936527253000179 ], [ -66.187919616999977, 17.936527253000179 ], [ -66.187919616999977, 17.936805726000046 ], [ -66.188468932999854, 17.936805726000046 ], [ -66.188468932999854, 17.937084199000083 ], [ -66.189308166999922, 17.937084199000083 ], [ -66.189308166999922, 17.93736267200012 ], [ -66.190139770999963, 17.93736267200012 ], [ -66.190139770999963, 17.937639237000155 ], [ -66.19069671699998, 17.937639237000155 ], [ -66.19069671699998, 17.937915803000124 ], [ -66.192085266999925, 17.937915803000124 ], [ -66.192085266999925, 17.937639237000155 ], [ -66.192642210999907, 17.937639237000155 ], [ -66.192642210999907, 17.93736267200012 ], [ -66.193191528999876, 17.93736267200012 ], [ -66.193191528999876, 17.937084199000083 ], [ -66.19374847499995, 17.937084199000083 ], [ -66.19374847499995, 17.936805726000046 ], [ -66.194862364999949, 17.936805726000046 ], [ -66.194862364999949, 17.936527253000179 ], [ -66.195137024999838, 17.936527253000179 ], [ -66.195137024999838, 17.93625068700004 ], [ -66.19541931099991, 17.93625068700004 ], [ -66.19541931099991, 17.935972214000174 ], [ -66.195968628999879, 17.935972214000174 ], [ -66.195968628999879, 17.935693741000136 ], [ -66.196525572999974, 17.935693741000136 ], [ -66.196525572999974, 17.935140610000076 ], [ -66.196807860999968, 17.935140610000076 ], [ -66.196807860999968, 17.932918549000192 ], [ -66.197082518999935, 17.932918549000192 ], [ -66.197082518999935, 17.932636261000084 ], [ -66.197364806999872, 17.932636261000084 ], [ -66.197364806999872, 17.93208313000008 ], [ -66.197639464999952, 17.93208313000008 ], [ -66.197639464999952, 17.931804657000043 ], [ -66.197914122999919, 17.931804657000043 ], [ -66.197914122999919, 17.931526184000177 ], [ -66.198196410999913, 17.931526184000177 ], [ -66.198196410999913, 17.930694580000136 ], [ -66.198471068999936, 17.930694580000136 ], [ -66.198471068999936, 17.930414199000097 ], [ -66.198753356999987, 17.930414199000097 ], [ -66.198753356999987, 17.930139541000131 ], [ -66.199028014999897, 17.930139541000131 ], [ -66.199028014999897, 17.929861068000093 ], [ -66.199302672999977, 17.929861068000093 ], [ -66.199302672999977, 17.929582595000056 ], [ -66.199859618999881, 17.929582595000056 ], [ -66.199859618999881, 17.92930412200019 ], [ -66.201248168999939, 17.92930412200019 ], [ -66.201248168999939, 17.929027557000097 ], [ -66.201530456999933, 17.929027557000097 ], [ -66.201530456999933, 17.928192140000021 ], [ -66.2018051149999, 17.928192140000021 ], [ -66.2018051149999, 17.927917482 ], [ -66.204025268999942, 17.927917482 ], [ -66.204025268999942, 17.927639009000131 ], [ -66.204307556999936, 17.927639009000131 ], [ -66.204307556999936, 17.926805497000089 ], [ -66.204582214999903, 17.926805497000089 ], [ -66.204582214999903, 17.926527024000052 ], [ -66.205970764999961, 17.926527024000052 ], [ -66.205970764999961, 17.926805497000089 ], [ -66.206253050999976, 17.926805497000089 ], [ -66.206253050999976, 17.926527024000052 ], [ -66.206527708999943, 17.926527024000052 ], [ -66.206527708999943, 17.926250459000187 ], [ -66.206802368999945, 17.926250459000187 ], [ -66.206802368999945, 17.925973893000048 ], [ -66.207084654999846, 17.925973893000048 ], [ -66.207084654999846, 17.925416947000144 ], [ -66.207359312999927, 17.925416947000144 ], [ -66.207359312999927, 17.925138474000107 ], [ -66.208190916999968, 17.925138474000107 ], [ -66.208190916999968, 17.924861909000072 ], [ -66.208747862999985, 17.924861909000072 ], [ -66.208747862999985, 17.924583436000034 ], [ -66.210418700999924, 17.924583436000034 ], [ -66.210418700999924, 17.92319488600009 ], [ -66.21069335899989, 17.92319488600009 ], [ -66.21069335899989, 17.922916413000053 ], [ -66.211524962999988, 17.922916413000053 ], [ -66.211524962999988, 17.922639847000085 ], [ -66.212081908999949, 17.922639847000085 ], [ -66.212081908999949, 17.922361374000047 ], [ -66.212364196999943, 17.922361374000047 ], [ -66.212364196999943, 17.922082901000181 ], [ -66.212638854999966, 17.922082901000181 ], [ -66.212638854999966, 17.921806336000088 ], [ -66.212913512999933, 17.921806336000088 ], [ -66.212913512999933, 17.92152977000012 ], [ -66.213195800999927, 17.92152977000012 ], [ -66.213195800999927, 17.921247482000069 ], [ -66.213470458999836, 17.921247482000069 ], [ -66.213470458999836, 17.920972824000046 ], [ -66.215415954999969, 17.920972824000046 ], [ -66.215415954999969, 17.921247482000069 ], [ -66.216529844999911, 17.921247482000069 ], [ -66.216529844999911, 17.92152977000012 ], [ -66.217361448999895, 17.92152977000012 ], [ -66.217361448999895, 17.921806336000088 ], [ -66.217636108999955, 17.921806336000088 ], [ -66.217636108999955, 17.922082901000181 ], [ -66.217361448999895, 17.922082901000181 ], [ -66.217361448999895, 17.922361374000047 ], [ -66.217086790999986, 17.922361374000047 ], [ -66.217086790999986, 17.922639847000085 ], [ -66.216804504999914, 17.922639847000085 ], [ -66.216804504999914, 17.92319488600009 ], [ -66.216529844999911, 17.92319488600009 ], [ -66.216529844999911, 17.923471451000125 ], [ -66.216247558999839, 17.923471451000125 ], [ -66.216247558999839, 17.92319488600009 ], [ -66.215698240999927, 17.92319488600009 ], [ -66.215698240999927, 17.923751832000164 ], [ -66.215415954999969, 17.923751832000164 ], [ -66.215415954999969, 17.924304963000168 ], [ -66.215141296999946, 17.924304963000168 ], [ -66.215141296999946, 17.924583436000034 ], [ -66.214584350999985, 17.924583436000034 ], [ -66.214584350999985, 17.924028397000029 ], [ -66.214302062999877, 17.924028397000029 ], [ -66.214302062999877, 17.923751832000164 ], [ -66.21375274699983, 17.923751832000164 ], [ -66.21375274699983, 17.924583436000034 ], [ -66.213470458999836, 17.924583436000034 ], [ -66.213470458999836, 17.924861909000072 ], [ -66.213195800999927, 17.924861909000072 ], [ -66.213195800999927, 17.925138474000107 ], [ -66.212638854999966, 17.925138474000107 ], [ -66.212638854999966, 17.925416947000144 ], [ -66.212364196999943, 17.925416947000144 ], [ -66.212364196999943, 17.926250459000187 ], [ -66.212638854999966, 17.926250459000187 ], [ -66.212638854999966, 17.927082063000057 ], [ -66.212364196999943, 17.927082063000057 ], [ -66.212364196999943, 17.926805497000089 ], [ -66.211807250999982, 17.926805497000089 ], [ -66.211807250999982, 17.926527024000052 ], [ -66.211250304999965, 17.926527024000052 ], [ -66.211250304999965, 17.927082063000057 ], [ -66.210975646999827, 17.927082063000057 ], [ -66.210975646999827, 17.928192140000021 ], [ -66.21069335899989, 17.928192140000021 ], [ -66.21069335899989, 17.928749086000096 ], [ -66.210418700999924, 17.928749086000096 ], [ -66.210418700999924, 17.929582595000056 ], [ -66.20958709699994, 17.929582595000056 ], [ -66.20958709699994, 17.929861068000093 ], [ -66.209304808999946, 17.929861068000093 ], [ -66.209304808999946, 17.930139541000131 ], [ -66.20958709699994, 17.930139541000131 ], [ -66.20958709699994, 17.930694580000136 ], [ -66.209861754999963, 17.930694580000136 ], [ -66.209861754999963, 17.931249618000038 ], [ -66.20958709699994, 17.931249618000038 ], [ -66.20958709699994, 17.931526184000177 ], [ -66.208473204999962, 17.931526184000177 ], [ -66.208473204999962, 17.931804657000043 ], [ -66.207916258999887, 17.931804657000043 ], [ -66.207916258999887, 17.93208313000008 ], [ -66.207641600999921, 17.93208313000008 ], [ -66.207641600999921, 17.932361603000118 ], [ -66.207359312999927, 17.932361603000118 ], [ -66.207359312999927, 17.932636261000084 ], [ -66.208473204999962, 17.932636261000084 ], [ -66.208473204999962, 17.932361603000118 ], [ -66.209304808999946, 17.932361603000118 ], [ -66.209304808999946, 17.931804657000043 ], [ -66.21013641299993, 17.931804657000043 ], [ -66.21013641299993, 17.932361603000118 ], [ -66.210418700999924, 17.932361603000118 ], [ -66.210418700999924, 17.933195114000057 ], [ -66.209861754999963, 17.933195114000057 ], [ -66.209861754999963, 17.933471680000025 ], [ -66.20958709699994, 17.933471680000025 ], [ -66.20958709699994, 17.933748245000061 ], [ -66.208747862999985, 17.933748245000061 ], [ -66.208747862999985, 17.934028626000099 ], [ -66.207916258999887, 17.934028626000099 ], [ -66.207916258999887, 17.934305191000135 ], [ -66.207641600999921, 17.934305191000135 ], [ -66.207641600999921, 17.935140610000076 ], [ -66.207916258999887, 17.935140610000076 ], [ -66.207916258999887, 17.935417176000044 ], [ -66.208190916999968, 17.935417176000044 ], [ -66.208190916999968, 17.935972214000174 ], [ -66.208473204999962, 17.935972214000174 ], [ -66.208473204999962, 17.936527253000179 ], [ -66.208747862999985, 17.936527253000179 ], [ -66.208747862999985, 17.937084199000083 ], [ -66.209030150999979, 17.937084199000083 ], [ -66.209030150999979, 17.93736267200012 ], [ -66.20958709699994, 17.93736267200012 ], [ -66.20958709699994, 17.937915803000124 ], [ -66.21013641299993, 17.937915803000124 ], [ -66.21013641299993, 17.938194276000161 ], [ -66.210418700999924, 17.938194276000161 ], [ -66.210418700999924, 17.938472749000027 ], [ -66.21069335899989, 17.938472749000027 ], [ -66.21069335899989, 17.9390277870001 ], [ -66.210975646999827, 17.9390277870001 ], [ -66.210975646999827, 17.939306260000137 ], [ -66.211250304999965, 17.939306260000137 ], [ -66.211250304999965, 17.939582826000105 ], [ -66.211524962999988, 17.939582826000105 ], [ -66.211524962999988, 17.939861297000164 ], [ -66.211807250999982, 17.939861297000164 ], [ -66.211807250999982, 17.94013977000003 ], [ -66.212081908999949, 17.94013977000003 ], [ -66.212081908999949, 17.940416335000066 ], [ -66.212638854999966, 17.940416335000066 ], [ -66.212638854999966, 17.940694808000103 ], [ -66.212913512999933, 17.940694808000103 ], [ -66.212913512999933, 17.940971374000071 ], [ -66.213195800999927, 17.940971374000071 ], [ -66.213195800999927, 17.943750381000086 ], [ -66.213470458999836, 17.943750381000086 ], [ -66.213470458999836, 17.944860458000164 ], [ -66.212913512999933, 17.944860458000164 ], [ -66.212913512999933, 17.945138931000031 ], [ -66.212638854999966, 17.945138931000031 ], [ -66.212638854999966, 17.944860458000164 ], [ -66.210975646999827, 17.944860458000164 ], [ -66.210975646999827, 17.944583893000129 ], [ -66.21013641299993, 17.944583893000129 ], [ -66.21013641299993, 17.944026947000054 ], [ -66.208473204999962, 17.944026947000054 ], [ -66.208473204999962, 17.944583893000129 ], [ -66.206802368999945, 17.944583893000129 ], [ -66.206802368999945, 17.944860458000164 ], [ -66.205970764999961, 17.944860458000164 ], [ -66.205970764999961, 17.945138931000031 ], [ -66.202919006999878, 17.945138931000031 ], [ -66.202919006999878, 17.94541549700017 ], [ -66.202636718999884, 17.94541549700017 ], [ -66.202636718999884, 17.945693970000036 ], [ -66.202362060999974, 17.945693970000036 ], [ -66.202362060999974, 17.94541549700017 ], [ -66.20207977299998, 17.94541549700017 ], [ -66.20207977299998, 17.945138931000031 ], [ -66.2018051149999, 17.945138931000031 ], [ -66.2018051149999, 17.943750381000086 ], [ -66.200973510999916, 17.943750381000086 ], [ -66.200973510999916, 17.944305420000092 ], [ -66.200141906999875, 17.944305420000092 ], [ -66.200141906999875, 17.944026947000054 ], [ -66.199584960999971, 17.944026947000054 ], [ -66.199584960999971, 17.943750381000086 ], [ -66.199028014999897, 17.943750381000086 ], [ -66.199028014999897, 17.943471908000049 ], [ -66.198753356999987, 17.943471908000049 ], [ -66.198753356999987, 17.943195343000127 ], [ -66.198196410999913, 17.943195343000127 ], [ -66.198196410999913, 17.94291687000009 ], [ -66.197082518999935, 17.94291687000009 ], [ -66.197082518999935, 17.942638397000053 ], [ -66.195693968999933, 17.942638397000053 ], [ -66.195693968999933, 17.942361831000085 ], [ -66.194862364999949, 17.942361831000085 ], [ -66.194862364999949, 17.942083358000048 ], [ -66.194305420999967, 17.942083358000048 ], [ -66.194305420999967, 17.94180488500001 ], [ -66.193473816999983, 17.94180488500001 ], [ -66.193473816999983, 17.941528320000145 ], [ -66.192359924999835, 17.941528320000145 ], [ -66.192359924999835, 17.941249847000108 ], [ -66.191528320999964, 17.941249847000108 ], [ -66.191528320999964, 17.940971374000071 ], [ -66.189582824999889, 17.940971374000071 ], [ -66.189582824999889, 17.940694808000103 ], [ -66.188751220999961, 17.940694808000103 ], [ -66.188751220999961, 17.940416335000066 ], [ -66.188468932999854, 17.940416335000066 ], [ -66.188468932999854, 17.939582826000105 ], [ -66.188194274999944, 17.939582826000105 ], [ -66.188194274999944, 17.939306260000137 ], [ -66.187637328999983, 17.939306260000137 ], [ -66.187637328999983, 17.9390277870001 ], [ -66.185417174999941, 17.9390277870001 ], [ -66.185417174999941, 17.938749314000063 ], [ -66.185142516999974, 17.938749314000063 ], [ -66.185142516999974, 17.938472749000027 ], [ -66.184585570999957, 17.938472749000027 ], [ -66.184585570999957, 17.938194276000161 ], [ -66.184303284999885, 17.938194276000161 ], [ -66.184303284999885, 17.937915803000124 ], [ -66.184028624999883, 17.937915803000124 ], [ -66.184028624999883, 17.937639237000155 ], [ -66.183471678999979, 17.937639237000155 ], [ -66.183471678999979, 17.938194276000161 ], [ -66.184028624999883, 17.938194276000161 ], [ -66.184028624999883, 17.9390277870001 ], [ -66.183746338999981, 17.9390277870001 ], [ -66.183746338999981, 17.939582826000105 ], [ -66.183197020999842, 17.939582826000105 ], [ -66.183197020999842, 17.939861297000164 ], [ -66.182357788999923, 17.939861297000164 ], [ -66.182357788999923, 17.94013977000003 ], [ -66.181526184999882, 17.94013977000003 ], [ -66.181526184999882, 17.94180488500001 ], [ -66.182083130999956, 17.94180488500001 ], [ -66.182083130999956, 17.942083358000048 ], [ -66.182357788999923, 17.942083358000048 ], [ -66.182357788999923, 17.943195343000127 ], [ -66.182083130999956, 17.943195343000127 ], [ -66.182083130999956, 17.943750381000086 ], [ -66.181808470999954, 17.943750381000086 ], [ -66.181808470999954, 17.944026947000054 ], [ -66.181526184999882, 17.944026947000054 ], [ -66.181526184999882, 17.944305420000092 ], [ -66.181251526999972, 17.944305420000092 ], [ -66.181251526999972, 17.944583893000129 ], [ -66.180969238999978, 17.944583893000129 ], [ -66.180969238999978, 17.944860458000164 ], [ -66.180694580999898, 17.944860458000164 ], [ -66.180694580999898, 17.945138931000031 ], [ -66.179306030999953, 17.945138931000031 ], [ -66.179306030999953, 17.94541549700017 ], [ -66.178749084999879, 17.94541549700017 ], [ -66.178749084999879, 17.945138931000031 ], [ -66.177360534999934, 17.945138931000031 ], [ -66.177360534999934, 17.94541549700017 ], [ -66.176803588999917, 17.94541549700017 ], [ -66.176803588999917, 17.945693970000036 ], [ -66.175140380999892, 17.945693970000036 ], [ -66.175140380999892, 17.945972443000073 ], [ -66.174858092999898, 17.945972443000073 ], [ -66.174858092999898, 17.947082520000151 ], [ -66.175140380999892, 17.947082520000151 ], [ -66.175140380999892, 17.948194504000128 ], [ -66.175415038999972, 17.948194504000128 ], [ -66.175415038999972, 17.948472977 ], [ -66.175697326999966, 17.948472977 ], [ -66.175697326999966, 17.948747635000188 ], [ -66.175971984999933, 17.948747635000188 ], [ -66.175971984999933, 17.949306489000037 ], [ -66.176246642999956, 17.949306489000037 ], [ -66.176246642999956, 17.949583054000129 ], [ -66.17652893099995, 17.949583054000129 ], [ -66.17652893099995, 17.949861527000166 ], [ -66.176803588999917, 17.949861527000166 ], [ -66.176803588999917, 17.950138093000135 ], [ -66.177360534999934, 17.950138093000135 ], [ -66.177360534999934, 17.950416566000172 ], [ -66.180137634999937, 17.950416566000172 ], [ -66.180137634999937, 17.950138093000135 ], [ -66.180419922999988, 17.950138093000135 ], [ -66.180419922999988, 17.949861527000166 ], [ -66.181251526999972, 17.949861527000166 ], [ -66.181251526999972, 17.950138093000135 ], [ -66.181526184999882, 17.950138093000135 ], [ -66.181526184999882, 17.950416566000172 ], [ -66.181808470999954, 17.950416566000172 ], [ -66.181808470999954, 17.950695039000038 ], [ -66.182357788999923, 17.950695039000038 ], [ -66.182357788999923, 17.950971604000074 ], [ -66.182640074999938, 17.950971604000074 ], [ -66.182640074999938, 17.951250076 ], [ -66.183746338999981, 17.951250076 ], [ -66.183746338999981, 17.950971604000074 ], [ -66.184028624999883, 17.950971604000074 ], [ -66.184028624999883, 17.950695039000038 ], [ -66.18486022899998, 17.950695039000038 ], [ -66.18486022899998, 17.950971604000074 ], [ -66.185142516999974, 17.950971604000074 ], [ -66.185142516999974, 17.951250076 ], [ -66.185417174999941, 17.951250076 ], [ -66.185417174999941, 17.951528549000045 ], [ -66.185691832999851, 17.951528549000045 ], [ -66.185691832999851, 17.951805114000138 ], [ -66.186248778999925, 17.951805114000138 ], [ -66.186248778999925, 17.952083587000175 ], [ -66.186805724999886, 17.952083587000175 ], [ -66.186805724999886, 17.952362059999984 ], [ -66.187080382999966, 17.952362059999984 ], [ -66.187080382999966, 17.95263862600018 ], [ -66.188194274999944, 17.95263862600018 ], [ -66.188194274999944, 17.952917099 ], [ -66.189308166999922, 17.952917099 ], [ -66.189308166999922, 17.953193664000082 ], [ -66.189857482999969, 17.953193664000082 ], [ -66.189857482999969, 17.953472137000119 ], [ -66.190414428999986, 17.953472137000119 ], [ -66.190414428999986, 17.953750610000156 ], [ -66.19069671699998, 17.953750610000156 ], [ -66.19069671699998, 17.954027176000125 ], [ -66.191253662999941, 17.954027176000125 ], [ -66.191253662999941, 17.954305649000162 ], [ -66.191528320999964, 17.954305649000162 ], [ -66.191528320999964, 17.954582214000027 ], [ -66.191802978999931, 17.954582214000027 ], [ -66.191802978999931, 17.954860687000064 ], [ -66.192085266999925, 17.954860687000064 ], [ -66.192085266999925, 17.955139160000101 ], [ -66.192642210999907, 17.955139160000101 ], [ -66.192642210999907, 17.955415726000069 ], [ -66.192916870999909, 17.955415726000069 ], [ -66.192916870999909, 17.955694199000106 ], [ -66.193473816999983, 17.955694199000106 ], [ -66.193473816999983, 17.955972672000144 ], [ -66.19374847499995, 17.955972672000144 ], [ -66.19374847499995, 17.956249237 ], [ -66.194305420999967, 17.956249237 ], [ -66.194305420999967, 17.956527710000046 ], [ -66.194580078999934, 17.956527710000046 ], [ -66.194580078999934, 17.956804276000014 ], [ -66.195137024999838, 17.956804276000014 ], [ -66.195137024999838, 17.957082749000051 ], [ -66.19541931099991, 17.957082749000051 ], [ -66.19541931099991, 17.957361222000088 ], [ -66.195968628999879, 17.957361222000088 ], [ -66.195968628999879, 17.957639695000125 ], [ -66.196525572999974, 17.957639695000125 ], [ -66.196525572999974, 17.957914353000149 ], [ -66.196807860999968, 17.957914353000149 ], [ -66.196807860999968, 17.958194733000084 ], [ -66.197082518999935, 17.958194733000084 ], [ -66.197082518999935, 17.958471299000053 ], [ -66.197364806999872, 17.958471299000053 ], [ -66.197364806999872, 17.95874977200009 ], [ -66.197639464999952, 17.95874977200009 ], [ -66.197639464999952, 17.959304810000162 ], [ -66.197914122999919, 17.959304810000162 ], [ -66.197914122999919, 17.959583283000029 ], [ -66.198196410999913, 17.959583283000029 ], [ -66.198196410999913, 17.959861756000066 ], [ -66.198753356999987, 17.959861756000066 ], [ -66.198753356999987, 17.960136414000033 ], [ -66.199028014999897, 17.960136414000033 ], [ -66.199028014999897, 17.96041870200014 ], [ -66.199859618999881, 17.96041870200014 ], [ -66.199859618999881, 17.960695268000109 ], [ -66.200141906999875, 17.960695268000109 ], [ -66.200141906999875, 17.960971833000144 ], [ -66.201530456999933, 17.960971833000144 ], [ -66.201530456999933, 17.961250306000181 ], [ -66.20207977299998, 17.961250306000181 ], [ -66.20207977299998, 17.961528779000048 ], [ -66.203750610999919, 17.961528779000048 ], [ -66.203750610999919, 17.961805345000187 ], [ -66.204307556999936, 17.961805345000187 ], [ -66.204307556999936, 17.962083818000053 ], [ -66.205696104999959, 17.962083818000053 ], [ -66.205696104999959, 17.96235847600002 ], [ -66.205970764999961, 17.96235847600002 ], [ -66.205970764999961, 17.962640762000149 ], [ -66.206161498999847, 17.962640762000149 ], [ -66.206802, 17.962641000000133 ], [ -66.206802, 17.962358 ], [ -66.207085, 17.962358 ], [ -66.207085, 17.962084 ], [ -66.207642, 17.962084 ], [ -66.207642, 17.961805 ], [ -66.209861999999873, 17.961805 ], [ -66.209861999999873, 17.961250000000177 ], [ -66.210136, 17.961250000000177 ], [ -66.210136, 17.960695000000101 ], [ -66.210419, 17.960695000000101 ], [ -66.210419, 17.960419000000172 ], [ -66.210692999999878, 17.960419000000172 ], [ -66.210692999999878, 17.960136 ], [ -66.210976, 17.960136 ], [ -66.210976, 17.959862000000101 ], [ -66.21125, 17.959862000000101 ], [ -66.21125, 17.959305 ], [ -66.212082, 17.959305 ], [ -66.212082, 17.959583 ], [ -66.212364, 17.959583 ], [ -66.212364, 17.959862000000101 ], [ -66.21347, 17.959862000000101 ], [ -66.21347, 17.960136 ], [ -66.214584, 17.960136 ], [ -66.214584, 17.959862000000101 ], [ -66.215416, 17.959862000000101 ], [ -66.215416, 17.959305 ], [ -66.215698, 17.959305 ], [ -66.215698, 17.95875 ], [ -66.215416, 17.95875 ], [ -66.215416, 17.958471 ], [ -66.214858999999876, 17.958471 ], [ -66.214858999999876, 17.95819500000016 ], [ -66.214584, 17.95819500000016 ], [ -66.214584, 17.957914000000187 ], [ -66.214302, 17.957914000000187 ], [ -66.214302, 17.95764 ], [ -66.214026999999874, 17.95764 ], [ -66.214026999999874, 17.957361000000105 ], [ -66.213753, 17.957361000000105 ], [ -66.213753, 17.956804 ], [ -66.21347, 17.956804 ], [ -66.21347, 17.955416 ], [ -66.214858999999876, 17.955416 ], [ -66.214858999999876, 17.955694 ], [ -66.215141, 17.955694 ], [ -66.215141, 17.955973 ], [ -66.215416, 17.955973 ], [ -66.215416, 17.956249 ], [ -66.215698, 17.956249 ], [ -66.215698, 17.956528000000105 ], [ -66.215973, 17.956528000000105 ], [ -66.215973, 17.956804 ], [ -66.21653, 17.956804 ], [ -66.21653, 17.957083000000182 ], [ -66.217087, 17.957083000000182 ], [ -66.217087, 17.957361000000105 ], [ -66.217918, 17.957361000000105 ], [ -66.217918, 17.956528000000105 ], [ -66.217636, 17.956528000000105 ], [ -66.217636, 17.955694 ], [ -66.217918, 17.955694 ], [ -66.217918, 17.955139 ], [ -66.21875, 17.955139 ], [ -66.21875, 17.954861 ], [ -66.219024999999874, 17.954861 ], [ -66.219024999999874, 17.954582000000187 ], [ -66.219307, 17.954582000000187 ], [ -66.219307, 17.95402700000011 ], [ -66.219864, 17.95402700000011 ], [ -66.219864, 17.953751000000182 ], [ -66.220139, 17.953751000000182 ], [ -66.220139, 17.953472 ], [ -66.221252, 17.953472 ], [ -66.221252, 17.95319400000011 ], [ -66.221527, 17.95319400000011 ], [ -66.221527, 17.952639 ], [ -66.221802, 17.952639 ], [ -66.221802, 17.950417000000186 ], [ -66.222084, 17.950417000000186 ], [ -66.222084, 17.951250000000186 ], [ -66.222359, 17.951250000000186 ], [ -66.222359, 17.952639 ], [ -66.224586, 17.952639 ], [ -66.224586, 17.952362 ], [ -66.224861, 17.952362 ], [ -66.224861, 17.952084 ], [ -66.225136, 17.952084 ], [ -66.225136, 17.951805 ], [ -66.225418, 17.951805 ], [ -66.225418, 17.951529 ], [ -66.225693, 17.951529 ], [ -66.225693, 17.951250000000186 ], [ -66.22625, 17.951250000000186 ], [ -66.22625, 17.950972 ], [ -66.226524, 17.950972 ], [ -66.226524, 17.950417000000186 ], [ -66.22625, 17.950417000000186 ], [ -66.22625, 17.94986200000011 ], [ -66.225974999999892, 17.94986200000011 ], [ -66.225974999999892, 17.949583000000132 ], [ -66.225693, 17.949583000000132 ], [ -66.225693, 17.948195 ], [ -66.225418, 17.948195 ], [ -66.225418, 17.947918000000186 ], [ -66.225693, 17.947918000000186 ], [ -66.225693, 17.947639 ], [ -66.225974999999892, 17.947639 ], [ -66.225974999999892, 17.94735900000012 ], [ -66.22625, 17.94735900000012 ], [ -66.22625, 17.947083000000191 ], [ -66.226524, 17.947083000000191 ], [ -66.226524, 17.94735900000012 ], [ -66.227081, 17.94735900000012 ], [ -66.227081, 17.947639 ], [ -66.227637999999843, 17.947639 ], [ -66.227637999999843, 17.947918000000186 ], [ -66.227913, 17.947918000000186 ], [ -66.227913, 17.948195 ], [ -66.22847, 17.948195 ], [ -66.22847, 17.947918000000186 ], [ -66.229308999999887, 17.947918000000186 ], [ -66.229308999999887, 17.947639 ], [ -66.230698, 17.947639 ], [ -66.230698, 17.94735900000012 ], [ -66.23180399999984, 17.94735900000012 ], [ -66.23180399999984, 17.947083000000191 ], [ -66.232361, 17.947083000000191 ], [ -66.232361, 17.946808 ], [ -66.232918, 17.946808 ], [ -66.232918, 17.946529 ], [ -66.233192, 17.946529 ], [ -66.233192, 17.946251000000132 ], [ -66.233474999999885, 17.946251000000132 ], [ -66.233474999999885, 17.945694 ], [ -66.233749, 17.945694 ], [ -66.233749, 17.944860000000119 ], [ -66.231529, 17.944860000000119 ], [ -66.231529, 17.944305 ], [ -66.231247, 17.944305 ], [ -66.231247, 17.944027000000119 ], [ -66.230971999999895, 17.944027000000119 ], [ -66.230971999999895, 17.942083 ], [ -66.230698, 17.942083 ], [ -66.230698, 17.941528000000119 ], [ -66.230971999999895, 17.941528000000119 ], [ -66.230971999999895, 17.940971 ], [ -66.231247, 17.940971 ], [ -66.231247, 17.940416000000141 ], [ -66.230971999999895, 17.940416000000141 ], [ -66.230971999999895, 17.94014 ], [ -66.231247, 17.94014 ], [ -66.231247, 17.939583000000141 ], [ -66.230971999999895, 17.939583000000141 ], [ -66.230971999999895, 17.939306000000101 ], [ -66.230698, 17.939306000000101 ], [ -66.230698, 17.939028 ], [ -66.230415, 17.939028 ], [ -66.230415, 17.938749 ], [ -66.229858, 17.938749 ], [ -66.229858, 17.938473000000101 ], [ -66.229584, 17.938473000000101 ], [ -66.229584, 17.937363000000119 ], [ -66.229858, 17.937363000000119 ], [ -66.229858, 17.935972000000163 ], [ -66.229584, 17.935972000000163 ], [ -66.229584, 17.935694 ], [ -66.229308999999887, 17.935694 ], [ -66.229308999999887, 17.935417 ], [ -66.228752, 17.935417 ], [ -66.228752, 17.935141000000101 ], [ -66.22847, 17.935141000000101 ], [ -66.22847, 17.934858000000133 ], [ -66.228752, 17.934858000000133 ], [ -66.228752, 17.934305 ], [ -66.229027, 17.934305 ], [ -66.229027, 17.933472 ], [ -66.229308999999887, 17.933472 ], [ -66.229308999999887, 17.93291900000014 ], [ -66.229584, 17.93291900000014 ], [ -66.229584, 17.932636000000173 ], [ -66.229858, 17.932636000000173 ], [ -66.229858, 17.932362 ], [ -66.230415, 17.932362 ], [ -66.230415, 17.932083 ], [ -66.230698, 17.932083 ], [ -66.230698, 17.931805000000168 ], [ -66.231247, 17.931805000000168 ], [ -66.231247, 17.931526000000133 ], [ -66.231529, 17.931526000000133 ], [ -66.231529, 17.93125 ], [ -66.23180399999984, 17.93125 ], [ -66.23180399999984, 17.930973 ], [ -66.232361, 17.930973 ], [ -66.232361, 17.93125 ], [ -66.232635, 17.93125 ], [ -66.232635, 17.931526000000133 ], [ -66.232918, 17.931526000000133 ], [ -66.232918, 17.931805000000168 ], [ -66.233192, 17.931805000000168 ], [ -66.233192, 17.932362 ], [ -66.233474999999885, 17.932362 ], [ -66.233474999999885, 17.932636000000173 ], [ -66.234581, 17.932636000000173 ], [ -66.234581, 17.93291900000014 ], [ -66.234863, 17.93291900000014 ], [ -66.234863, 17.933195 ], [ -66.235137999999893, 17.933195 ], [ -66.235137999999893, 17.933472 ], [ -66.23542, 17.933472 ], [ -66.23542, 17.933748000000151 ], [ -66.235695, 17.933748000000151 ], [ -66.235695, 17.934029000000123 ], [ -66.235969999999895, 17.934029000000123 ], [ -66.235969999999895, 17.934305 ], [ -66.236252, 17.934305 ], [ -66.236252, 17.934584 ], [ -66.237915, 17.934584 ], [ -66.237915, 17.934029000000123 ], [ -66.237639999999885, 17.934029000000123 ], [ -66.237639999999885, 17.933748000000151 ], [ -66.237358, 17.933748000000151 ], [ -66.237358, 17.933472 ], [ -66.23680899999988, 17.933472 ], [ -66.23680899999988, 17.933195 ], [ -66.236526, 17.933195 ], [ -66.236526, 17.93291900000014 ], [ -66.235969999999895, 17.93291900000014 ], [ -66.235969999999895, 17.932636000000173 ], [ -66.235695, 17.932636000000173 ], [ -66.235695, 17.932362 ], [ -66.23542, 17.932362 ], [ -66.23542, 17.932083 ], [ -66.235137999999893, 17.932083 ], [ -66.235137999999893, 17.931805000000168 ], [ -66.234863, 17.931805000000168 ], [ -66.234863, 17.931526000000133 ], [ -66.234581, 17.931526000000133 ], [ -66.234581, 17.93125 ], [ -66.23430599999989, 17.93125 ], [ -66.23430599999989, 17.929304000000172 ], [ -66.234581, 17.929304000000172 ], [ -66.234581, 17.929028 ], [ -66.235137999999893, 17.929028 ], [ -66.235137999999893, 17.928749 ], [ -66.23542, 17.928749 ], [ -66.23542, 17.928473000000167 ], [ -66.235695, 17.928473000000167 ], [ -66.235695, 17.92791700000015 ], [ -66.235969999999895, 17.92791700000015 ], [ -66.235969999999895, 17.927639 ], [ -66.236252, 17.927639 ], [ -66.236252, 17.927361000000133 ], [ -66.236526, 17.927361000000133 ], [ -66.236526, 17.927082000000155 ], [ -66.23680899999988, 17.927082000000155 ], [ -66.23680899999988, 17.926805000000172 ], [ -66.237083, 17.926805000000172 ], [ -66.237083, 17.926527 ], [ -66.237639999999885, 17.926527 ], [ -66.237639999999885, 17.92625 ], [ -66.238197, 17.92625 ], [ -66.238197, 17.925974000000167 ], [ -66.23930399999989, 17.925974000000167 ], [ -66.23930399999989, 17.927639 ], [ -66.239029, 17.927639 ], [ -66.239029, 17.928473000000167 ], [ -66.240134999999896, 17.928473000000167 ], [ -66.240134999999896, 17.928749 ], [ -66.240417, 17.928749 ], [ -66.240417, 17.929304000000172 ], [ -66.240692, 17.929304000000172 ], [ -66.240692, 17.92958300000015 ], [ -66.240417, 17.92958300000015 ], [ -66.240417, 17.929861 ], [ -66.23930399999989, 17.929861 ], [ -66.23930399999989, 17.92958300000015 ], [ -66.239029, 17.92958300000015 ], [ -66.239029, 17.929304000000172 ], [ -66.238471999999888, 17.929304000000172 ], [ -66.238471999999888, 17.929861 ], [ -66.238197, 17.929861 ], [ -66.238197, 17.931526000000133 ], [ -66.237915, 17.931526000000133 ], [ -66.237915, 17.932083 ], [ -66.237639999999885, 17.932083 ], [ -66.237639999999885, 17.932362 ], [ -66.237915, 17.932362 ], [ -66.237915, 17.932636000000173 ], [ -66.238197, 17.932636000000173 ], [ -66.238197, 17.93291900000014 ], [ -66.238747, 17.93291900000014 ], [ -66.238747, 17.933195 ], [ -66.239586, 17.933195 ], [ -66.239586, 17.933748000000151 ], [ -66.240134999999896, 17.933748000000151 ], [ -66.240134999999896, 17.935417 ], [ -66.240417, 17.935417 ], [ -66.240417, 17.935694 ], [ -66.240692, 17.935694 ], [ -66.240692, 17.937084000000141 ], [ -66.240417, 17.937084000000141 ], [ -66.240417, 17.937363000000119 ], [ -66.240134999999896, 17.937363000000119 ], [ -66.240134999999896, 17.937639 ], [ -66.23930399999989, 17.937639 ], [ -66.23930399999989, 17.937916 ], [ -66.239586, 17.937916 ], [ -66.239586, 17.938194000000124 ], [ -66.241249, 17.938194000000124 ], [ -66.241249, 17.937916 ], [ -66.241531, 17.937916 ], [ -66.241531, 17.938194000000124 ], [ -66.242363, 17.938194000000124 ], [ -66.242363, 17.938473000000101 ], [ -66.243195, 17.938473000000101 ], [ -66.243195, 17.938749 ], [ -66.243468999999891, 17.938749 ], [ -66.243468999999891, 17.939028 ], [ -66.243752, 17.939028 ], [ -66.243752, 17.939583000000141 ], [ -66.244583, 17.939583000000141 ], [ -66.244583, 17.939028 ], [ -66.245139999999878, 17.939028 ], [ -66.245139999999878, 17.938749 ], [ -66.245415, 17.938749 ], [ -66.245415, 17.938473000000101 ], [ -66.245971999999881, 17.938473000000101 ], [ -66.245971999999881, 17.938749 ], [ -66.246529, 17.938749 ], [ -66.246529, 17.938473000000101 ], [ -66.247086, 17.938473000000101 ], [ -66.247086, 17.938749 ], [ -66.247917, 17.938749 ], [ -66.247917, 17.937639 ], [ -66.248192, 17.937639 ], [ -66.248192, 17.937363000000119 ], [ -66.246802999999886, 17.937363000000119 ], [ -66.246802999999886, 17.937084000000141 ], [ -66.246529, 17.937084000000141 ], [ -66.246529, 17.936806 ], [ -66.244858, 17.936806 ], [ -66.244858, 17.936251000000141 ], [ -66.244583, 17.936251000000141 ], [ -66.244583, 17.935972000000163 ], [ -66.244026, 17.935972000000163 ], [ -66.244026, 17.935141000000101 ], [ -66.244307999999876, 17.935141000000101 ], [ -66.244307999999876, 17.934858000000133 ], [ -66.245139999999878, 17.934858000000133 ], [ -66.245139999999878, 17.934584 ], [ -66.245697, 17.934584 ], [ -66.245697, 17.934305 ], [ -66.245971999999881, 17.934305 ], [ -66.245971999999881, 17.933472 ], [ -66.245415, 17.933472 ], [ -66.245415, 17.933195 ], [ -66.245139999999878, 17.933195 ], [ -66.245139999999878, 17.93291900000014 ], [ -66.244583, 17.93291900000014 ], [ -66.244583, 17.933195 ], [ -66.244026, 17.933195 ], [ -66.244026, 17.93291900000014 ], [ -66.243468999999891, 17.93291900000014 ], [ -66.243468999999891, 17.932636000000173 ], [ -66.243195, 17.932636000000173 ], [ -66.243195, 17.932362 ], [ -66.24292, 17.932362 ], [ -66.24292, 17.93125 ], [ -66.242637999999886, 17.93125 ], [ -66.242637999999886, 17.930973 ], [ -66.24292, 17.930973 ], [ -66.24292, 17.930414000000155 ], [ -66.244026, 17.930414000000155 ], [ -66.244026, 17.930695000000128 ], [ -66.244307999999876, 17.930695000000128 ], [ -66.244307999999876, 17.930973 ], [ -66.244026, 17.930973 ], [ -66.244026, 17.931526000000133 ], [ -66.244307999999876, 17.931526000000133 ], [ -66.244307999999876, 17.931805000000168 ], [ -66.244858, 17.931805000000168 ], [ -66.244858, 17.93125 ], [ -66.245139999999878, 17.93125 ], [ -66.245139999999878, 17.930973 ], [ -66.245415, 17.930973 ], [ -66.245415, 17.930695000000128 ], [ -66.246246, 17.930695000000128 ], [ -66.246246, 17.930414000000155 ], [ -66.246529, 17.930414000000155 ], [ -66.246529, 17.93014 ], [ -66.247086, 17.93014 ], [ -66.247086, 17.930414000000155 ], [ -66.24736, 17.930414000000155 ], [ -66.24736, 17.930695000000128 ], [ -66.247917, 17.930695000000128 ], [ -66.247917, 17.930973 ], [ -66.248474, 17.930973 ], [ -66.248474, 17.93125 ], [ -66.249031, 17.93125 ], [ -66.249031, 17.931526000000133 ], [ -66.249305999999876, 17.931526000000133 ], [ -66.249305999999876, 17.932083 ], [ -66.249863, 17.932083 ], [ -66.249863, 17.932362 ], [ -66.25042, 17.932362 ], [ -66.25042, 17.932636000000173 ], [ -66.250968999999884, 17.932636000000173 ], [ -66.250968999999884, 17.932362 ], [ -66.251251, 17.932362 ], [ -66.251251, 17.932083 ], [ -66.251526, 17.932083 ], [ -66.251526, 17.932362 ], [ -66.25264, 17.932362 ], [ -66.25264, 17.932636000000173 ], [ -66.253753999999844, 17.932636000000173 ], [ -66.253753999999844, 17.93291900000014 ], [ -66.254028, 17.93291900000014 ], [ -66.254028, 17.934029000000123 ], [ -66.253753999999844, 17.934029000000123 ], [ -66.253753999999844, 17.934584 ], [ -66.254028, 17.934584 ], [ -66.254028, 17.934858000000133 ], [ -66.254302999999879, 17.934858000000133 ], [ -66.254302999999879, 17.934584 ], [ -66.256248, 17.934584 ], [ -66.256248, 17.934858000000133 ], [ -66.256531, 17.934858000000133 ], [ -66.256531, 17.935141000000101 ], [ -66.256805, 17.935141000000101 ], [ -66.256805, 17.935417 ], [ -66.25708, 17.935417 ], [ -66.25708, 17.935694 ], [ -66.257637, 17.935694 ], [ -66.257637, 17.935417 ], [ -66.258750999999847, 17.935417 ], [ -66.258750999999847, 17.935694 ], [ -66.260971, 17.935694 ], [ -66.260971, 17.936251000000141 ], [ -66.261252999999897, 17.936251000000141 ], [ -66.261252999999897, 17.936527 ], [ -66.261528, 17.936527 ], [ -66.261528, 17.936806 ], [ -66.261803, 17.936806 ], [ -66.261803, 17.937084000000141 ], [ -66.26236, 17.937084000000141 ], [ -66.26236, 17.937363000000119 ], [ -66.262916999999845, 17.937363000000119 ], [ -66.262916999999845, 17.937639 ], [ -66.263191, 17.937639 ], [ -66.263191, 17.938194000000124 ], [ -66.263748, 17.938194000000124 ], [ -66.263748, 17.938473000000101 ], [ -66.26403, 17.938473000000101 ], [ -66.26403, 17.939028 ], [ -66.264305, 17.939028 ], [ -66.264305, 17.939583000000141 ], [ -66.26458, 17.939583000000141 ], [ -66.26458, 17.940695000000119 ], [ -66.264862, 17.940695000000119 ], [ -66.264862, 17.940971 ], [ -66.264305, 17.940971 ], [ -66.264305, 17.940695000000119 ], [ -66.263748, 17.940695000000119 ], [ -66.263748, 17.940416000000141 ], [ -66.263474, 17.940416000000141 ], [ -66.263474, 17.94014 ], [ -66.263191, 17.94014 ], [ -66.263191, 17.939861 ], [ -66.26236, 17.939861 ], [ -66.26236, 17.94014 ], [ -66.261803, 17.94014 ], [ -66.261803, 17.940695000000119 ], [ -66.262085, 17.940695000000119 ], [ -66.262085, 17.940971 ], [ -66.26236, 17.940971 ], [ -66.26236, 17.942083 ], [ -66.262642, 17.942083 ], [ -66.262642, 17.942362 ], [ -66.263191, 17.942362 ], [ -66.263191, 17.942638000000102 ], [ -66.263474, 17.942638000000102 ], [ -66.263474, 17.942917000000136 ], [ -66.263748, 17.942917000000136 ], [ -66.263748, 17.943195 ], [ -66.26403, 17.943195 ], [ -66.26403, 17.943472 ], [ -66.264305, 17.943472 ], [ -66.264305, 17.943750000000136 ], [ -66.264862, 17.943750000000136 ], [ -66.264862, 17.944027000000119 ], [ -66.265694, 17.944027000000119 ], [ -66.265694, 17.944305 ], [ -66.265976, 17.944305 ], [ -66.265976, 17.944584000000191 ], [ -66.266250999999897, 17.944584000000191 ], [ -66.266250999999897, 17.944860000000119 ], [ -66.266525, 17.944860000000119 ], [ -66.266525, 17.945139 ], [ -66.267639, 17.945139 ], [ -66.267639, 17.945415 ], [ -66.268196, 17.945415 ], [ -66.268196, 17.945694 ], [ -66.268471, 17.945694 ], [ -66.268471, 17.945972 ], [ -66.269302, 17.945972 ], [ -66.269302, 17.946251000000132 ], [ -66.270142, 17.946251000000132 ], [ -66.270142, 17.946529 ], [ -66.270691, 17.946529 ], [ -66.270691, 17.946808 ], [ -66.271248, 17.946808 ], [ -66.271248, 17.947083000000191 ], [ -66.273193, 17.947083000000191 ], [ -66.273193, 17.946808 ], [ -66.273476, 17.946808 ], [ -66.273476, 17.946529 ], [ -66.274307, 17.946529 ], [ -66.274307, 17.946808 ], [ -66.274581999999896, 17.946808 ], [ -66.274581999999896, 17.947083000000191 ], [ -66.274864, 17.947083000000191 ], [ -66.274864, 17.947918000000186 ], [ -66.275139, 17.947918000000186 ], [ -66.275139, 17.948473 ], [ -66.275413999999898, 17.948473 ], [ -66.275413999999898, 17.948748000000137 ], [ -66.276252999999883, 17.948748000000137 ], [ -66.276252999999883, 17.948473 ], [ -66.276802, 17.948473 ], [ -66.276802, 17.948195 ], [ -66.277083999999888, 17.948195 ], [ -66.277083999999888, 17.947918000000186 ], [ -66.277359, 17.947918000000186 ], [ -66.277359, 17.94735900000012 ], [ -66.277641, 17.94735900000012 ], [ -66.277641, 17.946808 ], [ -66.278473, 17.946808 ], [ -66.278473, 17.947083000000191 ], [ -66.279861, 17.947083000000191 ], [ -66.279861, 17.946808 ], [ -66.280136, 17.946808 ], [ -66.280136, 17.946529 ], [ -66.280417999999884, 17.946529 ], [ -66.280417999999884, 17.946251000000132 ], [ -66.280693, 17.946251000000132 ], [ -66.280693, 17.945694 ], [ -66.281525, 17.945694 ], [ -66.281525, 17.945415 ], [ -66.282081999999889, 17.945415 ], [ -66.282081999999889, 17.945694 ], [ -66.282912999999894, 17.945694 ], [ -66.282912999999894, 17.945415 ], [ -66.284302, 17.945415 ], [ -66.284302, 17.945139 ], [ -66.284583999999882, 17.945139 ], [ -66.284583999999882, 17.944860000000119 ], [ -66.284859, 17.944860000000119 ], [ -66.284859, 17.944305 ], [ -66.285141, 17.944305 ], [ -66.285141, 17.944027000000119 ], [ -66.285698, 17.944027000000119 ], [ -66.285698, 17.943750000000136 ], [ -66.286246999999889, 17.943750000000136 ], [ -66.286246999999889, 17.943195 ], [ -66.28653, 17.943195 ], [ -66.28653, 17.942917000000136 ], [ -66.287361, 17.942917000000136 ], [ -66.287361, 17.942638000000102 ], [ -66.287918, 17.942638000000102 ], [ -66.287918, 17.942362 ], [ -66.288193, 17.942362 ], [ -66.288193, 17.942083 ], [ -66.288475, 17.942083 ], [ -66.288475, 17.941805000000102 ], [ -66.289024, 17.941805000000102 ], [ -66.289024, 17.942083 ], [ -66.289307, 17.942083 ], [ -66.289307, 17.942638000000102 ], [ -66.289580999999885, 17.942638000000102 ], [ -66.289580999999885, 17.942917000000136 ], [ -66.289863999999852, 17.942917000000136 ], [ -66.289863999999852, 17.944027000000119 ], [ -66.290412999999887, 17.944027000000119 ], [ -66.290412999999887, 17.944584000000191 ], [ -66.290695, 17.944584000000191 ], [ -66.290695, 17.945415 ], [ -66.29097, 17.945415 ], [ -66.29097, 17.945694 ], [ -66.291252, 17.945694 ], [ -66.291252, 17.946808 ], [ -66.29097, 17.946808 ], [ -66.29097, 17.94735900000012 ], [ -66.290695, 17.94735900000012 ], [ -66.290695, 17.947639 ], [ -66.290412999999887, 17.947639 ], [ -66.290412999999887, 17.948195 ], [ -66.290138, 17.948195 ], [ -66.290138, 17.948473 ], [ -66.289863999999852, 17.948473 ], [ -66.289863999999852, 17.949306 ], [ -66.289580999999885, 17.949306 ], [ -66.289580999999885, 17.950972 ], [ -66.289863999999852, 17.950972 ], [ -66.289863999999852, 17.952084 ], [ -66.290138, 17.952084 ], [ -66.290138, 17.952362 ], [ -66.290412999999887, 17.952362 ], [ -66.290412999999887, 17.952917 ], [ -66.290695, 17.952917 ], [ -66.290695, 17.95319400000011 ], [ -66.29097, 17.95319400000011 ], [ -66.29097, 17.954306 ], [ -66.290695, 17.954306 ], [ -66.290695, 17.954582000000187 ], [ -66.290138, 17.954582000000187 ], [ -66.290138, 17.95764 ], [ -66.290412999999887, 17.95764 ], [ -66.290412999999887, 17.95875 ], [ -66.290695, 17.95875 ], [ -66.290695, 17.959026 ], [ -66.29097, 17.959026 ], [ -66.29097, 17.960695000000101 ], [ -66.291252, 17.960695000000101 ], [ -66.291252, 17.961529000000155 ], [ -66.291527, 17.961529000000155 ], [ -66.291527, 17.961805 ], [ -66.291809, 17.961805 ], [ -66.291809, 17.962084 ], [ -66.292915, 17.962084 ], [ -66.292915, 17.962358 ], [ -66.294028999999853, 17.962358 ], [ -66.294028999999853, 17.962084 ], [ -66.294304, 17.962084 ], [ -66.294304, 17.961805 ], [ -66.294861, 17.961805 ], [ -66.294861, 17.960972 ], [ -66.294586, 17.960972 ], [ -66.294586, 17.960695000000101 ], [ -66.294304, 17.960695000000101 ], [ -66.294304, 17.960136 ], [ -66.294028999999853, 17.960136 ], [ -66.294028999999853, 17.959862000000101 ], [ -66.293746999999883, 17.959862000000101 ], [ -66.293746999999883, 17.959583 ], [ -66.293472, 17.959583 ], [ -66.293472, 17.958471 ], [ -66.293746999999883, 17.958471 ], [ -66.293746999999883, 17.957914000000187 ], [ -66.294586, 17.957914000000187 ], [ -66.294586, 17.958471 ], [ -66.294861, 17.958471 ], [ -66.294861, 17.95875 ], [ -66.295975, 17.95875 ], [ -66.295975, 17.958471 ], [ -66.296524, 17.958471 ], [ -66.296524, 17.95875 ], [ -66.29792, 17.95875 ], [ -66.29792, 17.959305 ], [ -66.298194999999851, 17.959305 ], [ -66.298194999999851, 17.959583 ], [ -66.298752, 17.959583 ], [ -66.298752, 17.959862000000101 ], [ -66.299026, 17.959862000000101 ], [ -66.299026, 17.960419000000172 ], [ -66.299309, 17.960419000000172 ], [ -66.299309, 17.960695000000101 ], [ -66.299858, 17.960695000000101 ], [ -66.299858, 17.960972 ], [ -66.30014, 17.960972 ], [ -66.30014, 17.961250000000177 ], [ -66.300415, 17.961250000000177 ], [ -66.300415, 17.961529000000155 ], [ -66.300697, 17.961529000000155 ], [ -66.300697, 17.961805 ], [ -66.301247, 17.961805 ], [ -66.301247, 17.962084 ], [ -66.301804, 17.962084 ], [ -66.301804, 17.962641000000133 ], [ -66.302361, 17.962641000000133 ], [ -66.302361, 17.962917 ], [ -66.302635, 17.962917 ], [ -66.302635, 17.963194000000101 ], [ -66.302917, 17.963194000000101 ], [ -66.302917, 17.963472 ], [ -66.303474, 17.963472 ], [ -66.303474, 17.963751000000173 ], [ -66.304030999999895, 17.963751000000173 ], [ -66.304030999999895, 17.964027000000101 ], [ -66.304581, 17.964027000000101 ], [ -66.304581, 17.964582000000178 ], [ -66.305138, 17.964582000000178 ], [ -66.305138, 17.96486300000015 ], [ -66.305695, 17.96486300000015 ], [ -66.305695, 17.965139 ], [ -66.306252, 17.965139 ], [ -66.306252, 17.965416 ], [ -66.306526, 17.965416 ], [ -66.306526, 17.965694000000155 ], [ -66.307639999999822, 17.965694000000155 ], [ -66.307639999999822, 17.965973000000133 ], [ -66.307915, 17.965973000000133 ], [ -66.307915, 17.966249 ], [ -66.308472, 17.966249 ], [ -66.308472, 17.966528 ], [ -66.309028999999896, 17.966528 ], [ -66.309028999999896, 17.966806000000133 ], [ -66.309586, 17.966806000000133 ], [ -66.309586, 17.967085000000168 ], [ -66.310143, 17.967085000000168 ], [ -66.310143, 17.967361 ], [ -66.310692, 17.967361 ], [ -66.310692, 17.967638 ], [ -66.311530999999889, 17.967638 ], [ -66.311530999999889, 17.967916000000173 ], [ -66.312362999999891, 17.967916000000173 ], [ -66.312362999999891, 17.968193000000156 ], [ -66.312637, 17.968193000000156 ], [ -66.312637, 17.968472000000133 ], [ -66.313469, 17.968472000000133 ], [ -66.313469, 17.969303 ], [ -66.313751, 17.969303 ], [ -66.313751, 17.969584000000168 ], [ -66.314025999999899, 17.969584000000168 ], [ -66.314025999999899, 17.969862 ], [ -66.314308, 17.969862 ], [ -66.314308, 17.970972 ], [ -66.314583, 17.970972 ], [ -66.314583, 17.971525000000156 ], [ -66.314857, 17.971525000000156 ], [ -66.314857, 17.972086 ], [ -66.31514, 17.972086 ], [ -66.31514, 17.972637000000134 ], [ -66.315414, 17.972637000000134 ], [ -66.315414, 17.973747000000174 ], [ -66.315696999999886, 17.973747000000174 ], [ -66.315696999999886, 17.974583 ], [ -66.31597099999982, 17.974583 ], [ -66.31597099999982, 17.975416 ], [ -66.316254, 17.975416 ], [ -66.316254, 17.975695 ], [ -66.316527999999892, 17.975695 ], [ -66.316527999999892, 17.976252000000102 ], [ -66.316802999999823, 17.976252000000102 ], [ -66.316802999999823, 17.976805 ], [ -66.317085, 17.976805 ], [ -66.317085, 17.977083000000107 ], [ -66.317917, 17.977083000000107 ], [ -66.317917, 17.977362000000142 ], [ -66.318748, 17.977362000000142 ], [ -66.318748, 17.977638 ], [ -66.31958, 17.977638 ], [ -66.31958, 17.977917 ], [ -66.320137, 17.977917 ], [ -66.320137, 17.978195000000142 ], [ -66.321808, 17.978195000000142 ], [ -66.321808, 17.978472000000124 ], [ -66.322914, 17.978472000000124 ], [ -66.322914, 17.97875 ], [ -66.324585, 17.97875 ], [ -66.324585, 17.978472000000124 ], [ -66.325417, 17.978472000000124 ], [ -66.325417, 17.978195000000142 ], [ -66.325974, 17.978195000000142 ], [ -66.325974, 17.977917 ], [ -66.32708, 17.977917 ], [ -66.32708, 17.977638 ], [ -66.327362, 17.977638 ], [ -66.327362, 17.977917 ], [ -66.328194, 17.977917 ], [ -66.328194, 17.977638 ], [ -66.328476, 17.977638 ], [ -66.328476, 17.977917 ], [ -66.330414, 17.977917 ], [ -66.330414, 17.977638 ], [ -66.330696, 17.977638 ], [ -66.330696, 17.977917 ], [ -66.330971, 17.977917 ], [ -66.330971, 17.977638 ], [ -66.332359, 17.977638 ], [ -66.332359, 17.977362000000142 ], [ -66.333191, 17.977362000000142 ], [ -66.333191, 17.977083000000107 ], [ -66.33403, 17.977083000000107 ], [ -66.33403, 17.976805 ], [ -66.334862, 17.976805 ], [ -66.334862, 17.976528 ], [ -66.335136, 17.976528 ], [ -66.335136, 17.976805 ], [ -66.335693, 17.976805 ], [ -66.335693, 17.976528 ], [ -66.337966999999878, 17.976528 ], [ -66.338081, 17.976528 ], [ -66.339027, 17.976528 ], [ -66.339027, 17.976252000000102 ], [ -66.339302, 17.976252000000102 ], [ -66.339302, 17.975973000000124 ], [ -66.339859, 17.975973000000124 ], [ -66.339859, 17.975695 ], [ -66.340416, 17.975695 ], [ -66.340416, 17.975416 ], [ -66.340698, 17.975416 ], [ -66.340698, 17.975140000000124 ], [ -66.34153, 17.975140000000124 ], [ -66.34153, 17.974861000000146 ], [ -66.342086999999879, 17.974861000000146 ], [ -66.342086999999879, 17.974583 ], [ -66.342361, 17.974583 ], [ -66.342361, 17.974306 ], [ -66.342635999999857, 17.974306 ], [ -66.342635999999857, 17.974030000000141 ], [ -66.342917999999827, 17.974030000000141 ], [ -66.342917999999827, 17.973747000000174 ], [ -66.343193, 17.973747000000174 ], [ -66.343193, 17.973194 ], [ -66.34375, 17.973194 ], [ -66.34375, 17.972919 ], [ -66.344025, 17.972919 ], [ -66.344025, 17.972637000000134 ], [ -66.344307, 17.972637000000134 ], [ -66.344307, 17.972361 ], [ -66.344582, 17.972361 ], [ -66.344582, 17.972086 ], [ -66.344864, 17.972086 ], [ -66.344864, 17.971806000000129 ], [ -66.345139, 17.971806000000129 ], [ -66.345139, 17.971525000000156 ], [ -66.345413, 17.971525000000156 ], [ -66.345413, 17.971251 ], [ -66.346527, 17.971251 ], [ -66.346527, 17.970972 ], [ -66.347083999999825, 17.970972 ], [ -66.347083999999825, 17.970694000000151 ], [ -66.347359, 17.970694000000151 ], [ -66.347359, 17.970415000000173 ], [ -66.348198, 17.970415000000173 ], [ -66.348198, 17.970139 ], [ -66.348472999999899, 17.970139 ], [ -66.348472999999899, 17.969862 ], [ -66.349304, 17.969862 ], [ -66.349304, 17.969584000000168 ], [ -66.349861, 17.969584000000168 ], [ -66.349861, 17.969303 ], [ -66.350136, 17.969303 ], [ -66.350136, 17.969028000000151 ], [ -66.350693, 17.969028000000151 ], [ -66.350693, 17.96875 ], [ -66.351249999999879, 17.96875 ], [ -66.351249999999879, 17.968472000000133 ], [ -66.351806999999894, 17.968472000000133 ], [ -66.351806999999894, 17.968193000000156 ], [ -66.352080999999828, 17.968193000000156 ], [ -66.352080999999828, 17.967916000000173 ], [ -66.352364, 17.967916000000173 ], [ -66.352364, 17.967638 ], [ -66.352637999999899, 17.967638 ], [ -66.352637999999899, 17.967361 ], [ -66.353195, 17.967361 ], [ -66.353195, 17.967085000000168 ], [ -66.35347, 17.967085000000168 ], [ -66.35347, 17.966806000000133 ], [ -66.353752, 17.966806000000133 ], [ -66.353752, 17.965973000000133 ], [ -66.354027, 17.965973000000133 ], [ -66.354027, 17.965694000000155 ], [ -66.354309, 17.965694000000155 ], [ -66.354309, 17.965416 ], [ -66.354858, 17.965416 ], [ -66.354858, 17.965139 ], [ -66.355971999999895, 17.965139 ], [ -66.355971999999895, 17.965416 ], [ -66.356803999999897, 17.965416 ], [ -66.356803999999897, 17.965139 ], [ -66.357361, 17.965139 ], [ -66.357361, 17.96486300000015 ], [ -66.357918, 17.96486300000015 ], [ -66.357918, 17.965416 ], [ -66.358192, 17.965416 ], [ -66.358192, 17.966806000000133 ], [ -66.357918, 17.966806000000133 ], [ -66.357918, 17.967916000000173 ], [ -66.358192, 17.967916000000173 ], [ -66.358192, 17.968193000000156 ], [ -66.358475, 17.968193000000156 ], [ -66.358475, 17.968472000000133 ], [ -66.359024, 17.968472000000133 ], [ -66.359024, 17.96875 ], [ -66.361526, 17.96875 ], [ -66.361526, 17.968472000000133 ], [ -66.362083, 17.968472000000133 ], [ -66.362083, 17.968193000000156 ], [ -66.363197, 17.968193000000156 ], [ -66.363197, 17.967916000000173 ], [ -66.363472, 17.967916000000173 ], [ -66.363472, 17.967638 ], [ -66.363746999999876, 17.967638 ], [ -66.363746999999876, 17.967361 ], [ -66.364029, 17.967361 ], [ -66.364029, 17.967085000000168 ], [ -66.364304, 17.967085000000168 ], [ -66.364304, 17.966806000000133 ], [ -66.364585999999861, 17.966806000000133 ], [ -66.364585999999861, 17.966249 ], [ -66.364861, 17.966249 ], [ -66.364861, 17.964582000000178 ], [ -66.364585999999861, 17.964582000000178 ], [ -66.364585999999861, 17.964027000000101 ], [ -66.364304, 17.964027000000101 ], [ -66.364304, 17.963472 ], [ -66.364029, 17.963472 ], [ -66.364029, 17.963194000000101 ], [ -66.363746999999876, 17.963194000000101 ], [ -66.363746999999876, 17.962917 ], [ -66.363472, 17.962917 ], [ -66.363472, 17.962641000000133 ], [ -66.36264, 17.962641000000133 ], [ -66.36264, 17.962358 ], [ -66.360419999999863, 17.962358 ], [ -66.360419999999863, 17.962084 ], [ -66.359863, 17.962084 ], [ -66.359863, 17.961805 ], [ -66.359580999999878, 17.961805 ], [ -66.359580999999878, 17.960972 ], [ -66.359863, 17.960972 ], [ -66.359863, 17.960419000000172 ], [ -66.360137999999893, 17.960419000000172 ], [ -66.360137999999893, 17.959862000000101 ], [ -66.360419999999863, 17.959862000000101 ], [ -66.360419999999863, 17.959305 ], [ -66.360695, 17.959305 ], [ -66.360695, 17.958471 ], [ -66.361526, 17.958471 ], [ -66.361526, 17.95819500000016 ], [ -66.361809, 17.95819500000016 ], [ -66.361809, 17.95764 ], [ -66.362083, 17.95764 ], [ -66.362083, 17.957361000000105 ], [ -66.362358, 17.957361000000105 ], [ -66.362358, 17.957083000000182 ], [ -66.36264, 17.957083000000182 ], [ -66.36264, 17.956804 ], [ -66.364029, 17.956804 ], [ -66.364029, 17.956528000000105 ], [ -66.364304, 17.956528000000105 ], [ -66.364304, 17.957083000000182 ], [ -66.364585999999861, 17.957083000000182 ], [ -66.364585999999861, 17.957361000000105 ], [ -66.364861, 17.957361000000105 ], [ -66.364861, 17.957914000000187 ], [ -66.365134999999896, 17.957914000000187 ], [ -66.365134999999896, 17.95875 ], [ -66.365417, 17.95875 ], [ -66.365417, 17.959026 ], [ -66.365692, 17.959026 ], [ -66.365692, 17.959305 ], [ -66.365974, 17.959305 ], [ -66.365974, 17.959583 ], [ -66.366249, 17.959583 ], [ -66.366249, 17.960136 ], [ -66.366531, 17.960136 ], [ -66.366531, 17.960695000000101 ], [ -66.366806, 17.960695000000101 ], [ -66.366806, 17.960972 ], [ -66.367081, 17.960972 ], [ -66.367081, 17.961250000000177 ], [ -66.367363, 17.961250000000177 ], [ -66.367363, 17.961529000000155 ], [ -66.368469, 17.961529000000155 ], [ -66.368469, 17.961250000000177 ], [ -66.369308, 17.961250000000177 ], [ -66.369308, 17.960972 ], [ -66.369582999999864, 17.960972 ], [ -66.369582999999864, 17.960695000000101 ], [ -66.369858, 17.960695000000101 ], [ -66.369858, 17.960419000000172 ], [ -66.37014, 17.960419000000172 ], [ -66.37014, 17.959305 ], [ -66.369582999999864, 17.959305 ], [ -66.369582999999864, 17.959026 ], [ -66.369858, 17.959026 ], [ -66.369858, 17.958471 ], [ -66.369582999999864, 17.958471 ], [ -66.369582999999864, 17.95819500000016 ], [ -66.369026, 17.95819500000016 ], [ -66.369026, 17.957914000000187 ], [ -66.368752, 17.957914000000187 ], [ -66.368752, 17.95764 ], [ -66.368469, 17.95764 ], [ -66.368469, 17.957361000000105 ], [ -66.368195, 17.957361000000105 ], [ -66.368195, 17.955694 ], [ -66.36792, 17.955694 ], [ -66.36792, 17.954306 ], [ -66.367638, 17.954306 ], [ -66.367638, 17.953751000000182 ], [ -66.367363, 17.953751000000182 ], [ -66.367363, 17.95319400000011 ], [ -66.367638, 17.95319400000011 ], [ -66.367638, 17.952917 ], [ -66.36792, 17.952917 ], [ -66.36792, 17.952362 ], [ -66.368752, 17.952362 ], [ -66.368752, 17.952084 ], [ -66.369026, 17.952084 ], [ -66.369026, 17.951529 ], [ -66.369308, 17.951529 ], [ -66.369308, 17.950972 ], [ -66.369582999999864, 17.950972 ], [ -66.369582999999864, 17.95069500000011 ], [ -66.370415, 17.95069500000011 ], [ -66.370415, 17.950972 ], [ -66.370972, 17.950972 ], [ -66.370972, 17.951250000000186 ], [ -66.371529, 17.951250000000186 ], [ -66.371529, 17.951529 ], [ -66.371803, 17.951529 ], [ -66.371803, 17.951805 ], [ -66.372086, 17.951805 ], [ -66.372086, 17.952084 ], [ -66.37236, 17.952084 ], [ -66.37236, 17.952362 ], [ -66.372086, 17.952362 ], [ -66.372086, 17.952917 ], [ -66.371803, 17.952917 ], [ -66.371803, 17.95319400000011 ], [ -66.371529, 17.95319400000011 ], [ -66.371529, 17.953751000000182 ], [ -66.371246, 17.953751000000182 ], [ -66.371246, 17.954306 ], [ -66.371529, 17.954306 ], [ -66.371529, 17.954861 ], [ -66.372086, 17.954861 ], [ -66.372086, 17.955139 ], [ -66.372643, 17.955139 ], [ -66.372643, 17.955416 ], [ -66.372917, 17.955416 ], [ -66.372917, 17.955694 ], [ -66.374306, 17.955694 ], [ -66.374306, 17.955139 ], [ -66.375137, 17.955139 ], [ -66.375137, 17.955416 ], [ -66.375969, 17.955416 ], [ -66.375969, 17.955694 ], [ -66.376251, 17.955694 ], [ -66.376251, 17.955416 ], [ -66.376526, 17.955416 ], [ -66.376526, 17.955139 ], [ -66.376808, 17.955139 ], [ -66.376808, 17.954582000000187 ], [ -66.376526, 17.954582000000187 ], [ -66.376526, 17.95402700000011 ], [ -66.376251, 17.95402700000011 ], [ -66.376251, 17.953751000000182 ], [ -66.375694, 17.953751000000182 ], [ -66.375694, 17.95402700000011 ], [ -66.37542, 17.95402700000011 ], [ -66.37542, 17.953751000000182 ], [ -66.375137, 17.953751000000182 ], [ -66.375137, 17.953472 ], [ -66.374863, 17.953472 ], [ -66.374863, 17.951805 ], [ -66.375137, 17.951805 ], [ -66.375137, 17.951529 ], [ -66.37542, 17.951529 ], [ -66.37542, 17.950972 ], [ -66.375694, 17.950972 ], [ -66.375694, 17.950417000000186 ], [ -66.375969, 17.950417000000186 ], [ -66.375969, 17.94986200000011 ], [ -66.376251, 17.94986200000011 ], [ -66.376251, 17.94903 ], [ -66.377083, 17.94903 ], [ -66.377083, 17.948473 ], [ -66.376526, 17.948473 ], [ -66.376526, 17.948195 ], [ -66.376251, 17.948195 ], [ -66.376251, 17.946808 ], [ -66.376526, 17.946808 ], [ -66.376526, 17.946251000000132 ], [ -66.376808, 17.946251000000132 ], [ -66.376808, 17.945972 ], [ -66.377083, 17.945972 ], [ -66.377083, 17.945415 ], [ -66.377357, 17.945415 ], [ -66.377357, 17.944860000000119 ], [ -66.37764, 17.944860000000119 ], [ -66.37764, 17.944305 ], [ -66.37819699999983, 17.944305 ], [ -66.37819699999983, 17.944027000000119 ], [ -66.379028, 17.944027000000119 ], [ -66.379028, 17.944305 ], [ -66.380142, 17.944305 ], [ -66.380142, 17.944027000000119 ], [ -66.380417, 17.944027000000119 ], [ -66.380417, 17.943750000000136 ], [ -66.380692, 17.943750000000136 ], [ -66.380692, 17.943195 ], [ -66.380417, 17.943195 ], [ -66.380417, 17.942638000000102 ], [ -66.380142, 17.942638000000102 ], [ -66.380142, 17.941528000000119 ], [ -66.380417, 17.941528000000119 ], [ -66.380417, 17.94125 ], [ -66.380974, 17.94125 ], [ -66.380974, 17.940971 ], [ -66.381805, 17.940971 ], [ -66.381805, 17.940695000000119 ], [ -66.38236199999983, 17.940695000000119 ], [ -66.38236199999983, 17.940416000000141 ], [ -66.382919, 17.940416000000141 ], [ -66.382919, 17.94014 ], [ -66.383193999999833, 17.94014 ], [ -66.383193999999833, 17.939861 ], [ -66.383751, 17.939861 ], [ -66.383751, 17.939583000000141 ], [ -66.384026, 17.939583000000141 ], [ -66.384026, 17.939028 ], [ -66.384308, 17.939028 ], [ -66.384308, 17.938749 ], [ -66.384583, 17.938749 ], [ -66.384583, 17.938473000000101 ], [ -66.384864999999877, 17.938473000000101 ], [ -66.384864999999877, 17.938194000000124 ], [ -66.385139, 17.938194000000124 ], [ -66.385139, 17.937916 ], [ -66.385414, 17.937916 ], [ -66.385414, 17.937639 ], [ -66.385695999999882, 17.937639 ], [ -66.385695999999882, 17.937363000000119 ], [ -66.386803, 17.937363000000119 ], [ -66.386803, 17.937639 ], [ -66.387085, 17.937639 ], [ -66.387085, 17.938473000000101 ], [ -66.387359999999831, 17.938473000000101 ], [ -66.387359999999831, 17.939028 ], [ -66.387642, 17.939028 ], [ -66.387642, 17.939306000000101 ], [ -66.387917, 17.939306000000101 ], [ -66.387917, 17.939583000000141 ], [ -66.388191, 17.939583000000141 ], [ -66.388191, 17.94014 ], [ -66.388748, 17.94014 ], [ -66.388748, 17.939306000000101 ], [ -66.390419, 17.939306000000101 ], [ -66.390419, 17.939583000000141 ], [ -66.390693999999883, 17.939583000000141 ], [ -66.390693999999883, 17.940416000000141 ], [ -66.390976, 17.940416000000141 ], [ -66.390976, 17.940971 ], [ -66.391250999999897, 17.940971 ], [ -66.391250999999897, 17.94125 ], [ -66.391524999999831, 17.94125 ], [ -66.391524999999831, 17.941805000000102 ], [ -66.391808, 17.941805000000102 ], [ -66.391808, 17.942083 ], [ -66.393195999999875, 17.942083 ], [ -66.393195999999875, 17.942362 ], [ -66.393753, 17.942362 ], [ -66.393753, 17.942638000000102 ], [ -66.394027999999878, 17.942638000000102 ], [ -66.394027999999878, 17.942917000000136 ], [ -66.394302, 17.942917000000136 ], [ -66.394302, 17.943195 ], [ -66.394585, 17.943195 ], [ -66.394585, 17.943472 ], [ -66.394858999999883, 17.943472 ], [ -66.394858999999883, 17.943750000000136 ], [ -66.395142, 17.943750000000136 ], [ -66.395142, 17.944027000000119 ], [ -66.395690999999886, 17.944027000000119 ], [ -66.395690999999886, 17.944305 ], [ -66.395973, 17.944305 ], [ -66.395973, 17.944584000000191 ], [ -66.396248, 17.944584000000191 ], [ -66.396248, 17.944860000000119 ], [ -66.39653, 17.944860000000119 ], [ -66.39653, 17.945139 ], [ -66.396805, 17.945139 ], [ -66.396805, 17.945415 ], [ -66.397087, 17.945415 ], [ -66.397087, 17.945694 ], [ -66.397362, 17.945694 ], [ -66.397362, 17.945972 ], [ -66.398192999999878, 17.945972 ], [ -66.398192999999878, 17.946251000000132 ], [ -66.397919, 17.946251000000132 ], [ -66.397919, 17.946529 ], [ -66.398192999999878, 17.946529 ], [ -66.398192999999878, 17.946808 ], [ -66.399307, 17.946808 ], [ -66.399307, 17.947083000000191 ], [ -66.399582, 17.947083000000191 ], [ -66.399582, 17.94735900000012 ], [ -66.399863999999866, 17.94735900000012 ], [ -66.399863999999866, 17.947639 ], [ -66.400413999999898, 17.947639 ], [ -66.400413999999898, 17.948195 ], [ -66.401527, 17.948195 ], [ -66.401527, 17.948473 ], [ -66.402084, 17.948473 ], [ -66.402084, 17.94903 ], [ -66.402358999999876, 17.94903 ], [ -66.402358999999876, 17.94986200000011 ], [ -66.401802, 17.94986200000011 ], [ -66.401802, 17.949583000000132 ], [ -66.401253, 17.949583000000132 ], [ -66.401253, 17.949306 ], [ -66.40097, 17.949306 ], [ -66.40097, 17.948748000000137 ], [ -66.400413999999898, 17.948748000000137 ], [ -66.400413999999898, 17.94903 ], [ -66.400139, 17.94903 ], [ -66.400139, 17.948748000000137 ], [ -66.399863999999866, 17.948748000000137 ], [ -66.399863999999866, 17.948195 ], [ -66.399582, 17.948195 ], [ -66.399582, 17.947918000000186 ], [ -66.39875, 17.947918000000186 ], [ -66.39875, 17.947639 ], [ -66.397919, 17.947639 ], [ -66.397919, 17.94735900000012 ], [ -66.396248, 17.94735900000012 ], [ -66.396248, 17.947083000000191 ], [ -66.395973, 17.947083000000191 ], [ -66.395973, 17.946251000000132 ], [ -66.395690999999886, 17.946251000000132 ], [ -66.395690999999886, 17.945972 ], [ -66.395415999999898, 17.945972 ], [ -66.395415999999898, 17.945694 ], [ -66.394858999999883, 17.945694 ], [ -66.394858999999883, 17.945415 ], [ -66.394585, 17.945415 ], [ -66.394585, 17.945139 ], [ -66.394302, 17.945139 ], [ -66.394302, 17.944860000000119 ], [ -66.393753, 17.944860000000119 ], [ -66.393753, 17.945415 ], [ -66.393195999999875, 17.945415 ], [ -66.393195999999875, 17.945972 ], [ -66.392639, 17.945972 ], [ -66.392639, 17.945415 ], [ -66.392365, 17.945415 ], [ -66.392365, 17.945139 ], [ -66.392639, 17.945139 ], [ -66.392639, 17.943750000000136 ], [ -66.392365, 17.943750000000136 ], [ -66.392365, 17.943195 ], [ -66.392082, 17.943195 ], [ -66.392082, 17.942917000000136 ], [ -66.390693999999883, 17.942917000000136 ], [ -66.390693999999883, 17.942638000000102 ], [ -66.390976, 17.942638000000102 ], [ -66.390976, 17.941805000000102 ], [ -66.390693999999883, 17.941805000000102 ], [ -66.390693999999883, 17.941528000000119 ], [ -66.390419, 17.941528000000119 ], [ -66.390419, 17.940971 ], [ -66.38958, 17.940971 ], [ -66.38958, 17.941528000000119 ], [ -66.38986199999988, 17.941528000000119 ], [ -66.38986199999988, 17.942917000000136 ], [ -66.390137, 17.942917000000136 ], [ -66.390137, 17.943750000000136 ], [ -66.390419, 17.943750000000136 ], [ -66.390419, 17.944584000000191 ], [ -66.390693999999883, 17.944584000000191 ], [ -66.390693999999883, 17.944860000000119 ], [ -66.390976, 17.944860000000119 ], [ -66.390976, 17.945139 ], [ -66.391250999999897, 17.945139 ], [ -66.391250999999897, 17.945694 ], [ -66.391524999999831, 17.945694 ], [ -66.391524999999831, 17.945972 ], [ -66.391808, 17.945972 ], [ -66.391808, 17.946251000000132 ], [ -66.392082, 17.946251000000132 ], [ -66.392082, 17.946529 ], [ -66.392639, 17.946529 ], [ -66.392639, 17.946251000000132 ], [ -66.393471, 17.946251000000132 ], [ -66.393471, 17.946808 ], [ -66.393753, 17.946808 ], [ -66.393753, 17.947083000000191 ], [ -66.394027999999878, 17.947083000000191 ], [ -66.394027999999878, 17.94735900000012 ], [ -66.394858999999883, 17.94735900000012 ], [ -66.394858999999883, 17.947639 ], [ -66.395690999999886, 17.947639 ], [ -66.395690999999886, 17.947918000000186 ], [ -66.396248, 17.947918000000186 ], [ -66.396248, 17.948195 ], [ -66.397636, 17.948195 ], [ -66.397636, 17.948473 ], [ -66.397919, 17.948473 ], [ -66.397919, 17.94903 ], [ -66.398476, 17.94903 ], [ -66.398476, 17.949583000000132 ], [ -66.39875, 17.949583000000132 ], [ -66.39875, 17.94986200000011 ], [ -66.399024999999881, 17.94986200000011 ], [ -66.399024999999881, 17.95069500000011 ], [ -66.399582, 17.95069500000011 ], [ -66.399582, 17.950972 ], [ -66.400413999999898, 17.950972 ], [ -66.400413999999898, 17.951250000000186 ], [ -66.401527, 17.951250000000186 ], [ -66.401527, 17.951529 ], [ -66.402358999999876, 17.951529 ], [ -66.402358999999876, 17.951805 ], [ -66.402641, 17.951805 ], [ -66.402641, 17.952084 ], [ -66.402916, 17.952084 ], [ -66.402916, 17.952362 ], [ -66.403198, 17.952362 ], [ -66.403198, 17.952639 ], [ -66.404305, 17.952639 ], [ -66.404305, 17.952084 ], [ -66.404587, 17.952084 ], [ -66.404587, 17.952639 ], [ -66.405136, 17.952639 ], [ -66.405136, 17.952917 ], [ -66.405693, 17.952917 ], [ -66.405693, 17.95319400000011 ], [ -66.405975, 17.95319400000011 ], [ -66.405975, 17.953472 ], [ -66.406525, 17.953472 ], [ -66.406525, 17.953751000000182 ], [ -66.409026999999867, 17.953751000000182 ], [ -66.409026999999867, 17.95402700000011 ], [ -66.409584, 17.95402700000011 ], [ -66.409584, 17.953751000000182 ], [ -66.410141, 17.953751000000182 ], [ -66.410141, 17.95402700000011 ], [ -66.410416, 17.95402700000011 ], [ -66.410416, 17.954582000000187 ], [ -66.410698, 17.954582000000187 ], [ -66.410698, 17.956528000000105 ], [ -66.411247, 17.956528000000105 ], [ -66.411247, 17.957083000000182 ], [ -66.41153, 17.957083000000182 ], [ -66.41153, 17.957361000000105 ], [ -66.412086, 17.957361000000105 ], [ -66.412086, 17.95764 ], [ -66.413474999999835, 17.95764 ], [ -66.413474999999835, 17.957914000000187 ], [ -66.41402399999987, 17.957914000000187 ], [ -66.41402399999987, 17.95819500000016 ], [ -66.414581, 17.95819500000016 ], [ -66.414581, 17.958471 ], [ -66.414864, 17.958471 ], [ -66.414864, 17.95875 ], [ -66.415695, 17.95875 ], [ -66.415695, 17.959026 ], [ -66.416527, 17.959026 ], [ -66.416527, 17.959305 ], [ -66.41764099999989, 17.959305 ], [ -66.41764099999989, 17.959583 ], [ -66.418198, 17.959583 ], [ -66.418198, 17.959862000000101 ], [ -66.420418, 17.959862000000101 ], [ -66.420418, 17.959583 ], [ -66.424026, 17.959583 ], [ -66.424026, 17.959305 ], [ -66.425139999999885, 17.959305 ], [ -66.425139999999885, 17.959026 ], [ -66.425415, 17.959026 ], [ -66.425415, 17.95875 ], [ -66.425697, 17.95875 ], [ -66.425697, 17.95819500000016 ], [ -66.425971999999888, 17.95819500000016 ], [ -66.425971999999888, 17.958471 ], [ -66.426247, 17.958471 ], [ -66.426247, 17.95875 ], [ -66.42680399999989, 17.95875 ], [ -66.42680399999989, 17.959026 ], [ -66.427361, 17.959026 ], [ -66.427361, 17.959305 ], [ -66.427634999999839, 17.959305 ], [ -66.427634999999839, 17.959583 ], [ -66.427917, 17.959583 ], [ -66.427917, 17.959862000000101 ], [ -66.428473999999881, 17.959862000000101 ], [ -66.428473999999881, 17.960136 ], [ -66.429031, 17.960136 ], [ -66.429031, 17.960419000000172 ], [ -66.429581, 17.960419000000172 ], [ -66.429581, 17.960972 ], [ -66.429863, 17.960972 ], [ -66.429863, 17.961250000000177 ], [ -66.43042, 17.961250000000177 ], [ -66.43042, 17.962084 ], [ -66.430968999999891, 17.962084 ], [ -66.430968999999891, 17.962641000000133 ], [ -66.431252, 17.962641000000133 ], [ -66.431252, 17.962917 ], [ -66.431807999999876, 17.962917 ], [ -66.431807999999876, 17.963472 ], [ -66.432083, 17.963472 ], [ -66.432083, 17.963751000000173 ], [ -66.432358, 17.963751000000173 ], [ -66.432358, 17.964306 ], [ -66.432639999999878, 17.964306 ], [ -66.432639999999878, 17.96486300000015 ], [ -66.432915, 17.96486300000015 ], [ -66.432915, 17.965139 ], [ -66.433197, 17.965139 ], [ -66.433197, 17.965416 ], [ -66.433746, 17.965416 ], [ -66.433746, 17.965973000000133 ], [ -66.434029, 17.965973000000133 ], [ -66.434029, 17.966528 ], [ -66.434302999999886, 17.966528 ], [ -66.434302999999886, 17.966806000000133 ], [ -66.434586, 17.966806000000133 ], [ -66.434586, 17.967916000000173 ], [ -66.43486, 17.967916000000173 ], [ -66.43486, 17.968193000000156 ], [ -66.435143, 17.968193000000156 ], [ -66.435143, 17.968472000000133 ], [ -66.435417, 17.968472000000133 ], [ -66.435417, 17.969028000000151 ], [ -66.435692, 17.969028000000151 ], [ -66.435692, 17.969584000000168 ], [ -66.435973999999874, 17.969584000000168 ], [ -66.435973999999874, 17.969862 ], [ -66.436249, 17.969862 ], [ -66.436249, 17.970139 ], [ -66.436531, 17.970139 ], [ -66.436531, 17.970415000000173 ], [ -66.436805999999876, 17.970415000000173 ], [ -66.436805999999876, 17.970694000000151 ], [ -66.43708, 17.970694000000151 ], [ -66.43708, 17.970972 ], [ -66.437363, 17.970972 ], [ -66.437363, 17.971251 ], [ -66.437636999999881, 17.971251 ], [ -66.437636999999881, 17.971525000000156 ], [ -66.43792, 17.971525000000156 ], [ -66.43792, 17.971806000000129 ], [ -66.438194, 17.971806000000129 ], [ -66.438194, 17.972361 ], [ -66.438468999999884, 17.972361 ], [ -66.438468999999884, 17.972637000000134 ], [ -66.439026, 17.972637000000134 ], [ -66.439026, 17.973194 ], [ -66.439308, 17.973194 ], [ -66.439308, 17.973473 ], [ -66.439583, 17.973473 ], [ -66.439583, 17.974030000000141 ], [ -66.439857, 17.974030000000141 ], [ -66.439857, 17.974583 ], [ -66.440139999999872, 17.974583 ], [ -66.440139999999872, 17.974861000000146 ], [ -66.440414, 17.974861000000146 ], [ -66.440414, 17.975140000000124 ], [ -66.440970999999877, 17.975140000000124 ], [ -66.440970999999877, 17.975695 ], [ -66.441254, 17.975695 ], [ -66.441254, 17.976252000000102 ], [ -66.441528, 17.976252000000102 ], [ -66.441528, 17.976528 ], [ -66.442085, 17.976528 ], [ -66.442085, 17.976805 ], [ -66.44236, 17.976805 ], [ -66.44236, 17.977083000000107 ], [ -66.442917, 17.977083000000107 ], [ -66.442917, 17.977362000000142 ], [ -66.443192, 17.977362000000142 ], [ -66.443192, 17.977638 ], [ -66.443474, 17.977638 ], [ -66.443474, 17.977917 ], [ -66.443748, 17.977917 ], [ -66.443748, 17.978195000000142 ], [ -66.444031, 17.978195000000142 ], [ -66.444031, 17.978472000000124 ], [ -66.444304999999872, 17.978472000000124 ], [ -66.444304999999872, 17.97875 ], [ -66.44458, 17.97875 ], [ -66.44458, 17.979029 ], [ -66.444862, 17.979029 ], [ -66.444862, 17.979305000000124 ], [ -66.445136999999875, 17.979305000000124 ], [ -66.445136999999875, 17.979584000000102 ], [ -66.445694, 17.979584000000102 ], [ -66.445694, 17.97986 ], [ -66.446526, 17.97986 ], [ -66.446526, 17.980139 ], [ -66.447083, 17.980139 ], [ -66.447083, 17.980417000000102 ], [ -66.448196, 17.980417000000102 ], [ -66.448196, 17.980694000000142 ], [ -66.449028, 17.980694000000142 ], [ -66.449028, 17.980972 ], [ -66.449302999999873, 17.980972 ], [ -66.449302999999873, 17.981251 ], [ -66.451805, 17.981251 ], [ -66.451805, 17.981527000000142 ], [ -66.452126, 17.981527000000142 ], [ -66.452255, 17.981527000000142 ], [ -66.452637, 17.981527000000142 ], [ -66.452637, 17.98180600000012 ], [ -66.453194, 17.98180600000012 ], [ -66.453194, 17.982084 ], [ -66.453476, 17.982084 ], [ -66.453476, 17.982361 ], [ -66.453750999999841, 17.982361 ], [ -66.453750999999841, 17.984583 ], [ -66.454025, 17.984583 ], [ -66.454025, 17.985416 ], [ -66.454308, 17.985416 ], [ -66.454308, 17.986805 ], [ -66.454865, 17.986805 ], [ -66.454865, 17.987083 ], [ -66.455696, 17.987083 ], [ -66.455696, 17.987362 ], [ -66.455971, 17.987362 ], [ -66.455971, 17.98763700000012 ], [ -66.45625299999989, 17.98763700000012 ], [ -66.45625299999989, 17.987919 ], [ -66.456802, 17.987919 ], [ -66.456802, 17.988194000000192 ], [ -66.457359, 17.988194000000192 ], [ -66.457359, 17.988472000000115 ], [ -66.457642, 17.988472000000115 ], [ -66.457642, 17.98875 ], [ -66.458191, 17.98875 ], [ -66.458191, 17.989029000000187 ], [ -66.458747999999844, 17.989029000000187 ], [ -66.458747999999844, 17.989305000000115 ], [ -66.459305, 17.989305000000115 ], [ -66.459305, 17.989584 ], [ -66.460136, 17.989584 ], [ -66.460136, 17.989861 ], [ -66.460976, 17.989861 ], [ -66.460976, 17.990141000000165 ], [ -66.462639, 17.990141000000165 ], [ -66.462639, 17.990417 ], [ -66.464859, 17.990417 ], [ -66.464859, 17.990694 ], [ -66.469025, 17.990694 ], [ -66.469025, 17.990417 ], [ -66.470695, 17.990417 ], [ -66.470695, 17.990141000000165 ], [ -66.47097, 17.990141000000165 ], [ -66.47097, 17.989861 ], [ -66.471527, 17.989861 ], [ -66.471527, 17.989584 ], [ -66.471802, 17.989584 ], [ -66.471802, 17.989305000000115 ], [ -66.473473, 17.989305000000115 ], [ -66.473473, 17.989029000000187 ], [ -66.475693, 17.989029000000187 ], [ -66.475693, 17.988472000000115 ], [ -66.475975, 17.988472000000115 ], [ -66.475975, 17.988194000000192 ], [ -66.476249999999879, 17.988194000000192 ], [ -66.476249999999879, 17.987919 ], [ -66.476807, 17.987919 ], [ -66.476807, 17.98763700000012 ], [ -66.47847, 17.98763700000012 ], [ -66.47847, 17.987083 ], [ -66.479309, 17.987083 ], [ -66.479309, 17.987362 ], [ -66.479858, 17.987362 ], [ -66.479858, 17.988194000000192 ], [ -66.480141, 17.988194000000192 ], [ -66.480141, 17.988472000000115 ], [ -66.48041499999988, 17.988472000000115 ], [ -66.48041499999988, 17.98875 ], [ -66.480697999999848, 17.98875 ], [ -66.480697999999848, 17.989029000000187 ], [ -66.481246999999883, 17.989029000000187 ], [ -66.481246999999883, 17.989305000000115 ], [ -66.481804, 17.989305000000115 ], [ -66.481804, 17.989584 ], [ -66.482086, 17.989584 ], [ -66.482086, 17.989861 ], [ -66.482635, 17.989861 ], [ -66.482635, 17.990141000000165 ], [ -66.483749, 17.990141000000165 ], [ -66.483749, 17.990417 ], [ -66.485138, 17.990417 ], [ -66.485138, 17.990141000000165 ], [ -66.485695, 17.990141000000165 ], [ -66.485695, 17.990417 ], [ -66.490135, 17.990417 ], [ -66.490135, 17.990141000000165 ], [ -66.490417, 17.990141000000165 ], [ -66.490417, 17.989861 ], [ -66.490692, 17.989861 ], [ -66.490692, 17.990141000000165 ], [ -66.491249, 17.990141000000165 ], [ -66.491249, 17.989861 ], [ -66.495415, 17.989861 ], [ -66.495415, 17.989584 ], [ -66.496246, 17.989584 ], [ -66.496246, 17.989305000000115 ], [ -66.497643, 17.989305000000115 ], [ -66.497643, 17.989029000000187 ], [ -66.499030999999889, 17.989029000000187 ], [ -66.499030999999889, 17.98875 ], [ -66.49958, 17.98875 ], [ -66.49958, 17.988472000000115 ], [ -66.500137, 17.988472000000115 ], [ -66.500137, 17.988194000000192 ], [ -66.501251, 17.988194000000192 ], [ -66.501251, 17.987919 ], [ -66.50264, 17.987919 ], [ -66.50264, 17.98763700000012 ], [ -66.504859999999894, 17.98763700000012 ], [ -66.504859999999894, 17.987362 ], [ -66.505142, 17.987362 ], [ -66.505142, 17.987083 ], [ -66.505691999999897, 17.987083 ], [ -66.505691999999897, 17.986805 ], [ -66.505974, 17.986805 ], [ -66.505974, 17.986526 ], [ -66.506805, 17.986526 ], [ -66.506805, 17.98625 ], [ -66.507361999999887, 17.98625 ], [ -66.507361999999887, 17.986526 ], [ -66.507637, 17.986526 ], [ -66.507637, 17.98625 ], [ -66.508469, 17.98625 ], [ -66.508469, 17.98597100000012 ], [ -66.509025999999892, 17.98597100000012 ], [ -66.509025999999892, 17.985697000000187 ], [ -66.509865, 17.985697000000187 ], [ -66.509865, 17.985416 ], [ -66.511803, 17.985416 ], [ -66.511803, 17.98513800000012 ], [ -66.512642, 17.98513800000012 ], [ -66.512642, 17.984861000000137 ], [ -66.512917, 17.984861000000137 ], [ -66.512917, 17.984583 ], [ -66.513748, 17.984583 ], [ -66.513748, 17.984304 ], [ -66.514305, 17.984304 ], [ -66.514305, 17.984028000000137 ], [ -66.514862, 17.984028000000137 ], [ -66.514862, 17.983749000000103 ], [ -66.515693999999883, 17.983749000000103 ], [ -66.515693999999883, 17.983473 ], [ -66.516251, 17.983473 ], [ -66.516251, 17.983194 ], [ -66.516808, 17.983194 ], [ -66.516808, 17.982916000000102 ], [ -66.517914, 17.982916000000102 ], [ -66.517914, 17.98263900000012 ], [ -66.518471, 17.98263900000012 ], [ -66.518471, 17.982361 ], [ -66.519302, 17.982361 ], [ -66.519302, 17.982084 ], [ -66.520690999999886, 17.982084 ], [ -66.520690999999886, 17.98180600000012 ], [ -66.520973, 17.98180600000012 ], [ -66.520973, 17.981527000000142 ], [ -66.522362, 17.981527000000142 ], [ -66.522362, 17.980972 ], [ -66.522919, 17.980972 ], [ -66.522919, 17.980694000000142 ], [ -66.52375, 17.980694000000142 ], [ -66.52375, 17.980417000000102 ], [ -66.524025, 17.980417000000102 ], [ -66.524025, 17.980139 ], [ -66.525138999999854, 17.980139 ], [ -66.525138999999854, 17.97986 ], [ -66.525414, 17.97986 ], [ -66.525414, 17.979584000000102 ], [ -66.526253, 17.979584000000102 ], [ -66.526253, 17.979305000000124 ], [ -66.526802, 17.979305000000124 ], [ -66.526802, 17.979029 ], [ -66.527359, 17.979029 ], [ -66.527359, 17.97875 ], [ -66.527916, 17.97875 ], [ -66.527916, 17.978472000000124 ], [ -66.52903, 17.978472000000124 ], [ -66.52903, 17.978195000000142 ], [ -66.529586999999822, 17.978195000000142 ], [ -66.529586999999822, 17.977917 ], [ -66.529861, 17.977917 ], [ -66.529861, 17.977638 ], [ -66.530693, 17.977638 ], [ -66.530693, 17.977362000000142 ], [ -66.531525, 17.977362000000142 ], [ -66.531525, 17.977083000000107 ], [ -66.532082, 17.977083000000107 ], [ -66.532082, 17.976805 ], [ -66.532639, 17.976805 ], [ -66.532639, 17.976528 ], [ -66.533751999999822, 17.976528 ], [ -66.533751999999822, 17.975973000000124 ], [ -66.534584, 17.975973000000124 ], [ -66.534584, 17.975695 ], [ -66.535698, 17.975695 ], [ -66.535698, 17.975416 ], [ -66.535972999999899, 17.975416 ], [ -66.535972999999899, 17.974861000000146 ], [ -66.53653, 17.974861000000146 ], [ -66.53653, 17.974583 ], [ -66.537086, 17.974583 ], [ -66.537086, 17.974306 ], [ -66.537636, 17.974306 ], [ -66.537636, 17.974030000000141 ], [ -66.538193, 17.974030000000141 ], [ -66.538193, 17.973747000000174 ], [ -66.538666, 17.973747000000174 ], [ -66.539306999999894, 17.973747000000174 ], [ -66.539864, 17.973747000000174 ], [ -66.539864, 17.973473 ], [ -66.541252, 17.973473 ], [ -66.541252, 17.973194 ], [ -66.541808999999887, 17.973194 ], [ -66.541808999999887, 17.973473 ], [ -66.543471999999895, 17.973473 ], [ -66.543471999999895, 17.974306 ], [ -66.544303999999897, 17.974306 ], [ -66.544303999999897, 17.974583 ], [ -66.547080999999821, 17.974583 ], [ -66.547080999999821, 17.974306 ], [ -66.549309, 17.974306 ], [ -66.549309, 17.974030000000141 ], [ -66.549583, 17.974030000000141 ], [ -66.549583, 17.973747000000174 ], [ -66.550697, 17.973747000000174 ], [ -66.550697, 17.973473 ], [ -66.551246999999876, 17.973473 ], [ -66.551246999999876, 17.973194 ], [ -66.551529, 17.973194 ], [ -66.551529, 17.972919 ], [ -66.552086, 17.972919 ], [ -66.552086, 17.972637000000134 ], [ -66.552917, 17.972637000000134 ], [ -66.552917, 17.972361 ], [ -66.553474, 17.972361 ], [ -66.553474, 17.972086 ], [ -66.554031, 17.972086 ], [ -66.554031, 17.971806000000129 ], [ -66.554306, 17.971806000000129 ], [ -66.554306, 17.971525000000156 ], [ -66.555138, 17.971525000000156 ], [ -66.555138, 17.970972 ], [ -66.555695, 17.970972 ], [ -66.555695, 17.970694000000151 ], [ -66.556251999999859, 17.970694000000151 ], [ -66.556251999999859, 17.970415000000173 ], [ -66.556526, 17.970415000000173 ], [ -66.556526, 17.970139 ], [ -66.556808, 17.970139 ], [ -66.556808, 17.969862 ], [ -66.557083, 17.969862 ], [ -66.557083, 17.969584000000168 ], [ -66.557358, 17.969584000000168 ], [ -66.557358, 17.969303 ], [ -66.55764, 17.969303 ], [ -66.55764, 17.969028000000151 ], [ -66.557915, 17.969028000000151 ], [ -66.557915, 17.96875 ], [ -66.558197, 17.96875 ], [ -66.558197, 17.968193000000156 ], [ -66.558746, 17.968193000000156 ], [ -66.558746, 17.967916000000173 ], [ -66.559029, 17.967916000000173 ], [ -66.559029, 17.967638 ], [ -66.560416999999859, 17.967638 ], [ -66.560416999999859, 17.967916000000173 ], [ -66.560692, 17.967916000000173 ], [ -66.560692, 17.967638 ], [ -66.56208, 17.967638 ], [ -66.56208, 17.967361 ], [ -66.564026, 17.967361 ], [ -66.564026, 17.967085000000168 ], [ -66.564582999999857, 17.967085000000168 ], [ -66.564582999999857, 17.966806000000133 ], [ -66.566803, 17.966806000000133 ], [ -66.566803, 17.967085000000168 ], [ -66.56736, 17.967085000000168 ], [ -66.56736, 17.966806000000133 ], [ -66.568192, 17.966806000000133 ], [ -66.568192, 17.966528 ], [ -66.569305, 17.966528 ], [ -66.569305, 17.966249 ], [ -66.56957999999986, 17.966249 ], [ -66.56957999999986, 17.965973000000133 ], [ -66.569862, 17.965973000000133 ], [ -66.569862, 17.966249 ], [ -66.570137, 17.966249 ], [ -66.570137, 17.965973000000133 ], [ -66.570694, 17.965973000000133 ], [ -66.570694, 17.965694000000155 ], [ -66.571251, 17.965694000000155 ], [ -66.571251, 17.965416 ], [ -66.572083, 17.965416 ], [ -66.572083, 17.965139 ], [ -66.572914, 17.965139 ], [ -66.572914, 17.96486300000015 ], [ -66.573471, 17.96486300000015 ], [ -66.573471, 17.964582000000178 ], [ -66.573752999999897, 17.964582000000178 ], [ -66.573752999999897, 17.964306 ], [ -66.574027999999828, 17.964306 ], [ -66.574027999999828, 17.964027000000101 ], [ -66.574303, 17.964027000000101 ], [ -66.574303, 17.963751000000173 ], [ -66.57486, 17.963751000000173 ], [ -66.57486, 17.963472 ], [ -66.575142, 17.963472 ], [ -66.575142, 17.963194000000101 ], [ -66.575417, 17.963194000000101 ], [ -66.575417, 17.962917 ], [ -66.576248, 17.962917 ], [ -66.576248, 17.962641000000133 ], [ -66.576805, 17.962641000000133 ], [ -66.576805, 17.962358 ], [ -66.577637, 17.962358 ], [ -66.577637, 17.962084 ], [ -66.578193999999826, 17.962084 ], [ -66.578193999999826, 17.961805 ], [ -66.578476, 17.961805 ], [ -66.578476, 17.961529000000155 ], [ -66.580139, 17.961529000000155 ], [ -66.580139, 17.961805 ], [ -66.581253, 17.961805 ], [ -66.581253, 17.961529000000155 ], [ -66.582084999999893, 17.961529000000155 ], [ -66.582084999999893, 17.961250000000177 ], [ -66.582915999999898, 17.961250000000177 ], [ -66.582915999999898, 17.960695000000101 ], [ -66.583473, 17.960695000000101 ], [ -66.583473, 17.961250000000177 ], [ -66.584305, 17.961250000000177 ], [ -66.584305, 17.961805 ], [ -66.584587, 17.961805 ], [ -66.584587, 17.963194000000101 ], [ -66.584862, 17.963194000000101 ], [ -66.584862, 17.963751000000173 ], [ -66.585136, 17.963751000000173 ], [ -66.585136, 17.965416 ], [ -66.585419, 17.965416 ], [ -66.585419, 17.966249 ], [ -66.585692999999878, 17.966249 ], [ -66.585692999999878, 17.966528 ], [ -66.585976, 17.966528 ], [ -66.585976, 17.966806000000133 ], [ -66.586249999999893, 17.966806000000133 ], [ -66.586249999999893, 17.967085000000168 ], [ -66.586524999999881, 17.967085000000168 ], [ -66.586524999999881, 17.967361 ], [ -66.586807, 17.967361 ], [ -66.586807, 17.967638 ], [ -66.587081999999896, 17.967638 ], [ -66.587081999999896, 17.967916000000173 ], [ -66.587364, 17.967916000000173 ], [ -66.587364, 17.968193000000156 ], [ -66.587913999999898, 17.968193000000156 ], [ -66.587913999999898, 17.968472000000133 ], [ -66.588753, 17.968472000000133 ], [ -66.588753, 17.96875 ], [ -66.589027, 17.96875 ], [ -66.589027, 17.969028000000151 ], [ -66.589584, 17.969028000000151 ], [ -66.589584, 17.969303 ], [ -66.590141, 17.969303 ], [ -66.590141, 17.969584000000168 ], [ -66.591247999999894, 17.969584000000168 ], [ -66.591247999999894, 17.969862 ], [ -66.591805, 17.969862 ], [ -66.591805, 17.970139 ], [ -66.592087, 17.970139 ], [ -66.592087, 17.970415000000173 ], [ -66.593193, 17.970415000000173 ], [ -66.593193, 17.970694000000151 ], [ -66.59375, 17.970694000000151 ], [ -66.59375, 17.970972 ], [ -66.594025, 17.970972 ], [ -66.594025, 17.971251 ], [ -66.594864, 17.971251 ], [ -66.594864, 17.970972 ], [ -66.595694999999864, 17.970972 ], [ -66.595694999999864, 17.970694000000151 ], [ -66.596252, 17.970694000000151 ], [ -66.596252, 17.970415000000173 ], [ -66.596527, 17.970415000000173 ], [ -66.596527, 17.970139 ], [ -66.596802, 17.970139 ], [ -66.596802, 17.969862 ], [ -66.597084, 17.969862 ], [ -66.597084, 17.969303 ], [ -66.597359, 17.969303 ], [ -66.597359, 17.969028000000151 ], [ -66.598198, 17.969028000000151 ], [ -66.598198, 17.96875 ], [ -66.598747, 17.96875 ], [ -66.598747, 17.968472000000133 ], [ -66.59903, 17.968472000000133 ], [ -66.59903, 17.967361 ], [ -66.599586, 17.967361 ], [ -66.599586, 17.968472000000133 ], [ -66.600418, 17.968472000000133 ], [ -66.600418, 17.96875 ], [ -66.600975, 17.96875 ], [ -66.600975, 17.969303 ], [ -66.601524, 17.969303 ], [ -66.601524, 17.969028000000151 ], [ -66.601807, 17.969028000000151 ], [ -66.601807, 17.969303 ], [ -66.602913, 17.969303 ], [ -66.602913, 17.969028000000151 ], [ -66.60430899999983, 17.969028000000151 ], [ -66.60430899999983, 17.96875 ], [ -66.605972, 17.96875 ], [ -66.605972, 17.968472000000133 ], [ -66.606804, 17.968472000000133 ], [ -66.606804, 17.968193000000156 ], [ -66.607361, 17.968193000000156 ], [ -66.607361, 17.967916000000173 ], [ -66.607918, 17.967916000000173 ], [ -66.607918, 17.967638 ], [ -66.608192, 17.967638 ], [ -66.608192, 17.967361 ], [ -66.608474999999885, 17.967361 ], [ -66.608474999999885, 17.967085000000168 ], [ -66.608749, 17.967085000000168 ], [ -66.608749, 17.966528 ], [ -66.609023999999863, 17.966528 ], [ -66.609023999999863, 17.966249 ], [ -66.609581, 17.966249 ], [ -66.609581, 17.965416 ], [ -66.609305999999833, 17.965416 ], [ -66.609305999999833, 17.965139 ], [ -66.609581, 17.965139 ], [ -66.609581, 17.96486300000015 ], [ -66.609863, 17.96486300000015 ], [ -66.609863, 17.964582000000178 ], [ -66.610138, 17.964582000000178 ], [ -66.610138, 17.963472 ], [ -66.611526, 17.963472 ], [ -66.611526, 17.963751000000173 ], [ -66.612639999999885, 17.963751000000173 ], [ -66.612639999999885, 17.962917 ], [ -66.612915, 17.962917 ], [ -66.612915, 17.962641000000133 ], [ -66.613197, 17.962641000000133 ], [ -66.613197, 17.962358 ], [ -66.615417, 17.962358 ], [ -66.615417, 17.962084 ], [ -66.619307999999876, 17.962084 ], [ -66.619307999999876, 17.962358 ], [ -66.619858, 17.962358 ], [ -66.619858, 17.962641000000133 ], [ -66.619583, 17.962641000000133 ], [ -66.619583, 17.962917 ], [ -66.619307999999876, 17.962917 ], [ -66.619307999999876, 17.963751000000173 ], [ -66.619026, 17.963751000000173 ], [ -66.619026, 17.964306 ], [ -66.618752, 17.964306 ], [ -66.618752, 17.964582000000178 ], [ -66.618468999999834, 17.964582000000178 ], [ -66.618468999999834, 17.96486300000015 ], [ -66.618195, 17.96486300000015 ], [ -66.618195, 17.965139 ], [ -66.61792, 17.965139 ], [ -66.61792, 17.965416 ], [ -66.617637999999886, 17.965416 ], [ -66.617637999999886, 17.965694000000155 ], [ -66.617362999999898, 17.965694000000155 ], [ -66.617362999999898, 17.966528 ], [ -66.617637999999886, 17.966528 ], [ -66.617637999999886, 17.967085000000168 ], [ -66.61792, 17.967085000000168 ], [ -66.61792, 17.967361 ], [ -66.618468999999834, 17.967361 ], [ -66.618468999999834, 17.967638 ], [ -66.619026, 17.967638 ], [ -66.619026, 17.967916000000173 ], [ -66.619583, 17.967916000000173 ], [ -66.619583, 17.967638 ], [ -66.620139999999878, 17.967638 ], [ -66.620139999999878, 17.967085000000168 ], [ -66.620415, 17.967085000000168 ], [ -66.620415, 17.966806000000133 ], [ -66.620697, 17.966806000000133 ], [ -66.620697, 17.966528 ], [ -66.620971999999881, 17.966528 ], [ -66.620971999999881, 17.968472000000133 ], [ -66.620697, 17.968472000000133 ], [ -66.620697, 17.969028000000151 ], [ -66.620415, 17.969028000000151 ], [ -66.620415, 17.969303 ], [ -66.620139999999878, 17.969303 ], [ -66.620139999999878, 17.969584000000168 ], [ -66.619858, 17.969584000000168 ], [ -66.619858, 17.969862 ], [ -66.619307999999876, 17.969862 ], [ -66.619307999999876, 17.970139 ], [ -66.619026, 17.970139 ], [ -66.619026, 17.970694000000151 ], [ -66.618752, 17.970694000000151 ], [ -66.618752, 17.970972 ], [ -66.617362999999898, 17.970972 ], [ -66.617362999999898, 17.971251 ], [ -66.616805999999883, 17.971251 ], [ -66.616805999999883, 17.971525000000156 ], [ -66.616249, 17.971525000000156 ], [ -66.616249, 17.972086 ], [ -66.616531, 17.972086 ], [ -66.616531, 17.972361 ], [ -66.616805999999883, 17.972361 ], [ -66.616805999999883, 17.972637000000134 ], [ -66.617081, 17.972637000000134 ], [ -66.617081, 17.973194 ], [ -66.617637999999886, 17.973194 ], [ -66.617637999999886, 17.973473 ], [ -66.618195, 17.973473 ], [ -66.618195, 17.973747000000174 ], [ -66.618468999999834, 17.973747000000174 ], [ -66.618468999999834, 17.974030000000141 ], [ -66.618752, 17.974030000000141 ], [ -66.618752, 17.975695 ], [ -66.618468999999834, 17.975695 ], [ -66.618468999999834, 17.976252000000102 ], [ -66.618195, 17.976252000000102 ], [ -66.618195, 17.976528 ], [ -66.61792, 17.976528 ], [ -66.61792, 17.976805 ], [ -66.617637999999886, 17.976805 ], [ -66.617637999999886, 17.977083000000107 ], [ -66.617362999999898, 17.977083000000107 ], [ -66.617362999999898, 17.977638 ], [ -66.617637999999886, 17.977638 ], [ -66.617637999999886, 17.977917 ], [ -66.618195, 17.977917 ], [ -66.618195, 17.978195000000142 ], [ -66.619307999999876, 17.978195000000142 ], [ -66.619307999999876, 17.978472000000124 ], [ -66.620139999999878, 17.978472000000124 ], [ -66.620139999999878, 17.97875 ], [ -66.620697, 17.97875 ], [ -66.620697, 17.979029 ], [ -66.621246, 17.979029 ], [ -66.621246, 17.979305000000124 ], [ -66.621802999999886, 17.979305000000124 ], [ -66.621802999999886, 17.97986 ], [ -66.622086, 17.97986 ], [ -66.622086, 17.980417000000102 ], [ -66.62236, 17.980417000000102 ], [ -66.62236, 17.980694000000142 ], [ -66.622642999999869, 17.980694000000142 ], [ -66.622642999999869, 17.980972 ], [ -66.623749, 17.980972 ], [ -66.623749, 17.981251 ], [ -66.62458, 17.981251 ], [ -66.62458, 17.981527000000142 ], [ -66.625136999999881, 17.981527000000142 ], [ -66.625136999999881, 17.98180600000012 ], [ -66.625694, 17.98180600000012 ], [ -66.625694, 17.982084 ], [ -66.626807999999869, 17.982084 ], [ -66.626807999999869, 17.982361 ], [ -66.627083, 17.982361 ], [ -66.627083, 17.98263900000012 ], [ -66.628470999999877, 17.98263900000012 ], [ -66.628470999999877, 17.982361 ], [ -66.628754, 17.982361 ], [ -66.628754, 17.982084 ], [ -66.629302999999879, 17.982084 ], [ -66.629302999999879, 17.98263900000012 ], [ -66.630973999999867, 17.98263900000012 ], [ -66.630973999999867, 17.982361 ], [ -66.634308, 17.982361 ], [ -66.634308, 17.982084 ], [ -66.635414, 17.982084 ], [ -66.635414, 17.98180600000012 ], [ -66.638191, 17.98180600000012 ], [ -66.638191, 17.981527000000142 ], [ -66.63903, 17.981527000000142 ], [ -66.63903, 17.981251 ], [ -66.642365, 17.981251 ], [ -66.642365, 17.980417000000102 ], [ -66.642082, 17.980417000000102 ], [ -66.642082, 17.97986 ], [ -66.642365, 17.97986 ], [ -66.642365, 17.979584000000102 ], [ -66.642639, 17.979584000000102 ], [ -66.642639, 17.97986 ], [ -66.642914, 17.97986 ], [ -66.642914, 17.980694000000142 ], [ -66.643196, 17.980694000000142 ], [ -66.643196, 17.980972 ], [ -66.644301999999868, 17.980972 ], [ -66.644301999999868, 17.980694000000142 ], [ -66.644584999999836, 17.980694000000142 ], [ -66.644584999999836, 17.980417000000102 ], [ -66.646248, 17.980417000000102 ], [ -66.646248, 17.980139 ], [ -66.647918999999888, 17.980139 ], [ -66.647918999999888, 17.97986 ], [ -66.649581999999839, 17.97986 ], [ -66.649581999999839, 17.979584000000102 ], [ -66.649864, 17.979584000000102 ], [ -66.649864, 17.979305000000124 ], [ -66.650139, 17.979305000000124 ], [ -66.650139, 17.979029 ], [ -66.650414, 17.979029 ], [ -66.650414, 17.97875 ], [ -66.651527, 17.97875 ], [ -66.651527, 17.978472000000124 ], [ -66.651802, 17.978472000000124 ], [ -66.651802, 17.977917 ], [ -66.652915999999891, 17.977917 ], [ -66.652915999999891, 17.977638 ], [ -66.653473, 17.977638 ], [ -66.653473, 17.977362000000142 ], [ -66.65403, 17.977362000000142 ], [ -66.65403, 17.977083000000107 ], [ -66.654305, 17.977083000000107 ], [ -66.654305, 17.976805 ], [ -66.654861, 17.976805 ], [ -66.654861, 17.976528 ], [ -66.655136, 17.976528 ], [ -66.655136, 17.976252000000102 ], [ -66.655417999999884, 17.976252000000102 ], [ -66.655417999999884, 17.975973000000124 ], [ -66.655975, 17.975973000000124 ], [ -66.655975, 17.975695 ], [ -66.656807, 17.975695 ], [ -66.656807, 17.975416 ], [ -66.657081999999889, 17.975416 ], [ -66.657081999999889, 17.975140000000124 ], [ -66.657364, 17.975140000000124 ], [ -66.657364, 17.974861000000146 ], [ -66.657639, 17.974861000000146 ], [ -66.657639, 17.974583 ], [ -66.657912999999837, 17.974583 ], [ -66.657912999999837, 17.974306 ], [ -66.658195, 17.974306 ], [ -66.658195, 17.974030000000141 ], [ -66.658751999999879, 17.974030000000141 ], [ -66.658751999999879, 17.973747000000174 ], [ -66.659302, 17.973747000000174 ], [ -66.659302, 17.973473 ], [ -66.659583999999882, 17.973473 ], [ -66.659583999999882, 17.973194 ], [ -66.660141, 17.973194 ], [ -66.660141, 17.972919 ], [ -66.660415999999884, 17.972919 ], [ -66.660415999999884, 17.972637000000134 ], [ -66.660698, 17.972637000000134 ], [ -66.660698, 17.972361 ], [ -66.661246999999889, 17.972361 ], [ -66.661246999999889, 17.971806000000129 ], [ -66.66153, 17.971806000000129 ], [ -66.66153, 17.971251 ], [ -66.661804, 17.971251 ], [ -66.661804, 17.970694000000151 ], [ -66.662085999999874, 17.970694000000151 ], [ -66.662085999999874, 17.970415000000173 ], [ -66.662361, 17.970415000000173 ], [ -66.662361, 17.970139 ], [ -66.662917999999877, 17.970139 ], [ -66.662917999999877, 17.970415000000173 ], [ -66.663475, 17.970415000000173 ], [ -66.663475, 17.970694000000151 ], [ -66.663749999999879, 17.970694000000151 ], [ -66.663749999999879, 17.970972 ], [ -66.664307, 17.970972 ], [ -66.664307, 17.970415000000173 ], [ -66.664024, 17.970415000000173 ], [ -66.664024, 17.970139 ], [ -66.663749999999879, 17.970139 ], [ -66.663749999999879, 17.969862 ], [ -66.663475, 17.969862 ], [ -66.663475, 17.969584000000168 ], [ -66.662917999999877, 17.969584000000168 ], [ -66.662917999999877, 17.969303 ], [ -66.662636, 17.969303 ], [ -66.662636, 17.969028000000151 ], [ -66.662361, 17.969028000000151 ], [ -66.662361, 17.968472000000133 ], [ -66.662917999999877, 17.968472000000133 ], [ -66.662917999999877, 17.968193000000156 ], [ -66.663475, 17.968193000000156 ], [ -66.663475, 17.967916000000173 ], [ -66.664580999999885, 17.967916000000173 ], [ -66.664580999999885, 17.968472000000133 ], [ -66.665138, 17.968472000000133 ], [ -66.665138, 17.96875 ], [ -66.666809, 17.96875 ], [ -66.666809, 17.968193000000156 ], [ -66.667083999999875, 17.968193000000156 ], [ -66.667083999999875, 17.967361 ], [ -66.667641, 17.967361 ], [ -66.667641, 17.967085000000168 ], [ -66.66791499999988, 17.967085000000168 ], [ -66.66791499999988, 17.966806000000133 ], [ -66.668198, 17.966806000000133 ], [ -66.668198, 17.967085000000168 ], [ -66.669029, 17.967085000000168 ], [ -66.669029, 17.966806000000133 ], [ -66.670975, 17.966806000000133 ], [ -66.670975, 17.966249 ], [ -66.671248999999875, 17.966249 ], [ -66.671248999999875, 17.965973000000133 ], [ -66.672363, 17.965973000000133 ], [ -66.672363, 17.966249 ], [ -66.67292, 17.966249 ], [ -66.67292, 17.966528 ], [ -66.67347, 17.966528 ], [ -66.67347, 17.966806000000133 ], [ -66.673752, 17.966806000000133 ], [ -66.673752, 17.967085000000168 ], [ -66.674583, 17.967085000000168 ], [ -66.674583, 17.967916000000173 ], [ -66.674309, 17.967916000000173 ], [ -66.674309, 17.968193000000156 ], [ -66.674026, 17.968193000000156 ], [ -66.674026, 17.968472000000133 ], [ -66.674309, 17.968472000000133 ], [ -66.674309, 17.96875 ], [ -66.674583, 17.96875 ], [ -66.674583, 17.969028000000151 ], [ -66.674858, 17.969028000000151 ], [ -66.674858, 17.969303 ], [ -66.67514, 17.969303 ], [ -66.67514, 17.969862 ], [ -66.675414999999873, 17.969862 ], [ -66.675414999999873, 17.970139 ], [ -66.675696999999843, 17.970139 ], [ -66.675696999999843, 17.970415000000173 ], [ -66.676529, 17.970415000000173 ], [ -66.676529, 17.970694000000151 ], [ -66.677086, 17.970694000000151 ], [ -66.677086, 17.971251 ], [ -66.677361, 17.971251 ], [ -66.677361, 17.971806000000129 ], [ -66.677635, 17.971806000000129 ], [ -66.677635, 17.972086 ], [ -66.678192, 17.972086 ], [ -66.678192, 17.972361 ], [ -66.678749, 17.972361 ], [ -66.678749, 17.972637000000134 ], [ -66.679030999999895, 17.972637000000134 ], [ -66.679030999999895, 17.972919 ], [ -66.679581, 17.972919 ], [ -66.679581, 17.973194 ], [ -66.68042, 17.973194 ], [ -66.68042, 17.973473 ], [ -66.682083, 17.973473 ], [ -66.682083, 17.973194 ], [ -66.682915, 17.973194 ], [ -66.682915, 17.972919 ], [ -66.684586, 17.972919 ], [ -66.684586, 17.972637000000134 ], [ -66.684859999999844, 17.972637000000134 ], [ -66.684859999999844, 17.972919 ], [ -66.685417, 17.972919 ], [ -66.685417, 17.973747000000174 ], [ -66.685974, 17.973747000000174 ], [ -66.685974, 17.973473 ], [ -66.688751, 17.973473 ], [ -66.688751, 17.974030000000141 ], [ -66.689308, 17.974030000000141 ], [ -66.689308, 17.974306 ], [ -66.689583, 17.974306 ], [ -66.689583, 17.974583 ], [ -66.690971, 17.974583 ], [ -66.690971, 17.974861000000146 ], [ -66.691803, 17.974861000000146 ], [ -66.691803, 17.975140000000124 ], [ -66.694305, 17.975140000000124 ], [ -66.694305, 17.974583 ], [ -66.694861999999887, 17.974583 ], [ -66.694861999999887, 17.974861000000146 ], [ -66.695137, 17.974861000000146 ], [ -66.695137, 17.975140000000124 ], [ -66.695693999999889, 17.975140000000124 ], [ -66.695693999999889, 17.975416 ], [ -66.695969, 17.975416 ], [ -66.695969, 17.975695 ], [ -66.696525999999892, 17.975695 ], [ -66.696525999999892, 17.975973000000124 ], [ -66.696808, 17.975973000000124 ], [ -66.696808, 17.976252000000102 ], [ -66.697083, 17.976252000000102 ], [ -66.697083, 17.976528 ], [ -66.697639, 17.976528 ], [ -66.697639, 17.976805 ], [ -66.697914, 17.976805 ], [ -66.697914, 17.977083000000107 ], [ -66.69869199999988, 17.977083000000107 ], [ -66.700417, 17.977083000000107 ], [ -66.700417, 17.977362000000142 ], [ -66.701248, 17.977362000000142 ], [ -66.701248, 17.977638 ], [ -66.701805, 17.977638 ], [ -66.701805, 17.978472000000124 ], [ -66.70208, 17.978472000000124 ], [ -66.70208, 17.97875 ], [ -66.703193999999883, 17.97875 ], [ -66.703193999999883, 17.979029 ], [ -66.703476, 17.979029 ], [ -66.703476, 17.97986 ], [ -66.703751, 17.97986 ], [ -66.703751, 17.980139 ], [ -66.704024999999888, 17.980139 ], [ -66.704024999999888, 17.980417000000102 ], [ -66.704308, 17.980417000000102 ], [ -66.704308, 17.980694000000142 ], [ -66.704582, 17.980694000000142 ], [ -66.704582, 17.980972 ], [ -66.705971, 17.980972 ], [ -66.705971, 17.980139 ], [ -66.706253, 17.980139 ], [ -66.706253, 17.980417000000102 ], [ -66.707358999999883, 17.980417000000102 ], [ -66.707358999999883, 17.980139 ], [ -66.708190999999886, 17.980139 ], [ -66.708190999999886, 17.97986 ], [ -66.708473, 17.97986 ], [ -66.708473, 17.979584000000102 ], [ -66.708748, 17.979584000000102 ], [ -66.708748, 17.97986 ], [ -66.709305, 17.97986 ], [ -66.709305, 17.980139 ], [ -66.710136, 17.980139 ], [ -66.710136, 17.980417000000102 ], [ -66.710692999999878, 17.980417000000102 ], [ -66.710692999999878, 17.980694000000142 ], [ -66.71125, 17.980694000000142 ], [ -66.71125, 17.980972 ], [ -66.711524999999881, 17.980972 ], [ -66.711524999999881, 17.981251 ], [ -66.711807, 17.981251 ], [ -66.711807, 17.98180600000012 ], [ -66.712082, 17.98180600000012 ], [ -66.712082, 17.982916000000102 ], [ -66.711807, 17.982916000000102 ], [ -66.711807, 17.983194 ], [ -66.712082, 17.983194 ], [ -66.712082, 17.983473 ], [ -66.711807, 17.983473 ], [ -66.711807, 17.983749000000103 ], [ -66.712082, 17.983749000000103 ], [ -66.712082, 17.984861000000137 ], [ -66.71347, 17.984861000000137 ], [ -66.71347, 17.98513800000012 ], [ -66.713753, 17.98513800000012 ], [ -66.713753, 17.985416 ], [ -66.714027, 17.985416 ], [ -66.714027, 17.98625 ], [ -66.714584, 17.98625 ], [ -66.714584, 17.986526 ], [ -66.714859, 17.986526 ], [ -66.714859, 17.98763700000012 ], [ -66.714584, 17.98763700000012 ], [ -66.714584, 17.987919 ], [ -66.714302, 17.987919 ], [ -66.714302, 17.988194000000192 ], [ -66.714859, 17.988194000000192 ], [ -66.714859, 17.988472000000115 ], [ -66.715416, 17.988472000000115 ], [ -66.715416, 17.988194000000192 ], [ -66.715698, 17.988194000000192 ], [ -66.715698, 17.988472000000115 ], [ -66.715972999999849, 17.988472000000115 ], [ -66.715972999999849, 17.98875 ], [ -66.716248, 17.98875 ], [ -66.716248, 17.989584 ], [ -66.71653, 17.989584 ], [ -66.71653, 17.989861 ], [ -66.718474999999899, 17.989861 ], [ -66.718474999999899, 17.989584 ], [ -66.71875, 17.989584 ], [ -66.71875, 17.989305000000115 ], [ -66.719025, 17.989305000000115 ], [ -66.719025, 17.989029000000187 ], [ -66.719307, 17.989029000000187 ], [ -66.719307, 17.989305000000115 ], [ -66.719582, 17.989305000000115 ], [ -66.719582, 17.989584 ], [ -66.720138999999847, 17.989584 ], [ -66.720138999999847, 17.989861 ], [ -66.721527, 17.989861 ], [ -66.721527, 17.990417 ], [ -66.722084, 17.990417 ], [ -66.722084, 17.990694 ], [ -66.722640999999896, 17.990694 ], [ -66.722640999999896, 17.99097300000011 ], [ -66.722916, 17.99097300000011 ], [ -66.722916, 17.991249 ], [ -66.723198, 17.991249 ], [ -66.723198, 17.991528000000187 ], [ -66.72513599999985, 17.991528000000187 ], [ -66.72513599999985, 17.991806000000111 ], [ -66.725693, 17.991806000000111 ], [ -66.725693, 17.991528000000187 ], [ -66.725974999999892, 17.991528000000187 ], [ -66.725974999999892, 17.99097300000011 ], [ -66.727364, 17.99097300000011 ], [ -66.727364, 17.991528000000187 ], [ -66.727913, 17.991528000000187 ], [ -66.727913, 17.991806000000111 ], [ -66.730415, 17.991806000000111 ], [ -66.730415, 17.991528000000187 ], [ -66.730698, 17.991528000000187 ], [ -66.730698, 17.991249 ], [ -66.730971999999895, 17.991249 ], [ -66.730971999999895, 17.986805 ], [ -66.731529, 17.986805 ], [ -66.731529, 17.988472000000115 ], [ -66.731803999999897, 17.988472000000115 ], [ -66.731803999999897, 17.99097300000011 ], [ -66.732635, 17.99097300000011 ], [ -66.732635, 17.991249 ], [ -66.733192, 17.991249 ], [ -66.733192, 17.99097300000011 ], [ -66.733748999999818, 17.99097300000011 ], [ -66.733748999999818, 17.990694 ], [ -66.734024, 17.990694 ], [ -66.734024, 17.990417 ], [ -66.73430599999989, 17.990417 ], [ -66.73430599999989, 17.989861 ], [ -66.734581, 17.989861 ], [ -66.734581, 17.989584 ], [ -66.735137999999893, 17.989584 ], [ -66.735137999999893, 17.989305000000115 ], [ -66.73542, 17.989305000000115 ], [ -66.73542, 17.989029000000187 ], [ -66.735695, 17.989029000000187 ], [ -66.735695, 17.98875 ], [ -66.737083, 17.98875 ], [ -66.737083, 17.989029000000187 ], [ -66.737639999999885, 17.989029000000187 ], [ -66.737639999999885, 17.989305000000115 ], [ -66.738197, 17.989305000000115 ], [ -66.738197, 17.989584 ], [ -66.738471999999888, 17.989584 ], [ -66.738471999999888, 17.989861 ], [ -66.738746999999819, 17.989861 ], [ -66.738746999999819, 17.990141000000165 ], [ -66.739029, 17.990141000000165 ], [ -66.739029, 17.990417 ], [ -66.740692, 17.990417 ], [ -66.740692, 17.990141000000165 ], [ -66.741249, 17.990141000000165 ], [ -66.741249, 17.989861 ], [ -66.741805999999883, 17.989861 ], [ -66.741805999999883, 17.990141000000165 ], [ -66.745697, 17.990141000000165 ], [ -66.745697, 17.989861 ], [ -66.746529, 17.989861 ], [ -66.746529, 17.989584 ], [ -66.747085999999854, 17.989584 ], [ -66.747085999999854, 17.989305000000115 ], [ -66.747643, 17.989305000000115 ], [ -66.747643, 17.989029000000187 ], [ -66.748749, 17.989029000000187 ], [ -66.748749, 17.988472000000115 ], [ -66.749031, 17.988472000000115 ], [ -66.749031, 17.988194000000192 ], [ -66.749863, 17.988194000000192 ], [ -66.749863, 17.987919 ], [ -66.75042, 17.987919 ], [ -66.75042, 17.98763700000012 ], [ -66.750968999999884, 17.98763700000012 ], [ -66.750968999999884, 17.987362 ], [ -66.751250999999854, 17.987362 ], [ -66.751250999999854, 17.987083 ], [ -66.751808, 17.987083 ], [ -66.751808, 17.98625 ], [ -66.75264, 17.98625 ], [ -66.75264, 17.986526 ], [ -66.753197, 17.986526 ], [ -66.753197, 17.98625 ], [ -66.752914, 17.98625 ], [ -66.752914, 17.984304 ], [ -66.753197, 17.984304 ], [ -66.753197, 17.983749000000103 ], [ -66.753471, 17.983749000000103 ], [ -66.753471, 17.980972 ], [ -66.753754, 17.980972 ], [ -66.753754, 17.980694000000142 ], [ -66.754028, 17.980694000000142 ], [ -66.754028, 17.980139 ], [ -66.754303, 17.980139 ], [ -66.754303, 17.979584000000102 ], [ -66.754585, 17.979584000000102 ], [ -66.754585, 17.979029 ], [ -66.754303, 17.979029 ], [ -66.754303, 17.978195000000142 ], [ -66.754585, 17.978195000000142 ], [ -66.754585, 17.976805 ], [ -66.75486, 17.976805 ], [ -66.75486, 17.976528 ], [ -66.755142, 17.976528 ], [ -66.755142, 17.976252000000102 ], [ -66.755974, 17.976252000000102 ], [ -66.755974, 17.976805 ], [ -66.756248, 17.976805 ], [ -66.756248, 17.977083000000107 ], [ -66.756805, 17.977083000000107 ], [ -66.756805, 17.976252000000102 ], [ -66.75708, 17.976252000000102 ], [ -66.75708, 17.975695 ], [ -66.757637, 17.975695 ], [ -66.757637, 17.976252000000102 ], [ -66.758194, 17.976252000000102 ], [ -66.758194, 17.975973000000124 ], [ -66.758469, 17.975973000000124 ], [ -66.758469, 17.975695 ], [ -66.758751, 17.975695 ], [ -66.758751, 17.975416 ], [ -66.759026, 17.975416 ], [ -66.759026, 17.975140000000124 ], [ -66.759308, 17.975140000000124 ], [ -66.759308, 17.974861000000146 ], [ -66.759583, 17.974861000000146 ], [ -66.759583, 17.974583 ], [ -66.75986499999982, 17.974583 ], [ -66.75986499999982, 17.974030000000141 ], [ -66.760139, 17.974030000000141 ], [ -66.760139, 17.973747000000174 ], [ -66.760413999999855, 17.973747000000174 ], [ -66.760413999999855, 17.973473 ], [ -66.760696, 17.973473 ], [ -66.760696, 17.973194 ], [ -66.761252999999897, 17.973194 ], [ -66.761252999999897, 17.971806000000129 ], [ -66.761803, 17.971806000000129 ], [ -66.761803, 17.972361 ], [ -66.762085, 17.972361 ], [ -66.762085, 17.974030000000141 ], [ -66.761803, 17.974030000000141 ], [ -66.761803, 17.974583 ], [ -66.761528, 17.974583 ], [ -66.761528, 17.974861000000146 ], [ -66.761252999999897, 17.974861000000146 ], [ -66.761252999999897, 17.974030000000141 ], [ -66.760696, 17.974030000000141 ], [ -66.760696, 17.974306 ], [ -66.760413999999855, 17.974306 ], [ -66.760413999999855, 17.974583 ], [ -66.760139, 17.974583 ], [ -66.760139, 17.974861000000146 ], [ -66.75986499999982, 17.974861000000146 ], [ -66.75986499999982, 17.975416 ], [ -66.759583, 17.975416 ], [ -66.759583, 17.975695 ], [ -66.759308, 17.975695 ], [ -66.759308, 17.975973000000124 ], [ -66.759026, 17.975973000000124 ], [ -66.759026, 17.976252000000102 ], [ -66.758751, 17.976252000000102 ], [ -66.758751, 17.976528 ], [ -66.759026, 17.976528 ], [ -66.759026, 17.977083000000107 ], [ -66.759308, 17.977083000000107 ], [ -66.759308, 17.978195000000142 ], [ -66.759583, 17.978195000000142 ], [ -66.759583, 17.97875 ], [ -66.75986499999982, 17.97875 ], [ -66.75986499999982, 17.979305000000124 ], [ -66.760413999999855, 17.979305000000124 ], [ -66.760413999999855, 17.979584000000102 ], [ -66.760696, 17.979584000000102 ], [ -66.760696, 17.97986 ], [ -66.761252999999897, 17.97986 ], [ -66.761252999999897, 17.980139 ], [ -66.762917, 17.980139 ], [ -66.762917, 17.97986 ], [ -66.763191, 17.97986 ], [ -66.763191, 17.980139 ], [ -66.763474, 17.980139 ], [ -66.763474, 17.980417000000102 ], [ -66.763748, 17.980417000000102 ], [ -66.763748, 17.980972 ], [ -66.763474, 17.980972 ], [ -66.763474, 17.982084 ], [ -66.763748, 17.982084 ], [ -66.763748, 17.983473 ], [ -66.763191, 17.983473 ], [ -66.763191, 17.984304 ], [ -66.762642, 17.984304 ], [ -66.762642, 17.984583 ], [ -66.762085, 17.984583 ], [ -66.762085, 17.984861000000137 ], [ -66.761803, 17.984861000000137 ], [ -66.761803, 17.984583 ], [ -66.761252999999897, 17.984583 ], [ -66.761252999999897, 17.984304 ], [ -66.761528, 17.984304 ], [ -66.761528, 17.983194 ], [ -66.761252999999897, 17.983194 ], [ -66.761252999999897, 17.982916000000102 ], [ -66.760971, 17.982916000000102 ], [ -66.760971, 17.98263900000012 ], [ -66.760139, 17.98263900000012 ], [ -66.760139, 17.982361 ], [ -66.75986499999982, 17.982361 ], [ -66.75986499999982, 17.982084 ], [ -66.759583, 17.982084 ], [ -66.759583, 17.98180600000012 ], [ -66.758751, 17.98180600000012 ], [ -66.758751, 17.982084 ], [ -66.758469, 17.982084 ], [ -66.758469, 17.98263900000012 ], [ -66.758194, 17.98263900000012 ], [ -66.758194, 17.982916000000102 ], [ -66.757919, 17.982916000000102 ], [ -66.757919, 17.983473 ], [ -66.757637, 17.983473 ], [ -66.757637, 17.983749000000103 ], [ -66.757362, 17.983749000000103 ], [ -66.757362, 17.984028000000137 ], [ -66.75708, 17.984028000000137 ], [ -66.75708, 17.984583 ], [ -66.756805, 17.984583 ], [ -66.756805, 17.985416 ], [ -66.756531, 17.985416 ], [ -66.756531, 17.985697000000187 ], [ -66.756248, 17.985697000000187 ], [ -66.756248, 17.98625 ], [ -66.755974, 17.98625 ], [ -66.755974, 17.986805 ], [ -66.755692, 17.986805 ], [ -66.755692, 17.98763700000012 ], [ -66.755974, 17.98763700000012 ], [ -66.755974, 17.988194000000192 ], [ -66.756248, 17.988194000000192 ], [ -66.756248, 17.990141000000165 ], [ -66.756805, 17.990141000000165 ], [ -66.756805, 17.991249 ], [ -66.75708, 17.991249 ], [ -66.75708, 17.991806000000111 ], [ -66.757362, 17.991806000000111 ], [ -66.757362, 17.993471 ], [ -66.757637, 17.993471 ], [ -66.757637, 17.99375 ], [ -66.757919, 17.99375 ], [ -66.757919, 17.994028 ], [ -66.758469, 17.994028 ], [ -66.758469, 17.994305000000111 ], [ -66.759308, 17.994305000000111 ], [ -66.759308, 17.994028 ], [ -66.760696, 17.994028 ], [ -66.760696, 17.993471 ], [ -66.761528, 17.993471 ], [ -66.761528, 17.994028 ], [ -66.763748, 17.994028 ], [ -66.763748, 17.994583 ], [ -66.764305, 17.994583 ], [ -66.764305, 17.995417 ], [ -66.764579999999853, 17.995417 ], [ -66.764579999999853, 17.995693000000188 ], [ -66.764861999999823, 17.995693000000188 ], [ -66.764861999999823, 17.996529 ], [ -66.764029999999821, 17.996529 ], [ -66.764029999999821, 17.99625 ], [ -66.763748, 17.99625 ], [ -66.763748, 17.995972000000165 ], [ -66.762917, 17.995972000000165 ], [ -66.762917, 17.995417 ], [ -66.761803, 17.995417 ], [ -66.761803, 17.995138000000111 ], [ -66.761252999999897, 17.995138000000111 ], [ -66.761252999999897, 17.994862000000182 ], [ -66.760696, 17.994862000000182 ], [ -66.760696, 17.995138000000111 ], [ -66.760413999999855, 17.995138000000111 ], [ -66.760413999999855, 17.994862000000182 ], [ -66.759026, 17.994862000000182 ], [ -66.759026, 17.995417 ], [ -66.758469, 17.995417 ], [ -66.758469, 17.995693000000188 ], [ -66.757637, 17.995693000000188 ], [ -66.757637, 17.995972000000165 ], [ -66.756805, 17.995972000000165 ], [ -66.756805, 17.99625 ], [ -66.756531, 17.99625 ], [ -66.756531, 17.996529 ], [ -66.755974, 17.996529 ], [ -66.755974, 17.996805000000165 ], [ -66.755692, 17.996805000000165 ], [ -66.755692, 17.997084 ], [ -66.755416999999852, 17.997084 ], [ -66.755416999999852, 17.997639000000106 ], [ -66.755142, 17.997639000000106 ], [ -66.755142, 17.998751 ], [ -66.75486, 17.998751 ], [ -66.75486, 17.998968000000104 ], [ -66.754859923999959, 17.999584198000093 ], [ -66.755142211999953, 17.999584198000093 ], [ -66.755149841999923, 17.999860763000129 ], [ -66.755157469999972, 18.000137329000097 ], [ -66.755142211999953, 18.000415802000134 ], [ -66.754585265999935, 18.000415802000134 ], [ -66.754585265999935, 18.000972748000038 ], [ -66.755142211999953, 18.000972748000038 ], [ -66.755142211999953, 18.001247406000061 ], [ -66.757362365999938, 18.001247406000061 ], [ -66.757362365999938, 18.000972748000038 ], [ -66.757637023999962, 18.000972748000038 ], [ -66.757637023999962, 18.000694275 ], [ -66.758193969999923, 18.000694275 ], [ -66.758193969999923, 18.000415802000134 ], [ -66.759582519999981, 18.000415802000134 ], [ -66.759582519999981, 18.000293731000113 ], [ -66.759582519999981, 17.999860763000129 ], [ -66.760139465999941, 17.999860763000129 ], [ -66.760139465999941, 17.999584198000093 ], [ -66.760696411999959, 17.999584198000093 ], [ -66.760696411999959, 17.999307632000125 ], [ -66.761528015999943, 17.999307632000125 ], [ -66.761528015999943, 17.999584198000093 ], [ -66.762641907999978, 17.999584198000093 ], [ -66.762641907999978, 17.999307632000125 ], [ -66.763748169999928, 17.999307632000125 ], [ -66.763748169999928, 17.999860763000129 ], [ -66.763191223999968, 17.999860763000129 ], [ -66.763191223999968, 18.000137329000097 ], [ -66.763191223999968, 18.000415802000134 ], [ -66.763473511999962, 18.000415802000134 ], [ -66.763473511999962, 18.003194809000149 ], [ -66.763748169999928, 18.003194809000149 ], [ -66.763748169999928, 18.004304886000057 ], [ -66.764030455999944, 18.004304886000057 ], [ -66.764030455999944, 18.004583359000094 ], [ -66.764579773999913, 18.004583359000094 ], [ -66.764579773999913, 18.004861832000131 ], [ -66.764862059999984, 18.004861832000131 ], [ -66.764862059999984, 18.005138398000099 ], [ -66.765693663999969, 18.005138398000099 ], [ -66.765693663999969, 18.004861832000131 ], [ -66.766525267999953, 18.004861832000131 ], [ -66.766525267999953, 18.003751755000053 ], [ -66.767082213999913, 18.003751755000053 ], [ -66.767082213999913, 18.005695344000173 ], [ -66.766807555999947, 18.005695344000173 ], [ -66.766807555999947, 18.00597381700004 ], [ -66.76958465599995, 18.00597381700004 ], [ -66.76958465599995, 18.005695344000173 ], [ -66.769859313999859, 18.005695344000173 ], [ -66.769859313999859, 18.00597381700004 ], [ -66.770141601999853, 18.00597381700004 ], [ -66.770141601999853, 18.005695344000173 ], [ -66.7706909179999, 18.005695344000173 ], [ -66.7706909179999, 18.005416871000136 ], [ -66.771247863999974, 18.005416871000136 ], [ -66.771247863999974, 18.005138398000099 ], [ -66.771530151999968, 18.005138398000099 ], [ -66.771530151999968, 18.004861832000131 ], [ -66.771804809999878, 18.004861832000131 ], [ -66.771804809999878, 18.004583359000094 ], [ -66.772361755999952, 18.004583359000094 ], [ -66.772361755999952, 18.004028321000192 ], [ -66.772636413999862, 18.004028321000192 ], [ -66.772636413999862, 18.003471375000117 ], [ -66.77291870199997, 18.003471375000117 ], [ -66.77291870199997, 18.003194809000149 ], [ -66.773193359999937, 18.003194809000149 ], [ -66.773193359999937, 18.002916336000112 ], [ -66.773475647999931, 18.002916336000112 ], [ -66.773475647999931, 18.002361297999983 ], [ -66.774024963999977, 18.002361297999983 ], [ -66.774024963999977, 18.001806258999977 ], [ -66.774307251999971, 18.001806258999977 ], [ -66.774307251999971, 18.001529694000112 ], [ -66.774581909999881, 18.001529694000112 ], [ -66.774581909999881, 18.001247406000061 ], [ -66.775413513999979, 18.001247406000061 ], [ -66.775413513999979, 18.000972748000038 ], [ -66.775695799999937, 18.000972748000038 ], [ -66.775695799999937, 18.000694275 ], [ -66.77597045999994, 18.000694275 ], [ -66.77597045999994, 18.000415802000134 ], [ -66.77680206399998, 18.000415802000134 ], [ -66.77680206399998, 18.000137329000097 ], [ -66.777641295999899, 18.000137329000097 ], [ -66.777641295999899, 18.000415802000134 ], [ -66.779861449999942, 18.000415802000134 ], [ -66.779861449999942, 18.000137329000097 ], [ -66.779861449999942, 17.999860763000129 ], [ -66.780975341999977, 17.999860763000129 ], [ -66.780975341999977, 17.999307632000125 ], [ -66.781524657999967, 17.999307632000125 ], [ -66.781524657999967, 17.999025344000017 ], [ -66.781806945999961, 17.999025344000017 ], [ -66.781806945999961, 17.998750686000051 ], [ -66.782081603999927, 17.998750686000051 ], [ -66.782081603999927, 17.998472213000184 ], [ -66.782363891999921, 17.998472213000184 ], [ -66.782363891999921, 17.998193740000147 ], [ -66.782638549999945, 17.998193740000147 ], [ -66.782638549999945, 17.99791526700011 ], [ -66.782913207999911, 17.99791526700011 ], [ -66.782913207999911, 17.997360231000187 ], [ -66.783195495999905, 17.997360231000187 ], [ -66.783195495999905, 17.99652862500011 ], [ -66.78375244199998, 17.99652862500011 ], [ -66.78375244199998, 17.996250154000109 ], [ -66.784027099999889, 17.996250154000109 ], [ -66.784027099999889, 17.995693208000034 ], [ -66.78430175799997, 17.995693208000034 ], [ -66.78430175799997, 17.995416642000066 ], [ -66.784584045999964, 17.995416642000066 ], [ -66.784584045999964, 17.995138169000029 ], [ -66.785140991999924, 17.995138169000029 ], [ -66.785140991999924, 17.994861604000164 ], [ -66.787361143999988, 17.994861604000164 ], [ -66.787361143999988, 17.995138169000029 ], [ -66.787918089999948, 17.995138169000029 ], [ -66.787918089999948, 17.994861604000164 ], [ -66.788192749999951, 17.994861604000164 ], [ -66.788192749999951, 17.994583131000127 ], [ -66.788475035999852, 17.994583131000127 ], [ -66.788475035999852, 17.99430465800009 ], [ -66.788749693999932, 17.99430465800009 ], [ -66.788749693999932, 17.994028092000121 ], [ -66.789024353999935, 17.994028092000121 ], [ -66.789024353999935, 17.993749619000084 ], [ -66.789306639999893, 17.993749619000084 ], [ -66.789306639999893, 17.993471146000047 ], [ -66.789581297999973, 17.993471146000047 ], [ -66.789581297999973, 17.993194581000125 ], [ -66.789863585999967, 17.993194581000125 ], [ -66.789863585999967, 17.992916108000088 ], [ -66.790138243999877, 17.992916108000088 ], [ -66.790138243999877, 17.99263954200012 ], [ -66.790412901999957, 17.99263954200012 ], [ -66.790412901999957, 17.992361069000083 ], [ -66.794029235999972, 17.992361069000083 ], [ -66.794029235999972, 17.99263954200012 ], [ -66.794860839999899, 17.99263954200012 ], [ -66.794860839999899, 17.992916108000088 ], [ -66.795135497999979, 17.992916108000088 ], [ -66.795135497999979, 17.993194581000125 ], [ -66.795417785999973, 17.993194581000125 ], [ -66.795417785999973, 17.993471146000047 ], [ -66.795692443999883, 17.993471146000047 ], [ -66.795692443999883, 17.993749619000084 ], [ -66.796249389999957, 17.993749619000084 ], [ -66.796249389999957, 17.994028092000121 ], [ -66.796806335999975, 17.994028092000121 ], [ -66.796806335999975, 17.99430465800009 ], [ -66.797363281999935, 17.99430465800009 ], [ -66.797363281999935, 17.994028092000121 ], [ -66.797920225999917, 17.994028092000121 ], [ -66.797920225999917, 17.993471146000047 ], [ -66.798469543999886, 17.993471146000047 ], [ -66.798469543999886, 17.993194581000125 ], [ -66.798751829999901, 17.993194581000125 ], [ -66.798751829999901, 17.99263954200012 ], [ -66.79902648999996, 17.99263954200012 ], [ -66.79902648999996, 17.991249085000106 ], [ -66.798751829999901, 17.991249085000106 ], [ -66.798751829999901, 17.990417481000065 ], [ -66.798469543999886, 17.990417481000065 ], [ -66.798469543999886, 17.989305496000156 ], [ -66.798194885999919, 17.989305496000156 ], [ -66.798194885999919, 17.989028931000064 ], [ -66.797920225999917, 17.989028931000064 ], [ -66.797920225999917, 17.987083435000045 ], [ -66.797637939999845, 17.987083435000045 ], [ -66.797637939999845, 17.986804962 ], [ -66.797363281999935, 17.986804962 ], [ -66.797363281999935, 17.986526488999971 ], [ -66.797080993999941, 17.986526488999971 ], [ -66.797080993999941, 17.986249923 ], [ -66.796806335999975, 17.986249923 ], [ -66.796806335999975, 17.985971449999965 ], [ -66.796524047999981, 17.985971449999965 ], [ -66.796524047999981, 17.985696792000169 ], [ -66.796249389999957, 17.985696792000169 ], [ -66.796249389999957, 17.985137941 ], [ -66.795974731999877, 17.985137941 ], [ -66.795974731999877, 17.983749390000128 ], [ -66.796524047999981, 17.983749390000128 ], [ -66.796524047999981, 17.983472825000092 ], [ -66.796806335999975, 17.983472825000092 ], [ -66.796806335999975, 17.982915879000188 ], [ -66.797080993999941, 17.982915879000188 ], [ -66.797080993999941, 17.982360840000183 ], [ -66.797363281999935, 17.982360840000183 ], [ -66.797363281999935, 17.98180580200011 ], [ -66.797637939999845, 17.98180580200011 ], [ -66.797637939999845, 17.981527329000073 ], [ -66.798194885999919, 17.981527329000073 ], [ -66.798194885999919, 17.981250763000105 ], [ -66.799858093999944, 17.981250763000105 ], [ -66.799858093999944, 17.980972290000068 ], [ -66.80069732599992, 17.980972290000068 ], [ -66.80069732599992, 17.981250763000105 ], [ -66.80124664199991, 17.981250763000105 ], [ -66.80124664199991, 17.982360840000183 ], [ -66.801528929999904, 17.982360840000183 ], [ -66.801528929999904, 17.982915879000188 ], [ -66.801803587999984, 17.982915879000188 ], [ -66.801803587999984, 17.983194352000055 ], [ -66.802085875999978, 17.983194352000055 ], [ -66.802085875999978, 17.983472825000092 ], [ -66.802360533999945, 17.983472825000092 ], [ -66.802360533999945, 17.983749390000128 ], [ -66.803474425999923, 17.983749390000128 ], [ -66.803474425999923, 17.984027864000097 ], [ -66.80403137199994, 17.984027864000097 ], [ -66.80403137199994, 17.984304429000133 ], [ -66.805137633999891, 17.984304429000133 ], [ -66.805137633999891, 17.984027864000097 ], [ -66.805419921999885, 17.984027864000097 ], [ -66.805419921999885, 17.983749390000128 ], [ -66.805969237999932, 17.983749390000128 ], [ -66.805969237999932, 17.983472825000092 ], [ -66.806526183999949, 17.983472825000092 ], [ -66.806526183999949, 17.982639314000153 ], [ -66.806808471999943, 17.982639314000153 ], [ -66.806808471999943, 17.982084275000147 ], [ -66.80708312999991, 17.982084275000147 ], [ -66.80708312999991, 17.981250763000105 ], [ -66.80735778799982, 17.981250763000105 ], [ -66.80735778799982, 17.980417252000166 ], [ -66.80708312999991, 17.980417252000166 ], [ -66.80708312999991, 17.980138779000129 ], [ -66.80735778799982, 17.980138779000129 ], [ -66.80735778799982, 17.977916717000085 ], [ -66.80708312999991, 17.977916717000085 ], [ -66.80708312999991, 17.977083206000145 ], [ -66.806808471999943, 17.977083206000145 ], [ -66.806808471999943, 17.97652816700014 ], [ -66.806526183999949, 17.97652816700014 ], [ -66.806526183999949, 17.975973129000067 ], [ -66.806251525999926, 17.975973129000067 ], [ -66.806251525999926, 17.97569465600003 ], [ -66.805694579999965, 17.97569465600003 ], [ -66.805694579999965, 17.975416183000164 ], [ -66.805137633999891, 17.975416183000164 ], [ -66.805137633999891, 17.97569465600003 ], [ -66.80403137199994, 17.97569465600003 ], [ -66.80403137199994, 17.975973129000067 ], [ -66.803474425999923, 17.975973129000067 ], [ -66.803474425999923, 17.976251602000104 ], [ -66.802917479999962, 17.976251602000104 ], [ -66.802917479999962, 17.97652816700014 ], [ -66.802635191999968, 17.97652816700014 ], [ -66.802635191999968, 17.976804733000108 ], [ -66.797920225999917, 17.976804733000108 ], [ -66.797920225999917, 17.97652816700014 ], [ -66.796806335999975, 17.97652816700014 ], [ -66.796806335999975, 17.977083206000145 ], [ -66.795692443999883, 17.977083206000145 ], [ -66.795692443999883, 17.977361679000182 ], [ -66.794303893999938, 17.977361679000182 ], [ -66.794303893999938, 17.977638244000048 ], [ -66.793197631999988, 17.977638244000048 ], [ -66.793197631999988, 17.977916717000085 ], [ -66.79264068599997, 17.977916717000085 ], [ -66.79264068599997, 17.978195190000122 ], [ -66.792358397999976, 17.978195190000122 ], [ -66.792358397999976, 17.97847175600009 ], [ -66.792083739999896, 17.97847175600009 ], [ -66.792083739999896, 17.978750229000127 ], [ -66.791809081999929, 17.978750229000127 ], [ -66.791809081999929, 17.979028702 ], [ -66.791252135999855, 17.979028702 ], [ -66.791252135999855, 17.979305267000086 ], [ -66.790969847999861, 17.979305267000086 ], [ -66.790969847999861, 17.979583740000123 ], [ -66.790695189999951, 17.979583740000123 ], [ -66.790695189999951, 17.979860306000091 ], [ -66.790412901999957, 17.979860306000091 ], [ -66.790412901999957, 17.980417252000166 ], [ -66.790138243999877, 17.980417252000166 ], [ -66.790138243999877, 17.980693817000031 ], [ -66.789863585999967, 17.980693817000031 ], [ -66.789863585999967, 17.980972290000068 ], [ -66.789581297999973, 17.980972290000068 ], [ -66.789581297999973, 17.981527329000073 ], [ -66.789306639999893, 17.981527329000073 ], [ -66.789306639999893, 17.98180580200011 ], [ -66.789024353999935, 17.98180580200011 ], [ -66.789024353999935, 17.982084275000147 ], [ -66.788749693999932, 17.982084275000147 ], [ -66.788749693999932, 17.982639314000153 ], [ -66.788475035999852, 17.982639314000153 ], [ -66.788475035999852, 17.983194352000055 ], [ -66.788192749999951, 17.983194352000055 ], [ -66.788192749999951, 17.983749390000128 ], [ -66.787918089999948, 17.983749390000128 ], [ -66.787918089999948, 17.984027864000097 ], [ -66.787635803999933, 17.984027864000097 ], [ -66.787635803999933, 17.984582902 ], [ -66.787361143999988, 17.984582902 ], [ -66.787361143999988, 17.984861375000037 ], [ -66.787086485999964, 17.984861375000037 ], [ -66.787086485999964, 17.985137941 ], [ -66.786804199999892, 17.985137941 ], [ -66.786804199999892, 17.985696792000169 ], [ -66.78652953999989, 17.985696792000169 ], [ -66.78652953999989, 17.985971449999965 ], [ -66.785972595999908, 17.985971449999965 ], [ -66.785972595999908, 17.986249923 ], [ -66.784584045999964, 17.986249923 ], [ -66.784584045999964, 17.985971449999965 ], [ -66.784027099999889, 17.985971449999965 ], [ -66.784027099999889, 17.985696792000169 ], [ -66.78375244199998, 17.985696792000169 ], [ -66.78375244199998, 17.985416414000042 ], [ -66.783470153999986, 17.985416414000042 ], [ -66.783470153999986, 17.984861375000037 ], [ -66.783195495999905, 17.984861375000037 ], [ -66.783195495999905, 17.982915879000188 ], [ -66.783470153999986, 17.982915879000188 ], [ -66.783470153999986, 17.982639314000153 ], [ -66.78375244199998, 17.982639314000153 ], [ -66.78375244199998, 17.981250763000105 ], [ -66.783195495999905, 17.981250763000105 ], [ -66.783195495999905, 17.979583740000123 ], [ -66.783470153999986, 17.979583740000123 ], [ -66.783470153999986, 17.979305267000086 ], [ -66.78375244199998, 17.979305267000086 ], [ -66.78375244199998, 17.978750229000127 ], [ -66.784027099999889, 17.978750229000127 ], [ -66.784027099999889, 17.97847175600009 ], [ -66.78430175799997, 17.97847175600009 ], [ -66.78430175799997, 17.978195190000122 ], [ -66.784584045999964, 17.978195190000122 ], [ -66.784584045999964, 17.977638244000048 ], [ -66.78485870399993, 17.977638244000048 ], [ -66.78485870399993, 17.977083206000145 ], [ -66.785140991999924, 17.977083206000145 ], [ -66.785140991999924, 17.97652816700014 ], [ -66.785415649999948, 17.97652816700014 ], [ -66.785415649999948, 17.976251602000104 ], [ -66.785697935999906, 17.976251602000104 ], [ -66.785697935999906, 17.97569465600003 ], [ -66.785972595999908, 17.97569465600003 ], [ -66.785972595999908, 17.975416183000164 ], [ -66.786247253999989, 17.975416183000164 ], [ -66.786247253999989, 17.975139617000025 ], [ -66.78652953999989, 17.975139617000025 ], [ -66.78652953999989, 17.97402954000006 ], [ -66.786804199999892, 17.97402954000006 ], [ -66.786804199999892, 17.972637177000081 ], [ -66.787361143999988, 17.972637177000081 ], [ -66.787361143999988, 17.972360612000045 ], [ -66.787635803999933, 17.972360612000045 ], [ -66.787635803999933, 17.972085954000022 ], [ -66.788192749999951, 17.972085954000022 ], [ -66.788192749999951, 17.97180557300004 ], [ -66.788475035999852, 17.97180557300004 ], [ -66.788475035999852, 17.971525193000105 ], [ -66.789306639999893, 17.971525193000105 ], [ -66.789306639999893, 17.971250535000081 ], [ -66.790138243999877, 17.971250535000081 ], [ -66.790138243999877, 17.970972062000044 ], [ -66.790695189999951, 17.970972062000044 ], [ -66.790695189999951, 17.970693589 ], [ -66.791252135999855, 17.970693589 ], [ -66.791252135999855, 17.97041511599997 ], [ -66.791526793999935, 17.97041511599997 ], [ -66.791526793999935, 17.97013855 ], [ -66.791809081999929, 17.97013855 ], [ -66.791809081999929, 17.969861985000136 ], [ -66.792083739999896, 17.969861985000136 ], [ -66.792083739999896, 17.969303131000061 ], [ -66.79264068599997, 17.969303131000061 ], [ -66.79264068599997, 17.969028473000094 ], [ -66.793197631999988, 17.969028473000094 ], [ -66.793197631999988, 17.969303131000061 ], [ -66.796249389999957, 17.969303131000061 ], [ -66.796249389999957, 17.969028473000094 ], [ -66.796524047999981, 17.969028473000094 ], [ -66.796524047999981, 17.96875 ], [ -66.797637939999845, 17.96875 ], [ -66.797637939999845, 17.96847152700019 ], [ -66.799308775999975, 17.96847152700019 ], [ -66.799308775999975, 17.968193054000153 ], [ -66.799858093999944, 17.968193054000153 ], [ -66.799858093999944, 17.967916489000118 ], [ -66.800415037999926, 17.967916489000118 ], [ -66.800415037999926, 17.96763801600008 ], [ -66.800971983999943, 17.96763801600008 ], [ -66.800971983999943, 17.967361450000112 ], [ -66.80124664199991, 17.967361450000112 ], [ -66.80124664199991, 17.96708488500002 ], [ -66.802635191999968, 17.96708488500002 ], [ -66.802635191999968, 17.966806411999983 ], [ -66.803192137999929, 17.966806411999983 ], [ -66.803192137999929, 17.966527939000173 ], [ -66.803749083999946, 17.966527939000173 ], [ -66.803749083999946, 17.966249466000136 ], [ -66.804580687999987, 17.966249466000136 ], [ -66.804580687999987, 17.965972900000168 ], [ -66.805419921999885, 17.965972900000168 ], [ -66.805419921999885, 17.96569442700013 ], [ -66.805969237999932, 17.96569442700013 ], [ -66.805969237999932, 17.965415954000093 ], [ -66.806251525999926, 17.965415954000093 ], [ -66.806251525999926, 17.96569442700013 ], [ -66.807640075999984, 17.96569442700013 ], [ -66.807640075999984, 17.965415954000093 ], [ -66.808197021999888, 17.965415954000093 ], [ -66.808197021999888, 17.965139389 ], [ -66.808471679999968, 17.965139389 ], [ -66.808471679999968, 17.964862823000033 ], [ -66.808746337999935, 17.964862823000033 ], [ -66.808746337999935, 17.964582443000097 ], [ -66.809028625999929, 17.964582443000097 ], [ -66.809028625999929, 17.964305877000129 ], [ -66.809585569999854, 17.964305877000129 ], [ -66.809585569999854, 17.964027404000092 ], [ -66.809860229999913, 17.964027404000092 ], [ -66.809860229999913, 17.96235847600002 ], [ -66.810417173999895, 17.96235847600002 ], [ -66.810417173999895, 17.962083818000053 ], [ -66.811248777999879, 17.962083818000053 ], [ -66.811248777999879, 17.961805345000187 ], [ -66.811805723999953, 17.961805345000187 ], [ -66.811805723999953, 17.961528779000048 ], [ -66.812080381999863, 17.961528779000048 ], [ -66.812080381999863, 17.961250306000181 ], [ -66.812637327999937, 17.961250306000181 ], [ -66.812637327999937, 17.960971833000144 ], [ -66.813194273999898, 17.960971833000144 ], [ -66.813194273999898, 17.960695268000109 ], [ -66.813468931999978, 17.960695268000109 ], [ -66.813468931999978, 17.960136414000033 ], [ -66.814308165999876, 17.960136414000033 ], [ -66.814308165999876, 17.959026337000125 ], [ -66.814582823999956, 17.959026337000125 ], [ -66.814582823999956, 17.959304810000162 ], [ -66.81541442799994, 17.959304810000162 ], [ -66.81541442799994, 17.959026337000125 ], [ -66.815971373999901, 17.959026337000125 ], [ -66.815971373999901, 17.95874977200009 ], [ -66.816802977999885, 17.95874977200009 ], [ -66.816802977999885, 17.958194733000084 ], [ -66.817085266999982, 17.958194733000084 ], [ -66.817085266999982, 17.957361222000088 ], [ -66.817359923999959, 17.957361222000088 ], [ -66.817359923999959, 17.955972672000144 ], [ -66.817642212999885, 17.955972672000144 ], [ -66.817642212999885, 17.955415726000069 ], [ -66.817916869999976, 17.955415726000069 ], [ -66.817916869999976, 17.954860687000064 ], [ -66.819305419999921, 17.954860687000064 ], [ -66.819305419999921, 17.955139160000101 ], [ -66.819862366999985, 17.955139160000101 ], [ -66.819862366999985, 17.955415726000069 ], [ -66.820968627999946, 17.955415726000069 ], [ -66.820968627999946, 17.955139160000101 ], [ -66.821250914999951, 17.955139160000101 ], [ -66.821250914999951, 17.954860687000064 ], [ -66.822082518999935, 17.954860687000064 ], [ -66.822082518999935, 17.954305649000162 ], [ -66.822364806999985, 17.954305649000162 ], [ -66.822364806999985, 17.954027176000125 ], [ -66.822914123999965, 17.954027176000125 ], [ -66.822914123999965, 17.953472137000119 ], [ -66.823753356999987, 17.953472137000119 ], [ -66.823753356999987, 17.953750610000156 ], [ -66.824028014999953, 17.953750610000156 ], [ -66.824028014999953, 17.954027176000125 ], [ -66.825416564999898, 17.954027176000125 ], [ -66.825416564999898, 17.954860687000064 ], [ -66.826248168999882, 17.954860687000064 ], [ -66.826248168999882, 17.954582214000027 ], [ -66.826530456999876, 17.954582214000027 ], [ -66.826530456999876, 17.953750610000156 ], [ -66.826805114999956, 17.953750610000156 ], [ -66.826805114999956, 17.953193664000082 ], [ -66.82736206099986, 17.953193664000082 ], [ -66.82736206099986, 17.952917099 ], [ -66.828475952999895, 17.952917099 ], [ -66.828475952999895, 17.953472137000119 ], [ -66.829582214999959, 17.953472137000119 ], [ -66.829582214999959, 17.953193664000082 ], [ -66.829864502999953, 17.953193664000082 ], [ -66.829864502999953, 17.952917099 ], [ -66.830139160999977, 17.952917099 ], [ -66.830139160999977, 17.952362059999984 ], [ -66.830696106999937, 17.952362059999984 ], [ -66.830696106999937, 17.952083587000175 ], [ -66.830970764999904, 17.952083587000175 ], [ -66.830970764999904, 17.951805114000138 ], [ -66.831253050999919, 17.951805114000138 ], [ -66.831253050999919, 17.951528549000045 ], [ -66.832641600999978, 17.951528549000045 ], [ -66.832641600999978, 17.951250076 ], [ -66.833190918999946, 17.951250076 ], [ -66.833190918999946, 17.950971604000074 ], [ -66.834030150999922, 17.950971604000074 ], [ -66.834030150999922, 17.950695039000038 ], [ -66.83458709699994, 17.950695039000038 ], [ -66.83458709699994, 17.950416566000172 ], [ -66.834861754999906, 17.950416566000172 ], [ -66.834861754999906, 17.950695039000038 ], [ -66.835418700999981, 17.950695039000038 ], [ -66.835418700999981, 17.950416566000172 ], [ -66.835693358999947, 17.950416566000172 ], [ -66.835693358999947, 17.949861527000166 ], [ -66.835975646999941, 17.949861527000166 ], [ -66.835975646999941, 17.949583054000129 ], [ -66.836250304999965, 17.949583054000129 ], [ -66.836250304999965, 17.950138093000135 ], [ -66.836524962999931, 17.950138093000135 ], [ -66.836524962999931, 17.950416566000172 ], [ -66.837081908999949, 17.950416566000172 ], [ -66.837081908999949, 17.950138093000135 ], [ -66.837638854999909, 17.950138093000135 ], [ -66.837638854999909, 17.949861527000166 ], [ -66.838195800999983, 17.949861527000166 ], [ -66.838195800999983, 17.949583054000129 ], [ -66.83847045899995, 17.949583054000129 ], [ -66.83847045899995, 17.949306489000037 ], [ -66.839584350999928, 17.949306489000037 ], [ -66.839584350999928, 17.949861527000166 ], [ -66.841247558999896, 17.949861527000166 ], [ -66.841247558999896, 17.950138093000135 ], [ -66.841804504999971, 17.950138093000135 ], [ -66.841804504999971, 17.950416566000172 ], [ -66.844024658999899, 17.950416566000172 ], [ -66.844024658999899, 17.949861527000166 ], [ -66.845413208999958, 17.949861527000166 ], [ -66.845413208999958, 17.950138093000135 ], [ -66.845138548999955, 17.950138093000135 ], [ -66.845138548999955, 17.951250076 ], [ -66.844863890999989, 17.951250076 ], [ -66.844863890999989, 17.951528549000045 ], [ -66.845138548999955, 17.951528549000045 ], [ -66.845138548999955, 17.951805114000138 ], [ -66.845413208999958, 17.951805114000138 ], [ -66.845413208999958, 17.952362059999984 ], [ -66.845695494999859, 17.952362059999984 ], [ -66.845695494999859, 17.95263862600018 ], [ -66.848197936999952, 17.95263862600018 ], [ -66.848197936999952, 17.952362059999984 ], [ -66.849029540999936, 17.952362059999984 ], [ -66.849029540999936, 17.95263862600018 ], [ -66.849861144999977, 17.95263862600018 ], [ -66.849861144999977, 17.952917099 ], [ -66.850135802999887, 17.952917099 ], [ -66.850135802999887, 17.953193664000082 ], [ -66.85291290299989, 17.953193664000082 ], [ -66.85291290299989, 17.954254151000157 ], [ -66.85291290299989, 17.954582214000027 ], [ -66.853195190999884, 17.954582214000027 ], [ -66.853195190999884, 17.954860687000064 ], [ -66.853469848999964, 17.954860687000064 ], [ -66.853469848999964, 17.955139160000101 ], [ -66.853752136999958, 17.955139160000101 ], [ -66.853752136999958, 17.955415726000069 ], [ -66.854026794999982, 17.955415726000069 ], [ -66.854026794999982, 17.955694199000106 ], [ -66.854583740999942, 17.955694199000106 ], [ -66.854583740999942, 17.955972672000144 ], [ -66.854858398999852, 17.955972672000144 ], [ -66.854858398999852, 17.955694199000106 ], [ -66.857360838999966, 17.955694199000106 ], [ -66.857360838999966, 17.955139160000101 ], [ -66.857635498999855, 17.955139160000101 ], [ -66.857635498999855, 17.954860687000064 ], [ -66.858474730999944, 17.954860687000064 ], [ -66.858474730999944, 17.954582214000027 ], [ -66.859024046999878, 17.954582214000027 ], [ -66.859024046999878, 17.954305649000162 ], [ -66.85912336899986, 17.954306 ], [ -66.859306, 17.954306 ], [ -66.859306, 17.95402700000011 ], [ -66.859863, 17.95402700000011 ], [ -66.859863, 17.953751000000182 ], [ -66.86042, 17.953751000000182 ], [ -66.86042, 17.953472 ], [ -66.860695, 17.953472 ], [ -66.860695, 17.95319400000011 ], [ -66.86097, 17.95319400000011 ], [ -66.86097, 17.952917 ], [ -66.861526, 17.952917 ], [ -66.861526, 17.952639 ], [ -66.861809, 17.952639 ], [ -66.861809, 17.952084 ], [ -66.86208299999987, 17.952084 ], [ -66.86208299999987, 17.951805 ], [ -66.862358, 17.951805 ], [ -66.862358, 17.951250000000186 ], [ -66.86264, 17.951250000000186 ], [ -66.86264, 17.95069500000011 ], [ -66.862915, 17.95069500000011 ], [ -66.862915, 17.950138 ], [ -66.863197, 17.950138 ], [ -66.863197, 17.947639 ], [ -66.862915, 17.947639 ], [ -66.862915, 17.94735900000012 ], [ -66.863197, 17.94735900000012 ], [ -66.863197, 17.945694 ], [ -66.863472, 17.945694 ], [ -66.863472, 17.945415 ], [ -66.864029, 17.945415 ], [ -66.864029, 17.945139 ], [ -66.865417, 17.945139 ], [ -66.865417, 17.944860000000119 ], [ -66.865692, 17.944860000000119 ], [ -66.865692, 17.943472 ], [ -66.866248999999868, 17.943472 ], [ -66.866248999999868, 17.943195 ], [ -66.866530999999839, 17.943195 ], [ -66.866530999999839, 17.943472 ], [ -66.867363, 17.943472 ], [ -66.867363, 17.943750000000136 ], [ -66.869026, 17.943750000000136 ], [ -66.869026, 17.944027000000119 ], [ -66.869308, 17.944027000000119 ], [ -66.869308, 17.944584000000191 ], [ -66.869858, 17.944584000000191 ], [ -66.869858, 17.945139 ], [ -66.869026, 17.945139 ], [ -66.869026, 17.945415 ], [ -66.868469, 17.945415 ], [ -66.868469, 17.945694 ], [ -66.868195, 17.945694 ], [ -66.868195, 17.945972 ], [ -66.86792, 17.945972 ], [ -66.86792, 17.946251000000132 ], [ -66.867638, 17.946251000000132 ], [ -66.867638, 17.946529 ], [ -66.867363, 17.946529 ], [ -66.867363, 17.94735900000012 ], [ -66.868195, 17.94735900000012 ], [ -66.868195, 17.947639 ], [ -66.868469, 17.947639 ], [ -66.868469, 17.948195 ], [ -66.868752, 17.948195 ], [ -66.868752, 17.94903 ], [ -66.869026, 17.94903 ], [ -66.869026, 17.949583000000132 ], [ -66.869308, 17.949583000000132 ], [ -66.869308, 17.94986200000011 ], [ -66.869583, 17.94986200000011 ], [ -66.869583, 17.950138 ], [ -66.869858, 17.950138 ], [ -66.869858, 17.950417000000186 ], [ -66.870415, 17.950417000000186 ], [ -66.870415, 17.95069500000011 ], [ -66.870972, 17.95069500000011 ], [ -66.870972, 17.950972 ], [ -66.871245999999871, 17.950972 ], [ -66.871245999999871, 17.951250000000186 ], [ -66.871528999999839, 17.951250000000186 ], [ -66.871528999999839, 17.951529 ], [ -66.871803, 17.951529 ], [ -66.871803, 17.952084 ], [ -66.87236, 17.952084 ], [ -66.87236, 17.951805 ], [ -66.872643, 17.951805 ], [ -66.872643, 17.951250000000186 ], [ -66.872917, 17.951250000000186 ], [ -66.872917, 17.950417000000186 ], [ -66.873192, 17.950417000000186 ], [ -66.873192, 17.94986200000011 ], [ -66.873474, 17.94986200000011 ], [ -66.873474, 17.949583000000132 ], [ -66.873749, 17.949583000000132 ], [ -66.873749, 17.949306 ], [ -66.874306, 17.949306 ], [ -66.874306, 17.94903 ], [ -66.87458, 17.94903 ], [ -66.87458, 17.948748000000137 ], [ -66.875137, 17.948748000000137 ], [ -66.875137, 17.948473 ], [ -66.875969, 17.948473 ], [ -66.875969, 17.947918000000186 ], [ -66.876808, 17.947918000000186 ], [ -66.876808, 17.947639 ], [ -66.877083, 17.947639 ], [ -66.877083, 17.94735900000012 ], [ -66.877357, 17.94735900000012 ], [ -66.877357, 17.947083000000191 ], [ -66.878471, 17.947083000000191 ], [ -66.878471, 17.94735900000012 ], [ -66.878754, 17.94735900000012 ], [ -66.878754, 17.947639 ], [ -66.879027999999892, 17.947639 ], [ -66.879027999999892, 17.947918000000186 ], [ -66.879303, 17.947918000000186 ], [ -66.879303, 17.948195 ], [ -66.879585, 17.948195 ], [ -66.879585, 17.948473 ], [ -66.879303, 17.948473 ], [ -66.879303, 17.948748000000137 ], [ -66.879027999999892, 17.948748000000137 ], [ -66.879027999999892, 17.949306 ], [ -66.878754, 17.949306 ], [ -66.878754, 17.950138 ], [ -66.878471, 17.950138 ], [ -66.878471, 17.951250000000186 ], [ -66.878754, 17.951250000000186 ], [ -66.878754, 17.951529 ], [ -66.879585, 17.951529 ], [ -66.879585, 17.951805 ], [ -66.880142, 17.951805 ], [ -66.880142, 17.952084 ], [ -66.88069199999984, 17.952084 ], [ -66.88069199999984, 17.952362 ], [ -66.881530999999882, 17.952362 ], [ -66.881530999999882, 17.952639 ], [ -66.882361999999887, 17.952639 ], [ -66.882361999999887, 17.952917 ], [ -66.882637, 17.952917 ], [ -66.882637, 17.952639 ], [ -66.884025999999892, 17.952639 ], [ -66.884025999999892, 17.952362 ], [ -66.884308, 17.952362 ], [ -66.884308, 17.952084 ], [ -66.884583, 17.952084 ], [ -66.884583, 17.951805 ], [ -66.885139, 17.951805 ], [ -66.885139, 17.951529 ], [ -66.885414, 17.951529 ], [ -66.885414, 17.951250000000186 ], [ -66.886253, 17.951250000000186 ], [ -66.886253, 17.950972 ], [ -66.88986199999988, 17.950972 ], [ -66.88986199999988, 17.95069500000011 ], [ -66.891524999999888, 17.95069500000011 ], [ -66.891524999999888, 17.950972 ], [ -66.892082, 17.950972 ], [ -66.892082, 17.951250000000186 ], [ -66.892365, 17.951250000000186 ], [ -66.892365, 17.950972 ], [ -66.892639, 17.950972 ], [ -66.892639, 17.950138 ], [ -66.892914, 17.950138 ], [ -66.892914, 17.94986200000011 ], [ -66.893753, 17.94986200000011 ], [ -66.893753, 17.949583000000132 ], [ -66.895142, 17.949583000000132 ], [ -66.895142, 17.949306 ], [ -66.895690999999886, 17.949306 ], [ -66.895690999999886, 17.94903 ], [ -66.897087, 17.94903 ], [ -66.897087, 17.949306 ], [ -66.897361999999873, 17.949306 ], [ -66.897361999999873, 17.94903 ], [ -66.897919, 17.94903 ], [ -66.897919, 17.948748000000137 ], [ -66.898192999999878, 17.948748000000137 ], [ -66.898192999999878, 17.948473 ], [ -66.898476, 17.948473 ], [ -66.898476, 17.948195 ], [ -66.900414, 17.948195 ], [ -66.900414, 17.948473 ], [ -66.900696, 17.948473 ], [ -66.900696, 17.948748000000137 ], [ -66.901526999999874, 17.948748000000137 ], [ -66.901526999999874, 17.948473 ], [ -66.902641, 17.948473 ], [ -66.902641, 17.948748000000137 ], [ -66.903198, 17.948748000000137 ], [ -66.903198, 17.94903 ], [ -66.903473, 17.94903 ], [ -66.903473, 17.949306 ], [ -66.903748, 17.949306 ], [ -66.903748, 17.949583000000132 ], [ -66.90403, 17.949583000000132 ], [ -66.90403, 17.94986200000011 ], [ -66.904587, 17.94986200000011 ], [ -66.904587, 17.95069500000011 ], [ -66.904861, 17.95069500000011 ], [ -66.904861, 17.950972 ], [ -66.904587, 17.950972 ], [ -66.904587, 17.952084 ], [ -66.904305, 17.952084 ], [ -66.904305, 17.952917 ], [ -66.904861, 17.952917 ], [ -66.904861, 17.95319400000011 ], [ -66.905693, 17.95319400000011 ], [ -66.905693, 17.953751000000182 ], [ -66.905974999999842, 17.953751000000182 ], [ -66.905974999999842, 17.95402700000011 ], [ -66.90625, 17.95402700000011 ], [ -66.90625, 17.955139 ], [ -66.906524999999874, 17.955139 ], [ -66.906524999999874, 17.955694 ], [ -66.906806999999844, 17.955694 ], [ -66.906806999999844, 17.957361000000105 ], [ -66.907082, 17.957361000000105 ], [ -66.907082, 17.95819500000016 ], [ -66.907364, 17.95819500000016 ], [ -66.907364, 17.959583 ], [ -66.907082, 17.959583 ], [ -66.907082, 17.961805 ], [ -66.906524999999874, 17.961805 ], [ -66.906524999999874, 17.962358 ], [ -66.90625, 17.962358 ], [ -66.90625, 17.962917 ], [ -66.905974999999842, 17.962917 ], [ -66.905974999999842, 17.96486300000015 ], [ -66.90625, 17.96486300000015 ], [ -66.90625, 17.964582000000178 ], [ -66.908752, 17.964582000000178 ], [ -66.908752, 17.964306 ], [ -66.909584, 17.964306 ], [ -66.909584, 17.964027000000101 ], [ -66.910140999999896, 17.964027000000101 ], [ -66.910140999999896, 17.963751000000173 ], [ -66.910698, 17.963751000000173 ], [ -66.910698, 17.963472 ], [ -66.910972999999842, 17.963472 ], [ -66.910972999999842, 17.963194000000101 ], [ -66.911247, 17.963194000000101 ], [ -66.911247, 17.963472 ], [ -66.912361, 17.963472 ], [ -66.912361, 17.963751000000173 ], [ -66.912636, 17.963751000000173 ], [ -66.912636, 17.964027000000101 ], [ -66.912918, 17.964027000000101 ], [ -66.912918, 17.964306 ], [ -66.913193, 17.964306 ], [ -66.913193, 17.964582000000178 ], [ -66.914024, 17.964582000000178 ], [ -66.914024, 17.96486300000015 ], [ -66.915137999999843, 17.96486300000015 ], [ -66.915137999999843, 17.965139 ], [ -66.915695, 17.965139 ], [ -66.915695, 17.965416 ], [ -66.916252, 17.965416 ], [ -66.916252, 17.965694000000155 ], [ -66.917358, 17.965694000000155 ], [ -66.917358, 17.965973000000133 ], [ -66.91764099999989, 17.965973000000133 ], [ -66.91764099999989, 17.966528 ], [ -66.917915, 17.966528 ], [ -66.917915, 17.966806000000133 ], [ -66.919029, 17.966806000000133 ], [ -66.919029, 17.966528 ], [ -66.920134999999846, 17.966528 ], [ -66.920134999999846, 17.967085000000168 ], [ -66.920418, 17.967085000000168 ], [ -66.920418, 17.968193000000156 ], [ -66.920134999999846, 17.968193000000156 ], [ -66.920134999999846, 17.968472000000133 ], [ -66.920418, 17.968472000000133 ], [ -66.920418, 17.969028000000151 ], [ -66.920692, 17.969028000000151 ], [ -66.920692, 17.969862 ], [ -66.920974999999885, 17.969862 ], [ -66.920974999999885, 17.970139 ], [ -66.92180599999989, 17.970139 ], [ -66.92180599999989, 17.970415000000173 ], [ -66.922081, 17.970415000000173 ], [ -66.922081, 17.970694000000151 ], [ -66.922363, 17.970694000000151 ], [ -66.922363, 17.970972 ], [ -66.92292, 17.970972 ], [ -66.92292, 17.971251 ], [ -66.923469999999895, 17.971251 ], [ -66.923469999999895, 17.971525000000156 ], [ -66.923752, 17.971525000000156 ], [ -66.923752, 17.971806000000129 ], [ -66.924026, 17.971806000000129 ], [ -66.924026, 17.972086 ], [ -66.924858, 17.972086 ], [ -66.924858, 17.972361 ], [ -66.926247, 17.972361 ], [ -66.926247, 17.972086 ], [ -66.926529, 17.972086 ], [ -66.926529, 17.971806000000129 ], [ -66.927086, 17.971806000000129 ], [ -66.927086, 17.971251 ], [ -66.927361, 17.971251 ], [ -66.927361, 17.970694000000151 ], [ -66.927917, 17.970694000000151 ], [ -66.927917, 17.969584000000168 ], [ -66.928192, 17.969584000000168 ], [ -66.928192, 17.96875 ], [ -66.927917, 17.96875 ], [ -66.927917, 17.967916000000173 ], [ -66.927634999999896, 17.967916000000173 ], [ -66.927634999999896, 17.967638 ], [ -66.927361, 17.967638 ], [ -66.927361, 17.967085000000168 ], [ -66.927086, 17.967085000000168 ], [ -66.927086, 17.966806000000133 ], [ -66.926529, 17.966806000000133 ], [ -66.926529, 17.966528 ], [ -66.925971999999888, 17.966528 ], [ -66.925971999999888, 17.966249 ], [ -66.925139999999885, 17.966249 ], [ -66.925139999999885, 17.965973000000133 ], [ -66.924858, 17.965973000000133 ], [ -66.924858, 17.965139 ], [ -66.925139999999885, 17.965139 ], [ -66.925139999999885, 17.964027000000101 ], [ -66.925415, 17.964027000000101 ], [ -66.925415, 17.964306 ], [ -66.925971999999888, 17.964306 ], [ -66.925971999999888, 17.964582000000178 ], [ -66.926529, 17.964582000000178 ], [ -66.926529, 17.96486300000015 ], [ -66.927917, 17.96486300000015 ], [ -66.927917, 17.964306 ], [ -66.928192, 17.964306 ], [ -66.928192, 17.963751000000173 ], [ -66.929031, 17.963751000000173 ], [ -66.929031, 17.963472 ], [ -66.929863, 17.963472 ], [ -66.929863, 17.963194000000101 ], [ -66.93042, 17.963194000000101 ], [ -66.93042, 17.962641000000133 ], [ -66.930695, 17.962641000000133 ], [ -66.930695, 17.962084 ], [ -66.93042, 17.962084 ], [ -66.93042, 17.961805 ], [ -66.929305999999883, 17.961805 ], [ -66.929305999999883, 17.962084 ], [ -66.927086, 17.962084 ], [ -66.927086, 17.962641000000133 ], [ -66.926247, 17.962641000000133 ], [ -66.926247, 17.962358 ], [ -66.922637999999893, 17.962358 ], [ -66.922637999999893, 17.961805 ], [ -66.922081, 17.961805 ], [ -66.922081, 17.961529000000155 ], [ -66.920974999999885, 17.961529000000155 ], [ -66.920974999999885, 17.961250000000177 ], [ -66.920134999999846, 17.961250000000177 ], [ -66.920134999999846, 17.960972 ], [ -66.919861, 17.960972 ], [ -66.919861, 17.960695000000101 ], [ -66.919303999999897, 17.960695000000101 ], [ -66.919303999999897, 17.960419000000172 ], [ -66.918747, 17.960419000000172 ], [ -66.918747, 17.960136 ], [ -66.917358, 17.960136 ], [ -66.917358, 17.959862000000101 ], [ -66.916808999999887, 17.959862000000101 ], [ -66.916808999999887, 17.959583 ], [ -66.915969999999845, 17.959583 ], [ -66.915969999999845, 17.959305 ], [ -66.915413, 17.959305 ], [ -66.915413, 17.959026 ], [ -66.915137999999843, 17.959026 ], [ -66.915137999999843, 17.95875 ], [ -66.914864, 17.95875 ], [ -66.914864, 17.958471 ], [ -66.914581, 17.958471 ], [ -66.914581, 17.95819500000016 ], [ -66.914306999999894, 17.95819500000016 ], [ -66.914306999999894, 17.957914000000187 ], [ -66.91375, 17.957914000000187 ], [ -66.91375, 17.95764 ], [ -66.913474999999892, 17.95764 ], [ -66.913474999999892, 17.957361000000105 ], [ -66.913193, 17.957361000000105 ], [ -66.913193, 17.957083000000182 ], [ -66.912636, 17.957083000000182 ], [ -66.912636, 17.956528000000105 ], [ -66.912361, 17.956528000000105 ], [ -66.912361, 17.956249 ], [ -66.912086, 17.956249 ], [ -66.912086, 17.955973 ], [ -66.911804, 17.955973 ], [ -66.911804, 17.955694 ], [ -66.91153, 17.955694 ], [ -66.91153, 17.955416 ], [ -66.910698, 17.955416 ], [ -66.910698, 17.954861 ], [ -66.910140999999896, 17.954861 ], [ -66.910140999999896, 17.954306 ], [ -66.909584, 17.954306 ], [ -66.909584, 17.95319400000011 ], [ -66.909302, 17.95319400000011 ], [ -66.909302, 17.952639 ], [ -66.909027, 17.952639 ], [ -66.909027, 17.950417000000186 ], [ -66.908752, 17.950417000000186 ], [ -66.908752, 17.950138 ], [ -66.909027, 17.950138 ], [ -66.909027, 17.949306 ], [ -66.909302, 17.949306 ], [ -66.909302, 17.94903 ], [ -66.909584, 17.94903 ], [ -66.909584, 17.948748000000137 ], [ -66.909859, 17.948748000000137 ], [ -66.909859, 17.948473 ], [ -66.910972999999842, 17.948473 ], [ -66.910972999999842, 17.948195 ], [ -66.91153, 17.948195 ], [ -66.91153, 17.947918000000186 ], [ -66.911804, 17.947918000000186 ], [ -66.911804, 17.94735900000012 ], [ -66.91153, 17.94735900000012 ], [ -66.91153, 17.947083000000191 ], [ -66.911804, 17.947083000000191 ], [ -66.911804, 17.946808 ], [ -66.913474999999892, 17.946808 ], [ -66.913474999999892, 17.946529 ], [ -66.914306999999894, 17.946529 ], [ -66.914306999999894, 17.946251000000132 ], [ -66.916252, 17.946251000000132 ], [ -66.916252, 17.945972 ], [ -66.916527, 17.945972 ], [ -66.916527, 17.945694 ], [ -66.916808999999887, 17.945694 ], [ -66.916808999999887, 17.945139 ], [ -66.917084, 17.945139 ], [ -66.917084, 17.944860000000119 ], [ -66.917915, 17.944860000000119 ], [ -66.917915, 17.944584000000191 ], [ -66.918198, 17.944584000000191 ], [ -66.918198, 17.944305 ], [ -66.918747, 17.944305 ], [ -66.918747, 17.944027000000119 ], [ -66.919029, 17.944027000000119 ], [ -66.919029, 17.943750000000136 ], [ -66.919303999999897, 17.943750000000136 ], [ -66.919303999999897, 17.943472 ], [ -66.920134999999846, 17.943472 ], [ -66.920134999999846, 17.943750000000136 ], [ -66.921524, 17.943750000000136 ], [ -66.921524, 17.944027000000119 ], [ -66.922081, 17.944027000000119 ], [ -66.922081, 17.944305 ], [ -66.922363, 17.944305 ], [ -66.922363, 17.944584000000191 ], [ -66.92292, 17.944584000000191 ], [ -66.92292, 17.944305 ], [ -66.923195, 17.944305 ], [ -66.923195, 17.944027000000119 ], [ -66.925697, 17.944027000000119 ], [ -66.925697, 17.943750000000136 ], [ -66.926247, 17.943750000000136 ], [ -66.926247, 17.943472 ], [ -66.926529, 17.943472 ], [ -66.926529, 17.943195 ], [ -66.927086, 17.943195 ], [ -66.927086, 17.942917000000136 ], [ -66.927917, 17.942917000000136 ], [ -66.927917, 17.943195 ], [ -66.928473999999881, 17.943195 ], [ -66.928473999999881, 17.943472 ], [ -66.929581, 17.943472 ], [ -66.929581, 17.943195 ], [ -66.930137999999886, 17.943195 ], [ -66.930137999999886, 17.942917000000136 ], [ -66.930695, 17.942917000000136 ], [ -66.930695, 17.942638000000102 ], [ -66.930968999999891, 17.942638000000102 ], [ -66.930968999999891, 17.942362 ], [ -66.931252, 17.942362 ], [ -66.931252, 17.942083 ], [ -66.931526, 17.942083 ], [ -66.931526, 17.941528000000119 ], [ -66.931808, 17.941528000000119 ], [ -66.931808, 17.940695000000119 ], [ -66.932083, 17.940695000000119 ], [ -66.932083, 17.938473000000101 ], [ -66.931808, 17.938473000000101 ], [ -66.931808, 17.937916 ], [ -66.931526, 17.937916 ], [ -66.931526, 17.937639 ], [ -66.93042, 17.937639 ], [ -66.93042, 17.937363000000119 ], [ -66.928473999999881, 17.937363000000119 ], [ -66.928473999999881, 17.937084000000141 ], [ -66.928192, 17.937084000000141 ], [ -66.928192, 17.937363000000119 ], [ -66.927634999999896, 17.937363000000119 ], [ -66.927634999999896, 17.937084000000141 ], [ -66.927361, 17.937084000000141 ], [ -66.927361, 17.936806 ], [ -66.927086, 17.936806 ], [ -66.927086, 17.936527 ], [ -66.92680399999989, 17.936527 ], [ -66.92680399999989, 17.935694 ], [ -66.926529, 17.935694 ], [ -66.926529, 17.935417 ], [ -66.925971999999888, 17.935417 ], [ -66.925971999999888, 17.935141000000101 ], [ -66.924858, 17.935141000000101 ], [ -66.924858, 17.934858000000133 ], [ -66.924583, 17.934858000000133 ], [ -66.924583, 17.934584 ], [ -66.92430899999988, 17.934584 ], [ -66.92430899999988, 17.934305 ], [ -66.923195, 17.934305 ], [ -66.923195, 17.934029000000123 ], [ -66.922363, 17.934029000000123 ], [ -66.922363, 17.933748000000151 ], [ -66.919586, 17.933748000000151 ], [ -66.919586, 17.933195 ], [ -66.919303999999897, 17.933195 ], [ -66.919303999999897, 17.93291900000014 ], [ -66.918747, 17.93291900000014 ], [ -66.918747, 17.932083 ], [ -66.919029, 17.932083 ], [ -66.919029, 17.931526000000133 ], [ -66.919303999999897, 17.931526000000133 ], [ -66.919303999999897, 17.930973 ], [ -66.919586, 17.930973 ], [ -66.919586, 17.930695000000128 ], [ -66.920134999999846, 17.930695000000128 ], [ -66.920134999999846, 17.930414000000155 ], [ -66.920418, 17.930414000000155 ], [ -66.920418, 17.93014 ], [ -66.920692, 17.93014 ], [ -66.920692, 17.929861 ], [ -66.921249, 17.929861 ], [ -66.921249, 17.92958300000015 ], [ -66.921524, 17.92958300000015 ], [ -66.921524, 17.929304000000172 ], [ -66.922081, 17.929304000000172 ], [ -66.922081, 17.929028 ], [ -66.922363, 17.929028 ], [ -66.922363, 17.92791700000015 ], [ -66.922637999999893, 17.92791700000015 ], [ -66.922637999999893, 17.927361000000133 ], [ -66.92292, 17.927361000000133 ], [ -66.92292, 17.927082000000155 ], [ -66.923195, 17.927082000000155 ], [ -66.923195, 17.926805000000172 ], [ -66.923752, 17.926805000000172 ], [ -66.923752, 17.92625 ], [ -66.927086, 17.92625 ], [ -66.927086, 17.926527 ], [ -66.927634999999896, 17.926527 ], [ -66.927634999999896, 17.927361000000133 ], [ -66.927917, 17.927361000000133 ], [ -66.927917, 17.927639 ], [ -66.928473999999881, 17.927639 ], [ -66.928473999999881, 17.92791700000015 ], [ -66.929863, 17.92791700000015 ], [ -66.929863, 17.927639 ], [ -66.930968999999891, 17.927639 ], [ -66.930968999999891, 17.92791700000015 ], [ -66.932083, 17.92791700000015 ], [ -66.932083, 17.928192 ], [ -66.932915, 17.928192 ], [ -66.932915, 17.928473000000167 ], [ -66.932639999999878, 17.928473000000167 ], [ -66.932639999999878, 17.92958300000015 ], [ -66.932915, 17.92958300000015 ], [ -66.932915, 17.93014 ], [ -66.933746, 17.93014 ], [ -66.933746, 17.930414000000155 ], [ -66.934302999999886, 17.930414000000155 ], [ -66.934302999999886, 17.930695000000128 ], [ -66.934586, 17.930695000000128 ], [ -66.934586, 17.930973 ], [ -66.93486, 17.930973 ], [ -66.93486, 17.93125 ], [ -66.935417, 17.93125 ], [ -66.935417, 17.931526000000133 ], [ -66.935692, 17.931526000000133 ], [ -66.935692, 17.931805000000168 ], [ -66.936249, 17.931805000000168 ], [ -66.936249, 17.932083 ], [ -66.936531, 17.932083 ], [ -66.936531, 17.932362 ], [ -66.939026, 17.932362 ], [ -66.939026, 17.932636000000173 ], [ -66.940971, 17.932636000000173 ], [ -66.940971, 17.93291900000014 ], [ -66.94236, 17.93291900000014 ], [ -66.94236, 17.933195 ], [ -66.945419, 17.933195 ], [ -66.945419, 17.93291900000014 ], [ -66.946250999999847, 17.93291900000014 ], [ -66.946250999999847, 17.932636000000173 ], [ -66.946526, 17.932636000000173 ], [ -66.946526, 17.93291900000014 ], [ -66.946808, 17.93291900000014 ], [ -66.946808, 17.933195 ], [ -66.94708299999985, 17.933195 ], [ -66.94708299999985, 17.933748000000151 ], [ -66.947365, 17.933748000000151 ], [ -66.947365, 17.934029000000123 ], [ -66.948196, 17.934029000000123 ], [ -66.948196, 17.933748000000151 ], [ -66.948752999999897, 17.933748000000151 ], [ -66.948752999999897, 17.933195 ], [ -66.949028, 17.933195 ], [ -66.949028, 17.932636000000173 ], [ -66.949585, 17.932636000000173 ], [ -66.949585, 17.932362 ], [ -66.950417, 17.932362 ], [ -66.950417, 17.931805000000168 ], [ -66.950691, 17.931805000000168 ], [ -66.950691, 17.932083 ], [ -66.950974, 17.932083 ], [ -66.950974, 17.932362 ], [ -66.95153, 17.932362 ], [ -66.95153, 17.932636000000173 ], [ -66.952637, 17.932636000000173 ], [ -66.952637, 17.932362 ], [ -66.953750999999897, 17.932362 ], [ -66.953750999999897, 17.932083 ], [ -66.954025, 17.932083 ], [ -66.954025, 17.931805000000168 ], [ -66.954308, 17.931805000000168 ], [ -66.954308, 17.931526000000133 ], [ -66.954582, 17.931526000000133 ], [ -66.954582, 17.93125 ], [ -66.955139, 17.93125 ], [ -66.955139, 17.930973 ], [ -66.955413999999848, 17.930973 ], [ -66.955413999999848, 17.930695000000128 ], [ -66.955695999999818, 17.930695000000128 ], [ -66.955695999999818, 17.930414000000155 ], [ -66.957359, 17.930414000000155 ], [ -66.957359, 17.932362 ], [ -66.957084999999893, 17.932362 ], [ -66.957084999999893, 17.93291900000014 ], [ -66.956802, 17.93291900000014 ], [ -66.956802, 17.933748000000151 ], [ -66.956528, 17.933748000000151 ], [ -66.956528, 17.934029000000123 ], [ -66.956802, 17.934029000000123 ], [ -66.956802, 17.935417 ], [ -66.95625299999989, 17.935417 ], [ -66.95625299999989, 17.935694 ], [ -66.955971, 17.935694 ], [ -66.955971, 17.935972000000163 ], [ -66.955413999999848, 17.935972000000163 ], [ -66.955413999999848, 17.936527 ], [ -66.954865, 17.936527 ], [ -66.954865, 17.937084000000141 ], [ -66.955139, 17.937084000000141 ], [ -66.955139, 17.937916 ], [ -66.954865, 17.937916 ], [ -66.954865, 17.938194000000124 ], [ -66.955413999999848, 17.938194000000124 ], [ -66.955413999999848, 17.938473000000101 ], [ -66.955695999999818, 17.938473000000101 ], [ -66.955695999999818, 17.938749 ], [ -66.95625299999989, 17.938749 ], [ -66.95625299999989, 17.939028 ], [ -66.956528, 17.939028 ], [ -66.956528, 17.939306000000101 ], [ -66.957359, 17.939306000000101 ], [ -66.957359, 17.939028 ], [ -66.957642, 17.939028 ], [ -66.957642, 17.938749 ], [ -66.95903, 17.938749 ], [ -66.95903, 17.939306000000101 ], [ -66.959305, 17.939306000000101 ], [ -66.959305, 17.939583000000141 ], [ -66.959862, 17.939583000000141 ], [ -66.959862, 17.94014 ], [ -66.960136, 17.94014 ], [ -66.960136, 17.940695000000119 ], [ -66.960418999999888, 17.940695000000119 ], [ -66.960418999999888, 17.940971 ], [ -66.961525, 17.940971 ], [ -66.961525, 17.94125 ], [ -66.96347, 17.94125 ], [ -66.96347, 17.940695000000119 ], [ -66.963752999999883, 17.940695000000119 ], [ -66.963752999999883, 17.942083 ], [ -66.964027, 17.942083 ], [ -66.964027, 17.942638000000102 ], [ -66.963752999999883, 17.942638000000102 ], [ -66.963752999999883, 17.943472 ], [ -66.964027, 17.943472 ], [ -66.964027, 17.943750000000136 ], [ -66.965973, 17.943750000000136 ], [ -66.965973, 17.944305 ], [ -66.965698, 17.944305 ], [ -66.965698, 17.944584000000191 ], [ -66.965415999999891, 17.944584000000191 ], [ -66.965415999999891, 17.945415 ], [ -66.965698, 17.945415 ], [ -66.965698, 17.945694 ], [ -66.965973, 17.945694 ], [ -66.965973, 17.945972 ], [ -66.96653, 17.945972 ], [ -66.96653, 17.946251000000132 ], [ -66.967636, 17.946251000000132 ], [ -66.967636, 17.946529 ], [ -66.968749999999886, 17.946529 ], [ -66.968749999999886, 17.946808 ], [ -66.969581999999889, 17.946808 ], [ -66.969581999999889, 17.947083000000191 ], [ -66.970139, 17.947083000000191 ], [ -66.970139, 17.94735900000012 ], [ -66.970695, 17.94735900000012 ], [ -66.970695, 17.947639 ], [ -66.97097, 17.947639 ], [ -66.97097, 17.948195 ], [ -66.970695, 17.948195 ], [ -66.970695, 17.949306 ], [ -66.97097, 17.949306 ], [ -66.97097, 17.949583000000132 ], [ -66.971252, 17.949583000000132 ], [ -66.971252, 17.94986200000011 ], [ -66.971802, 17.94986200000011 ], [ -66.971802, 17.949583000000132 ], [ -66.972084, 17.949583000000132 ], [ -66.972084, 17.949306 ], [ -66.972359, 17.949306 ], [ -66.972359, 17.94903 ], [ -66.974586, 17.94903 ], [ -66.974586, 17.949306 ], [ -66.975136, 17.949306 ], [ -66.975136, 17.949583000000132 ], [ -66.975418, 17.949583000000132 ], [ -66.975418, 17.94986200000011 ], [ -66.977638, 17.94986200000011 ], [ -66.977638, 17.950138 ], [ -66.977912999999887, 17.950138 ], [ -66.977912999999887, 17.950417000000186 ], [ -66.978195, 17.950417000000186 ], [ -66.978195, 17.95069500000011 ], [ -66.978752, 17.95069500000011 ], [ -66.978752, 17.950972 ], [ -66.979027, 17.950972 ], [ -66.979027, 17.951250000000186 ], [ -66.981804, 17.951250000000186 ], [ -66.981804, 17.951572 ], [ -66.981804, 17.951750000000175 ], [ -66.981804, 17.95319400000011 ], [ -66.982086, 17.95319400000011 ], [ -66.982086, 17.953472 ], [ -66.982635, 17.953472 ], [ -66.982635, 17.953751000000182 ], [ -66.982360999999855, 17.953751000000182 ], [ -66.982360999999855, 17.95402700000011 ], [ -66.982635, 17.95402700000011 ], [ -66.982635, 17.954861 ], [ -66.982360999999855, 17.954861 ], [ -66.982360999999855, 17.955416 ], [ -66.982635, 17.955416 ], [ -66.982635, 17.956804 ], [ -66.982918, 17.956804 ], [ -66.982918, 17.95819500000016 ], [ -66.982635, 17.95819500000016 ], [ -66.982635, 17.95875 ], [ -66.982360999999855, 17.95875 ], [ -66.982360999999855, 17.959026 ], [ -66.982086, 17.959026 ], [ -66.982086, 17.959305 ], [ -66.981528999999853, 17.959305 ], [ -66.981528999999853, 17.959583 ], [ -66.981804, 17.959583 ], [ -66.981804, 17.960136 ], [ -66.982086, 17.960136 ], [ -66.982086, 17.960695000000101 ], [ -66.982360999999855, 17.960695000000101 ], [ -66.982360999999855, 17.960972 ], [ -66.982918, 17.960972 ], [ -66.982918, 17.961250000000177 ], [ -66.984024, 17.961250000000177 ], [ -66.984024, 17.960972 ], [ -66.984581, 17.960972 ], [ -66.984581, 17.960695000000101 ], [ -66.985138, 17.960695000000101 ], [ -66.985138, 17.960972 ], [ -66.98542, 17.960972 ], [ -66.98542, 17.961529000000155 ], [ -66.985138, 17.961529000000155 ], [ -66.985138, 17.961805 ], [ -66.984581, 17.961805 ], [ -66.984581, 17.962084 ], [ -66.984306, 17.962084 ], [ -66.984306, 17.962358 ], [ -66.984581, 17.962358 ], [ -66.984581, 17.963194000000101 ], [ -66.984306, 17.963194000000101 ], [ -66.984306, 17.964027000000101 ], [ -66.984581, 17.964027000000101 ], [ -66.984581, 17.964306 ], [ -66.985138, 17.964306 ], [ -66.985138, 17.964027000000101 ], [ -66.98542, 17.964027000000101 ], [ -66.98542, 17.963751000000173 ], [ -66.985138, 17.963751000000173 ], [ -66.985138, 17.963472 ], [ -66.98542, 17.963472 ], [ -66.98542, 17.963194000000101 ], [ -66.98597, 17.963194000000101 ], [ -66.98597, 17.962917 ], [ -66.986525999999856, 17.962917 ], [ -66.986525999999856, 17.962358 ], [ -66.987083, 17.962358 ], [ -66.987083, 17.962917 ], [ -66.987358, 17.962917 ], [ -66.987358, 17.964027000000101 ], [ -66.986808999999823, 17.964027000000101 ], [ -66.986808999999823, 17.964306 ], [ -66.986525999999856, 17.964306 ], [ -66.986525999999856, 17.96486300000015 ], [ -66.98597, 17.96486300000015 ], [ -66.98597, 17.965139 ], [ -66.985695, 17.965139 ], [ -66.985695, 17.965416 ], [ -66.98542, 17.965416 ], [ -66.98542, 17.965694000000155 ], [ -66.985138, 17.965694000000155 ], [ -66.985138, 17.967085000000168 ], [ -66.98542, 17.967085000000168 ], [ -66.98542, 17.967361 ], [ -66.985695, 17.967361 ], [ -66.985695, 17.967916000000173 ], [ -66.98597, 17.967916000000173 ], [ -66.98597, 17.968193000000156 ], [ -66.986252, 17.968193000000156 ], [ -66.986252, 17.968472000000133 ], [ -66.986525999999856, 17.968472000000133 ], [ -66.986525999999856, 17.969028000000151 ], [ -66.986808999999823, 17.969028000000151 ], [ -66.986808999999823, 17.969303 ], [ -66.987083, 17.969303 ], [ -66.987083, 17.969584000000168 ], [ -66.987358, 17.969584000000168 ], [ -66.987358, 17.969862 ], [ -66.98764, 17.969862 ], [ -66.98764, 17.970139 ], [ -66.987915, 17.970139 ], [ -66.987915, 17.970415000000173 ], [ -66.988472, 17.970415000000173 ], [ -66.988472, 17.970694000000151 ], [ -66.989304, 17.970694000000151 ], [ -66.989304, 17.970972 ], [ -66.991530999999895, 17.970972 ], [ -66.991530999999895, 17.970415000000173 ], [ -66.991806, 17.970415000000173 ], [ -66.991806, 17.970139 ], [ -66.992081, 17.970139 ], [ -66.992081, 17.969862 ], [ -66.992362999999898, 17.969862 ], [ -66.992362999999898, 17.969584000000168 ], [ -66.992638, 17.969584000000168 ], [ -66.992638, 17.969862 ], [ -66.99292, 17.969862 ], [ -66.99292, 17.970139 ], [ -66.993195, 17.970139 ], [ -66.993195, 17.971525000000156 ], [ -66.993469, 17.971525000000156 ], [ -66.993469, 17.971806000000129 ], [ -66.994026, 17.971806000000129 ], [ -66.994026, 17.971525000000156 ], [ -66.994307999999876, 17.971525000000156 ], [ -66.994307999999876, 17.971251 ], [ -66.994583, 17.971251 ], [ -66.994583, 17.970139 ], [ -66.995971999999824, 17.970139 ], [ -66.995971999999824, 17.970415000000173 ], [ -66.996246, 17.970415000000173 ], [ -66.996246, 17.970972 ], [ -66.995971999999824, 17.970972 ], [ -66.995971999999824, 17.972361 ], [ -66.996528999999896, 17.972361 ], [ -66.996528999999896, 17.972086 ], [ -66.996803, 17.972086 ], [ -66.996803, 17.971806000000129 ], [ -66.997086, 17.971806000000129 ], [ -66.997086, 17.970415000000173 ], [ -66.998474, 17.970415000000173 ], [ -66.998474, 17.970139 ], [ -66.998749, 17.970139 ], [ -66.998749, 17.969862 ], [ -66.999305999999876, 17.969862 ], [ -66.999305999999876, 17.969584000000168 ], [ -66.99958, 17.969584000000168 ], [ -66.99958, 17.970972 ], [ -66.999862999999891, 17.970972 ], [ -66.999862999999891, 17.971806000000129 ], [ -67.000136999999825, 17.971806000000129 ], [ -67.00042, 17.971806000000129 ], [ -67.00042, 17.971525000000156 ], [ -67.000693999999896, 17.971525000000156 ], [ -67.000693999999896, 17.971251 ], [ -67.001251, 17.971251 ], [ -67.001251, 17.970972 ], [ -67.001808, 17.970972 ], [ -67.001808, 17.970694000000151 ], [ -67.002357, 17.970694000000151 ], [ -67.002357, 17.970415000000173 ], [ -67.00264, 17.970415000000173 ], [ -67.00264, 17.970694000000151 ], [ -67.003470999999877, 17.970694000000151 ], [ -67.003470999999877, 17.970972 ], [ -67.003754, 17.970972 ], [ -67.003754, 17.969862 ], [ -67.003197, 17.969862 ], [ -67.003197, 17.969028000000151 ], [ -67.00264, 17.969028000000151 ], [ -67.00264, 17.969303 ], [ -67.001251, 17.969303 ], [ -67.001251, 17.969028000000151 ], [ -67.000693999999896, 17.969028000000151 ], [ -67.000693999999896, 17.967638 ], [ -67.000969, 17.967638 ], [ -67.000969, 17.967085000000168 ], [ -67.001808, 17.967085000000168 ], [ -67.001808, 17.966528 ], [ -67.002357, 17.966528 ], [ -67.002357, 17.967085000000168 ], [ -67.00264, 17.967085000000168 ], [ -67.00264, 17.967361 ], [ -67.003197, 17.967361 ], [ -67.003197, 17.967638 ], [ -67.003470999999877, 17.967638 ], [ -67.003470999999877, 17.967085000000168 ], [ -67.003754, 17.967085000000168 ], [ -67.003754, 17.966806000000133 ], [ -67.003470999999877, 17.966806000000133 ], [ -67.003470999999877, 17.966528 ], [ -67.003197, 17.966528 ], [ -67.003197, 17.966249 ], [ -67.002914, 17.966249 ], [ -67.002914, 17.965973000000133 ], [ -67.002357, 17.965973000000133 ], [ -67.002357, 17.965694000000155 ], [ -67.002083, 17.965694000000155 ], [ -67.002083, 17.965416 ], [ -67.001525999999899, 17.965416 ], [ -67.001525999999899, 17.96486300000015 ], [ -67.001251, 17.96486300000015 ], [ -67.001251, 17.964306 ], [ -67.000969, 17.964306 ], [ -67.000969, 17.964027000000101 ], [ -67.000693999999896, 17.964027000000101 ], [ -67.000693999999896, 17.963194000000101 ], [ -67.00042, 17.963194000000101 ], [ -67.00042, 17.962084 ], [ -67.000693999999896, 17.962084 ], [ -67.000693999999896, 17.961250000000177 ], [ -67.000969, 17.961250000000177 ], [ -67.000969, 17.960972 ], [ -67.001525999999899, 17.960972 ], [ -67.001525999999899, 17.960695000000101 ], [ -67.001808, 17.960695000000101 ], [ -67.001808, 17.960419000000172 ], [ -67.002083, 17.960419000000172 ], [ -67.002083, 17.960136 ], [ -67.003197, 17.960136 ], [ -67.003197, 17.960419000000172 ], [ -67.003754, 17.960419000000172 ], [ -67.003754, 17.960695000000101 ], [ -67.004027999999892, 17.960695000000101 ], [ -67.004027999999892, 17.960972 ], [ -67.004585, 17.960972 ], [ -67.004585, 17.961250000000177 ], [ -67.005417, 17.961250000000177 ], [ -67.005417, 17.961529000000155 ], [ -67.005691999999897, 17.961529000000155 ], [ -67.005691999999897, 17.961805 ], [ -67.006248, 17.961805 ], [ -67.006248, 17.963194000000101 ], [ -67.006805, 17.963194000000101 ], [ -67.006805, 17.963472 ], [ -67.00708, 17.963472 ], [ -67.00708, 17.963751000000173 ], [ -67.007362, 17.963751000000173 ], [ -67.007362, 17.964027000000101 ], [ -67.007637, 17.964027000000101 ], [ -67.007637, 17.964306 ], [ -67.008193999999889, 17.964306 ], [ -67.008193999999889, 17.964582000000178 ], [ -67.008751, 17.964582000000178 ], [ -67.008751, 17.964306 ], [ -67.009025999999892, 17.964306 ], [ -67.009025999999892, 17.963472 ], [ -67.008751, 17.963472 ], [ -67.008751, 17.960972 ], [ -67.009025999999892, 17.960972 ], [ -67.009025999999892, 17.960419000000172 ], [ -67.009308, 17.960419000000172 ], [ -67.009308, 17.960695000000101 ], [ -67.009865, 17.960695000000101 ], [ -67.009865, 17.960972 ], [ -67.010139, 17.960972 ], [ -67.010139, 17.962358 ], [ -67.009865, 17.962358 ], [ -67.009865, 17.962641000000133 ], [ -67.010139, 17.962641000000133 ], [ -67.010139, 17.963194000000101 ], [ -67.010414, 17.963194000000101 ], [ -67.010414, 17.964306 ], [ -67.010696, 17.964306 ], [ -67.010696, 17.964582000000178 ], [ -67.010414, 17.964582000000178 ], [ -67.010414, 17.96486300000015 ], [ -67.010696, 17.96486300000015 ], [ -67.010696, 17.965139 ], [ -67.010971, 17.965139 ], [ -67.010971, 17.965416 ], [ -67.011253, 17.965416 ], [ -67.011253, 17.965973000000133 ], [ -67.011803, 17.965973000000133 ], [ -67.011803, 17.966249 ], [ -67.01236, 17.966249 ], [ -67.01236, 17.966806000000133 ], [ -67.013190999999892, 17.966806000000133 ], [ -67.013190999999892, 17.967085000000168 ], [ -67.013748, 17.967085000000168 ], [ -67.013748, 17.967361 ], [ -67.014305, 17.967361 ], [ -67.014305, 17.967916000000173 ], [ -67.014862, 17.967916000000173 ], [ -67.014862, 17.968472000000133 ], [ -67.015419, 17.968472000000133 ], [ -67.015419, 17.969303 ], [ -67.015137, 17.969303 ], [ -67.015137, 17.969862 ], [ -67.014862, 17.969862 ], [ -67.014862, 17.970139 ], [ -67.01458, 17.970139 ], [ -67.01458, 17.970694000000151 ], [ -67.013748, 17.970694000000151 ], [ -67.013748, 17.970972 ], [ -67.012917, 17.970972 ], [ -67.012917, 17.971251 ], [ -67.011803, 17.971251 ], [ -67.011803, 17.971525000000156 ], [ -67.011253, 17.971525000000156 ], [ -67.011253, 17.972637000000134 ], [ -67.011528, 17.972637000000134 ], [ -67.011528, 17.972919 ], [ -67.01236, 17.972919 ], [ -67.01236, 17.973194 ], [ -67.012641999999857, 17.973194 ], [ -67.012641999999857, 17.972919 ], [ -67.013190999999892, 17.972919 ], [ -67.013190999999892, 17.973194 ], [ -67.014305, 17.973194 ], [ -67.014305, 17.973473 ], [ -67.015419, 17.973473 ], [ -67.015419, 17.973194 ], [ -67.015976, 17.973194 ], [ -67.015976, 17.972919 ], [ -67.016251, 17.972919 ], [ -67.016251, 17.972361 ], [ -67.015976, 17.972361 ], [ -67.015976, 17.972086 ], [ -67.016251, 17.972086 ], [ -67.016251, 17.970694000000151 ], [ -67.015976, 17.970694000000151 ], [ -67.015976, 17.969862 ], [ -67.016251, 17.969862 ], [ -67.016251, 17.969303 ], [ -67.016525, 17.969303 ], [ -67.016525, 17.969028000000151 ], [ -67.016808, 17.969028000000151 ], [ -67.016808, 17.96875 ], [ -67.018471, 17.96875 ], [ -67.018471, 17.968193000000156 ], [ -67.018753, 17.968193000000156 ], [ -67.018753, 17.967916000000173 ], [ -67.019028, 17.967916000000173 ], [ -67.019028, 17.967361 ], [ -67.021248, 17.967361 ], [ -67.021248, 17.967638 ], [ -67.022919, 17.967638 ], [ -67.022919, 17.968193000000156 ], [ -67.023193, 17.968193000000156 ], [ -67.023193, 17.96875 ], [ -67.023476, 17.96875 ], [ -67.023476, 17.969584000000168 ], [ -67.02375, 17.969584000000168 ], [ -67.02375, 17.970139 ], [ -67.024025, 17.970139 ], [ -67.024025, 17.970415000000173 ], [ -67.024582, 17.970415000000173 ], [ -67.024582, 17.970694000000151 ], [ -67.025139, 17.970694000000151 ], [ -67.025139, 17.971251 ], [ -67.026252999999826, 17.971251 ], [ -67.026252999999826, 17.971525000000156 ], [ -67.026527, 17.971525000000156 ], [ -67.026527, 17.971806000000129 ], [ -67.027359, 17.971806000000129 ], [ -67.027359, 17.971525000000156 ], [ -67.028748, 17.971525000000156 ], [ -67.028748, 17.970972 ], [ -67.02903, 17.970972 ], [ -67.02903, 17.971251 ], [ -67.030974999999899, 17.971251 ], [ -67.030974999999899, 17.971525000000156 ], [ -67.031249999999829, 17.971525000000156 ], [ -67.031249999999829, 17.971251 ], [ -67.032082, 17.971251 ], [ -67.032082, 17.970972 ], [ -67.032639, 17.970972 ], [ -67.032639, 17.970694000000151 ], [ -67.033751999999879, 17.970694000000151 ], [ -67.033751999999879, 17.971251 ], [ -67.034302, 17.971251 ], [ -67.034302, 17.971525000000156 ], [ -67.034859, 17.971525000000156 ], [ -67.034859, 17.972637000000134 ], [ -67.035140999999896, 17.972637000000134 ], [ -67.035140999999896, 17.972919 ], [ -67.035415999999827, 17.972919 ], [ -67.035415999999827, 17.973194 ], [ -67.036247, 17.973194 ], [ -67.036247, 17.972919 ], [ -67.03653, 17.972919 ], [ -67.03653, 17.972637000000134 ], [ -67.037361, 17.972637000000134 ], [ -67.037361, 17.972361 ], [ -67.037917999999877, 17.972361 ], [ -67.037917999999877, 17.972086 ], [ -67.038475, 17.972086 ], [ -67.038475, 17.971806000000129 ], [ -67.039024, 17.971806000000129 ], [ -67.039024, 17.971525000000156 ], [ -67.039306999999894, 17.971525000000156 ], [ -67.039306999999894, 17.970972 ], [ -67.039580999999828, 17.970972 ], [ -67.039580999999828, 17.970694000000151 ], [ -67.040695, 17.970694000000151 ], [ -67.040695, 17.970415000000173 ], [ -67.04097, 17.970415000000173 ], [ -67.04097, 17.969862 ], [ -67.041252, 17.969862 ], [ -67.041252, 17.969584000000168 ], [ -67.041527, 17.969584000000168 ], [ -67.041527, 17.969028000000151 ], [ -67.041809, 17.969028000000151 ], [ -67.041809, 17.96875 ], [ -67.042084, 17.96875 ], [ -67.042084, 17.968472000000133 ], [ -67.042641, 17.968472000000133 ], [ -67.042641, 17.968193000000156 ], [ -67.04291499999988, 17.968193000000156 ], [ -67.04291499999988, 17.967916000000173 ], [ -67.043198, 17.967916000000173 ], [ -67.043198, 17.967638 ], [ -67.044303999999897, 17.967638 ], [ -67.044303999999897, 17.967916000000173 ], [ -67.045135, 17.967916000000173 ], [ -67.045135, 17.968193000000156 ], [ -67.045692, 17.968193000000156 ], [ -67.045692, 17.968472000000133 ], [ -67.045975, 17.968472000000133 ], [ -67.045975, 17.96875 ], [ -67.046248999999875, 17.96875 ], [ -67.046248999999875, 17.969028000000151 ], [ -67.046524, 17.969028000000151 ], [ -67.046524, 17.969862 ], [ -67.047080999999878, 17.969862 ], [ -67.047080999999878, 17.970139 ], [ -67.047919999999863, 17.970139 ], [ -67.047919999999863, 17.970415000000173 ], [ -67.048195, 17.970415000000173 ], [ -67.048195, 17.970694000000151 ], [ -67.048751999999865, 17.970694000000151 ], [ -67.048751999999865, 17.970972 ], [ -67.049858, 17.970972 ], [ -67.049858, 17.970694000000151 ], [ -67.050415, 17.970694000000151 ], [ -67.050415, 17.970415000000173 ], [ -67.051246999999876, 17.970415000000173 ], [ -67.051246999999876, 17.970972 ], [ -67.051529, 17.970972 ], [ -67.051529, 17.971251 ], [ -67.051804, 17.971251 ], [ -67.051804, 17.971525000000156 ], [ -67.052086, 17.971525000000156 ], [ -67.052086, 17.971806000000129 ], [ -67.052634999999896, 17.971806000000129 ], [ -67.052634999999896, 17.972086 ], [ -67.052916999999866, 17.972086 ], [ -67.052916999999866, 17.972361 ], [ -67.054306, 17.972361 ], [ -67.054306, 17.972086 ], [ -67.054581, 17.972086 ], [ -67.054581, 17.971806000000129 ], [ -67.054863, 17.971806000000129 ], [ -67.054863, 17.972086 ], [ -67.055138, 17.972086 ], [ -67.055138, 17.971806000000129 ], [ -67.055969, 17.971806000000129 ], [ -67.055969, 17.971251 ], [ -67.057082999999864, 17.971251 ], [ -67.057082999999864, 17.971806000000129 ], [ -67.05764, 17.971806000000129 ], [ -67.05764, 17.972086 ], [ -67.057914999999866, 17.972086 ], [ -67.057914999999866, 17.972361 ], [ -67.058197, 17.972361 ], [ -67.058197, 17.972637000000134 ], [ -67.058746, 17.972637000000134 ], [ -67.058746, 17.972919 ], [ -67.059029, 17.972919 ], [ -67.059029, 17.973194 ], [ -67.059586, 17.973194 ], [ -67.059586, 17.973473 ], [ -67.060143, 17.973473 ], [ -67.060143, 17.974030000000141 ], [ -67.060417, 17.974030000000141 ], [ -67.060417, 17.974306 ], [ -67.060692, 17.974306 ], [ -67.060692, 17.974583 ], [ -67.060974, 17.974583 ], [ -67.060974, 17.974861000000146 ], [ -67.061530999999832, 17.974861000000146 ], [ -67.061530999999832, 17.974583 ], [ -67.061806, 17.974583 ], [ -67.061806, 17.974306 ], [ -67.062079999999867, 17.974306 ], [ -67.062079999999867, 17.974030000000141 ], [ -67.062362999999834, 17.974030000000141 ], [ -67.062362999999834, 17.973747000000174 ], [ -67.06292, 17.973747000000174 ], [ -67.06292, 17.973473 ], [ -67.063469, 17.973473 ], [ -67.063469, 17.973194 ], [ -67.064308, 17.973194 ], [ -67.064308, 17.972919 ], [ -67.065414, 17.972919 ], [ -67.065414, 17.972361 ], [ -67.065696999999886, 17.972361 ], [ -67.065696999999886, 17.972086 ], [ -67.066254, 17.972086 ], [ -67.066254, 17.971806000000129 ], [ -67.06736, 17.971806000000129 ], [ -67.06736, 17.971525000000156 ], [ -67.067917, 17.971525000000156 ], [ -67.067917, 17.971251 ], [ -67.068474, 17.971251 ], [ -67.068474, 17.970972 ], [ -67.069861999999887, 17.970972 ], [ -67.069861999999887, 17.971525000000156 ], [ -67.070137, 17.971525000000156 ], [ -67.070137, 17.972361 ], [ -67.070419, 17.972361 ], [ -67.070419, 17.972637000000134 ], [ -67.072083, 17.972637000000134 ], [ -67.072083, 17.971806000000129 ], [ -67.072364999999877, 17.971806000000129 ], [ -67.072364999999877, 17.971251 ], [ -67.072914, 17.971251 ], [ -67.072914, 17.970972 ], [ -67.073195999999882, 17.970972 ], [ -67.073195999999882, 17.969862 ], [ -67.073753, 17.969862 ], [ -67.073753, 17.969028000000151 ], [ -67.074027999999885, 17.969028000000151 ], [ -67.074027999999885, 17.96875 ], [ -67.074585, 17.96875 ], [ -67.074585, 17.968472000000133 ], [ -67.074859999999887, 17.968472000000133 ], [ -67.074859999999887, 17.968193000000156 ], [ -67.075142, 17.968193000000156 ], [ -67.075142, 17.967916000000173 ], [ -67.075690999999836, 17.967916000000173 ], [ -67.075690999999836, 17.967638 ], [ -67.075974, 17.967638 ], [ -67.075974, 17.967361 ], [ -67.076805, 17.967361 ], [ -67.076805, 17.967085000000168 ], [ -67.07708, 17.967085000000168 ], [ -67.07708, 17.966806000000133 ], [ -67.077637, 17.966806000000133 ], [ -67.077637, 17.966528 ], [ -67.077919, 17.966528 ], [ -67.077919, 17.965973000000133 ], [ -67.078193999999883, 17.965973000000133 ], [ -67.078193999999883, 17.965694000000155 ], [ -67.078476, 17.965694000000155 ], [ -67.078476, 17.964306 ], [ -67.078193999999883, 17.964306 ], [ -67.078193999999883, 17.964027000000101 ], [ -67.077919, 17.964027000000101 ], [ -67.077919, 17.963751000000173 ], [ -67.07708, 17.963751000000173 ], [ -67.07708, 17.963472 ], [ -67.076529999999877, 17.963472 ], [ -67.076529999999877, 17.962641000000133 ], [ -67.076248, 17.962641000000133 ], [ -67.076248, 17.961805 ], [ -67.076529999999877, 17.961805 ], [ -67.076529999999877, 17.960695000000101 ], [ -67.076805, 17.960695000000101 ], [ -67.076805, 17.959305 ], [ -67.07708, 17.959305 ], [ -67.07708, 17.95875 ], [ -67.07736199999988, 17.95875 ], [ -67.07736199999988, 17.958471 ], [ -67.077637, 17.958471 ], [ -67.077637, 17.95819500000016 ], [ -67.078193999999883, 17.95819500000016 ], [ -67.078193999999883, 17.957914000000187 ], [ -67.079024999999888, 17.957914000000187 ], [ -67.079024999999888, 17.95819500000016 ], [ -67.079582, 17.95819500000016 ], [ -67.079582, 17.958471 ], [ -67.079308, 17.958471 ], [ -67.079308, 17.959583 ], [ -67.080414, 17.959583 ], [ -67.080414, 17.959305 ], [ -67.080695999999875, 17.959305 ], [ -67.080695999999875, 17.959026 ], [ -67.081527999999878, 17.959026 ], [ -67.081527999999878, 17.959305 ], [ -67.082085, 17.959305 ], [ -67.082085, 17.959583 ], [ -67.082358999999883, 17.959583 ], [ -67.082358999999883, 17.960136 ], [ -67.083190999999886, 17.960136 ], [ -67.083190999999886, 17.960419000000172 ], [ -67.083748, 17.960419000000172 ], [ -67.083748, 17.960695000000101 ], [ -67.084029999999871, 17.960695000000101 ], [ -67.084029999999871, 17.960419000000172 ], [ -67.086807, 17.960419000000172 ], [ -67.086807, 17.960695000000101 ], [ -67.087082, 17.960695000000101 ], [ -67.087082, 17.961250000000177 ], [ -67.086807, 17.961250000000177 ], [ -67.086807, 17.961529000000155 ], [ -67.085692999999878, 17.961529000000155 ], [ -67.085692999999878, 17.961250000000177 ], [ -67.084862, 17.961250000000177 ], [ -67.084862, 17.960972 ], [ -67.084029999999871, 17.960972 ], [ -67.084029999999871, 17.962358 ], [ -67.084305, 17.962358 ], [ -67.084305, 17.963194000000101 ], [ -67.084029999999871, 17.963194000000101 ], [ -67.084029999999871, 17.963751000000173 ], [ -67.083748, 17.963751000000173 ], [ -67.083748, 17.964027000000101 ], [ -67.082916, 17.964027000000101 ], [ -67.082916, 17.964306 ], [ -67.082358999999883, 17.964306 ], [ -67.082358999999883, 17.965139 ], [ -67.082642, 17.965139 ], [ -67.082642, 17.965694000000155 ], [ -67.082916, 17.965694000000155 ], [ -67.082916, 17.966249 ], [ -67.083748, 17.966249 ], [ -67.083748, 17.965973000000133 ], [ -67.084029999999871, 17.965973000000133 ], [ -67.084029999999871, 17.965694000000155 ], [ -67.085419, 17.965694000000155 ], [ -67.085419, 17.965416 ], [ -67.085692999999878, 17.965416 ], [ -67.085692999999878, 17.965139 ], [ -67.08625, 17.965139 ], [ -67.08625, 17.96486300000015 ], [ -67.086807, 17.96486300000015 ], [ -67.086807, 17.965139 ], [ -67.087364, 17.965139 ], [ -67.087364, 17.96486300000015 ], [ -67.087639, 17.96486300000015 ], [ -67.087639, 17.964306 ], [ -67.087364, 17.964306 ], [ -67.087364, 17.964027000000101 ], [ -67.087082, 17.964027000000101 ], [ -67.087082, 17.963751000000173 ], [ -67.08625, 17.963751000000173 ], [ -67.08625, 17.963472 ], [ -67.085419, 17.963472 ], [ -67.085419, 17.963194000000101 ], [ -67.085692999999878, 17.963194000000101 ], [ -67.085692999999878, 17.962641000000133 ], [ -67.085976, 17.962641000000133 ], [ -67.085976, 17.962358 ], [ -67.086807, 17.962358 ], [ -67.086807, 17.962641000000133 ], [ -67.087914, 17.962641000000133 ], [ -67.087914, 17.962358 ], [ -67.088195999999868, 17.962358 ], [ -67.088195999999868, 17.961805 ], [ -67.087914, 17.961805 ], [ -67.087914, 17.961250000000177 ], [ -67.087639, 17.961250000000177 ], [ -67.087639, 17.960695000000101 ], [ -67.087364, 17.960695000000101 ], [ -67.087364, 17.959305 ], [ -67.087082, 17.959305 ], [ -67.087082, 17.958471 ], [ -67.087364, 17.958471 ], [ -67.087364, 17.957914000000187 ], [ -67.087639, 17.957914000000187 ], [ -67.087639, 17.95764 ], [ -67.087914, 17.95764 ], [ -67.087914, 17.956804 ], [ -67.088195999999868, 17.956804 ], [ -67.088195999999868, 17.955416 ], [ -67.08847, 17.955416 ], [ -67.08847, 17.953751000000182 ], [ -67.088753, 17.953751000000182 ], [ -67.088753, 17.952639 ], [ -67.089027, 17.952639 ], [ -67.089027, 17.952084 ], [ -67.089302, 17.952084 ], [ -67.089302, 17.951805 ], [ -67.089584, 17.951805 ], [ -67.089584, 17.951529 ], [ -67.090141, 17.951529 ], [ -67.090141, 17.950972 ], [ -67.090698, 17.950972 ], [ -67.090698, 17.951250000000186 ], [ -67.091248, 17.951250000000186 ], [ -67.091248, 17.951529 ], [ -67.09153, 17.951529 ], [ -67.09153, 17.951805 ], [ -67.091805, 17.951805 ], [ -67.091805, 17.952362 ], [ -67.092360999999869, 17.952362 ], [ -67.092360999999869, 17.952639 ], [ -67.092636, 17.952639 ], [ -67.092636, 17.952362 ], [ -67.092918, 17.952362 ], [ -67.092918, 17.951250000000186 ], [ -67.093192999999872, 17.951250000000186 ], [ -67.093192999999872, 17.950972 ], [ -67.093475, 17.950972 ], [ -67.093475, 17.95069500000011 ], [ -67.09375, 17.95069500000011 ], [ -67.09375, 17.950417000000186 ], [ -67.094025, 17.950417000000186 ], [ -67.094025, 17.950138 ], [ -67.094582, 17.950138 ], [ -67.094582, 17.950417000000186 ], [ -67.095139, 17.950417000000186 ], [ -67.095139, 17.95069500000011 ], [ -67.095695, 17.95069500000011 ], [ -67.095695, 17.950417000000186 ], [ -67.09597, 17.950417000000186 ], [ -67.09597, 17.949583000000132 ], [ -67.096252, 17.949583000000132 ], [ -67.096252, 17.949306 ], [ -67.096527, 17.949306 ], [ -67.096527, 17.94903 ], [ -67.096802, 17.94903 ], [ -67.096802, 17.948748000000137 ], [ -67.097084, 17.948748000000137 ], [ -67.097084, 17.948473 ], [ -67.097358999999869, 17.948473 ], [ -67.097358999999869, 17.948195 ], [ -67.097916, 17.948195 ], [ -67.097916, 17.947918000000186 ], [ -67.098473, 17.947918000000186 ], [ -67.098473, 17.947639 ], [ -67.098747, 17.947639 ], [ -67.098747, 17.94735900000012 ], [ -67.09903, 17.94735900000012 ], [ -67.09903, 17.947083000000191 ], [ -67.099304, 17.947083000000191 ], [ -67.099304, 17.946808 ], [ -67.099861, 17.946808 ], [ -67.099861, 17.946529 ], [ -67.100693, 17.946529 ], [ -67.100693, 17.946251000000132 ], [ -67.10152399999987, 17.946251000000132 ], [ -67.10152399999987, 17.945972 ], [ -67.102638, 17.945972 ], [ -67.102638, 17.945694 ], [ -67.104027, 17.945694 ], [ -67.104027, 17.945415 ], [ -67.104858, 17.945415 ], [ -67.104858, 17.945694 ], [ -67.105698, 17.945694 ], [ -67.105698, 17.945415 ], [ -67.109024, 17.945415 ], [ -67.109024, 17.945694 ], [ -67.109703, 17.945694 ], [ -67.109863, 17.945694 ], [ -67.109863, 17.945415 ], [ -67.11042, 17.945415 ], [ -67.11042, 17.945694 ], [ -67.112083, 17.945694 ], [ -67.112083, 17.945972 ], [ -67.112358, 17.945972 ], [ -67.112358, 17.946251000000132 ], [ -67.112639999999885, 17.946251000000132 ], [ -67.112639999999885, 17.946529 ], [ -67.112915, 17.946529 ], [ -67.112915, 17.947639 ], [ -67.113747, 17.947639 ], [ -67.113747, 17.946808 ], [ -67.114861, 17.946808 ], [ -67.114861, 17.947083000000191 ], [ -67.115134999999839, 17.947083000000191 ], [ -67.115134999999839, 17.948748000000137 ], [ -67.115417, 17.948748000000137 ], [ -67.115417, 17.949583000000132 ], [ -67.115692, 17.949583000000132 ], [ -67.115692, 17.950138 ], [ -67.117363, 17.950138 ], [ -67.117363, 17.94986200000011 ], [ -67.117637999999886, 17.94986200000011 ], [ -67.117637999999886, 17.949583000000132 ], [ -67.11792, 17.949583000000132 ], [ -67.11792, 17.94903 ], [ -67.117637999999886, 17.94903 ], [ -67.117637999999886, 17.948195 ], [ -67.117363, 17.948195 ], [ -67.117363, 17.947918000000186 ], [ -67.116805999999883, 17.947918000000186 ], [ -67.116805999999883, 17.947639 ], [ -67.116249, 17.947639 ], [ -67.116249, 17.947083000000191 ], [ -67.116805999999883, 17.947083000000191 ], [ -67.116805999999883, 17.946808 ], [ -67.117081, 17.946808 ], [ -67.117081, 17.946529 ], [ -67.117637999999886, 17.946529 ], [ -67.117637999999886, 17.946808 ], [ -67.11792, 17.946808 ], [ -67.11792, 17.946529 ], [ -67.118195, 17.946529 ], [ -67.118195, 17.946808 ], [ -67.118468999999891, 17.946808 ], [ -67.118468999999891, 17.946529 ], [ -67.118752, 17.946529 ], [ -67.118752, 17.946808 ], [ -67.119583, 17.946808 ], [ -67.119583, 17.947083000000191 ], [ -67.119858, 17.947083000000191 ], [ -67.119858, 17.94735900000012 ], [ -67.120415, 17.94735900000012 ], [ -67.120415, 17.946808 ], [ -67.120697, 17.946808 ], [ -67.120697, 17.946529 ], [ -67.121246, 17.946529 ], [ -67.121246, 17.946251000000132 ], [ -67.121802999999886, 17.946251000000132 ], [ -67.121802999999886, 17.945972 ], [ -67.122086, 17.945972 ], [ -67.122086, 17.946251000000132 ], [ -67.12236, 17.946251000000132 ], [ -67.12236, 17.945972 ], [ -67.122643, 17.945972 ], [ -67.122643, 17.946251000000132 ], [ -67.122917, 17.946251000000132 ], [ -67.122917, 17.945972 ], [ -67.123192, 17.945972 ], [ -67.123192, 17.946251000000132 ], [ -67.124863, 17.946251000000132 ], [ -67.124863, 17.945972 ], [ -67.12542, 17.945972 ], [ -67.12542, 17.946251000000132 ], [ -67.126251, 17.946251000000132 ], [ -67.126251, 17.946808 ], [ -67.127357, 17.946808 ], [ -67.127357, 17.946529 ], [ -67.127914, 17.946529 ], [ -67.127914, 17.946808 ], [ -67.128470999999877, 17.946808 ], [ -67.128470999999877, 17.947083000000191 ], [ -67.128753999999844, 17.947083000000191 ], [ -67.128753999999844, 17.947918000000186 ], [ -67.128470999999877, 17.947918000000186 ], [ -67.128470999999877, 17.948473 ], [ -67.127914, 17.948473 ], [ -67.127914, 17.948748000000137 ], [ -67.12764, 17.948748000000137 ], [ -67.12764, 17.94903 ], [ -67.127083, 17.94903 ], [ -67.127083, 17.949583000000132 ], [ -67.126808, 17.949583000000132 ], [ -67.126808, 17.950138 ], [ -67.127083, 17.950138 ], [ -67.127083, 17.95069500000011 ], [ -67.127914, 17.95069500000011 ], [ -67.127914, 17.950417000000186 ], [ -67.128197, 17.950417000000186 ], [ -67.128197, 17.950138 ], [ -67.128470999999877, 17.950138 ], [ -67.128470999999877, 17.949583000000132 ], [ -67.128753999999844, 17.949583000000132 ], [ -67.128753999999844, 17.949306 ], [ -67.129028, 17.949306 ], [ -67.129028, 17.94903 ], [ -67.129302999999879, 17.94903 ], [ -67.129302999999879, 17.948748000000137 ], [ -67.130692, 17.948748000000137 ], [ -67.130692, 17.948473 ], [ -67.130974, 17.948473 ], [ -67.130974, 17.948748000000137 ], [ -67.131248, 17.948748000000137 ], [ -67.131248, 17.94903 ], [ -67.13208, 17.94903 ], [ -67.13208, 17.949306 ], [ -67.132362, 17.949306 ], [ -67.132362, 17.949583000000132 ], [ -67.132918999999845, 17.949583000000132 ], [ -67.132918999999845, 17.94986200000011 ], [ -67.133468999999877, 17.94986200000011 ], [ -67.133468999999877, 17.950138 ], [ -67.134583, 17.950138 ], [ -67.134583, 17.950417000000186 ], [ -67.135139, 17.950417000000186 ], [ -67.135139, 17.951250000000186 ], [ -67.135414, 17.951250000000186 ], [ -67.135414, 17.951805 ], [ -67.135696, 17.951805 ], [ -67.135696, 17.952362 ], [ -67.136252999999897, 17.952362 ], [ -67.136252999999897, 17.952639 ], [ -67.138748, 17.952639 ], [ -67.138748, 17.952917 ], [ -67.139305, 17.952917 ], [ -67.139305, 17.95319400000011 ], [ -67.140418999999895, 17.95319400000011 ], [ -67.140418999999895, 17.953472 ], [ -67.142081999999846, 17.953472 ], [ -67.142081999999846, 17.953751000000182 ], [ -67.143471, 17.953751000000182 ], [ -67.143471, 17.95402700000011 ], [ -67.145691, 17.95402700000011 ], [ -67.145691, 17.953751000000182 ], [ -67.146805, 17.953751000000182 ], [ -67.146805, 17.953472 ], [ -67.147918999999888, 17.953472 ], [ -67.147918999999888, 17.953751000000182 ], [ -67.148476, 17.953751000000182 ], [ -67.148476, 17.954306 ], [ -67.148749999999893, 17.954306 ], [ -67.148749999999893, 17.954582000000187 ], [ -67.149307, 17.954582000000187 ], [ -67.149307, 17.954861 ], [ -67.149864, 17.954861 ], [ -67.149864, 17.955139 ], [ -67.15097, 17.955139 ], [ -67.15097, 17.954861 ], [ -67.151252999999883, 17.954861 ], [ -67.151252999999883, 17.954582000000187 ], [ -67.152641, 17.954582000000187 ], [ -67.152641, 17.954306 ], [ -67.154305, 17.954306 ], [ -67.154305, 17.95402700000011 ], [ -67.157364, 17.95402700000011 ], [ -67.157364, 17.953472 ], [ -67.159027, 17.953472 ], [ -67.159027, 17.956804 ], [ -67.159302, 17.956804 ], [ -67.159302, 17.957083000000182 ], [ -67.159583999999882, 17.957083000000182 ], [ -67.159583999999882, 17.957361000000105 ], [ -67.159859, 17.957361000000105 ], [ -67.159859, 17.957914000000187 ], [ -67.160141, 17.957914000000187 ], [ -67.160141, 17.95819500000016 ], [ -67.160698, 17.95819500000016 ], [ -67.160698, 17.958471 ], [ -67.160973, 17.958471 ], [ -67.160973, 17.959026 ], [ -67.16153, 17.959026 ], [ -67.16153, 17.959305 ], [ -67.161804, 17.959305 ], [ -67.161804, 17.959583 ], [ -67.162086, 17.959583 ], [ -67.162086, 17.959862000000101 ], [ -67.162361, 17.959862000000101 ], [ -67.162361, 17.960419000000172 ], [ -67.162636, 17.960419000000172 ], [ -67.162636, 17.960972 ], [ -67.162918, 17.960972 ], [ -67.162918, 17.961250000000177 ], [ -67.163475, 17.961250000000177 ], [ -67.163475, 17.961529000000155 ], [ -67.164024, 17.961529000000155 ], [ -67.164024, 17.961805 ], [ -67.164864, 17.961805 ], [ -67.164864, 17.962084 ], [ -67.165138, 17.962084 ], [ -67.165138, 17.962358 ], [ -67.166527, 17.962358 ], [ -67.166527, 17.962641000000133 ], [ -67.167358, 17.962641000000133 ], [ -67.167358, 17.962917 ], [ -67.16791499999988, 17.962917 ], [ -67.16791499999988, 17.963194000000101 ], [ -67.168472, 17.963194000000101 ], [ -67.168472, 17.963472 ], [ -67.169029, 17.963472 ], [ -67.169029, 17.963751000000173 ], [ -67.169304, 17.963751000000173 ], [ -67.169304, 17.964027000000101 ], [ -67.170692, 17.964027000000101 ], [ -67.170692, 17.963751000000173 ], [ -67.171524, 17.963751000000173 ], [ -67.171524, 17.964027000000101 ], [ -67.171806, 17.964027000000101 ], [ -67.171806, 17.964306 ], [ -67.172362999999848, 17.964306 ], [ -67.172362999999848, 17.964582000000178 ], [ -67.17292, 17.964582000000178 ], [ -67.17292, 17.964306 ], [ -67.173194999999851, 17.964306 ], [ -67.173194999999851, 17.964582000000178 ], [ -67.174026, 17.964582000000178 ], [ -67.174026, 17.96486300000015 ], [ -67.174309, 17.96486300000015 ], [ -67.174309, 17.964582000000178 ], [ -67.175697, 17.964582000000178 ], [ -67.175697, 17.964027000000101 ], [ -67.175972, 17.964027000000101 ], [ -67.175972, 17.963751000000173 ], [ -67.176529, 17.963751000000173 ], [ -67.176529, 17.964306 ], [ -67.177635, 17.964306 ], [ -67.177635, 17.964582000000178 ], [ -67.179581, 17.964582000000178 ], [ -67.179581, 17.964306 ], [ -67.179862999999898, 17.964306 ], [ -67.179862999999898, 17.964027000000101 ], [ -67.180138, 17.964027000000101 ], [ -67.180138, 17.963751000000173 ], [ -67.181525999999849, 17.963751000000173 ], [ -67.181525999999849, 17.963194000000101 ], [ -67.182083, 17.963194000000101 ], [ -67.182083, 17.962917 ], [ -67.182357999999851, 17.962917 ], [ -67.182357999999851, 17.963194000000101 ], [ -67.182915, 17.963194000000101 ], [ -67.182915, 17.962917 ], [ -67.183196999999893, 17.962917 ], [ -67.183196999999893, 17.962641000000133 ], [ -67.184028999999896, 17.962641000000133 ], [ -67.184028999999896, 17.962358 ], [ -67.184303, 17.962358 ], [ -67.184303, 17.961805 ], [ -67.184586, 17.961805 ], [ -67.184586, 17.961529000000155 ], [ -67.18486, 17.961529000000155 ], [ -67.18486, 17.961250000000177 ], [ -67.185143, 17.961250000000177 ], [ -67.185143, 17.960972 ], [ -67.185692, 17.960972 ], [ -67.185692, 17.960695000000101 ], [ -67.185974, 17.960695000000101 ], [ -67.185974, 17.960136 ], [ -67.186530999999889, 17.960136 ], [ -67.186530999999889, 17.959862000000101 ], [ -67.18680599999982, 17.959862000000101 ], [ -67.18680599999982, 17.959305 ], [ -67.187362999999891, 17.959305 ], [ -67.187362999999891, 17.959026 ], [ -67.187637, 17.959026 ], [ -67.187637, 17.958471 ], [ -67.18792, 17.958471 ], [ -67.18792, 17.95819500000016 ], [ -67.188469, 17.95819500000016 ], [ -67.188469, 17.957914000000187 ], [ -67.188751, 17.957914000000187 ], [ -67.188751, 17.95764 ], [ -67.189025999999899, 17.95764 ], [ -67.189025999999899, 17.957361000000105 ], [ -67.189308, 17.957361000000105 ], [ -67.189308, 17.957083000000182 ], [ -67.189583, 17.957083000000182 ], [ -67.189583, 17.956804 ], [ -67.189857, 17.956804 ], [ -67.189857, 17.956528000000105 ], [ -67.19014, 17.956528000000105 ], [ -67.19014, 17.955416 ], [ -67.190414, 17.955416 ], [ -67.190414, 17.955139 ], [ -67.190696999999886, 17.955139 ], [ -67.190696999999886, 17.954861 ], [ -67.19097099999982, 17.954861 ], [ -67.19097099999982, 17.954306 ], [ -67.191527999999892, 17.954306 ], [ -67.191527999999892, 17.953751000000182 ], [ -67.191803, 17.953751000000182 ], [ -67.191803, 17.952362 ], [ -67.192085, 17.952362 ], [ -67.192085, 17.952084 ], [ -67.191803, 17.952084 ], [ -67.191803, 17.95069500000011 ], [ -67.191527999999892, 17.95069500000011 ], [ -67.191527999999892, 17.950138 ], [ -67.19097099999982, 17.950138 ], [ -67.19097099999982, 17.94986200000011 ], [ -67.190696999999886, 17.94986200000011 ], [ -67.190696999999886, 17.949583000000132 ], [ -67.190414, 17.949583000000132 ], [ -67.190414, 17.949306 ], [ -67.19014, 17.949306 ], [ -67.19014, 17.948473 ], [ -67.189857, 17.948473 ], [ -67.189857, 17.946529 ], [ -67.19014, 17.946529 ], [ -67.19014, 17.944305 ], [ -67.189857, 17.944305 ], [ -67.189857, 17.943750000000136 ], [ -67.189583, 17.943750000000136 ], [ -67.189583, 17.943472 ], [ -67.189308, 17.943472 ], [ -67.189308, 17.942917000000136 ], [ -67.189025999999899, 17.942917000000136 ], [ -67.189025999999899, 17.942638000000102 ], [ -67.188751, 17.942638000000102 ], [ -67.188751, 17.942083 ], [ -67.188469, 17.942083 ], [ -67.188469, 17.941805000000102 ], [ -67.188193999999896, 17.941805000000102 ], [ -67.188193999999896, 17.94125 ], [ -67.187362999999891, 17.94125 ], [ -67.187362999999891, 17.940971 ], [ -67.18708, 17.940971 ], [ -67.18708, 17.940695000000119 ], [ -67.186530999999889, 17.940695000000119 ], [ -67.186530999999889, 17.940416000000141 ], [ -67.186249, 17.940416000000141 ], [ -67.186249, 17.94014 ], [ -67.185417, 17.94014 ], [ -67.185417, 17.939861 ], [ -67.18486, 17.939861 ], [ -67.18486, 17.939583000000141 ], [ -67.184303, 17.939583000000141 ], [ -67.184303, 17.939306000000101 ], [ -67.183746, 17.939306000000101 ], [ -67.183746, 17.939028 ], [ -67.183472, 17.939028 ], [ -67.183472, 17.937916 ], [ -67.183746, 17.937916 ], [ -67.183746, 17.937363000000119 ], [ -67.182915, 17.937363000000119 ], [ -67.182915, 17.935694 ], [ -67.18264, 17.935694 ], [ -67.18264, 17.935141000000101 ], [ -67.182915, 17.935141000000101 ], [ -67.182915, 17.93291900000014 ], [ -67.18264, 17.93291900000014 ], [ -67.18264, 17.932636000000173 ], [ -67.182915, 17.932636000000173 ], [ -67.182915, 17.931805000000168 ], [ -67.183196999999893, 17.931805000000168 ], [ -67.183196999999893, 17.931526000000133 ], [ -67.183472, 17.931526000000133 ], [ -67.183472, 17.93125 ], [ -67.184028999999896, 17.93125 ], [ -67.184028999999896, 17.930695000000128 ], [ -67.186530999999889, 17.930695000000128 ], [ -67.186530999999889, 17.930973 ], [ -67.187362999999891, 17.930973 ], [ -67.187362999999891, 17.93125 ], [ -67.18792, 17.93125 ], [ -67.18792, 17.932083 ], [ -67.188193999999896, 17.932083 ], [ -67.188193999999896, 17.934029000000123 ], [ -67.18792, 17.934029000000123 ], [ -67.18792, 17.934584 ], [ -67.187637, 17.934584 ], [ -67.187637, 17.934858000000133 ], [ -67.18792, 17.934858000000133 ], [ -67.18792, 17.935417 ], [ -67.188193999999896, 17.935417 ], [ -67.188193999999896, 17.935694 ], [ -67.189857, 17.935694 ], [ -67.189857, 17.934858000000133 ], [ -67.189583, 17.934858000000133 ], [ -67.189583, 17.934029000000123 ], [ -67.189857, 17.934029000000123 ], [ -67.189857, 17.933472 ], [ -67.19014, 17.933472 ], [ -67.19014, 17.933195 ], [ -67.190414, 17.933195 ], [ -67.190414, 17.93291900000014 ], [ -67.19097099999982, 17.93291900000014 ], [ -67.19097099999982, 17.932636000000173 ], [ -67.191803, 17.932636000000173 ], [ -67.191803, 17.932362 ], [ -67.192085, 17.932362 ], [ -67.192085, 17.932083 ], [ -67.19458, 17.932083 ], [ -67.19458, 17.932362 ], [ -67.194861999999887, 17.932362 ], [ -67.194861999999887, 17.932636000000173 ], [ -67.195419, 17.932636000000173 ], [ -67.195419, 17.93291900000014 ], [ -67.195693999999889, 17.93291900000014 ], [ -67.195693999999889, 17.933195 ], [ -67.196251, 17.933195 ], [ -67.196251, 17.934584 ], [ -67.196808, 17.934584 ], [ -67.196808, 17.935417 ], [ -67.197083, 17.935417 ], [ -67.197083, 17.937639 ], [ -67.196808, 17.937639 ], [ -67.196808, 17.938194000000124 ], [ -67.196525999999892, 17.938194000000124 ], [ -67.196525999999892, 17.938473000000101 ], [ -67.195693999999889, 17.938473000000101 ], [ -67.195693999999889, 17.938749 ], [ -67.194861999999887, 17.938749 ], [ -67.194861999999887, 17.939306000000101 ], [ -67.194305, 17.939306000000101 ], [ -67.194305, 17.939583000000141 ], [ -67.193748, 17.939583000000141 ], [ -67.193748, 17.939861 ], [ -67.193474, 17.939861 ], [ -67.193474, 17.94014 ], [ -67.193191999999897, 17.94014 ], [ -67.193191999999897, 17.940971 ], [ -67.193474, 17.940971 ], [ -67.193474, 17.943195 ], [ -67.194305, 17.943195 ], [ -67.194305, 17.943472 ], [ -67.19458, 17.943472 ], [ -67.19458, 17.943750000000136 ], [ -67.194861999999887, 17.943750000000136 ], [ -67.194861999999887, 17.945694 ], [ -67.19458, 17.945694 ], [ -67.19458, 17.946251000000132 ], [ -67.194305, 17.946251000000132 ], [ -67.194305, 17.946808 ], [ -67.194031, 17.946808 ], [ -67.194031, 17.947918000000186 ], [ -67.194305, 17.947918000000186 ], [ -67.194305, 17.949306 ], [ -67.19458, 17.949306 ], [ -67.19458, 17.94986200000011 ], [ -67.194861999999887, 17.94986200000011 ], [ -67.194861999999887, 17.950138 ], [ -67.195137, 17.950138 ], [ -67.195137, 17.950417000000186 ], [ -67.195419, 17.950417000000186 ], [ -67.195419, 17.95069500000011 ], [ -67.19596899999982, 17.95069500000011 ], [ -67.19596899999982, 17.950972 ], [ -67.196525999999892, 17.950972 ], [ -67.196525999999892, 17.951250000000186 ], [ -67.196808, 17.951250000000186 ], [ -67.196808, 17.951529 ], [ -67.197083, 17.951529 ], [ -67.197083, 17.951805 ], [ -67.197365, 17.951805 ], [ -67.197365, 17.952084 ], [ -67.198196, 17.952084 ], [ -67.198196, 17.952362 ], [ -67.198753, 17.952362 ], [ -67.198753, 17.952639 ], [ -67.199585, 17.952639 ], [ -67.199585, 17.952917 ], [ -67.200142, 17.952917 ], [ -67.200142, 17.95319400000011 ], [ -67.202637, 17.95319400000011 ], [ -67.202637, 17.953472 ], [ -67.203475999999853, 17.953472 ], [ -67.203475999999853, 17.953751000000182 ], [ -67.204582, 17.953751000000182 ], [ -67.204582, 17.95402700000011 ], [ -67.205139, 17.95402700000011 ], [ -67.205139, 17.954306 ], [ -67.207916, 17.954306 ], [ -67.207916, 17.95402700000011 ], [ -67.20903, 17.95402700000011 ], [ -67.20903, 17.953751000000182 ], [ -67.210419, 17.953751000000182 ], [ -67.210419, 17.953472 ], [ -67.211525, 17.953472 ], [ -67.211525, 17.95319400000011 ], [ -67.211807, 17.95319400000011 ], [ -67.211807, 17.952362 ], [ -67.212082, 17.952362 ], [ -67.212082, 17.951805 ], [ -67.212914, 17.951805 ], [ -67.212914, 17.952639 ], [ -67.213196, 17.952639 ], [ -67.213196, 17.952362 ], [ -67.21347, 17.952362 ], [ -67.21347, 17.952084 ], [ -67.213753, 17.952084 ], [ -67.213753, 17.951805 ], [ -67.214027, 17.951805 ], [ -67.214027, 17.951250000000186 ], [ -67.214859, 17.951250000000186 ], [ -67.214859, 17.951529 ], [ -67.215141, 17.951529 ], [ -67.215141, 17.952639 ], [ -67.214859, 17.952639 ], [ -67.214859, 17.952917 ], [ -67.214584, 17.952917 ], [ -67.214584, 17.95319400000011 ], [ -67.214027, 17.95319400000011 ], [ -67.214027, 17.953472 ], [ -67.213196, 17.953472 ], [ -67.213196, 17.953751000000182 ], [ -67.212914, 17.953751000000182 ], [ -67.212914, 17.95402700000011 ], [ -67.212364, 17.95402700000011 ], [ -67.212364, 17.955139 ], [ -67.212082, 17.955139 ], [ -67.212082, 17.956528000000105 ], [ -67.212364, 17.956528000000105 ], [ -67.212364, 17.95819500000016 ], [ -67.212638999999854, 17.95819500000016 ], [ -67.212638999999854, 17.95875 ], [ -67.212914, 17.95875 ], [ -67.212914, 17.959026 ], [ -67.213196, 17.959026 ], [ -67.213196, 17.959862000000101 ], [ -67.21347, 17.959862000000101 ], [ -67.21347, 17.960136 ], [ -67.213753, 17.960136 ], [ -67.213753, 17.961250000000177 ], [ -67.214027, 17.961250000000177 ], [ -67.214027, 17.962084 ], [ -67.214302, 17.962084 ], [ -67.214302, 17.963194000000101 ], [ -67.214584, 17.963194000000101 ], [ -67.214584, 17.964306 ], [ -67.214302, 17.964306 ], [ -67.214302, 17.96486300000015 ], [ -67.214027, 17.96486300000015 ], [ -67.214027, 17.965973000000133 ], [ -67.213753, 17.965973000000133 ], [ -67.213753, 17.966806000000133 ], [ -67.21347, 17.966806000000133 ], [ -67.21347, 17.967361 ], [ -67.213196, 17.967361 ], [ -67.213196, 17.968193000000156 ], [ -67.212914, 17.968193000000156 ], [ -67.212914, 17.969303 ], [ -67.212638999999854, 17.969303 ], [ -67.212638999999854, 17.969862 ], [ -67.212364, 17.969862 ], [ -67.212364, 17.971251 ], [ -67.212638999999854, 17.971251 ], [ -67.212638999999854, 17.972086 ], [ -67.212914, 17.972086 ], [ -67.212914, 17.973473 ], [ -67.213196, 17.973473 ], [ -67.213196, 17.975416 ], [ -67.212914, 17.975416 ], [ -67.212914, 17.977083000000107 ], [ -67.213196, 17.977083000000107 ], [ -67.213196, 17.977917 ], [ -67.21347, 17.977917 ], [ -67.21347, 17.978472000000124 ], [ -67.213753, 17.978472000000124 ], [ -67.213753, 17.979305000000124 ], [ -67.214027, 17.979305000000124 ], [ -67.214027, 17.97986 ], [ -67.214302, 17.97986 ], [ -67.214302, 17.980972 ], [ -67.214584, 17.980972 ], [ -67.214584, 17.98180600000012 ], [ -67.214859, 17.98180600000012 ], [ -67.214859, 17.982084 ], [ -67.215141, 17.982084 ], [ -67.215141, 17.982916000000102 ], [ -67.215416, 17.982916000000102 ], [ -67.215416, 17.98597100000012 ], [ -67.215141, 17.98597100000012 ], [ -67.215141, 17.986526 ], [ -67.214859, 17.986526 ], [ -67.214859, 17.98763700000012 ], [ -67.214584, 17.98763700000012 ], [ -67.214584, 17.987919 ], [ -67.214302, 17.987919 ], [ -67.214302, 17.989029000000187 ], [ -67.214027, 17.989029000000187 ], [ -67.214027, 17.989305000000115 ], [ -67.213753, 17.989305000000115 ], [ -67.213753, 17.989584 ], [ -67.21347, 17.989584 ], [ -67.21347, 17.989861 ], [ -67.213196, 17.989861 ], [ -67.213196, 17.990141000000165 ], [ -67.212914, 17.990141000000165 ], [ -67.212914, 17.991249 ], [ -67.213196, 17.991249 ], [ -67.213196, 17.992083 ], [ -67.21347, 17.992083 ], [ -67.21347, 17.992916 ], [ -67.212914, 17.992916 ], [ -67.212914, 17.993195 ], [ -67.212364, 17.993195 ], [ -67.212364, 17.993471 ], [ -67.211807, 17.993471 ], [ -67.211807, 17.994028 ], [ -67.211525, 17.994028 ], [ -67.211525, 17.994583 ], [ -67.21125, 17.994583 ], [ -67.21125, 17.994862000000182 ], [ -67.210976, 17.994862000000182 ], [ -67.210976, 17.995138000000111 ], [ -67.210419, 17.995138000000111 ], [ -67.210419, 17.995417 ], [ -67.210136, 17.995417 ], [ -67.210136, 17.995972000000165 ], [ -67.209862, 17.995972000000165 ], [ -67.209862, 17.99625 ], [ -67.209587, 17.99625 ], [ -67.209587, 17.996805000000165 ], [ -67.20903, 17.996805000000165 ], [ -67.20903, 17.99736 ], [ -67.208472999999856, 17.99736 ], [ -67.208472999999856, 17.997639000000106 ], [ -67.208190999999886, 17.997639000000106 ], [ -67.208190999999886, 17.997915 ], [ -67.207916, 17.997915 ], [ -67.207916, 17.998194000000183 ], [ -67.207642, 17.998194000000183 ], [ -67.207642, 17.998472000000106 ], [ -67.207085, 17.998472000000106 ], [ -67.207085, 17.998751 ], [ -67.206802, 17.998751 ], [ -67.206802, 17.999025000000188 ], [ -67.205971, 17.999025000000188 ], [ -67.205971, 17.999308000000156 ], [ -67.205696, 17.999308000000156 ], [ -67.205696, 17.999584 ], [ -67.205139, 17.999584 ], [ -67.205139, 17.999861 ], [ -67.202362, 17.999861 ], [ -67.202362, 18.000137000000166 ], [ -67.202362, 18.000416 ], [ -67.201805, 18.000416 ], [ -67.201805, 18.000694 ], [ -67.20153, 18.000694 ], [ -67.20153, 18.000973 ], [ -67.200974, 18.000973 ], [ -67.200974, 18.001247 ], [ -67.200690999999892, 18.001247 ], [ -67.200690999999892, 18.001530000000173 ], [ -67.200142, 18.001530000000173 ], [ -67.200142, 18.001806 ], [ -67.199585, 18.001806 ], [ -67.199585, 18.002083 ], [ -67.199027999999885, 18.002083 ], [ -67.199027999999885, 18.002361000000178 ], [ -67.197639, 18.002361000000178 ], [ -67.197639, 18.002642000000151 ], [ -67.195693999999889, 18.002642000000151 ], [ -67.195693999999889, 18.002916 ], [ -67.194305, 18.002916 ], [ -67.194305, 18.003195 ], [ -67.194031, 18.003195 ], [ -67.194031, 18.003471000000161 ], [ -67.193748, 18.003471000000161 ], [ -67.193748, 18.003752000000134 ], [ -67.193191999999897, 18.003752000000134 ], [ -67.193191999999897, 18.004028 ], [ -67.192642, 18.004028 ], [ -67.192642, 18.004305 ], [ -67.192085, 18.004305 ], [ -67.192085, 18.004583 ], [ -67.191254, 18.004583 ], [ -67.191254, 18.004862000000173 ], [ -67.190696999999886, 18.004862000000173 ], [ -67.190696999999886, 18.005138 ], [ -67.19014, 18.005138 ], [ -67.19014, 18.005417 ], [ -67.189583, 18.005417 ], [ -67.189583, 18.005695000000173 ], [ -67.189308, 18.005695000000173 ], [ -67.189308, 18.005974000000151 ], [ -67.188751, 18.005974000000151 ], [ -67.188751, 18.00625 ], [ -67.18792, 18.00625 ], [ -67.18792, 18.006527 ], [ -67.187362999999891, 18.006527 ], [ -67.187362999999891, 18.006805000000156 ], [ -67.18680599999982, 18.006805000000156 ], [ -67.18680599999982, 18.007084000000134 ], [ -67.185974, 18.007084000000134 ], [ -67.185974, 18.00736 ], [ -67.185417, 18.00736 ], [ -67.185417, 18.007639 ], [ -67.184303, 18.007639 ], [ -67.184303, 18.007917000000134 ], [ -67.183746, 18.007917000000134 ], [ -67.183746, 18.008192000000179 ], [ -67.182915, 18.008192000000179 ], [ -67.182915, 18.008472 ], [ -67.182083, 18.008472 ], [ -67.182083, 18.008751 ], [ -67.181252, 18.008751 ], [ -67.181252, 18.009027000000174 ], [ -67.179030999999895, 18.009027000000174 ], [ -67.179030999999895, 18.008751 ], [ -67.177917, 18.008751 ], [ -67.177917, 18.008472 ], [ -67.177360999999848, 18.008472 ], [ -67.177360999999848, 18.008751 ], [ -67.176804, 18.008751 ], [ -67.176804, 18.009027000000174 ], [ -67.176529, 18.009027000000174 ], [ -67.176529, 18.009304000000157 ], [ -67.176247, 18.009304000000157 ], [ -67.176247, 18.009583000000134 ], [ -67.175972, 18.009583000000134 ], [ -67.175972, 18.009861 ], [ -67.175697, 18.009861 ], [ -67.175697, 18.010139000000152 ], [ -67.175415, 18.010139000000152 ], [ -67.175415, 18.010414 ], [ -67.17514, 18.010414 ], [ -67.17514, 18.010695000000112 ], [ -67.174858, 18.010695000000112 ], [ -67.174858, 18.010973 ], [ -67.174583, 18.010973 ], [ -67.174583, 18.01125 ], [ -67.174309, 18.01125 ], [ -67.174309, 18.011526000000174 ], [ -67.174026, 18.011526000000174 ], [ -67.174026, 18.012083 ], [ -67.173752, 18.012083 ], [ -67.173752, 18.012362 ], [ -67.17347, 18.012362 ], [ -67.17347, 18.013748000000135 ], [ -67.173194999999851, 18.013748000000135 ], [ -67.173194999999851, 18.015141000000142 ], [ -67.17292, 18.015141000000142 ], [ -67.17292, 18.016251000000125 ], [ -67.172638, 18.016251000000125 ], [ -67.172638, 18.017361000000108 ], [ -67.172362999999848, 18.017361000000108 ], [ -67.172362999999848, 18.018749 ], [ -67.172081, 18.018749 ], [ -67.172081, 18.021805000000143 ], [ -67.172362999999848, 18.021805000000143 ], [ -67.172362999999848, 18.022638000000143 ], [ -67.172638, 18.022638000000143 ], [ -67.172638, 18.02291700000012 ], [ -67.17292, 18.02291700000012 ], [ -67.17292, 18.023193 ], [ -67.173194999999851, 18.023193 ], [ -67.173194999999851, 18.023472 ], [ -67.17347, 18.023472 ], [ -67.17347, 18.023750000000121 ], [ -67.173752, 18.023750000000121 ], [ -67.173752, 18.024027000000103 ], [ -67.174026, 18.024027000000103 ], [ -67.174026, 18.024305 ], [ -67.174309, 18.024305 ], [ -67.174309, 18.024584 ], [ -67.174583, 18.024584 ], [ -67.174583, 18.024860000000103 ], [ -67.17514, 18.024860000000103 ], [ -67.17514, 18.025139 ], [ -67.175415, 18.025139 ], [ -67.175415, 18.025415 ], [ -67.175972, 18.025415 ], [ -67.175972, 18.025694 ], [ -67.176804, 18.025694 ], [ -67.176804, 18.027082000000121 ], [ -67.177635, 18.027082000000121 ], [ -67.177635, 18.026529 ], [ -67.177917, 18.026529 ], [ -67.177917, 18.026251000000116 ], [ -67.178192, 18.026251000000116 ], [ -67.178192, 18.025972 ], [ -67.180138, 18.025972 ], [ -67.180138, 18.026251000000116 ], [ -67.18042, 18.026251000000116 ], [ -67.18042, 18.027361 ], [ -67.180138, 18.027361 ], [ -67.180138, 18.028473 ], [ -67.179862999999898, 18.028473 ], [ -67.179862999999898, 18.02903 ], [ -67.180138, 18.02903 ], [ -67.180138, 18.029306 ], [ -67.180969, 18.029306 ], [ -67.180969, 18.029583000000116 ], [ -67.181525999999849, 18.029583000000116 ], [ -67.181525999999849, 18.028194 ], [ -67.181807999999819, 18.028194 ], [ -67.181807999999819, 18.02791800000017 ], [ -67.182083, 18.02791800000017 ], [ -67.182083, 18.027637 ], [ -67.182357999999851, 18.027637 ], [ -67.182357999999851, 18.027082000000121 ], [ -67.184303, 18.027082000000121 ], [ -67.184303, 18.027637 ], [ -67.185143, 18.027637 ], [ -67.185143, 18.02791800000017 ], [ -67.185417, 18.02791800000017 ], [ -67.185417, 18.027637 ], [ -67.185692, 18.027637 ], [ -67.185692, 18.028194 ], [ -67.185974, 18.028194 ], [ -67.185974, 18.028748000000121 ], [ -67.185692, 18.028748000000121 ], [ -67.185692, 18.030140000000188 ], [ -67.186249, 18.030140000000188 ], [ -67.186249, 18.030416000000116 ], [ -67.18680599999982, 18.030416000000116 ], [ -67.18680599999982, 18.030140000000188 ], [ -67.18708, 18.030140000000188 ], [ -67.18708, 18.029861 ], [ -67.187362999999891, 18.029861 ], [ -67.187362999999891, 18.029583000000116 ], [ -67.188469, 18.029583000000116 ], [ -67.188469, 18.029861 ], [ -67.189025999999899, 18.029861 ], [ -67.189025999999899, 18.030140000000188 ], [ -67.189583, 18.030140000000188 ], [ -67.189583, 18.030416000000116 ], [ -67.191254, 18.030416000000116 ], [ -67.191254, 18.030695 ], [ -67.191803, 18.030695 ], [ -67.191803, 18.030972 ], [ -67.192642, 18.030972 ], [ -67.192642, 18.031252000000165 ], [ -67.193191999999897, 18.031252000000165 ], [ -67.193191999999897, 18.031528 ], [ -67.193748, 18.031528 ], [ -67.193748, 18.031805 ], [ -67.19596899999982, 18.031805 ], [ -67.19596899999982, 18.032364 ], [ -67.196525999999892, 18.032364 ], [ -67.196525999999892, 18.032084000000111 ], [ -67.196808, 18.032084000000111 ], [ -67.196808, 18.032364 ], [ -67.197639, 18.032364 ], [ -67.197639, 18.032084000000111 ], [ -67.198196, 18.032084000000111 ], [ -67.198196, 18.032364 ], [ -67.198753, 18.032364 ], [ -67.198753, 18.032639000000188 ], [ -67.199303, 18.032639000000188 ], [ -67.199303, 18.032917000000111 ], [ -67.200417, 18.032917000000111 ], [ -67.200417, 18.033194 ], [ -67.200690999999892, 18.033194 ], [ -67.200690999999892, 18.032917000000111 ], [ -67.201248, 18.032917000000111 ], [ -67.201248, 18.033194 ], [ -67.20153, 18.033194 ], [ -67.20153, 18.033472000000188 ], [ -67.20208, 18.033472000000188 ], [ -67.20208, 18.033751000000166 ], [ -67.202362, 18.033751000000166 ], [ -67.202362, 18.034027 ], [ -67.202637, 18.034027 ], [ -67.202637, 18.034306 ], [ -67.202919, 18.034306 ], [ -67.202919, 18.034582000000171 ], [ -67.203475999999853, 18.034582000000171 ], [ -67.203475999999853, 18.034861 ], [ -67.203751, 18.034861 ], [ -67.203751, 18.035973000000183 ], [ -67.205971, 18.035973000000183 ], [ -67.205971, 18.035694 ], [ -67.207085, 18.035694 ], [ -67.207085, 18.035418 ], [ -67.207642, 18.035418 ], [ -67.207642, 18.035139 ], [ -67.209862, 18.035139 ], [ -67.209862, 18.036804000000188 ], [ -67.209587, 18.036804000000188 ], [ -67.209587, 18.037083000000166 ], [ -67.209305, 18.037083000000166 ], [ -67.209305, 18.03764 ], [ -67.20903, 18.03764 ], [ -67.20903, 18.037914000000171 ], [ -67.208748, 18.037914000000171 ], [ -67.208748, 18.038195 ], [ -67.208472999999856, 18.038195 ], [ -67.208472999999856, 18.038473 ], [ -67.208190999999886, 18.038473 ], [ -67.208190999999886, 18.03875 ], [ -67.207916, 18.03875 ], [ -67.207916, 18.039026 ], [ -67.207642, 18.039026 ], [ -67.207642, 18.039305000000184 ], [ -67.207359, 18.039305000000184 ], [ -67.207359, 18.039862 ], [ -67.207085, 18.039862 ], [ -67.207085, 18.040136000000189 ], [ -67.206802, 18.040136000000189 ], [ -67.206802, 18.040419000000156 ], [ -67.206253, 18.040419000000156 ], [ -67.206253, 18.040695 ], [ -67.205696, 18.040695 ], [ -67.205696, 18.041248000000166 ], [ -67.205139, 18.041248000000166 ], [ -67.205139, 18.041531000000134 ], [ -67.204865, 18.041531000000134 ], [ -67.204865, 18.041805 ], [ -67.204582, 18.041805 ], [ -67.204582, 18.042084 ], [ -67.204307999999855, 18.042084 ], [ -67.204307999999855, 18.042358 ], [ -67.204024999999888, 18.042358 ], [ -67.204024999999888, 18.042917 ], [ -67.203751, 18.042917 ], [ -67.203751, 18.043194 ], [ -67.203475999999853, 18.043194 ], [ -67.203475999999853, 18.043472000000179 ], [ -67.203194, 18.043472000000179 ], [ -67.203194, 18.043751000000157 ], [ -67.202919, 18.043751000000157 ], [ -67.202919, 18.044027 ], [ -67.202637, 18.044027 ], [ -67.202637, 18.044306 ], [ -67.202362, 18.044306 ], [ -67.202362, 18.044584000000157 ], [ -67.201805, 18.044584000000157 ], [ -67.201805, 18.045139 ], [ -67.20153, 18.045139 ], [ -67.20153, 18.045416 ], [ -67.201248, 18.045416 ], [ -67.201248, 18.04569400000014 ], [ -67.200974, 18.04569400000014 ], [ -67.200974, 18.045973000000117 ], [ -67.200690999999892, 18.045973000000117 ], [ -67.200690999999892, 18.046249 ], [ -67.200417, 18.046249 ], [ -67.200417, 18.046528 ], [ -67.200142, 18.046528 ], [ -67.200142, 18.046806000000117 ], [ -67.199585, 18.046806000000117 ], [ -67.199585, 18.047638 ], [ -67.199303, 18.047638 ], [ -67.199303, 18.04875 ], [ -67.199027999999885, 18.04875 ], [ -67.199027999999885, 18.049862 ], [ -67.199303, 18.049862 ], [ -67.199303, 18.050694000000135 ], [ -67.199585, 18.050694000000135 ], [ -67.199585, 18.051250000000152 ], [ -67.199859999999887, 18.051250000000152 ], [ -67.199859999999887, 18.052084 ], [ -67.200417, 18.052084 ], [ -67.200417, 18.052361 ], [ -67.200690999999892, 18.052361 ], [ -67.200690999999892, 18.053194 ], [ -67.200974, 18.053194 ], [ -67.200974, 18.053473 ], [ -67.201248, 18.053473 ], [ -67.201248, 18.054029 ], [ -67.20153, 18.054029 ], [ -67.20153, 18.055695 ], [ -67.201805, 18.055695 ], [ -67.201805, 18.057362000000126 ], [ -67.20153, 18.057362000000126 ], [ -67.20153, 18.058472000000108 ], [ -67.201248, 18.058472000000108 ], [ -67.201248, 18.05875 ], [ -67.200974, 18.05875 ], [ -67.200974, 18.059029 ], [ -67.200690999999892, 18.059029 ], [ -67.200690999999892, 18.059584 ], [ -67.200417, 18.059584 ], [ -67.200417, 18.05986 ], [ -67.199859999999887, 18.05986 ], [ -67.199859999999887, 18.060139 ], [ -67.199585, 18.060139 ], [ -67.199585, 18.060694000000126 ], [ -67.199303, 18.060694000000126 ], [ -67.199303, 18.060972 ], [ -67.199027999999885, 18.060972 ], [ -67.199027999999885, 18.061527000000126 ], [ -67.198753, 18.061527000000126 ], [ -67.198753, 18.061806000000104 ], [ -67.198471, 18.061806000000104 ], [ -67.198471, 18.062084 ], [ -67.198196, 18.062084 ], [ -67.198196, 18.062361 ], [ -67.197914, 18.062361 ], [ -67.197914, 18.063473 ], [ -67.197639, 18.063473 ], [ -67.197639, 18.064583 ], [ -67.197365, 18.064583 ], [ -67.197365, 18.064861000000121 ], [ -67.197083, 18.064861000000121 ], [ -67.197083, 18.065695000000176 ], [ -67.196808, 18.065695000000176 ], [ -67.196808, 18.066526 ], [ -67.19596899999982, 18.066526 ], [ -67.19596899999982, 18.06625 ], [ -67.195419, 18.06625 ], [ -67.195419, 18.065971000000104 ], [ -67.194861999999887, 18.065971000000104 ], [ -67.194861999999887, 18.065695000000176 ], [ -67.194031, 18.065695000000176 ], [ -67.194031, 18.065416 ], [ -67.192917, 18.065416 ], [ -67.192917, 18.06514 ], [ -67.192359999999894, 18.06514 ], [ -67.192359999999894, 18.064861000000121 ], [ -67.190414, 18.064861000000121 ], [ -67.190414, 18.06514 ], [ -67.189857, 18.06514 ], [ -67.189857, 18.065416 ], [ -67.189583, 18.065416 ], [ -67.189583, 18.065695000000176 ], [ -67.188751, 18.065695000000176 ], [ -67.188751, 18.065971000000104 ], [ -67.188193999999896, 18.065971000000104 ], [ -67.188193999999896, 18.06625 ], [ -67.18792, 18.06625 ], [ -67.18792, 18.066526 ], [ -67.187362999999891, 18.066526 ], [ -67.187362999999891, 18.067083 ], [ -67.18680599999982, 18.067083 ], [ -67.18680599999982, 18.067362000000116 ], [ -67.186249, 18.067362000000116 ], [ -67.186249, 18.067636 ], [ -67.185417, 18.067636 ], [ -67.185417, 18.068195000000117 ], [ -67.18486, 18.068195000000117 ], [ -67.18486, 18.069305 ], [ -67.184586, 18.069305 ], [ -67.184586, 18.070972 ], [ -67.18486, 18.070972 ], [ -67.18486, 18.071527000000117 ], [ -67.185143, 18.071527000000117 ], [ -67.185143, 18.072083 ], [ -67.185417, 18.072083 ], [ -67.185417, 18.072363000000166 ], [ -67.185692, 18.072363000000166 ], [ -67.185692, 18.072639 ], [ -67.185974, 18.072639 ], [ -67.185974, 18.073195 ], [ -67.18708, 18.073195 ], [ -67.18708, 18.073471 ], [ -67.188193999999896, 18.073471 ], [ -67.188193999999896, 18.073195 ], [ -67.188751, 18.073195 ], [ -67.188751, 18.073471 ], [ -67.189308, 18.073471 ], [ -67.189308, 18.074028 ], [ -67.189583, 18.074028 ], [ -67.189583, 18.074306 ], [ -67.189857, 18.074306 ], [ -67.189857, 18.074862000000167 ], [ -67.19014, 18.074862000000167 ], [ -67.19014, 18.075693000000172 ], [ -67.190696999999886, 18.075693000000172 ], [ -67.190696999999886, 18.07625 ], [ -67.191803, 18.07625 ], [ -67.191803, 18.076529 ], [ -67.192359999999894, 18.076529 ], [ -67.192359999999894, 18.075972 ], [ -67.192642, 18.075972 ], [ -67.192642, 18.075138 ], [ -67.192917, 18.075138 ], [ -67.192917, 18.074028 ], [ -67.193191999999897, 18.074028 ], [ -67.193191999999897, 18.073750000000189 ], [ -67.193474, 18.073750000000189 ], [ -67.193474, 18.073471 ], [ -67.193748, 18.073471 ], [ -67.193748, 18.073195 ], [ -67.194305, 18.073195 ], [ -67.194305, 18.072916 ], [ -67.194861999999887, 18.072916 ], [ -67.194861999999887, 18.072639 ], [ -67.195137, 18.072639 ], [ -67.195137, 18.072083 ], [ -67.195419, 18.072083 ], [ -67.195419, 18.071806 ], [ -67.195693999999889, 18.071806 ], [ -67.195693999999889, 18.071253000000183 ], [ -67.19596899999982, 18.071253000000183 ], [ -67.19596899999982, 18.070417 ], [ -67.196808, 18.070417 ], [ -67.196808, 18.070694000000117 ], [ -67.197365, 18.070694000000117 ], [ -67.197365, 18.072083 ], [ -67.197083, 18.072083 ], [ -67.197083, 18.072639 ], [ -67.196808, 18.072639 ], [ -67.196808, 18.072916 ], [ -67.196251, 18.072916 ], [ -67.196251, 18.073471 ], [ -67.196525999999892, 18.073471 ], [ -67.196525999999892, 18.073750000000189 ], [ -67.197083, 18.073750000000189 ], [ -67.197083, 18.073471 ], [ -67.198196, 18.073471 ], [ -67.198196, 18.073750000000189 ], [ -67.199027999999885, 18.073750000000189 ], [ -67.199027999999885, 18.074306 ], [ -67.199585, 18.074306 ], [ -67.199585, 18.074862000000167 ], [ -67.199859999999887, 18.074862000000167 ], [ -67.199859999999887, 18.075972 ], [ -67.199585, 18.075972 ], [ -67.199585, 18.07625 ], [ -67.197914, 18.07625 ], [ -67.197914, 18.076529 ], [ -67.198196, 18.076529 ], [ -67.198196, 18.077084000000184 ], [ -67.198471, 18.077084000000184 ], [ -67.198471, 18.077362 ], [ -67.199027999999885, 18.077362 ], [ -67.199027999999885, 18.077915000000189 ], [ -67.199303, 18.077915000000189 ], [ -67.199303, 18.078194000000167 ], [ -67.199585, 18.078194000000167 ], [ -67.199585, 18.079025000000172 ], [ -67.199859999999887, 18.079025000000172 ], [ -67.199859999999887, 18.079306000000145 ], [ -67.200974, 18.079306000000145 ], [ -67.200974, 18.079861 ], [ -67.201248, 18.079861 ], [ -67.201248, 18.080137 ], [ -67.20153, 18.080137 ], [ -67.20153, 18.080694 ], [ -67.201805, 18.080694 ], [ -67.201805, 18.081247000000189 ], [ -67.20208, 18.081247000000189 ], [ -67.20208, 18.081530000000157 ], [ -67.201805, 18.081530000000157 ], [ -67.201805, 18.082083 ], [ -67.20153, 18.082083 ], [ -67.20153, 18.082916 ], [ -67.200690999999892, 18.082916 ], [ -67.200690999999892, 18.083195 ], [ -67.199585, 18.083195 ], [ -67.199585, 18.083469 ], [ -67.199303, 18.083469 ], [ -67.199303, 18.083752000000118 ], [ -67.199027999999885, 18.083752000000118 ], [ -67.199027999999885, 18.084583000000123 ], [ -67.199303, 18.084583000000123 ], [ -67.199303, 18.084862000000157 ], [ -67.199859999999887, 18.084862000000157 ], [ -67.199859999999887, 18.087084000000118 ], [ -67.199585, 18.087084000000118 ], [ -67.199585, 18.08736 ], [ -67.198471, 18.08736 ], [ -67.198471, 18.087084000000118 ], [ -67.197083, 18.087084000000118 ], [ -67.197083, 18.08736 ], [ -67.196808, 18.08736 ], [ -67.196808, 18.089027000000158 ], [ -67.197365, 18.089027000000158 ], [ -67.197365, 18.089306000000136 ], [ -67.198196, 18.089306000000136 ], [ -67.198196, 18.089582 ], [ -67.198753, 18.089582 ], [ -67.198753, 18.089861 ], [ -67.199303, 18.089861 ], [ -67.199303, 18.091249000000118 ], [ -67.199027999999885, 18.091249000000118 ], [ -67.199027999999885, 18.091528000000153 ], [ -67.198753, 18.091528000000153 ], [ -67.198753, 18.092083 ], [ -67.198471, 18.092083 ], [ -67.198471, 18.092361000000153 ], [ -67.198196, 18.092361000000153 ], [ -67.198196, 18.092636000000141 ], [ -67.197639, 18.092636000000141 ], [ -67.197639, 18.092916 ], [ -67.197365, 18.092916 ], [ -67.197365, 18.093197 ], [ -67.196808, 18.093197 ], [ -67.196808, 18.093748000000119 ], [ -67.19596899999982, 18.093748000000119 ], [ -67.19596899999982, 18.094305 ], [ -67.195693999999889, 18.094305 ], [ -67.195693999999889, 18.094862 ], [ -67.195419, 18.094862 ], [ -67.195419, 18.096251000000109 ], [ -67.195137, 18.096251000000109 ], [ -67.195137, 18.097084000000109 ], [ -67.194861999999887, 18.097084000000109 ], [ -67.194861999999887, 18.097359000000154 ], [ -67.194305, 18.097359000000154 ], [ -67.194305, 18.097918 ], [ -67.192917, 18.097918 ], [ -67.192917, 18.098194 ], [ -67.192359999999894, 18.098194 ], [ -67.192359999999894, 18.098473000000126 ], [ -67.191803, 18.098473000000126 ], [ -67.191803, 18.098749 ], [ -67.191254, 18.098749 ], [ -67.191254, 18.099306000000126 ], [ -67.190696999999886, 18.099306000000126 ], [ -67.190696999999886, 18.099861 ], [ -67.19097099999982, 18.099861 ], [ -67.19097099999982, 18.100140000000181 ], [ -67.190696999999886, 18.100140000000181 ], [ -67.190696999999886, 18.100416000000109 ], [ -67.189857, 18.100416000000109 ], [ -67.189857, 18.100695 ], [ -67.189308, 18.100695 ], [ -67.189308, 18.100973000000181 ], [ -67.189025999999899, 18.100973000000181 ], [ -67.189025999999899, 18.101528 ], [ -67.18708, 18.101528 ], [ -67.18708, 18.101805000000127 ], [ -67.186530999999889, 18.101805000000127 ], [ -67.186530999999889, 18.102083 ], [ -67.186249, 18.102083 ], [ -67.186249, 18.102362 ], [ -67.185692, 18.102362 ], [ -67.185692, 18.102638000000127 ], [ -67.18486, 18.102638000000127 ], [ -67.18486, 18.103193 ], [ -67.184586, 18.103193 ], [ -67.184586, 18.103750000000105 ], [ -67.184303, 18.103750000000105 ], [ -67.184303, 18.104305000000181 ], [ -67.184028999999896, 18.104305000000181 ], [ -67.184028999999896, 18.10486 ], [ -67.183746, 18.10486 ], [ -67.183746, 18.105139000000122 ], [ -67.183472, 18.105139000000122 ], [ -67.183472, 18.1062510000001 ], [ -67.183196999999893, 18.1062510000001 ], [ -67.183196999999893, 18.107361 ], [ -67.182915, 18.107361 ], [ -67.182915, 18.108194 ], [ -67.18264, 18.108194 ], [ -67.18264, 18.108473 ], [ -67.182357999999851, 18.108473 ], [ -67.182357999999851, 18.110140000000172 ], [ -67.182083, 18.110140000000172 ], [ -67.182083, 18.110695 ], [ -67.181807999999819, 18.110695 ], [ -67.181807999999819, 18.112638 ], [ -67.182083, 18.112638 ], [ -67.182083, 18.112917 ], [ -67.182357999999851, 18.112917 ], [ -67.182357999999851, 18.113474000000167 ], [ -67.18264, 18.113474000000167 ], [ -67.18264, 18.11375 ], [ -67.182915, 18.11375 ], [ -67.182915, 18.114582 ], [ -67.183196999999893, 18.114582 ], [ -67.183196999999893, 18.115139 ], [ -67.183472, 18.115139 ], [ -67.183472, 18.115696000000128 ], [ -67.183746, 18.115696000000128 ], [ -67.183746, 18.116804000000172 ], [ -67.184028999999896, 18.116804000000172 ], [ -67.184028999999896, 18.11764 ], [ -67.184303, 18.11764 ], [ -67.184303, 18.118195000000128 ], [ -67.184586, 18.118195000000128 ], [ -67.184586, 18.119305000000168 ], [ -67.18486, 18.119305000000168 ], [ -67.18486, 18.120695 ], [ -67.184303, 18.120695 ], [ -67.184303, 18.121805 ], [ -67.184028999999896, 18.121805 ], [ -67.184028999999896, 18.12235800000019 ], [ -67.183746, 18.12235800000019 ], [ -67.183746, 18.123194 ], [ -67.183472, 18.123194 ], [ -67.183472, 18.124306 ], [ -67.183196999999893, 18.124306 ], [ -67.183196999999893, 18.124584000000141 ], [ -67.182915, 18.124584000000141 ], [ -67.182915, 18.126528 ], [ -67.183196999999893, 18.126528 ], [ -67.183196999999893, 18.127361 ], [ -67.183472, 18.127361 ], [ -67.183472, 18.127916000000141 ], [ -67.183746, 18.127916000000141 ], [ -67.183746, 18.128195000000119 ], [ -67.184028999999896, 18.128195000000119 ], [ -67.184028999999896, 18.12875 ], [ -67.184303, 18.12875 ], [ -67.184303, 18.129305000000159 ], [ -67.185143, 18.129305000000159 ], [ -67.185143, 18.129862 ], [ -67.185417, 18.129862 ], [ -67.185417, 18.130417000000136 ], [ -67.185692, 18.130417000000136 ], [ -67.185692, 18.130695 ], [ -67.185974, 18.130695 ], [ -67.185974, 18.131527000000119 ], [ -67.186249, 18.131527000000119 ], [ -67.186249, 18.131805 ], [ -67.186530999999889, 18.131805 ], [ -67.186530999999889, 18.132084 ], [ -67.18680599999982, 18.132084 ], [ -67.18680599999982, 18.135138 ], [ -67.186530999999889, 18.135138 ], [ -67.186530999999889, 18.135973 ], [ -67.186249, 18.135973 ], [ -67.186249, 18.136806 ], [ -67.185974, 18.136806 ], [ -67.185974, 18.137083000000132 ], [ -67.185143, 18.137083000000132 ], [ -67.185143, 18.13736200000011 ], [ -67.183746, 18.13736200000011 ], [ -67.183746, 18.137638 ], [ -67.183196999999893, 18.137638 ], [ -67.183196999999893, 18.137917000000186 ], [ -67.182915, 18.137917000000186 ], [ -67.182915, 18.13819500000011 ], [ -67.182357999999851, 18.13819500000011 ], [ -67.182357999999851, 18.138472 ], [ -67.181807999999819, 18.138472 ], [ -67.181807999999819, 18.138750000000186 ], [ -67.181525999999849, 18.138750000000186 ], [ -67.181525999999849, 18.139029 ], [ -67.181252, 18.139029 ], [ -67.181252, 18.139305 ], [ -67.180969, 18.139305 ], [ -67.180969, 18.139584000000127 ], [ -67.180695, 18.139584000000127 ], [ -67.180695, 18.139862 ], [ -67.18042, 18.139862 ], [ -67.18042, 18.140139 ], [ -67.180138, 18.140139 ], [ -67.180138, 18.14069400000011 ], [ -67.179862999999898, 18.14069400000011 ], [ -67.179862999999898, 18.140972 ], [ -67.179581, 18.140972 ], [ -67.179581, 18.14152700000011 ], [ -67.179306, 18.14152700000011 ], [ -67.179306, 18.141806 ], [ -67.179581, 18.141806 ], [ -67.179581, 18.142084000000182 ], [ -67.179306, 18.142084000000182 ], [ -67.179306, 18.142639 ], [ -67.179030999999895, 18.142639 ], [ -67.179030999999895, 18.143473 ], [ -67.178749, 18.143473 ], [ -67.178749, 18.144028000000105 ], [ -67.178474, 18.144028000000105 ], [ -67.178474, 18.14514 ], [ -67.178192, 18.14514 ], [ -67.178192, 18.145695 ], [ -67.178474, 18.145695 ], [ -67.178474, 18.14625 ], [ -67.177917, 18.14625 ], [ -67.177917, 18.146526 ], [ -67.177635, 18.146526 ], [ -67.177635, 18.147636 ], [ -67.177360999999848, 18.147636 ], [ -67.177360999999848, 18.148195000000101 ], [ -67.177086, 18.148195000000101 ], [ -67.177086, 18.150417 ], [ -67.176804, 18.150417 ], [ -67.176804, 18.150972 ], [ -67.177086, 18.150972 ], [ -67.177086, 18.152639 ], [ -67.177635, 18.152639 ], [ -67.177635, 18.153749 ], [ -67.177917, 18.153749 ], [ -67.177917, 18.154861 ], [ -67.178192, 18.154861 ], [ -67.178192, 18.155972000000133 ], [ -67.177917, 18.155972000000133 ], [ -67.177917, 18.157084000000168 ], [ -67.178192, 18.157084000000168 ], [ -67.178192, 18.158194000000151 ], [ -67.178474, 18.158194000000151 ], [ -67.178474, 18.158751 ], [ -67.179030999999895, 18.158751 ], [ -67.179030999999895, 18.159025000000156 ], [ -67.179306, 18.159025000000156 ], [ -67.179306, 18.159306000000129 ], [ -67.179581, 18.159306000000129 ], [ -67.179581, 18.159584 ], [ -67.18042, 18.159584 ], [ -67.18042, 18.159861 ], [ -67.181252, 18.159861 ], [ -67.181252, 18.160137000000134 ], [ -67.182083, 18.160137000000134 ], [ -67.182083, 18.160419 ], [ -67.18264, 18.160419 ], [ -67.18264, 18.160694 ], [ -67.182915, 18.160694 ], [ -67.182915, 18.161247000000174 ], [ -67.183472, 18.161247000000174 ], [ -67.183472, 18.162638000000129 ], [ -67.183746, 18.162638000000129 ], [ -67.183746, 18.162916 ], [ -67.184028999999896, 18.162916 ], [ -67.184028999999896, 18.163195 ], [ -67.184586, 18.163195 ], [ -67.184586, 18.163473000000124 ], [ -67.18486, 18.163473000000124 ], [ -67.18486, 18.163752000000102 ], [ -67.185143, 18.163752000000102 ], [ -67.185143, 18.164305 ], [ -67.185417, 18.164305 ], [ -67.185417, 18.164583000000164 ], [ -67.185143, 18.164583000000164 ], [ -67.185143, 18.164862000000142 ], [ -67.185417, 18.164862000000142 ], [ -67.185417, 18.165417 ], [ -67.185692, 18.165417 ], [ -67.185692, 18.165695000000142 ], [ -67.185417, 18.165695000000142 ], [ -67.185417, 18.165974000000119 ], [ -67.185143, 18.165974000000119 ], [ -67.185143, 18.16625 ], [ -67.18486, 18.16625 ], [ -67.18486, 18.166529 ], [ -67.184586, 18.166529 ], [ -67.184586, 18.166805000000124 ], [ -67.184303, 18.166805000000124 ], [ -67.184303, 18.167084000000102 ], [ -67.184028999999896, 18.167084000000102 ], [ -67.184028999999896, 18.16736 ], [ -67.183746, 18.16736 ], [ -67.183746, 18.167639 ], [ -67.183472, 18.167639 ], [ -67.183472, 18.167917000000102 ], [ -67.183196999999893, 18.167917000000102 ], [ -67.183196999999893, 18.168194000000142 ], [ -67.18264, 18.168194000000142 ], [ -67.18264, 18.168472 ], [ -67.182357999999851, 18.168472 ], [ -67.182357999999851, 18.168751 ], [ -67.181525999999849, 18.168751 ], [ -67.181525999999849, 18.168472 ], [ -67.180907999999874, 18.168472 ], [ -67.18042, 18.168472 ], [ -67.18042, 18.168751 ], [ -67.180138, 18.168751 ], [ -67.180138, 18.169027000000142 ], [ -67.179862999999898, 18.169027000000142 ], [ -67.179862999999898, 18.169584 ], [ -67.179581, 18.169584 ], [ -67.179581, 18.169861 ], [ -67.179306, 18.169861 ], [ -67.179306, 18.17013900000012 ], [ -67.179030999999895, 18.17013900000012 ], [ -67.179030999999895, 18.170973 ], [ -67.178474, 18.170973 ], [ -67.178474, 18.171249000000103 ], [ -67.177635, 18.171249000000103 ], [ -67.177635, 18.171806 ], [ -67.177360999999848, 18.171806 ], [ -67.177360999999848, 18.172361000000137 ], [ -67.176529, 18.172361000000137 ], [ -67.176529, 18.173195000000192 ], [ -67.176247, 18.173195000000192 ], [ -67.176247, 18.174026 ], [ -67.175697, 18.174026 ], [ -67.175697, 18.174305 ], [ -67.175415, 18.174305 ], [ -67.175415, 18.174583 ], [ -67.175697, 18.174583 ], [ -67.175697, 18.174862000000132 ], [ -67.175415, 18.174862000000132 ], [ -67.175415, 18.17514 ], [ -67.17514, 18.17514 ], [ -67.17514, 18.175419 ], [ -67.174858, 18.175419 ], [ -67.174858, 18.175694000000192 ], [ -67.174583, 18.175694000000192 ], [ -67.174583, 18.176249 ], [ -67.174309, 18.176249 ], [ -67.174309, 18.176805000000115 ], [ -67.174026, 18.176805000000115 ], [ -67.174026, 18.177084 ], [ -67.173752, 18.177084 ], [ -67.173752, 18.177359000000138 ], [ -67.173194999999851, 18.177359000000138 ], [ -67.173194999999851, 18.177641 ], [ -67.17292, 18.177641 ], [ -67.17292, 18.178194000000133 ], [ -67.172638, 18.178194000000133 ], [ -67.172638, 18.178749 ], [ -67.172362999999848, 18.178749 ], [ -67.172362999999848, 18.179028000000187 ], [ -67.172081, 18.179028000000187 ], [ -67.172081, 18.179583 ], [ -67.171806, 18.179583 ], [ -67.171806, 18.179861000000187 ], [ -67.171524, 18.179861000000187 ], [ -67.171524, 18.18014 ], [ -67.171249, 18.18014 ], [ -67.171249, 18.180416 ], [ -67.170975, 18.180416 ], [ -67.170975, 18.18125 ], [ -67.170692, 18.18125 ], [ -67.170692, 18.181528 ], [ -67.170418, 18.181528 ], [ -67.170418, 18.181805000000111 ], [ -67.170135, 18.181805000000111 ], [ -67.170135, 18.182362000000182 ], [ -67.169861, 18.182362000000182 ], [ -67.169861, 18.182638000000111 ], [ -67.169586, 18.182638000000111 ], [ -67.169586, 18.182917 ], [ -67.169304, 18.182917 ], [ -67.169304, 18.183193000000188 ], [ -67.169029, 18.183193000000188 ], [ -67.169029, 18.183472 ], [ -67.168746999999883, 18.183472 ], [ -67.168746999999883, 18.18375 ], [ -67.168472, 18.18375 ], [ -67.168472, 18.184029 ], [ -67.168197999999848, 18.184029 ], [ -67.168197999999848, 18.184305 ], [ -67.16791499999988, 18.184305 ], [ -67.16791499999988, 18.184584 ], [ -67.167641, 18.184584 ], [ -67.167641, 18.18486 ], [ -67.167084, 18.18486 ], [ -67.167084, 18.185415 ], [ -67.166809, 18.185415 ], [ -67.166809, 18.185694000000183 ], [ -67.166527, 18.185694000000183 ], [ -67.166527, 18.186251 ], [ -67.166252, 18.186251 ], [ -67.166252, 18.186525000000188 ], [ -67.165412999999887, 18.186525000000188 ], [ -67.165412999999887, 18.186806000000161 ], [ -67.165138, 18.186806000000161 ], [ -67.165138, 18.187084 ], [ -67.164580999999885, 18.187084 ], [ -67.164580999999885, 18.187361 ], [ -67.164024, 18.187361 ], [ -67.164024, 18.187637 ], [ -67.163475, 18.187637 ], [ -67.163475, 18.187916 ], [ -67.163193, 18.187916 ], [ -67.163193, 18.188194 ], [ -67.162636, 18.188194 ], [ -67.162636, 18.188473000000101 ], [ -67.162086, 18.188473000000101 ], [ -67.162086, 18.188747 ], [ -67.161804, 18.188747 ], [ -67.161804, 18.189030000000173 ], [ -67.161246999999889, 18.189030000000173 ], [ -67.161246999999889, 18.189306000000101 ], [ -67.160698, 18.189306000000101 ], [ -67.160698, 18.189583 ], [ -67.160415999999884, 18.189583 ], [ -67.160415999999884, 18.189859000000183 ], [ -67.160141, 18.189859000000183 ], [ -67.160141, 18.190142000000151 ], [ -67.159583999999882, 18.190142000000151 ], [ -67.159583999999882, 18.190416 ], [ -67.159027, 18.190416 ], [ -67.159027, 18.190969 ], [ -67.15847, 18.190969 ], [ -67.15847, 18.191252000000134 ], [ -67.158195, 18.191252000000134 ], [ -67.158195, 18.191805000000102 ], [ -67.157912999999894, 18.191805000000102 ], [ -67.157912999999894, 18.192083 ], [ -67.157639, 18.192083 ], [ -67.157639, 18.192638000000102 ], [ -67.157081999999889, 18.192638000000102 ], [ -67.157081999999889, 18.192917 ], [ -67.156807, 18.192917 ], [ -67.156807, 18.193474000000151 ], [ -67.156525, 18.193474000000151 ], [ -67.156525, 18.19375 ], [ -67.156249999999886, 18.19375 ], [ -67.156249999999886, 18.194305000000156 ], [ -67.155975, 18.194305000000156 ], [ -67.155975, 18.19486 ], [ -67.155693, 18.19486 ], [ -67.155693, 18.195139 ], [ -67.155417999999884, 18.195139 ], [ -67.155417999999884, 18.195696000000169 ], [ -67.155136, 18.195696000000169 ], [ -67.155136, 18.195972 ], [ -67.154861, 18.195972 ], [ -67.154861, 18.196527000000174 ], [ -67.154586999999879, 18.196527000000174 ], [ -67.154586999999879, 18.197083000000134 ], [ -67.154305, 18.197083000000134 ], [ -67.154305, 18.197361 ], [ -67.154586999999879, 18.197361 ], [ -67.154586999999879, 18.197639000000152 ], [ -67.154305, 18.197639000000152 ], [ -67.154305, 18.198473 ], [ -67.15403, 18.198473 ], [ -67.15403, 18.199308 ], [ -67.153747999999894, 18.199308 ], [ -67.153747999999894, 18.20153 ], [ -67.153473, 18.20153 ], [ -67.153473, 18.202362000000107 ], [ -67.153198, 18.202362000000107 ], [ -67.153198, 18.202641000000142 ], [ -67.153473, 18.202641000000142 ], [ -67.153473, 18.202917 ], [ -67.153198, 18.202917 ], [ -67.153198, 18.203751000000125 ], [ -67.153473, 18.203751000000125 ], [ -67.153473, 18.204027 ], [ -67.153198, 18.204027 ], [ -67.153198, 18.204306 ], [ -67.153473, 18.204306 ], [ -67.153473, 18.205416 ], [ -67.153747999999894, 18.205416 ], [ -67.153747999999894, 18.206806000000142 ], [ -67.15403, 18.206806000000142 ], [ -67.15403, 18.207361 ], [ -67.154305, 18.207361 ], [ -67.154305, 18.20764 ], [ -67.154586999999879, 18.20764 ], [ -67.154586999999879, 18.208195000000103 ], [ -67.154861, 18.208195000000103 ], [ -67.154861, 18.20875 ], [ -67.155136, 18.20875 ], [ -67.155136, 18.210138000000143 ], [ -67.155417999999884, 18.210138000000143 ], [ -67.155417999999884, 18.210695 ], [ -67.155975, 18.210695 ], [ -67.155975, 18.210972 ], [ -67.157081999999889, 18.210972 ], [ -67.157081999999889, 18.211250000000121 ], [ -67.157912999999894, 18.211250000000121 ], [ -67.157912999999894, 18.211527000000103 ], [ -67.158195, 18.211527000000103 ], [ -67.158195, 18.211250000000121 ], [ -67.158751999999879, 18.211250000000121 ], [ -67.158751999999879, 18.211527000000103 ], [ -67.159302, 18.211527000000103 ], [ -67.159302, 18.212084 ], [ -67.159583999999882, 18.212084 ], [ -67.159583999999882, 18.212915 ], [ -67.159302, 18.212915 ], [ -67.159302, 18.213472000000138 ], [ -67.159027, 18.213472000000138 ], [ -67.159027, 18.213751000000116 ], [ -67.158751999999879, 18.213751000000116 ], [ -67.158751999999879, 18.214027 ], [ -67.15847, 18.214027 ], [ -67.15847, 18.214582000000121 ], [ -67.158195, 18.214582000000121 ], [ -67.158195, 18.21653 ], [ -67.15847, 18.21653 ], [ -67.15847, 18.217081000000121 ], [ -67.159583999999882, 18.217081000000121 ], [ -67.159583999999882, 18.216806 ], [ -67.160415999999884, 18.216806 ], [ -67.160415999999884, 18.217361 ], [ -67.160698, 18.217361 ], [ -67.160698, 18.217640000000188 ], [ -67.161246999999889, 18.217640000000188 ], [ -67.161246999999889, 18.217916000000116 ], [ -67.162918, 18.217916000000116 ], [ -67.162918, 18.218195 ], [ -67.163193, 18.218195 ], [ -67.163193, 18.218470000000138 ], [ -67.164580999999885, 18.218470000000138 ], [ -67.164580999999885, 18.218195 ], [ -67.164864, 18.218195 ], [ -67.164864, 18.218470000000138 ], [ -67.165138, 18.218470000000138 ], [ -67.165138, 18.218752000000165 ], [ -67.165695, 18.218752000000165 ], [ -67.165695, 18.219028 ], [ -67.166252, 18.219028 ], [ -67.166252, 18.219305 ], [ -67.167358, 18.219305 ], [ -67.167358, 18.219584000000111 ], [ -67.167641, 18.219584000000111 ], [ -67.167641, 18.219864 ], [ -67.168197999999848, 18.219864 ], [ -67.168197999999848, 18.220139000000188 ], [ -67.168472, 18.220139000000188 ], [ -67.168472, 18.220694 ], [ -67.168746999999883, 18.220694 ], [ -67.168746999999883, 18.220972000000188 ], [ -67.169586, 18.220972000000188 ], [ -67.169586, 18.221251000000166 ], [ -67.170135, 18.221251000000166 ], [ -67.170135, 18.222918000000107 ], [ -67.170692, 18.222918000000107 ], [ -67.170692, 18.223194 ], [ -67.170975, 18.223194 ], [ -67.170975, 18.223749000000112 ], [ -67.171249, 18.223749000000112 ], [ -67.171249, 18.224028 ], [ -67.171806, 18.224028 ], [ -67.171806, 18.224304000000188 ], [ -67.172362999999848, 18.224304000000188 ], [ -67.172362999999848, 18.224861 ], [ -67.172638, 18.224861 ], [ -67.172638, 18.225416000000166 ], [ -67.17292, 18.225416000000166 ], [ -67.17292, 18.225695 ], [ -67.17347, 18.225695 ], [ -67.17347, 18.225973 ], [ -67.173752, 18.225973 ], [ -67.173752, 18.226526 ], [ -67.174026, 18.226526 ], [ -67.174026, 18.227919000000156 ], [ -67.17347, 18.227919000000156 ], [ -67.17347, 18.230694 ], [ -67.173752, 18.230694 ], [ -67.173752, 18.231253000000152 ], [ -67.17347, 18.231253000000152 ], [ -67.17347, 18.235695000000135 ], [ -67.173752, 18.235695000000135 ], [ -67.173752, 18.237638000000175 ], [ -67.17347, 18.237638000000175 ], [ -67.17347, 18.239584 ], [ -67.173752, 18.239584 ], [ -67.173752, 18.241808 ], [ -67.174026, 18.241808 ], [ -67.174026, 18.242916 ], [ -67.174309, 18.242916 ], [ -67.174309, 18.243752000000143 ], [ -67.174583, 18.243752000000143 ], [ -67.174583, 18.244862000000126 ], [ -67.174858, 18.244862000000126 ], [ -67.174858, 18.245138 ], [ -67.17514, 18.245138 ], [ -67.17514, 18.245695000000126 ], [ -67.175415, 18.245695000000126 ], [ -67.175415, 18.246805000000109 ], [ -67.175697, 18.246805000000109 ], [ -67.175697, 18.247917000000143 ], [ -67.175972, 18.247917000000143 ], [ -67.175972, 18.248751 ], [ -67.176247, 18.248751 ], [ -67.176247, 18.249027000000126 ], [ -67.176529, 18.249027000000126 ], [ -67.176529, 18.249584 ], [ -67.176804, 18.249584 ], [ -67.176804, 18.249861 ], [ -67.177086, 18.249861 ], [ -67.177086, 18.250416000000143 ], [ -67.177360999999848, 18.250416000000143 ], [ -67.177360999999848, 18.250694 ], [ -67.177635, 18.250694 ], [ -67.177635, 18.250973 ], [ -67.177917, 18.250973 ], [ -67.177917, 18.251528000000121 ], [ -67.178474, 18.251528000000121 ], [ -67.178474, 18.251804 ], [ -67.178749, 18.251804 ], [ -67.178749, 18.252361000000121 ], [ -67.179030999999895, 18.252361000000121 ], [ -67.179030999999895, 18.253195 ], [ -67.179306, 18.253195 ], [ -67.179306, 18.25375 ], [ -67.179581, 18.25375 ], [ -67.179581, 18.254305 ], [ -67.179862999999898, 18.254305 ], [ -67.179862999999898, 18.255138 ], [ -67.18042, 18.255138 ], [ -67.18042, 18.255695000000117 ], [ -67.180695, 18.255695000000117 ], [ -67.180695, 18.255972 ], [ -67.180969, 18.255972 ], [ -67.180969, 18.256527 ], [ -67.181525999999849, 18.256527 ], [ -67.181525999999849, 18.257084 ], [ -67.181807999999819, 18.257084 ], [ -67.181807999999819, 18.257359000000122 ], [ -67.182083, 18.257359000000122 ], [ -67.182083, 18.257917 ], [ -67.182357999999851, 18.257917 ], [ -67.182357999999851, 18.258194000000117 ], [ -67.18264, 18.258194000000117 ], [ -67.18264, 18.258472 ], [ -67.182915, 18.258472 ], [ -67.182915, 18.258753000000183 ], [ -67.183196999999893, 18.258753000000183 ], [ -67.183196999999893, 18.259027000000117 ], [ -67.183472, 18.259027000000117 ], [ -67.183472, 18.259306 ], [ -67.183746, 18.259306 ], [ -67.183746, 18.260139 ], [ -67.184028999999896, 18.260139 ], [ -67.184028999999896, 18.260695000000112 ], [ -67.184303, 18.260695000000112 ], [ -67.184303, 18.260975 ], [ -67.18486, 18.260975 ], [ -67.18486, 18.261250000000189 ], [ -67.185143, 18.261250000000189 ], [ -67.185143, 18.261806 ], [ -67.185417, 18.261806 ], [ -67.185417, 18.262362000000167 ], [ -67.185692, 18.262362000000167 ], [ -67.185692, 18.262638 ], [ -67.185974, 18.262638 ], [ -67.185974, 18.262917 ], [ -67.186249, 18.262917 ], [ -67.186249, 18.263193000000172 ], [ -67.186530999999889, 18.263193000000172 ], [ -67.186530999999889, 18.26375 ], [ -67.18680599999982, 18.26375 ], [ -67.18680599999982, 18.264029 ], [ -67.18708, 18.264029 ], [ -67.18708, 18.264305 ], [ -67.187362999999891, 18.264305 ], [ -67.187362999999891, 18.264584000000184 ], [ -67.187637, 18.264584000000184 ], [ -67.187637, 18.264862 ], [ -67.188193999999896, 18.264862 ], [ -67.188193999999896, 18.265139 ], [ -67.188469, 18.265139 ], [ -67.188469, 18.265415000000189 ], [ -67.188751, 18.265415000000189 ], [ -67.188751, 18.265694000000167 ], [ -67.189025999999899, 18.265694000000167 ], [ -67.189025999999899, 18.266218 ], [ -67.189025877999882, 18.266525269000113 ], [ -67.189308165999819, 18.266525269000113 ], [ -67.189308165999819, 18.268194199 ], [ -67.189025877999882, 18.268194199 ], [ -67.189025877999882, 18.26847267200003 ], [ -67.188751219999915, 18.26847267200003 ], [ -67.188751219999915, 18.270141601000034 ], [ -67.189025877999882, 18.270141601000034 ], [ -67.189025877999882, 18.271804809000116 ], [ -67.188751219999915, 18.271804809000116 ], [ -67.188751219999915, 18.272083281999983 ], [ -67.189025877999882, 18.272083281999983 ], [ -67.189025877999882, 18.274583817000064 ], [ -67.189308165999819, 18.274583817000064 ], [ -67.189308165999819, 18.278749467000068 ], [ -67.189582823999956, 18.278749467000068 ], [ -67.189582823999956, 18.279306412999972 ], [ -67.189857481999979, 18.279306412999972 ], [ -67.189857481999979, 18.279861451000102 ], [ -67.190139769999973, 18.279861451000102 ], [ -67.190139769999973, 18.280694963000144 ], [ -67.19041442799994, 18.280694963000144 ], [ -67.19041442799994, 18.281805040000052 ], [ -67.190696715999934, 18.281805040000052 ], [ -67.190696715999934, 18.283470153000053 ], [ -67.190971373999957, 18.283470153000053 ], [ -67.190971373999957, 18.28374862600009 ], [ -67.191253661999951, 18.28374862600009 ], [ -67.191253661999951, 18.284584045000031 ], [ -67.191528319999918, 18.284584045000031 ], [ -67.191528319999918, 18.284862518000068 ], [ -67.191802977999828, 18.284862518000068 ], [ -67.191802977999828, 18.285139084000036 ], [ -67.192085265999822, 18.285139084000036 ], [ -67.192085265999822, 18.285417557000073 ], [ -67.192359923999902, 18.285417557000073 ], [ -67.192359923999902, 18.285694122000109 ], [ -67.192642211999896, 18.285694122000109 ], [ -67.192642211999896, 18.286249161000114 ], [ -67.192916869999976, 18.286249161000114 ], [ -67.192916869999976, 18.286806107000018 ], [ -67.193191527999943, 18.286806107000018 ], [ -67.193191527999943, 18.287082672000111 ], [ -67.193473815999937, 18.287082672000111 ], [ -67.193473815999937, 18.287361145000148 ], [ -67.19374847399996, 18.287361145000148 ], [ -67.19374847399996, 18.287639618000185 ], [ -67.194030761999954, 18.287639618000185 ], [ -67.194030761999954, 18.287916184000153 ], [ -67.194305419999921, 18.287916184000153 ], [ -67.194305419999921, 18.28819465700019 ], [ -67.194862365999938, 18.28819465700019 ], [ -67.194862365999938, 18.288749695000092 ], [ -67.195137023999905, 18.288749695000092 ], [ -67.195137023999905, 18.289028168000129 ], [ -67.195419311999899, 18.289028168000129 ], [ -67.195419311999899, 18.290138245000037 ], [ -67.195968627999946, 18.290138245000037 ], [ -67.195968627999946, 18.290416718000074 ], [ -67.196525573999963, 18.290416718000074 ], [ -67.196525573999963, 18.290695191000111 ], [ -67.197082519999924, 18.290695191000111 ], [ -67.197082519999924, 18.290971757000079 ], [ -67.197914123999908, 18.290971757000079 ], [ -67.197914123999908, 18.291250230000117 ], [ -67.198753355999884, 18.291250230000117 ], [ -67.198753355999884, 18.291528703000154 ], [ -67.200141905999942, 18.291528703000154 ], [ -67.200141905999942, 18.291805268000019 ], [ -67.200416563999909, 18.291805268000019 ], [ -67.200416563999909, 18.292083741000056 ], [ -67.200973509999983, 18.292083741000056 ], [ -67.200973509999983, 18.292360307000024 ], [ -67.202362059999984, 18.292360307000024 ], [ -67.202362059999984, 18.292638780000061 ], [ -67.203475952999952, 18.292638780000061 ], [ -67.203475952999952, 18.292915345000154 ], [ -67.205139159999987, 18.292915345000154 ], [ -67.205139159999987, 18.293193818000191 ], [ -67.205413817999954, 18.293193818000191 ], [ -67.205413817999954, 18.292915345000154 ], [ -67.205696105999948, 18.292915345000154 ], [ -67.205696105999948, 18.293193818000191 ], [ -67.207084656999825, 18.293193818000191 ], [ -67.207084656999825, 18.292915345000154 ], [ -67.207359313999973, 18.292915345000154 ], [ -67.207359313999973, 18.293193818000191 ], [ -67.20847320699994, 18.293193818000191 ], [ -67.20847320699994, 18.293472289000022 ], [ -67.208747863999861, 18.293472289000022 ], [ -67.208747863999861, 18.294027328000027 ], [ -67.209030150999922, 18.294027328000027 ], [ -67.209030150999922, 18.294305801000064 ], [ -67.209304809999935, 18.294305801000064 ], [ -67.209304809999935, 18.294584274000101 ], [ -67.210418700999981, 18.294584274000101 ], [ -67.210418700999981, 18.294860839000023 ], [ -67.211524962999931, 18.294860839000023 ], [ -67.211524962999931, 18.295137405000162 ], [ -67.214027404999968, 18.295137405000162 ], [ -67.214027404999968, 18.294860839000023 ], [ -67.214302062999877, 18.294860839000023 ], [ -67.214302062999877, 18.295137405000162 ], [ -67.217361450999988, 18.295137405000162 ], [ -67.217361450999988, 18.295415878000028 ], [ -67.217918396999949, 18.295415878000028 ], [ -67.217918396999949, 18.295694351000066 ], [ -67.218193054999915, 18.295694351000066 ], [ -67.218193054999915, 18.295972824000103 ], [ -67.219024658999899, 18.295972824000103 ], [ -67.219024658999899, 18.296247482000069 ], [ -67.219306946999893, 18.296247482000069 ], [ -67.219306946999893, 18.296529770000177 ], [ -67.221527098999843, 18.296529770000177 ], [ -67.221527098999843, 18.296247482000069 ], [ -67.222358702999884, 18.296247482000069 ], [ -67.222358702999884, 18.295972824000103 ], [ -67.223472594999976, 18.295972824000103 ], [ -67.223472594999976, 18.296247482000069 ], [ -67.223747252999942, 18.296247482000069 ], [ -67.223747252999942, 18.295972824000103 ], [ -67.225418090999824, 18.295972824000103 ], [ -67.225418090999824, 18.296247482000069 ], [ -67.225975036999898, 18.296247482000069 ], [ -67.225975036999898, 18.296447754000098 ], [ -67.227081298999963, 18.296529770000177 ], [ -67.227081298999963, 18.296806335000042 ], [ -67.227638244999923, 18.296806335000042 ], [ -67.227638244999923, 18.297082901000181 ], [ -67.228195190999827, 18.297082901000181 ], [ -67.228195190999827, 18.297359466000046 ], [ -67.228752136999901, 18.297359466000046 ], [ -67.228752136999901, 18.297639847000085 ], [ -67.23014068699996, 18.297639847000085 ], [ -67.23014068699996, 18.29791641200012 ], [ -67.232360838999966, 18.29791641200012 ], [ -67.232360838999966, 18.298194885000157 ], [ -67.23291778499987, 18.298194885000157 ], [ -67.23291778499987, 18.298469543000181 ], [ -67.233749388999911, 18.298469543000181 ], [ -67.233749388999911, 18.298751831000061 ], [ -67.234306334999985, 18.298751831000061 ], [ -67.234306334999985, 18.299028397000029 ], [ -67.234580992999895, 18.299028397000029 ], [ -67.234580992999895, 18.299304962000065 ], [ -67.235137938999969, 18.299304962000065 ], [ -67.235137938999969, 18.299583435000102 ], [ -67.235420226999963, 18.299583435000102 ], [ -67.235420226999963, 18.299863816000141 ], [ -67.235694884999873, 18.299863816000141 ], [ -67.235694884999873, 18.300138474000107 ], [ -67.235969542999953, 18.300138474000107 ], [ -67.235969542999953, 18.300416946999974 ], [ -67.236251830999947, 18.300416946999974 ], [ -67.236251830999947, 18.300973893000048 ], [ -67.236526488999914, 18.300973893000048 ], [ -67.236526488999914, 18.30125045800014 ], [ -67.236808776999908, 18.30125045800014 ], [ -67.236808776999908, 18.301805497000146 ], [ -67.237083434999988, 18.301805497000146 ], [ -67.237083434999988, 18.302082062000181 ], [ -67.237358092999898, 18.302082062000181 ], [ -67.237358092999898, 18.302360535000048 ], [ -67.237640380999892, 18.302360535000048 ], [ -67.237640380999892, 18.302917481000122 ], [ -67.237915038999972, 18.302917481000122 ], [ -67.237915038999972, 18.303195954000159 ], [ -67.238197326999966, 18.303195954000159 ], [ -67.238197326999966, 18.303749085 ], [ -67.238471984999876, 18.303749085 ], [ -67.238471984999876, 18.304304124 ], [ -67.238746642999956, 18.304304124 ], [ -67.238746642999956, 18.304861068000093 ], [ -67.23902893099995, 18.304861068000093 ], [ -67.23902893099995, 18.305694579000033 ], [ -67.239303588999917, 18.305694579000033 ], [ -67.239303588999917, 18.306249618000038 ], [ -67.239860534999934, 18.306249618000038 ], [ -67.239860534999934, 18.30791664100002 ], [ -67.240135192999901, 18.30791664100002 ], [ -67.240135192999901, 18.308748245000118 ], [ -67.240417480999895, 18.308748245000118 ], [ -67.240417480999895, 18.309305191000192 ], [ -67.240692138999975, 18.309305191000192 ], [ -67.240692138999975, 18.310140610000133 ], [ -67.240974426999969, 18.310140610000133 ], [ -67.240974426999969, 18.310417176000101 ], [ -67.241249084999879, 18.310417176000101 ], [ -67.241249084999879, 18.310970307000105 ], [ -67.241531370999951, 18.310970307000105 ], [ -67.241531370999951, 18.311527253000179 ], [ -67.242080688999863, 18.311527253000179 ], [ -67.242080688999863, 18.31236267200012 ], [ -67.242362976999857, 18.31236267200012 ], [ -67.242362976999857, 18.313194276000161 ], [ -67.242637634999937, 18.313194276000161 ], [ -67.242637634999937, 18.313472749000027 ], [ -67.242919920999952, 18.313472749000027 ], [ -67.242919920999952, 18.314306259999967 ], [ -67.243469238999978, 18.314306259999967 ], [ -67.243469238999978, 18.314584733 ], [ -67.24375152499988, 18.314584733 ], [ -67.24375152499988, 18.315139772 ], [ -67.244026184999882, 18.315139772 ], [ -67.244026184999882, 18.315416337000102 ], [ -67.244308470999954, 18.315416337000102 ], [ -67.244308470999954, 18.316249847000108 ], [ -67.244583128999977, 18.316249847000108 ], [ -67.244583128999977, 18.316528319999975 ], [ -67.245140074999938, 18.316528319999975 ], [ -67.245140074999938, 18.317083358000104 ], [ -67.245414732999961, 18.317083358000104 ], [ -67.245414732999961, 18.317361831000142 ], [ -67.245697020999955, 18.317361831000142 ], [ -67.245697020999955, 18.31763839700011 ], [ -67.245971678999922, 18.31763839700011 ], [ -67.245971678999922, 18.317916870000147 ], [ -67.246246336999889, 18.317916870000147 ], [ -67.246246336999889, 18.318195343000184 ], [ -67.246528624999826, 18.318195343000184 ], [ -67.246528624999826, 18.318471908000049 ], [ -67.246803282999963, 18.318471908000049 ], [ -67.246803282999963, 18.319026947000054 ], [ -67.2470855709999, 18.319026947000054 ], [ -67.2470855709999, 18.319305420000092 ], [ -67.24736022899998, 18.319305420000092 ], [ -67.24736022899998, 18.320138931000031 ], [ -67.247642516999974, 18.320138931000031 ], [ -67.247642516999974, 18.32041931200007 ], [ -67.247917174999941, 18.32041931200007 ], [ -67.247917174999941, 18.320693970000036 ], [ -67.248191832999964, 18.320693970000036 ], [ -67.248191832999964, 18.321805954000013 ], [ -67.248474120999958, 18.321805954000013 ], [ -67.248474120999958, 18.322359085000073 ], [ -67.248748778999925, 18.322359085000073 ], [ -67.248748778999925, 18.323194504000185 ], [ -67.249031066999919, 18.323194504000185 ], [ -67.249031066999919, 18.324306489000094 ], [ -67.249580382999909, 18.324306489000094 ], [ -67.249580382999909, 18.325138093000135 ], [ -67.249862670999903, 18.325138093000135 ], [ -67.249862670999903, 18.325416566000172 ], [ -67.250137328999983, 18.325416566000172 ], [ -67.250137328999983, 18.326528550000148 ], [ -67.250419616999977, 18.326528550000148 ], [ -67.250419616999977, 18.327917098000114 ], [ -67.250694274999944, 18.327917098000114 ], [ -67.250694274999944, 18.328193664000082 ], [ -67.251251220999961, 18.328193664000082 ], [ -67.251251220999961, 18.328750610000156 ], [ -67.251808166999922, 18.328750610000156 ], [ -67.251808166999922, 18.329584121000096 ], [ -67.252082824999945, 18.329584121000096 ], [ -67.252082824999945, 18.330415725000023 ], [ -67.252357482999912, 18.330415725000023 ], [ -67.252357482999912, 18.330972671000097 ], [ -67.252639770999906, 18.330972671000097 ], [ -67.252639770999906, 18.331249237000065 ], [ -67.252914428999986, 18.331249237000065 ], [ -67.252914428999986, 18.332361221000042 ], [ -67.25319671699998, 18.332361221000042 ], [ -67.25319671699998, 18.332639694000079 ], [ -67.253471374999947, 18.332639694000079 ], [ -67.253471374999947, 18.335138321000102 ], [ -67.253753660999962, 18.335138321000102 ], [ -67.253753660999962, 18.335416793999968 ], [ -67.254028320999964, 18.335416793999968 ], [ -67.254028320999964, 18.33680534400014 ], [ -67.254302978999931, 18.33680534400014 ], [ -67.254302978999931, 18.337358475000144 ], [ -67.254585264999946, 18.337358475000144 ], [ -67.254585264999946, 18.338193894000085 ], [ -67.254859924999948, 18.338193894000085 ], [ -67.254859924999948, 18.338752746000125 ], [ -67.255142210999907, 18.338752746000125 ], [ -67.255142210999907, 18.339305877000186 ], [ -67.255416868999987, 18.339305877000186 ], [ -67.255416868999987, 18.339862823000033 ], [ -67.255691528999819, 18.339862823000033 ], [ -67.255691528999819, 18.340415954000093 ], [ -67.255973814999891, 18.340415954000093 ], [ -67.255973814999891, 18.340974808000112 ], [ -67.256248472999971, 18.340974808000112 ], [ -67.256248472999971, 18.341249466000136 ], [ -67.256530760999965, 18.341249466000136 ], [ -67.256530760999965, 18.341527939000173 ], [ -67.256805418999875, 18.341527939000173 ], [ -67.256805418999875, 18.341806412000039 ], [ -67.257080076999955, 18.341806412000039 ], [ -67.257080076999955, 18.342084885000077 ], [ -67.257637022999916, 18.342084885000077 ], [ -67.257637022999916, 18.34263801600008 ], [ -67.25791931099991, 18.34263801600008 ], [ -67.25791931099991, 18.343193053999983 ], [ -67.258193968999933, 18.343193053999983 ], [ -67.258193968999933, 18.34347152700002 ], [ -67.258750914999894, 18.34347152700002 ], [ -67.258750914999894, 18.34375 ], [ -67.259582518999878, 18.34375 ], [ -67.259582518999878, 18.34347152700002 ], [ -67.259864806999985, 18.34347152700002 ], [ -67.259864806999985, 18.343193053999983 ], [ -67.260139464999952, 18.343193053999983 ], [ -67.260139464999952, 18.34347152700002 ], [ -67.260696410999856, 18.34347152700002 ], [ -67.260696410999856, 18.34375 ], [ -67.26125335699993, 18.34375 ], [ -67.26125335699993, 18.344028473000094 ], [ -67.261528014999897, 18.344028473000094 ], [ -67.261528014999897, 18.344306946000131 ], [ -67.261802672999977, 18.344306946000131 ], [ -67.261802672999977, 18.344861984999966 ], [ -67.262084960999971, 18.344861984999966 ], [ -67.262084960999971, 18.345415116000027 ], [ -67.262359618999881, 18.345415116000027 ], [ -67.262359618999881, 18.345972062000101 ], [ -67.262641906999988, 18.345972062000101 ], [ -67.262641906999988, 18.346250535000138 ], [ -67.263191222999865, 18.346250535000138 ], [ -67.263191222999865, 18.34680557300004 ], [ -67.263473510999859, 18.34680557300004 ], [ -67.263473510999859, 18.347084046000077 ], [ -67.263748168999939, 18.347084046000077 ], [ -67.263748168999939, 18.348472596000022 ], [ -67.264030456999933, 18.348472596000022 ], [ -67.264030456999933, 18.349027635000027 ], [ -67.2643051149999, 18.349027635000027 ], [ -67.2643051149999, 18.349306108000064 ], [ -67.26457977299998, 18.349306108000064 ], [ -67.26457977299998, 18.3495826730001 ], [ -67.265136718999884, 18.3495826730001 ], [ -67.265136718999884, 18.349859239000068 ], [ -67.265693664999958, 18.349859239000068 ], [ -67.265693664999958, 18.350141525000026 ], [ -67.265975950999973, 18.350141525000026 ], [ -67.265975950999973, 18.350416184999972 ], [ -67.26625060899994, 18.350416184999972 ], [ -67.26625060899994, 18.350973129000067 ], [ -67.266525268999942, 18.350973129000067 ], [ -67.266525268999942, 18.351528166999969 ], [ -67.266807554999957, 18.351528166999969 ], [ -67.266807554999957, 18.351804733000108 ], [ -67.267082212999924, 18.351804733000108 ], [ -67.267082212999924, 18.352083205999975 ], [ -67.267364500999918, 18.352083205999975 ], [ -67.267364500999918, 18.352361679000012 ], [ -67.267639158999827, 18.352361679000012 ], [ -67.267639158999827, 18.352638244000104 ], [ -67.267913816999965, 18.352638244000104 ], [ -67.267913816999965, 18.353473662999988 ], [ -67.268196104999902, 18.353473662999988 ], [ -67.268196104999902, 18.353750229000184 ], [ -67.268470762999982, 18.353750229000184 ], [ -67.268470762999982, 18.354028702 ], [ -67.268753051999965, 18.354028702 ], [ -67.268753051999965, 18.354305267000086 ], [ -67.269027708999943, 18.354305267000086 ], [ -67.269027708999943, 18.354583740000123 ], [ -67.269302366999966, 18.354583740000123 ], [ -67.269302366999966, 18.355138779000129 ], [ -67.26958465499996, 18.355138779000129 ], [ -67.26958465499996, 18.35680580200011 ], [ -67.269859312999927, 18.35680580200011 ], [ -67.269859312999927, 18.35763931300005 ], [ -67.27014160199991, 18.35763931300005 ], [ -67.27014160199991, 18.357915879000018 ], [ -67.27041625899983, 18.357915879000018 ], [ -67.27041625899983, 18.358749390000185 ], [ -67.270690916999911, 18.358749390000185 ], [ -67.270690916999911, 18.359582902000056 ], [ -67.270973204999905, 18.359582902000056 ], [ -67.270973204999905, 18.360137940000129 ], [ -67.271247862999985, 18.360137940000129 ], [ -67.271247862999985, 18.360694886000033 ], [ -67.271530151999968, 18.360694886000033 ], [ -67.271530151999968, 18.360971452000172 ], [ -67.271804808999946, 18.360971452000172 ], [ -67.271804808999946, 18.363470077000045 ], [ -67.271247862999985, 18.363470077000045 ], [ -67.271247862999985, 18.363748550000082 ], [ -67.270973204999905, 18.363748550000082 ], [ -67.270973204999905, 18.364027023000119 ], [ -67.270690916999911, 18.364027023000119 ], [ -67.270690916999911, 18.364583969000023 ], [ -67.27041625899983, 18.364583969000023 ], [ -67.27041625899983, 18.366527557000097 ], [ -67.27014160199991, 18.366527557000097 ], [ -67.27014160199991, 18.366806030000134 ], [ -67.269302366999966, 18.366806030000134 ], [ -67.269302366999966, 18.367082596000103 ], [ -67.268753051999965, 18.367082596000103 ], [ -67.268753051999965, 18.367639542000177 ], [ -67.268470762999982, 18.367639542000177 ], [ -67.268470762999982, 18.367916107000042 ], [ -67.268196104999902, 18.367916107000042 ], [ -67.268196104999902, 18.368194580000079 ], [ -67.267364500999918, 18.368194580000079 ], [ -67.267364500999918, 18.368473053000116 ], [ -67.266525268999942, 18.368473053000116 ], [ -67.266525268999942, 18.368749619000084 ], [ -67.2643051149999, 18.368749619000084 ], [ -67.2643051149999, 18.369028092000121 ], [ -67.263473510999859, 18.369028092000121 ], [ -67.263473510999859, 18.369304657000157 ], [ -67.263191222999865, 18.369304657000157 ], [ -67.263191222999865, 18.369583130000024 ], [ -67.262916564999955, 18.369583130000024 ], [ -67.262916564999955, 18.369861603000061 ], [ -67.262641906999988, 18.369861603000061 ], [ -67.262641906999988, 18.370416642000066 ], [ -67.261802672999977, 18.370416642000066 ], [ -67.261802672999977, 18.370695115000103 ], [ -67.260971068999936, 18.370695115000103 ], [ -67.260971068999936, 18.370971679999968 ], [ -67.2584686269999, 18.370971679999968 ], [ -67.2584686269999, 18.370695115000103 ], [ -67.258193968999933, 18.370695115000103 ], [ -67.258193968999933, 18.370971679999968 ], [ -67.257080076999955, 18.370971679999968 ], [ -67.257080076999955, 18.371250153 ], [ -67.256805418999875, 18.371250153 ], [ -67.256805418999875, 18.371528626000043 ], [ -67.256530760999965, 18.371528626000043 ], [ -67.256530760999965, 18.371805192000011 ], [ -67.254585264999946, 18.371805192000011 ], [ -67.254585264999946, 18.372083665000048 ], [ -67.25319671699998, 18.372083665000048 ], [ -67.25319671699998, 18.37236023000014 ], [ -67.252082824999945, 18.37236023000014 ], [ -67.252082824999945, 18.372638703000177 ], [ -67.250694274999944, 18.372638703000177 ], [ -67.250694274999944, 18.372915269000146 ], [ -67.250137328999983, 18.372915269000146 ], [ -67.250137328999983, 18.373193742000183 ], [ -67.248474120999958, 18.373193742000183 ], [ -67.248474120999958, 18.371805192000011 ], [ -67.248191832999964, 18.371805192000011 ], [ -67.248191832999964, 18.371250153 ], [ -67.247642516999974, 18.371250153 ], [ -67.247642516999974, 18.371805192000011 ], [ -67.24736022899998, 18.371805192000011 ], [ -67.24736022899998, 18.372083665000048 ], [ -67.2470855709999, 18.372083665000048 ], [ -67.2470855709999, 18.373193742000183 ], [ -67.246803282999963, 18.373193742000183 ], [ -67.246803282999963, 18.373472213000014 ], [ -67.246528624999826, 18.373472213000014 ], [ -67.246528624999826, 18.373750686000051 ], [ -67.245697020999955, 18.373750686000051 ], [ -67.245697020999955, 18.374027252000019 ], [ -67.245414732999961, 18.374027252000019 ], [ -67.245414732999961, 18.374305725000056 ], [ -67.245140074999938, 18.374305725000056 ], [ -67.245140074999938, 18.374584198000093 ], [ -67.244857788999866, 18.374584198000093 ], [ -67.244857788999866, 18.374860763000186 ], [ -67.244583128999977, 18.374860763000186 ], [ -67.244583128999977, 18.375137329000154 ], [ -67.243194580999898, 18.375137329000154 ], [ -67.243194580999898, 18.374860763000186 ], [ -67.242919920999952, 18.374860763000186 ], [ -67.242919920999952, 18.374584198000093 ], [ -67.241531370999951, 18.374584198000093 ], [ -67.241531370999951, 18.374860763000186 ], [ -67.241249084999879, 18.374860763000186 ], [ -67.241249084999879, 18.375137329000154 ], [ -67.240692138999975, 18.375137329000154 ], [ -67.240692138999975, 18.375415802000191 ], [ -67.240135192999901, 18.375415802000191 ], [ -67.240135192999901, 18.375694275 ], [ -67.239555357999905, 18.375694275 ], [ -67.239303588999917, 18.375694275 ], [ -67.239303588999917, 18.375972748000038 ], [ -67.23902893099995, 18.375972748000038 ], [ -67.23902893099995, 18.376247406000061 ], [ -67.238746642999956, 18.376247406000061 ], [ -67.238746642999956, 18.376529694000112 ], [ -67.238197326999966, 18.376529694000112 ], [ -67.238197326999966, 18.376806259000034 ], [ -67.235694884999873, 18.376806259000034 ], [ -67.235694884999873, 18.377082825000173 ], [ -67.234863280999889, 18.377082825000173 ], [ -67.234863280999889, 18.377359390000038 ], [ -67.234580992999895, 18.377359390000038 ], [ -67.234580992999895, 18.377641678000145 ], [ -67.234024048999913, 18.377641678000145 ], [ -67.234024048999913, 18.377916336000112 ], [ -67.231529234999982, 18.377916336000112 ], [ -67.231529234999982, 18.378194809000149 ], [ -67.229858398999966, 18.378194809000149 ], [ -67.229858398999966, 18.378469467000116 ], [ -67.227363586999957, 18.378469467000116 ], [ -67.227363586999957, 18.378751755000053 ], [ -67.226249694999979, 18.378751755000053 ], [ -67.226249694999979, 18.379028321000192 ], [ -67.225975036999898, 18.379028321000192 ], [ -67.225975036999898, 18.379304886000057 ], [ -67.225135802999887, 18.379304886000057 ], [ -67.225135802999887, 18.379583359000094 ], [ -67.22430419899996, 18.379583359000094 ], [ -67.22430419899996, 18.379863740000133 ], [ -67.224029540999936, 18.379863740000133 ], [ -67.224029540999936, 18.380138398000099 ], [ -67.223747252999942, 18.380138398000099 ], [ -67.223747252999942, 18.380416870999966 ], [ -67.223197936999952, 18.380416870999966 ], [ -67.223197936999952, 18.380695344 ], [ -67.222358702999884, 18.380695344 ], [ -67.222358702999884, 18.38097381700004 ], [ -67.222084044999917, 18.38097381700004 ], [ -67.222084044999917, 18.381250382000133 ], [ -67.220970154999861, 18.381250382000133 ], [ -67.220970154999861, 18.381526948000101 ], [ -67.220138550999877, 18.381526948000101 ], [ -67.220138550999877, 18.381805421000138 ], [ -67.219581604999973, 18.381805421000138 ], [ -67.219581604999973, 18.382083894000175 ], [ -67.217918396999949, 18.382083894000175 ], [ -67.217918396999949, 18.38236045900004 ], [ -67.217636108999955, 18.38236045900004 ], [ -67.217636108999955, 18.382638932000077 ], [ -67.217361450999988, 18.382638932000077 ], [ -67.217361450999988, 18.38236045900004 ], [ -67.217086792999964, 18.38236045900004 ], [ -67.217086792999964, 18.382638932000077 ], [ -67.216247558999896, 18.382638932000077 ], [ -67.216247558999896, 18.382917405000114 ], [ -67.215698242999906, 18.382917405000114 ], [ -67.215698242999906, 18.383195878000151 ], [ -67.215415954999912, 18.383195878000151 ], [ -67.215415954999912, 18.38347244400012 ], [ -67.214859008999952, 18.38347244400012 ], [ -67.214859008999952, 18.383750917000157 ], [ -67.214027404999968, 18.383750917000157 ], [ -67.214027404999968, 18.384027482000022 ], [ -67.212364196999943, 18.384027482000022 ], [ -67.212364196999943, 18.384860992000085 ], [ -67.212081908999949, 18.384860992000085 ], [ -67.212081908999949, 18.385139465000123 ], [ -67.211807250999868, 18.385139465000123 ], [ -67.211807250999868, 18.385414125000068 ], [ -67.211524962999931, 18.385414125000068 ], [ -67.211524962999931, 18.385694503000025 ], [ -67.210418700999981, 18.385694503000025 ], [ -67.210418700999981, 18.38624954200003 ], [ -67.20958709699994, 18.38624954200003 ], [ -67.20958709699994, 18.386526107000066 ], [ -67.208747863999861, 18.386526107000066 ], [ -67.208747863999861, 18.387083052999969 ], [ -67.207084656999825, 18.387083052999969 ], [ -67.207084656999825, 18.387361526 ], [ -67.206802367999899, 18.387361526 ], [ -67.206802367999899, 18.38763618400003 ], [ -67.206527709999932, 18.38763618400003 ], [ -67.206527709999932, 18.387916565000012 ], [ -67.205413817999954, 18.387916565000012 ], [ -67.205413817999954, 18.388195038000049 ], [ -67.205139159999987, 18.388195038000049 ], [ -67.205139159999987, 18.38903045700016 ], [ -67.205413817999954, 18.38903045700016 ], [ -67.205413817999954, 18.389305115000184 ], [ -67.203750609999986, 18.389305115000184 ], [ -67.203750609999986, 18.389860153000086 ], [ -67.202919005999945, 18.389860153000086 ], [ -67.202919005999945, 18.390140534000068 ], [ -67.201248167999893, 18.390140534000068 ], [ -67.201248167999893, 18.39041709900016 ], [ -67.200691221999932, 18.39041709900016 ], [ -67.200691221999932, 18.390693665000128 ], [ -67.199859617999948, 18.390693665000128 ], [ -67.199859617999948, 18.390970230000164 ], [ -67.199028013999964, 18.390970230000164 ], [ -67.199028013999964, 18.391248703000031 ], [ -67.198753355999884, 18.391248703000031 ], [ -67.198753355999884, 18.391527176000068 ], [ -67.197082519999924, 18.391527176000068 ], [ -67.197082519999924, 18.391805649000105 ], [ -67.196807859999865, 18.391805649000105 ], [ -67.196807859999865, 18.392084122000142 ], [ -67.195693969999979, 18.392084122000142 ], [ -67.195693969999979, 18.392362595000179 ], [ -67.195137023999905, 18.392362595000179 ], [ -67.195137023999905, 18.392639161000147 ], [ -67.194862365999938, 18.392639161000147 ], [ -67.194862365999938, 18.392915726000012 ], [ -67.194305419999921, 18.392915726000012 ], [ -67.194305419999921, 18.39319419900005 ], [ -67.194030761999954, 18.39319419900005 ], [ -67.194030761999954, 18.393472672000087 ], [ -67.193191527999943, 18.393472672000087 ], [ -67.193191527999943, 18.394027711000092 ], [ -67.192642211999896, 18.394027711000092 ], [ -67.192642211999896, 18.394861222000088 ], [ -67.192359923999902, 18.394861222000088 ], [ -67.192359923999902, 18.395416261000094 ], [ -67.192085265999822, 18.395416261000094 ], [ -67.192085265999822, 18.395694734000131 ], [ -67.191528319999918, 18.395694734000131 ], [ -67.191528319999918, 18.395971299000166 ], [ -67.191253661999951, 18.395971299000166 ], [ -67.191253661999951, 18.39624977 ], [ -67.190971373999957, 18.39624977 ], [ -67.190971373999957, 18.396804809 ], [ -67.190696715999934, 18.396804809 ], [ -67.190696715999934, 18.397916793000036 ], [ -67.190971373999957, 18.397916793000036 ], [ -67.190971373999957, 18.398471832000041 ], [ -67.190696715999934, 18.398471832000041 ], [ -67.190696715999934, 18.398750305000078 ], [ -67.19041442799994, 18.398750305000078 ], [ -67.19041442799994, 18.399026870000114 ], [ -67.189857481999979, 18.399026870000114 ], [ -67.189857481999979, 18.399583816000188 ], [ -67.189582823999956, 18.399583816000188 ], [ -67.189582823999956, 18.399860382000156 ], [ -67.189025877999882, 18.399860382000156 ], [ -67.189025877999882, 18.400138855000023 ], [ -67.188468931999921, 18.400138855000023 ], [ -67.188468931999921, 18.40041732800006 ], [ -67.188194273999954, 18.40041732800006 ], [ -67.188194273999954, 18.400693893000096 ], [ -67.187919615999931, 18.400693893000096 ], [ -67.187919615999931, 18.400972366000133 ], [ -67.187080383999955, 18.400972366000133 ], [ -67.187080383999955, 18.401250839 ], [ -67.186248779999971, 18.401250839 ], [ -67.186248779999971, 18.401527404999968 ], [ -67.185691833999897, 18.401527404999968 ], [ -67.185691833999897, 18.401805878 ], [ -67.184585571999946, 18.401805878 ], [ -67.184585571999946, 18.402082443000097 ], [ -67.184028625999986, 18.402082443000097 ], [ -67.184028625999986, 18.402360916000134 ], [ -67.183746337999878, 18.402360916000134 ], [ -67.183746337999878, 18.40291595500014 ], [ -67.183197021999888, 18.40291595500014 ], [ -67.183197021999888, 18.403194428000177 ], [ -67.182640075999984, 18.403194428000177 ], [ -67.182640075999984, 18.403472900999986 ], [ -67.18208312999991, 18.403472900999986 ], [ -67.18208312999991, 18.403751374000024 ], [ -67.181526183999949, 18.403751374000024 ], [ -67.181526183999949, 18.404029847000061 ], [ -67.181251525999983, 18.404029847000061 ], [ -67.181251525999983, 18.404306413000029 ], [ -67.180137633999891, 18.404306413000029 ], [ -67.180137633999891, 18.40458107000012 ], [ -67.179862975999981, 18.40458107000012 ], [ -67.179862975999981, 18.404859543000157 ], [ -67.179306029999907, 18.404859543000157 ], [ -67.179306029999907, 18.405139924000025 ], [ -67.178749083999946, 18.405139924000025 ], [ -67.178749083999946, 18.405416490000164 ], [ -67.177917479999962, 18.405416490000164 ], [ -67.177917479999962, 18.40569496300003 ], [ -67.177085875999978, 18.40569496300003 ], [ -67.177085875999978, 18.405416490000164 ], [ -67.176803587999984, 18.405416490000164 ], [ -67.176803587999984, 18.405969620000064 ], [ -67.176528929999904, 18.405969620000064 ], [ -67.176528929999904, 18.406805040000108 ], [ -67.175697325999863, 18.406805040000108 ], [ -67.175697325999863, 18.407083513000146 ], [ -67.174308775999975, 18.407083513000146 ], [ -67.174308775999975, 18.407363891000102 ], [ -67.174026489999903, 18.407363891000102 ], [ -67.174026489999903, 18.407638549000069 ], [ -67.172080993999941, 18.407638549000069 ], [ -67.172080993999941, 18.407917022000106 ], [ -67.171524047999981, 18.407917022000106 ], [ -67.171524047999981, 18.408193588000074 ], [ -67.170417785999916, 18.408193588000074 ], [ -67.170417785999916, 18.408472061000111 ], [ -67.170135497999922, 18.408472061000111 ], [ -67.170135497999922, 18.408750534000148 ], [ -67.169860839999956, 18.408750534000148 ], [ -67.169860839999956, 18.409027099000014 ], [ -67.169586181999932, 18.409027099000014 ], [ -67.169586181999932, 18.409305572000051 ], [ -67.169029235999972, 18.409305572000051 ], [ -67.169029235999972, 18.409585953000089 ], [ -67.168472289999954, 18.409585953000089 ], [ -67.168472289999954, 18.409860611000056 ], [ -67.167640685999913, 18.409860611000056 ], [ -67.167640685999913, 18.410139084000093 ], [ -67.167358397999919, 18.410139084000093 ], [ -67.167358397999919, 18.41041755700013 ], [ -67.167083739999953, 18.41041755700013 ], [ -67.167083739999953, 18.410694122 ], [ -67.166809081999929, 18.410694122 ], [ -67.166809081999929, 18.410972595000032 ], [ -67.166252135999969, 18.410972595000032 ], [ -67.166252135999969, 18.411249161 ], [ -67.165695189999951, 18.411249161 ], [ -67.165695189999951, 18.411527634000038 ], [ -67.16486358599991, 18.411527634000038 ], [ -67.16486358599991, 18.41180419900013 ], [ -67.163749695999854, 18.41180419900013 ], [ -67.163749695999854, 18.412082672000167 ], [ -67.163475035999966, 18.412082672000167 ], [ -67.163475035999966, 18.412361145000034 ], [ -67.163192749999951, 18.412361145000034 ], [ -67.163192749999951, 18.413194657000076 ], [ -67.162918089999948, 18.413194657000076 ], [ -67.162918089999948, 18.413473130000114 ], [ -67.162635803999876, 18.413473130000114 ], [ -67.162635803999876, 18.413749695000149 ], [ -67.162086485999907, 18.413749695000149 ], [ -67.162086485999907, 18.414026261000117 ], [ -67.160697937999942, 18.414026261000117 ], [ -67.160697937999942, 18.414304734000154 ], [ -67.160415649999948, 18.414304734000154 ], [ -67.160415649999948, 18.415138245000094 ], [ -67.160140991999981, 18.415138245000094 ], [ -67.160140991999981, 18.415416718000131 ], [ -67.160034179999911, 18.415416718000131 ], [ -67.159858703999873, 18.415416718000131 ], [ -67.159858703999873, 18.415695191 ], [ -67.159584045999964, 18.415695191 ], [ -67.159584045999964, 18.415971756999966 ], [ -67.15930175799997, 18.415971756999966 ], [ -67.15930175799997, 18.416248322000058 ], [ -67.159027099999889, 18.416248322000058 ], [ -67.159027099999889, 18.416530610000109 ], [ -67.15875244199998, 18.416530610000109 ], [ -67.15875244199998, 18.416805268000132 ], [ -67.158470153999986, 18.416805268000132 ], [ -67.158470153999986, 18.41708374100017 ], [ -67.158195495999905, 18.41708374100017 ], [ -67.158195495999905, 18.417358399000136 ], [ -67.157913207999911, 18.417358399000136 ], [ -67.157913207999911, 18.417917252999985 ], [ -67.157638549999945, 18.417917252999985 ], [ -67.157638549999945, 18.418193818000077 ], [ -67.157363891999864, 18.418193818000077 ], [ -67.157363891999864, 18.418470384000045 ], [ -67.15708160399987, 18.418470384000045 ], [ -67.15708160399987, 18.418752670000117 ], [ -67.156806945999961, 18.418752670000117 ], [ -67.156806945999961, 18.419862747000025 ], [ -67.156524657999967, 18.419862747000025 ], [ -67.156524657999967, 18.421249389000025 ], [ -67.156249999999886, 18.421249389000025 ], [ -67.156249999999886, 18.422916412 ], [ -67.155975341999977, 18.422916412 ], [ -67.155975341999977, 18.423749924000049 ], [ -67.155693053999983, 18.423749924000049 ], [ -67.155693053999983, 18.424028397000086 ], [ -67.155418395999902, 18.424028397000086 ], [ -67.155418395999902, 18.425693512000123 ], [ -67.155693053999983, 18.425693512000123 ], [ -67.155693053999983, 18.426250458000027 ], [ -67.156249999999886, 18.426250458000027 ], [ -67.156249999999886, 18.426805497000032 ], [ -67.156524657999967, 18.426805497000032 ], [ -67.156524657999967, 18.427083970000069 ], [ -67.156806945999961, 18.427083970000069 ], [ -67.156806945999961, 18.427637101000073 ], [ -67.156524657999967, 18.427637101000073 ], [ -67.156524657999967, 18.428472520000184 ], [ -67.156249999999886, 18.428472520000184 ], [ -67.156249999999886, 18.429027558000087 ], [ -67.155975341999977, 18.429027558000087 ], [ -67.155975341999977, 18.430141448000086 ], [ -67.155693053999983, 18.430141448000086 ], [ -67.155693053999983, 18.43069457900009 ], [ -67.155418395999902, 18.43069457900009 ], [ -67.155418395999902, 18.431804656 ], [ -67.155693053999983, 18.431804656 ], [ -67.155693053999983, 18.433195114000114 ], [ -67.155418395999902, 18.433195114000114 ], [ -67.155418395999902, 18.43402862500011 ], [ -67.155693053999983, 18.43402862500011 ], [ -67.155693053999983, 18.434305191000078 ], [ -67.155975341999977, 18.434305191000078 ], [ -67.155975341999977, 18.434860229000151 ], [ -67.156249999999886, 18.434860229000151 ], [ -67.156249999999886, 18.435417175000055 ], [ -67.156524657999967, 18.435417175000055 ], [ -67.156524657999967, 18.437360764 ], [ -67.156806945999961, 18.437360764 ], [ -67.156806945999961, 18.439861299000029 ], [ -67.15708160399987, 18.439861299000029 ], [ -67.15708160399987, 18.440416337000158 ], [ -67.157363891999864, 18.440416337000158 ], [ -67.157363891999864, 18.440971376000164 ], [ -67.157638549999945, 18.440971376000164 ], [ -67.157638549999945, 18.441804887000103 ], [ -67.157913207999911, 18.441804887000103 ], [ -67.157913207999911, 18.44319534300007 ], [ -67.158195495999905, 18.44319534300007 ], [ -67.158195495999905, 18.443471908000106 ], [ -67.158470153999986, 18.443471908000106 ], [ -67.158470153999986, 18.443748474000074 ], [ -67.15875244199998, 18.443748474000074 ], [ -67.15875244199998, 18.444862366000052 ], [ -67.159027099999889, 18.444862366000052 ], [ -67.159027099999889, 18.445140839000089 ], [ -67.159584045999964, 18.445140839000089 ], [ -67.159584045999964, 18.444862366000052 ], [ -67.160140991999981, 18.444862366000052 ], [ -67.160140991999981, 18.444583893000186 ], [ -67.160415649999948, 18.444583893000186 ], [ -67.160415649999948, 18.445140839000089 ], [ -67.160140991999981, 18.445140839000089 ], [ -67.160140991999981, 18.445417404000125 ], [ -67.159584045999964, 18.445417404000125 ], [ -67.159584045999964, 18.44597244300013 ], [ -67.159858703999873, 18.44597244300013 ], [ -67.159858703999873, 18.44680595400007 ], [ -67.160140991999981, 18.44680595400007 ], [ -67.160140991999981, 18.447080612000093 ], [ -67.160415649999948, 18.447080612000093 ], [ -67.160415649999948, 18.447639466000112 ], [ -67.160697937999942, 18.447639466000112 ], [ -67.160697937999942, 18.448194504000071 ], [ -67.160972595999908, 18.448194504000071 ], [ -67.160972595999908, 18.449028016000113 ], [ -67.161247253999989, 18.449028016000113 ], [ -67.161247253999989, 18.449306489000151 ], [ -67.160972595999908, 18.449306489000151 ], [ -67.160972595999908, 18.450138093000191 ], [ -67.161247253999989, 18.450138093000191 ], [ -67.161247253999989, 18.45208358900004 ], [ -67.161529541999982, 18.45208358900004 ], [ -67.161529541999982, 18.452638627000169 ], [ -67.161804199999892, 18.452638627000169 ], [ -67.161804199999892, 18.452915193000138 ], [ -67.162086485999907, 18.452915193000138 ], [ -67.162086485999907, 18.453472137000176 ], [ -67.162361145999967, 18.453472137000176 ], [ -67.162361145999967, 18.453750610000043 ], [ -67.162635803999876, 18.453750610000043 ], [ -67.162635803999876, 18.454584120999982 ], [ -67.162361145999967, 18.454584120999982 ], [ -67.162361145999967, 18.454860687000121 ], [ -67.162635803999876, 18.454860687000121 ], [ -67.162635803999876, 18.456527710000159 ], [ -67.163192749999951, 18.456527710000159 ], [ -67.163192749999951, 18.456806183000026 ], [ -67.163749695999854, 18.456806183000026 ], [ -67.163749695999854, 18.457082748000062 ], [ -67.164306639999836, 18.457082748000062 ], [ -67.164306639999836, 18.45735931400003 ], [ -67.164581299999895, 18.45735931400003 ], [ -67.164581299999895, 18.457916260000104 ], [ -67.16486358599991, 18.457916260000104 ], [ -67.16486358599991, 18.458751679000045 ], [ -67.165138243999877, 18.458751679000045 ], [ -67.165138243999877, 18.459028244000081 ], [ -67.165412903999879, 18.459028244000081 ], [ -67.165412903999879, 18.459583283000086 ], [ -67.165695189999951, 18.459583283000086 ], [ -67.165695189999951, 18.459863663000192 ], [ -67.165969847999975, 18.459863663000192 ], [ -67.165969847999975, 18.460695267000062 ], [ -67.166526793999935, 18.460695267000062 ], [ -67.166526793999935, 18.461250306000068 ], [ -67.166809081999929, 18.461250306000068 ], [ -67.166809081999929, 18.46152687100016 ], [ -67.167358397999919, 18.46152687100016 ], [ -67.167358397999919, 18.461805344000027 ], [ -67.167640685999913, 18.461805344000027 ], [ -67.167640685999913, 18.462360383000032 ], [ -67.16791534399988, 18.462360383000032 ], [ -67.16791534399988, 18.462917329000106 ], [ -67.168197631999988, 18.462917329000106 ], [ -67.168197631999988, 18.464027406000184 ], [ -67.168472289999954, 18.464027406000184 ], [ -67.168472289999954, 18.464582444000087 ], [ -67.168746947999978, 18.464582444000087 ], [ -67.168746947999978, 18.465694427000187 ], [ -67.169029235999972, 18.465694427000187 ], [ -67.169029235999972, 18.467082977000132 ], [ -67.169303893999938, 18.467082977000132 ], [ -67.169303893999938, 18.47069358900012 ], [ -67.169586181999932, 18.47069358900012 ], [ -67.169586181999932, 18.47152710000006 ], [ -67.169303893999938, 18.47152710000006 ], [ -67.169303893999938, 18.473194123000042 ], [ -67.169586181999932, 18.473194123000042 ], [ -67.169586181999932, 18.475694656000087 ], [ -67.169303893999938, 18.475694656000087 ], [ -67.169303893999938, 18.476528167000026 ], [ -67.169029235999972, 18.476528167000026 ], [ -67.169029235999972, 18.478195190000065 ], [ -67.169303893999938, 18.478195190000065 ], [ -67.169303893999938, 18.479028702000107 ], [ -67.169029235999972, 18.479028702000107 ], [ -67.169029235999972, 18.479305267000143 ], [ -67.169303893999938, 18.479305267000143 ], [ -67.169303893999938, 18.480138779000185 ], [ -67.169029235999972, 18.480138779000185 ], [ -67.169029235999972, 18.480417252000052 ], [ -67.168746947999978, 18.480417252000052 ], [ -67.168746947999978, 18.480693817000088 ], [ -67.168197631999988, 18.480693817000088 ], [ -67.168197631999988, 18.480972290000125 ], [ -67.167640685999913, 18.480972290000125 ], [ -67.167640685999913, 18.481250763000162 ], [ -67.167358397999919, 18.481250763000162 ], [ -67.167358397999919, 18.483472824999978 ], [ -67.167083739999953, 18.483472824999978 ], [ -67.167083739999953, 18.484582902000113 ], [ -67.166809081999929, 18.484582902000113 ], [ -67.166809081999929, 18.484859467000149 ], [ -67.166526793999935, 18.484859467000149 ], [ -67.166526793999935, 18.485416413000053 ], [ -67.165969847999975, 18.485416413000053 ], [ -67.165969847999975, 18.48569488600009 ], [ -67.165695189999951, 18.48569488600009 ], [ -67.165695189999951, 18.486251830000185 ], [ -67.165412903999879, 18.486251830000185 ], [ -67.165412903999879, 18.487083436000034 ], [ -67.165138243999877, 18.487083436000034 ], [ -67.165138243999877, 18.487916946000098 ], [ -67.16486358599991, 18.487916946000098 ], [ -67.16486358599991, 18.488193511000134 ], [ -67.164581299999895, 18.488193511000134 ], [ -67.164581299999895, 18.488473892000172 ], [ -67.164306639999836, 18.488473892000172 ], [ -67.164306639999836, 18.488750457000037 ], [ -67.164024353999935, 18.488750457000037 ], [ -67.164024353999935, 18.489027023000176 ], [ -67.163475035999966, 18.489027023000176 ], [ -67.163475035999966, 18.488750457000037 ], [ -67.163192749999951, 18.488750457000037 ], [ -67.163192749999951, 18.489027023000176 ], [ -67.162918089999948, 18.489027023000176 ], [ -67.162918089999948, 18.488750457000037 ], [ -67.162635803999876, 18.488750457000037 ], [ -67.162635803999876, 18.489027023000176 ], [ -67.162361145999967, 18.489027023000176 ], [ -67.162361145999967, 18.489305496000043 ], [ -67.161804199999892, 18.489305496000043 ], [ -67.161804199999892, 18.489585876000149 ], [ -67.161529541999982, 18.489585876000149 ], [ -67.161529541999982, 18.489860534000115 ], [ -67.160697937999942, 18.489860534000115 ], [ -67.160697937999942, 18.490139006999982 ], [ -67.159858703999873, 18.490139006999982 ], [ -67.159858703999873, 18.489860534000115 ], [ -67.159027099999889, 18.489860534000115 ], [ -67.159027099999889, 18.490139006999982 ], [ -67.157638549999945, 18.490139006999982 ], [ -67.157638549999945, 18.489860534000115 ], [ -67.15708160399987, 18.489860534000115 ], [ -67.15708160399987, 18.490139006999982 ], [ -67.156524657999967, 18.490139006999982 ], [ -67.156524657999967, 18.490417480000019 ], [ -67.155975341999977, 18.490417480000019 ], [ -67.155975341999977, 18.490972519000024 ], [ -67.155136107999908, 18.490972519000024 ], [ -67.155136107999908, 18.491249084000117 ], [ -67.154861449999942, 18.491249084000117 ], [ -67.154861449999942, 18.491804123000122 ], [ -67.154586791999861, 18.491804123000122 ], [ -67.154586791999861, 18.492082596000159 ], [ -67.154304503999924, 18.492082596000159 ], [ -67.154304503999924, 18.492639542000063 ], [ -67.154029845999958, 18.492639542000063 ], [ -67.154029845999958, 18.492916107000099 ], [ -67.153747557999964, 18.492916107000099 ], [ -67.153747557999964, 18.493473053000173 ], [ -67.153472899999883, 18.493473053000173 ], [ -67.153472899999883, 18.494304657000043 ], [ -67.153747557999964, 18.494304657000043 ], [ -67.153747557999964, 18.494861603000118 ], [ -67.153472899999883, 18.494861603000118 ], [ -67.153472899999883, 18.49569511500016 ], [ -67.153198241999974, 18.49569511500016 ], [ -67.153198241999974, 18.496248246 ], [ -67.15291595399998, 18.496248246 ], [ -67.15291595399998, 18.496530534000101 ], [ -67.152641295999899, 18.496530534000101 ], [ -67.152641295999899, 18.496248246 ], [ -67.152084349999939, 18.496248246 ], [ -67.152084349999939, 18.496530534000101 ], [ -67.151802063999924, 18.496530534000101 ], [ -67.151802063999924, 18.49764060900003 ], [ -67.151527405999957, 18.49764060900003 ], [ -67.151527405999957, 18.497917176000101 ], [ -67.151252745999955, 18.497917176000101 ], [ -67.151252745999955, 18.498193742000069 ], [ -67.150695801999973, 18.498193742000069 ], [ -67.150695801999973, 18.498470307000105 ], [ -67.150138855999899, 18.498470307000105 ], [ -67.150138855999899, 18.498752594000109 ], [ -67.149581909999824, 18.498752594000109 ], [ -67.149581909999824, 18.49902725100003 ], [ -67.149024963999921, 18.49902725100003 ], [ -67.149024963999921, 18.499305724000067 ], [ -67.148750305999954, 18.499305724000067 ], [ -67.148750305999954, 18.499584197000104 ], [ -67.148475647999931, 18.499584197000104 ], [ -67.148475647999931, 18.499862671000017 ], [ -67.148193359999937, 18.499862671000017 ], [ -67.148193359999937, 18.500139236000109 ], [ -67.14791870199997, 18.500139236000109 ], [ -67.14791870199997, 18.500415801000145 ], [ -67.147636413999976, 18.500415801000145 ], [ -67.147636413999976, 18.500972748000152 ], [ -67.147361755999952, 18.500972748000152 ], [ -67.147361755999952, 18.501249313000187 ], [ -67.147087097999986, 18.501249313000187 ], [ -67.147087097999986, 18.501527786000054 ], [ -67.146804809999878, 18.501527786000054 ], [ -67.146804809999878, 18.501806259000091 ], [ -67.146530151999912, 18.501806259000091 ], [ -67.146530151999912, 18.502084732000128 ], [ -67.146247863999918, 18.502084732000128 ], [ -67.146247863999918, 18.502361298000096 ], [ -67.145973205999951, 18.502361298000096 ], [ -67.145973205999951, 18.502639771000133 ], [ -67.145690916999911, 18.502639771000133 ], [ -67.145690916999911, 18.502916336000169 ], [ -67.145416259999934, 18.502916336000169 ], [ -67.145416259999934, 18.503194809000036 ], [ -67.14458465599995, 18.503194809000036 ], [ -67.14458465599995, 18.503471375000174 ], [ -67.143753051999909, 18.503471375000174 ], [ -67.143753051999909, 18.503749848000041 ], [ -67.143470762999982, 18.503749848000041 ], [ -67.143470762999982, 18.504028321000078 ], [ -67.143196105999834, 18.504028321000078 ], [ -67.143196105999834, 18.504306794000115 ], [ -67.142913816999908, 18.504306794000115 ], [ -67.142913816999908, 18.504861832000017 ], [ -67.142639159999931, 18.504861832000017 ], [ -67.142639159999931, 18.505138397999986 ], [ -67.142082212999867, 18.505138397999986 ], [ -67.142082212999867, 18.505416871000023 ], [ -67.141525268999942, 18.505416871000023 ], [ -67.141525268999942, 18.50569534400006 ], [ -67.141250609999986, 18.50569534400006 ], [ -67.141250609999986, 18.505971909000152 ], [ -67.140419005999831, 18.505971909000152 ], [ -67.140419005999831, 18.506250382000189 ], [ -67.139305114999956, 18.506250382000189 ], [ -67.139305114999956, 18.506526948000158 ], [ -67.139030456999933, 18.506526948000158 ], [ -67.139030456999933, 18.507083894000061 ], [ -67.138473510999972, 18.507083894000061 ], [ -67.138473510999972, 18.507917405000171 ], [ -67.137084960999914, 18.507917405000171 ], [ -67.137084960999914, 18.508193971000139 ], [ -67.136528014999953, 18.508193971000139 ], [ -67.136528014999953, 18.508472444000176 ], [ -67.135414122999975, 18.508472444000176 ], [ -67.135414122999975, 18.508193971000139 ], [ -67.134582518999821, 18.508193971000139 ], [ -67.134582518999821, 18.507917405000171 ], [ -67.134307860999911, 18.507917405000171 ], [ -67.134307860999911, 18.507638932000134 ], [ -67.132919310999966, 18.507638932000134 ], [ -67.132919310999966, 18.507917405000171 ], [ -67.132637022999972, 18.507917405000171 ], [ -67.132637022999972, 18.508193971000139 ], [ -67.132362364999949, 18.508193971000139 ], [ -67.132362364999949, 18.507917405000171 ], [ -67.131530760999908, 18.507917405000171 ], [ -67.131530760999908, 18.508193971000139 ], [ -67.131248472999914, 18.508193971000139 ], [ -67.131248472999914, 18.508472444000176 ], [ -67.13041686899993, 18.508472444000176 ], [ -67.13041686899993, 18.509027482000079 ], [ -67.129859924999948, 18.509027482000079 ], [ -67.129859924999948, 18.509582521000084 ], [ -67.129585264999946, 18.509582521000084 ], [ -67.129585264999946, 18.509859086000176 ], [ -67.129302978999988, 18.509859086000176 ], [ -67.129302978999988, 18.510141372000078 ], [ -67.128196714999831, 18.510141372000078 ], [ -67.128196714999831, 18.510416030000044 ], [ -67.127082824999945, 18.510416030000044 ], [ -67.127082824999945, 18.510694503000082 ], [ -67.126251220999961, 18.510694503000082 ], [ -67.126251220999961, 18.51097106900005 ], [ -67.125694274999887, 18.51097106900005 ], [ -67.125694274999887, 18.511251449000156 ], [ -67.125419616999977, 18.511251449000156 ], [ -67.125419616999977, 18.511529922000022 ], [ -67.124305724999942, 18.511529922000022 ], [ -67.124305724999942, 18.511806488000161 ], [ -67.1220855709999, 18.511806488000161 ], [ -67.1220855709999, 18.512081146000128 ], [ -67.120697020999955, 18.512081146000128 ], [ -67.120697020999955, 18.512359619 ], [ -67.118751524999936, 18.512359619 ], [ -67.118751524999936, 18.512638092000032 ], [ -67.115692138999918, 18.512638092000032 ], [ -67.115692138999918, 18.512916565000069 ], [ -67.114303588999974, 18.512916565000069 ], [ -67.114303588999974, 18.513195038000106 ], [ -67.112640380999949, 18.513195038000106 ], [ -67.112640380999949, 18.512916565000069 ], [ -67.112358092999955, 18.512916565000069 ], [ -67.112358092999955, 18.512638092000032 ], [ -67.111526488999971, 18.512638092000032 ], [ -67.111526488999971, 18.512081146000128 ], [ -67.110420226999906, 18.512081146000128 ], [ -67.110420226999906, 18.511806488000161 ], [ -67.10624694899991, 18.511806488000161 ], [ -67.10624694899991, 18.512359619 ], [ -67.103752136999901, 18.512359619 ], [ -67.103752136999901, 18.512638092000032 ], [ -67.102912902999947, 18.512638092000032 ], [ -67.102912902999947, 18.513195038000106 ], [ -67.102638244999866, 18.513195038000106 ], [ -67.102638244999866, 18.513473510999972 ], [ -67.102363586999957, 18.513473510999972 ], [ -67.102363586999957, 18.513750076000065 ], [ -67.101806640999882, 18.513750076000065 ], [ -67.101806640999882, 18.51430511500007 ], [ -67.101524352999888, 18.51430511500007 ], [ -67.101524352999888, 18.514583588000107 ], [ -67.100975036999898, 18.514583588000107 ], [ -67.100975036999898, 18.514862061000144 ], [ -67.100418090999938, 18.514862061000144 ], [ -67.100418090999938, 18.51513862600018 ], [ -67.100135802999944, 18.51513862600018 ], [ -67.100135802999944, 18.515417099000047 ], [ -67.099578856999926, 18.515417099000047 ], [ -67.093750000999933, 18.515417099000047 ], [ -67.093750000999933, 18.515693665000185 ], [ -67.092361450999988, 18.515693665000185 ], [ -67.092361450999988, 18.515972138000052 ], [ -67.090698242999963, 18.515972138000052 ], [ -67.090698242999963, 18.515693665000185 ], [ -67.089584350999985, 18.515693665000185 ], [ -67.089584350999985, 18.515417099000047 ], [ -67.088470458999836, 18.515417099000047 ], [ -67.088470458999836, 18.51513862600018 ], [ -67.088195800999927, 18.51513862600018 ], [ -67.088195800999927, 18.514862061000144 ], [ -67.087364196999943, 18.514862061000144 ], [ -67.087364196999943, 18.514583588000107 ], [ -67.084304808999946, 18.514583588000107 ], [ -67.084304808999946, 18.51430511500007 ], [ -67.084030150999979, 18.51430511500007 ], [ -67.084030150999979, 18.514028549000102 ], [ -67.081253052999955, 18.514028549000102 ], [ -67.081253052999955, 18.513750076000065 ], [ -67.080696106999881, 18.513750076000065 ], [ -67.080696106999881, 18.513473510999972 ], [ -67.080413817999897, 18.513473510999972 ], [ -67.080413817999897, 18.513195038000106 ], [ -67.07624816799995, 18.513195038000106 ], [ -67.07624816799995, 18.513473510999972 ], [ -67.075691221999932, 18.513473510999972 ], [ -67.075691221999932, 18.513750076000065 ], [ -67.075416563999966, 18.513750076000065 ], [ -67.075416563999966, 18.514028549000102 ], [ -67.075141906999988, 18.514028549000102 ], [ -67.075141906999988, 18.51430511500007 ], [ -67.074859617999948, 18.51430511500007 ], [ -67.074859617999948, 18.514583588000107 ], [ -67.072914123999851, 18.514583588000107 ], [ -67.072914123999851, 18.514028549000102 ], [ -67.072364806999872, 18.514028549000102 ], [ -67.072364806999872, 18.513195038000106 ], [ -67.069030761999954, 18.513195038000106 ], [ -67.069030761999954, 18.512916565000069 ], [ -67.065414427999883, 18.512916565000069 ], [ -67.065414427999883, 18.513473510999972 ], [ -67.064308165999932, 18.513473510999972 ], [ -67.064308165999932, 18.513750076000065 ], [ -67.063194273999954, 18.513750076000065 ], [ -67.063194273999954, 18.514028549000102 ], [ -67.06236266999997, 18.514028549000102 ], [ -67.06236266999997, 18.513750076000065 ], [ -67.062080383999898, 18.513750076000065 ], [ -67.062080383999898, 18.513473510999972 ], [ -67.06041717599993, 18.513473510999972 ], [ -67.06041717599993, 18.513750076000065 ], [ -67.060142515999985, 18.513750076000065 ], [ -67.060142515999985, 18.514028549000102 ], [ -67.058746337999821, 18.514028549000102 ], [ -67.058746337999821, 18.51430511500007 ], [ -67.057914733999951, 18.51430511500007 ], [ -67.057914733999951, 18.514028549000102 ], [ -67.057083129999967, 18.514028549000102 ], [ -67.057083129999967, 18.513750076000065 ], [ -67.056808471999886, 18.513750076000065 ], [ -67.056808471999886, 18.513473510999972 ], [ -67.056251525999983, 18.513473510999972 ], [ -67.056251525999983, 18.513750076000065 ], [ -67.055969237999875, 18.513750076000065 ], [ -67.055969237999875, 18.514028549000102 ], [ -67.05403137199994, 18.514028549000102 ], [ -67.05403137199994, 18.514862061000144 ], [ -67.053749083999946, 18.514862061000144 ], [ -67.053749083999946, 18.515417099000047 ], [ -67.050971983999943, 18.515417099000047 ], [ -67.050971983999943, 18.51513862600018 ], [ -67.050415039999962, 18.51513862600018 ], [ -67.050415039999962, 18.514862061000144 ], [ -67.049583433999828, 18.514862061000144 ], [ -67.049583433999828, 18.51430511500007 ], [ -67.049308775999918, 18.51430511500007 ], [ -67.049308775999918, 18.513750076000065 ], [ -67.049026489999903, 18.513750076000065 ], [ -67.049026489999903, 18.512916565000069 ], [ -67.04569244399994, 18.512916565000069 ], [ -67.04569244399994, 18.512359619 ], [ -67.044860839999956, 18.512359619 ], [ -67.044860839999956, 18.512638092000032 ], [ -67.043746947999978, 18.512638092000032 ], [ -67.043746947999978, 18.512916565000069 ], [ -67.03930663999995, 18.512916565000069 ], [ -67.03930663999995, 18.512359619 ], [ -67.037635803999819, 18.512359619 ], [ -67.037635803999819, 18.512081146000128 ], [ -67.035697937999885, 18.512081146000128 ], [ -67.035697937999885, 18.511806488000161 ], [ -67.035415649999948, 18.511806488000161 ], [ -67.035415649999948, 18.511529922000022 ], [ -67.034584045999907, 18.511529922000022 ], [ -67.034584045999907, 18.511251449000156 ], [ -67.033195495999962, 18.511251449000156 ], [ -67.033195495999962, 18.51097106900005 ], [ -67.033470153999929, 18.51097106900005 ], [ -67.033470153999929, 18.510416030000044 ], [ -67.031806945999904, 18.510416030000044 ], [ -67.031806945999904, 18.510141372000078 ], [ -67.030136107999965, 18.510141372000078 ], [ -67.030136107999965, 18.509859086000176 ], [ -67.029304503999981, 18.509859086000176 ], [ -67.029304503999981, 18.509305955000116 ], [ -67.028747557999964, 18.509305955000116 ], [ -67.028747557999964, 18.509027482000079 ], [ -67.028472899999826, 18.509027482000079 ], [ -67.028472899999826, 18.508750917000043 ], [ -67.028198241999917, 18.508750917000043 ], [ -67.028198241999917, 18.508472444000176 ], [ -67.027359009999941, 18.508472444000176 ], [ -67.027359009999941, 18.508750917000043 ], [ -67.024024963999864, 18.508750917000043 ], [ -67.024024963999864, 18.508193971000139 ], [ -67.022087097999929, 18.508193971000139 ], [ -67.022087097999929, 18.508750917000043 ], [ -67.021530151999855, 18.508750917000043 ], [ -67.021530151999855, 18.509027482000079 ], [ -67.021247863999918, 18.509027482000079 ], [ -67.021247863999918, 18.509305955000116 ], [ -67.020973205999951, 18.509305955000116 ], [ -67.020973205999951, 18.509582521000084 ], [ -67.020416259999877, 18.509582521000084 ], [ -67.020416259999877, 18.509859086000176 ], [ -67.020141601999967, 18.509859086000176 ], [ -67.020141601999967, 18.510416030000044 ], [ -67.021530151999855, 18.510416030000044 ], [ -67.021530151999855, 18.511529922000022 ], [ -67.019859313999973, 18.511529922000022 ], [ -67.019859313999973, 18.511251449000156 ], [ -67.017913817999954, 18.511251449000156 ], [ -67.017913817999954, 18.51097106900005 ], [ -67.01680755599989, 18.51097106900005 ], [ -67.01680755599989, 18.510694503000082 ], [ -67.016525268999885, 18.510694503000082 ], [ -67.016525268999885, 18.510416030000044 ], [ -67.015975951999906, 18.510416030000044 ], [ -67.015975951999906, 18.510141372000078 ], [ -67.015693665999947, 18.510141372000078 ], [ -67.015693665999947, 18.509859086000176 ], [ -67.015419005999945, 18.509859086000176 ], [ -67.015419005999945, 18.508472444000176 ], [ -67.014862061999963, 18.508472444000176 ], [ -67.014862061999963, 18.508193971000139 ], [ -67.01457977299998, 18.508193971000139 ], [ -67.01457977299998, 18.507917405000171 ], [ -67.013473511999905, 18.507917405000171 ], [ -67.013473511999905, 18.508193971000139 ], [ -67.012641907999921, 18.508193971000139 ], [ -67.012641907999921, 18.507360459000097 ], [ -67.01208496199996, 18.507360459000097 ], [ -67.01208496199996, 18.507083894000061 ], [ -67.011802672999863, 18.507083894000061 ], [ -67.011802672999863, 18.506805421000024 ], [ -67.011528014999953, 18.506805421000024 ], [ -67.011528014999953, 18.506526948000158 ], [ -67.011253357999976, 18.506526948000158 ], [ -67.011253357999976, 18.506250382000189 ], [ -67.010696410999969, 18.506250382000189 ], [ -67.010696410999969, 18.506805421000024 ], [ -67.010414122999975, 18.506805421000024 ], [ -67.010414122999975, 18.507083894000061 ], [ -67.009864807999918, 18.507083894000061 ], [ -67.009864807999918, 18.506526948000158 ], [ -67.009582518999935, 18.506526948000158 ], [ -67.009582518999935, 18.505971909000152 ], [ -67.008750914999951, 18.505971909000152 ], [ -67.008750914999951, 18.506250382000189 ], [ -67.007919310999966, 18.506250382000189 ], [ -67.007919310999966, 18.505971909000152 ], [ -67.006805418999988, 18.505971909000152 ], [ -67.006805418999988, 18.50569534400006 ], [ -67.006248472999914, 18.50569534400006 ], [ -67.006248472999914, 18.505138397999986 ], [ -67.005973814999948, 18.505138397999986 ], [ -67.005973814999948, 18.504861832000017 ], [ -67.005691526999954, 18.504861832000017 ], [ -67.005691526999954, 18.50458335899998 ], [ -67.004028318999985, 18.50458335899998 ], [ -67.004028318999985, 18.504028321000078 ], [ -67.003753660999905, 18.504028321000078 ], [ -67.003753660999905, 18.503471375000174 ], [ -67.002357482999969, 18.503471375000174 ], [ -67.002357482999969, 18.502916336000169 ], [ -67.000137328999926, 18.502916336000169 ], [ -66.99986267099996, 18.502916336000169 ], [ -66.99986267099996, 18.502361298000096 ], [ -66.999580382999966, 18.502361298000096 ], [ -66.999580382999966, 18.502639771000133 ], [ -66.998474120999902, 18.502639771000133 ], [ -66.998474120999902, 18.502361298000096 ], [ -66.997917174999941, 18.502361298000096 ], [ -66.997917174999941, 18.502084732000128 ], [ -66.997642516999917, 18.502084732000128 ], [ -66.997642516999917, 18.501806259000091 ], [ -66.997360228999923, 18.501806259000091 ], [ -66.997360228999923, 18.501527786000054 ], [ -66.997085570999957, 18.501527786000054 ], [ -66.997085570999957, 18.501249313000187 ], [ -66.996528624999939, 18.501249313000187 ], [ -66.996528624999939, 18.501527786000054 ], [ -66.995971678999979, 18.501527786000054 ], [ -66.995971678999979, 18.501806259000091 ], [ -66.995140074999824, 18.501806259000091 ], [ -66.995140074999824, 18.501527786000054 ], [ -66.99485778699983, 18.501527786000054 ], [ -66.99485778699983, 18.501249313000187 ], [ -66.994308470999954, 18.501249313000187 ], [ -66.994308470999954, 18.500139236000109 ], [ -66.99402618299996, 18.500139236000109 ], [ -66.99402618299996, 18.499862671000017 ], [ -66.992919920999896, 18.499862671000017 ], [ -66.992919920999896, 18.500139236000109 ], [ -66.991531370999951, 18.500139236000109 ], [ -66.991531370999951, 18.499862671000017 ], [ -66.991249084999936, 18.499862671000017 ], [ -66.991249084999936, 18.49902725100003 ], [ -66.990974426999969, 18.49902725100003 ], [ -66.990974426999969, 18.498752594000109 ], [ -66.990417480999952, 18.498752594000109 ], [ -66.990417480999952, 18.49902725100003 ], [ -66.989860534999877, 18.49902725100003 ], [ -66.989860534999877, 18.498470307000105 ], [ -66.989585876999968, 18.498470307000105 ], [ -66.989585876999968, 18.497917176000101 ], [ -66.989028930999893, 18.497917176000101 ], [ -66.989028930999893, 18.49764060900003 ], [ -66.988471984999933, 18.49764060900003 ], [ -66.988471984999933, 18.497917176000101 ], [ -66.987358092999955, 18.497917176000101 ], [ -66.987358092999955, 18.497083665000105 ], [ -66.987083434999988, 18.497083665000105 ], [ -66.987083434999988, 18.496805192000068 ], [ -66.986808776999965, 18.496805192000068 ], [ -66.986808776999965, 18.496530534000101 ], [ -66.986526488999971, 18.496530534000101 ], [ -66.986526488999971, 18.495971680000025 ], [ -66.98625183099989, 18.495971680000025 ], [ -66.98625183099989, 18.49569511500016 ], [ -66.985969542999896, 18.49569511500016 ], [ -66.985969542999896, 18.495416642000123 ], [ -66.985694884999987, 18.495416642000123 ], [ -66.985694884999987, 18.495136261000141 ], [ -66.98542022699985, 18.495136261000141 ], [ -66.98542022699985, 18.494861603000118 ], [ -66.985137938999912, 18.494861603000118 ], [ -66.985137938999912, 18.49458313000008 ], [ -66.984024046999878, 18.49458313000008 ], [ -66.984024046999878, 18.494304657000043 ], [ -66.983749388999968, 18.494304657000043 ], [ -66.983749388999968, 18.494026184 ], [ -66.983192442999894, 18.494026184 ], [ -66.983192442999894, 18.493749619000141 ], [ -66.982917784999984, 18.493749619000141 ], [ -66.982917784999984, 18.493473053000173 ], [ -66.982635498999912, 18.493473053000173 ], [ -66.982635498999912, 18.493194580000136 ], [ -66.982360838999909, 18.493194580000136 ], [ -66.982360838999909, 18.492916107000099 ], [ -66.980415344999983, 18.492916107000099 ], [ -66.980415344999983, 18.492639542000063 ], [ -66.980140686999903, 18.492639542000063 ], [ -66.980140686999903, 18.492361069000026 ], [ -66.979858398999909, 18.492361069000026 ], [ -66.979858398999909, 18.492082596000159 ], [ -66.979583740999942, 18.492082596000159 ], [ -66.979583740999942, 18.491804123000122 ], [ -66.979026794999925, 18.491804123000122 ], [ -66.979026794999925, 18.491527557000154 ], [ -66.978752136999958, 18.491527557000154 ], [ -66.978752136999958, 18.491249084000117 ], [ -66.977912902999947, 18.491249084000117 ], [ -66.977912902999947, 18.491527557000154 ], [ -66.975418090999938, 18.491527557000154 ], [ -66.975418090999938, 18.491804123000122 ], [ -66.974861144999977, 18.491804123000122 ], [ -66.974861144999977, 18.492082596000159 ], [ -66.973747252999829, 18.492082596000159 ], [ -66.973747252999829, 18.492361069000026 ], [ -66.973197936999952, 18.492361069000026 ], [ -66.973197936999952, 18.492639542000063 ], [ -66.972915648999958, 18.492639542000063 ], [ -66.972915648999958, 18.493194580000136 ], [ -66.972640990999935, 18.493194580000136 ], [ -66.972640990999935, 18.493473053000173 ], [ -66.972084044999974, 18.493473053000173 ], [ -66.972084044999974, 18.494026184 ], [ -66.970970154999975, 18.494026184 ], [ -66.970970154999975, 18.493749619000141 ], [ -66.97125244099982, 18.493749619000141 ], [ -66.97125244099982, 18.493194580000136 ], [ -66.970970154999975, 18.493194580000136 ], [ -66.970970154999975, 18.492916107000099 ], [ -66.96958160499986, 18.492916107000099 ], [ -66.96958160499986, 18.492639542000063 ], [ -66.969024658999956, 18.492639542000063 ], [ -66.969024658999956, 18.492361069000026 ], [ -66.967918396999892, 18.492361069000026 ], [ -66.967918396999892, 18.492082596000159 ], [ -66.965141296999889, 18.492082596000159 ], [ -66.965141296999889, 18.491804123000122 ], [ -66.964584350999985, 18.491804123000122 ], [ -66.964584350999985, 18.491527557000154 ], [ -66.964027404999911, 18.491527557000154 ], [ -66.964027404999911, 18.491249084000117 ], [ -66.962913512999876, 18.491249084000117 ], [ -66.962913512999876, 18.490972519000024 ], [ -66.962364196999886, 18.490972519000024 ], [ -66.962364196999886, 18.491249084000117 ], [ -66.962081908999892, 18.491249084000117 ], [ -66.962081908999892, 18.491527557000154 ], [ -66.961524962999988, 18.491527557000154 ], [ -66.961524962999988, 18.491804123000122 ], [ -66.960975646999941, 18.491804123000122 ], [ -66.960975646999941, 18.490972519000024 ], [ -66.960693358999947, 18.490972519000024 ], [ -66.960693358999947, 18.490695953000056 ], [ -66.960136412999873, 18.490695953000056 ], [ -66.960136412999873, 18.490972519000024 ], [ -66.959587096999883, 18.490972519000024 ], [ -66.959587096999883, 18.490695953000056 ], [ -66.959236144999977, 18.490695953000056 ], [ -66.959030150999979, 18.490695953000056 ], [ -66.959030150999979, 18.49043464600004 ], [ -66.959030150999979, 18.489305496000043 ], [ -66.958747864999907, 18.489305496000043 ], [ -66.958747864999907, 18.489027023000176 ], [ -66.958473204999905, 18.489027023000176 ], [ -66.958473204999905, 18.488750457000037 ], [ -66.957084656999939, 18.488750457000037 ], [ -66.957084656999939, 18.489027023000176 ], [ -66.956527710999978, 18.489027023000176 ], [ -66.956527710999978, 18.488750457000037 ], [ -66.954864502999953, 18.488750457000037 ], [ -66.954864502999953, 18.488473892000172 ], [ -66.954307556999936, 18.488473892000172 ], [ -66.954307556999936, 18.488750457000037 ], [ -66.953475952999895, 18.488750457000037 ], [ -66.953475952999895, 18.489027023000176 ], [ -66.952919006999821, 18.489027023000176 ], [ -66.952919006999821, 18.489305496000043 ], [ -66.952636718999827, 18.489305496000043 ], [ -66.952636718999827, 18.489585876000149 ], [ -66.952362060999917, 18.489585876000149 ], [ -66.952362060999917, 18.489860534000115 ], [ -66.951805114999956, 18.489860534000115 ], [ -66.951805114999956, 18.490139006999982 ], [ -66.951530456999933, 18.490139006999982 ], [ -66.951530456999933, 18.490417480000019 ], [ -66.951248168999939, 18.490417480000019 ], [ -66.951248168999939, 18.490695953000056 ], [ -66.950691221999875, 18.490695953000056 ], [ -66.950691221999875, 18.490972519000024 ], [ -66.950416564999955, 18.490972519000024 ], [ -66.950416564999955, 18.491249084000117 ], [ -66.949859618999881, 18.491249084000117 ], [ -66.949859618999881, 18.490972519000024 ], [ -66.949584960999914, 18.490972519000024 ], [ -66.949584960999914, 18.490695953000056 ], [ -66.949028014999953, 18.490695953000056 ], [ -66.949028014999953, 18.490972519000024 ], [ -66.948471067999947, 18.490972519000024 ], [ -66.948471067999947, 18.491249084000117 ], [ -66.948196410999969, 18.491249084000117 ], [ -66.948196410999969, 18.491527557000154 ], [ -66.947914123999965, 18.491527557000154 ], [ -66.947914123999965, 18.491804123000122 ], [ -66.947364806999985, 18.491804123000122 ], [ -66.947364806999985, 18.491527557000154 ], [ -66.946807860999911, 18.491527557000154 ], [ -66.946807860999911, 18.491249084000117 ], [ -66.945968627999946, 18.491249084000117 ], [ -66.945968627999946, 18.491527557000154 ], [ -66.943748473999904, 18.491527557000154 ], [ -66.943748473999904, 18.491804123000122 ], [ -66.943191527999943, 18.491804123000122 ], [ -66.943191527999943, 18.491527557000154 ], [ -66.94291686999992, 18.491527557000154 ], [ -66.94291686999992, 18.491249084000117 ], [ -66.942642211999953, 18.491249084000117 ], [ -66.942642211999953, 18.490972519000024 ], [ -66.941253661999895, 18.490972519000024 ], [ -66.941253661999895, 18.491249084000117 ], [ -66.940971373999901, 18.491249084000117 ], [ -66.940971373999901, 18.491527557000154 ], [ -66.939857481999923, 18.491527557000154 ], [ -66.939857481999923, 18.491249084000117 ], [ -66.938751219999972, 18.491249084000117 ], [ -66.938751219999972, 18.490972519000024 ], [ -66.938468931999978, 18.490972519000024 ], [ -66.938468931999978, 18.490417480000019 ], [ -66.938194273999898, 18.490417480000019 ], [ -66.938194273999898, 18.490139006999982 ], [ -66.937637327999823, 18.490139006999982 ], [ -66.937637327999823, 18.490417480000019 ], [ -66.937362669999914, 18.490417480000019 ], [ -66.937362669999914, 18.490695953000056 ], [ -66.936248779999971, 18.490695953000056 ], [ -66.936248779999971, 18.490139006999982 ], [ -66.935691833999954, 18.490139006999982 ], [ -66.935691833999954, 18.489860534000115 ], [ -66.93486022999997, 18.489860534000115 ], [ -66.93486022999997, 18.489585876000149 ], [ -66.933197021999945, 18.489585876000149 ], [ -66.933197021999945, 18.489305496000043 ], [ -66.932640075999984, 18.489305496000043 ], [ -66.932640075999984, 18.489027023000176 ], [ -66.931251525999926, 18.489027023000176 ], [ -66.931251525999926, 18.488750457000037 ], [ -66.930694579999852, 18.488750457000037 ], [ -66.930694579999852, 18.488473892000172 ], [ -66.930419921999942, 18.488473892000172 ], [ -66.930419921999942, 18.487916946000098 ], [ -66.929862975999981, 18.487916946000098 ], [ -66.929862975999981, 18.487638473000061 ], [ -66.929306029999964, 18.487638473000061 ], [ -66.929306029999964, 18.487916946000098 ], [ -66.92874908399989, 18.487916946000098 ], [ -66.92874908399989, 18.488193511000134 ], [ -66.928192137999986, 18.488193511000134 ], [ -66.928192137999986, 18.488473892000172 ], [ -66.927360533999945, 18.488473892000172 ], [ -66.927360533999945, 18.488193511000134 ], [ -66.927085875999978, 18.488193511000134 ], [ -66.927085875999978, 18.487916946000098 ], [ -66.926803587999871, 18.487916946000098 ], [ -66.926803587999871, 18.487638473000061 ], [ -66.924858093999944, 18.487638473000061 ], [ -66.924858093999944, 18.487363815000037 ], [ -66.924308775999862, 18.487363815000037 ], [ -66.924308775999862, 18.487083436000034 ], [ -66.92402648999996, 18.487083436000034 ], [ -66.92402648999996, 18.486804963 ], [ -66.923469543999943, 18.486804963 ], [ -66.923469543999943, 18.486528398000132 ], [ -66.921806335999918, 18.486528398000132 ], [ -66.921806335999918, 18.486251830000185 ], [ -66.921249389999957, 18.486251830000185 ], [ -66.921249389999957, 18.485969544000056 ], [ -66.92069244399994, 18.485969544000056 ], [ -66.92069244399994, 18.48569488600009 ], [ -66.920417785999973, 18.48569488600009 ], [ -66.920417785999973, 18.485416413000053 ], [ -66.919586181999932, 18.485416413000053 ], [ -66.919586181999932, 18.485137940000186 ], [ -66.918472289999954, 18.485137940000186 ], [ -66.918472289999954, 18.484859467000149 ], [ -66.916526793999822, 18.484859467000149 ], [ -66.916526793999822, 18.484582902000113 ], [ -66.915969847999918, 18.484582902000113 ], [ -66.915969847999918, 18.484306336000145 ], [ -66.915138243999934, 18.484306336000145 ], [ -66.915138243999934, 18.484582902000113 ], [ -66.914024353999878, 18.484582902000113 ], [ -66.914024353999878, 18.484859467000149 ], [ -66.913749693999875, 18.484859467000149 ], [ -66.913749693999875, 18.484582902000113 ], [ -66.913475035999909, 18.484582902000113 ], [ -66.913475035999909, 18.484306336000145 ], [ -66.912361145999853, 18.484306336000145 ], [ -66.912361145999853, 18.484029771000053 ], [ -66.911804199999949, 18.484029771000053 ], [ -66.911804199999949, 18.483749390000071 ], [ -66.909858703999987, 18.483749390000071 ], [ -66.909858703999987, 18.484029771000053 ], [ -66.90875244199998, 18.484029771000053 ], [ -66.90875244199998, 18.483749390000071 ], [ -66.907913207999968, 18.483749390000071 ], [ -66.907913207999968, 18.483472824999978 ], [ -66.905975341999977, 18.483472824999978 ], [ -66.905975341999977, 18.483749390000071 ], [ -66.905693053999869, 18.483749390000071 ], [ -66.905693053999869, 18.484029771000053 ], [ -66.904861449999885, 18.484029771000053 ], [ -66.904861449999885, 18.484306336000145 ], [ -66.903747557999907, 18.484306336000145 ], [ -66.903747557999907, 18.483749390000071 ], [ -66.90319824199986, 18.483749390000071 ], [ -66.90319824199986, 18.483472824999978 ], [ -66.902915953999866, 18.483472824999978 ], [ -66.902915953999866, 18.483749390000071 ], [ -66.901641845999961, 18.483749390000071 ], [ -66.9015274059999, 18.483749390000071 ], [ -66.9015274059999, 18.483472824999978 ], [ -66.90097045999994, 18.483472824999978 ], [ -66.90097045999994, 18.483749390000071 ], [ -66.900695799999937, 18.483749390000071 ], [ -66.900695799999937, 18.484029771000053 ], [ -66.899864195999953, 18.484029771000053 ], [ -66.899864195999953, 18.484306336000145 ], [ -66.898750305999897, 18.484306336000145 ], [ -66.898750305999897, 18.484582902000113 ], [ -66.898475647999987, 18.484582902000113 ], [ -66.898475647999987, 18.484859467000149 ], [ -66.897636413999919, 18.484859467000149 ], [ -66.897636413999919, 18.485137940000186 ], [ -66.89541625999982, 18.485137940000186 ], [ -66.89541625999982, 18.484859467000149 ], [ -66.894302367999956, 18.484859467000149 ], [ -66.894302367999956, 18.485137940000186 ], [ -66.893753051999965, 18.485137940000186 ], [ -66.893753051999965, 18.485416413000053 ], [ -66.891807555999947, 18.485416413000053 ], [ -66.891807555999947, 18.48569488600009 ], [ -66.890693663999969, 18.48569488600009 ], [ -66.890693663999969, 18.485969544000056 ], [ -66.890419005999945, 18.485969544000056 ], [ -66.890419005999945, 18.486251830000185 ], [ -66.890136719999987, 18.486251830000185 ], [ -66.890136719999987, 18.486528398000132 ], [ -66.889862059999984, 18.486528398000132 ], [ -66.889862059999984, 18.486804963 ], [ -66.889579773999969, 18.486804963 ], [ -66.889579773999969, 18.487083436000034 ], [ -66.889305115999889, 18.487083436000034 ], [ -66.889305115999889, 18.487363815000037 ], [ -66.888473511999848, 18.487363815000037 ], [ -66.888473511999848, 18.487638473000061 ], [ -66.885696411999902, 18.487638473000061 ], [ -66.885696411999902, 18.487363815000037 ], [ -66.884582519999867, 18.487363815000037 ], [ -66.884582519999867, 18.487638473000061 ], [ -66.884307861999957, 18.487638473000061 ], [ -66.884307861999957, 18.487916946000098 ], [ -66.884025572999974, 18.487916946000098 ], [ -66.884025572999974, 18.488193511000134 ], [ -66.883193968999819, 18.488193511000134 ], [ -66.883193968999819, 18.488473892000172 ], [ -66.882362365999938, 18.488473892000172 ], [ -66.882362365999938, 18.488750457000037 ], [ -66.880142211999896, 18.488750457000037 ], [ -66.880142211999896, 18.489027023000176 ], [ -66.877082824999889, 18.489027023000176 ], [ -66.877082824999889, 18.489305496000043 ], [ -66.875419616999977, 18.489305496000043 ], [ -66.875419616999977, 18.489585876000149 ], [ -66.87486267099996, 18.489585876000149 ], [ -66.87486267099996, 18.489305496000043 ], [ -66.874031066999919, 18.489305496000043 ], [ -66.874031066999919, 18.489027023000176 ], [ -66.873474120999845, 18.489027023000176 ], [ -66.873474120999845, 18.488750457000037 ], [ -66.872085570999957, 18.488750457000037 ], [ -66.872085570999957, 18.489027023000176 ], [ -66.870697020999899, 18.489027023000176 ], [ -66.870697020999899, 18.489585876000149 ], [ -66.870414732999905, 18.489585876000149 ], [ -66.870414732999905, 18.490139006999982 ], [ -66.870140074999938, 18.490139006999982 ], [ -66.870140074999938, 18.490417480000019 ], [ -66.869308470999954, 18.490417480000019 ], [ -66.869308470999954, 18.490139006999982 ], [ -66.867919920999896, 18.490139006999982 ], [ -66.867919920999896, 18.490417480000019 ], [ -66.867362974999935, 18.490417480000019 ], [ -66.867362974999935, 18.490695953000056 ], [ -66.86708068899992, 18.490695953000056 ], [ -66.86708068899992, 18.491804123000122 ], [ -66.866806030999953, 18.491804123000122 ], [ -66.866806030999953, 18.492082596000159 ], [ -66.866531370999951, 18.492082596000159 ], [ -66.866531370999951, 18.492361069000026 ], [ -66.865974424999877, 18.492361069000026 ], [ -66.865974424999877, 18.491527557000154 ], [ -66.865692138999975, 18.491527557000154 ], [ -66.865692138999975, 18.491249084000117 ], [ -66.865417480999895, 18.491249084000117 ], [ -66.865417480999895, 18.490972519000024 ], [ -66.864860534999934, 18.490972519000024 ], [ -66.864860534999934, 18.490695953000056 ], [ -66.863197326999966, 18.490695953000056 ], [ -66.863197326999966, 18.490417480000019 ], [ -66.861808776999908, 18.490417480000019 ], [ -66.861808776999908, 18.490695953000056 ], [ -66.860969542999953, 18.490695953000056 ], [ -66.860969542999953, 18.490972519000024 ], [ -66.860420226999963, 18.490972519000024 ], [ -66.860420226999963, 18.490695953000056 ], [ -66.859863280999889, 18.490695953000056 ], [ -66.859863280999889, 18.490417480000019 ], [ -66.857360838999966, 18.490417480000019 ], [ -66.857360838999966, 18.490695953000056 ], [ -66.856529234999982, 18.490695953000056 ], [ -66.856529234999982, 18.490972519000024 ], [ -66.855972288999908, 18.490972519000024 ], [ -66.855972288999908, 18.490695953000056 ], [ -66.855415344999926, 18.490695953000056 ], [ -66.855415344999926, 18.490417480000019 ], [ -66.852363586999843, 18.490417480000019 ], [ -66.852363586999843, 18.490695953000056 ], [ -66.852081298999906, 18.490695953000056 ], [ -66.852081298999906, 18.490972519000024 ], [ -66.851249694999979, 18.490972519000024 ], [ -66.851249694999979, 18.490695953000056 ], [ -66.850975036999955, 18.490695953000056 ], [ -66.850975036999955, 18.490417480000019 ], [ -66.850692748999961, 18.490417480000019 ], [ -66.850692748999961, 18.490139006999982 ], [ -66.850418090999881, 18.490139006999982 ], [ -66.850418090999881, 18.489860534000115 ], [ -66.849029540999936, 18.489860534000115 ], [ -66.849029540999936, 18.490139006999982 ], [ -66.847640990999878, 18.490139006999982 ], [ -66.847640990999878, 18.489860534000115 ], [ -66.84680175699998, 18.489860534000115 ], [ -66.84680175699998, 18.489585876000149 ], [ -66.8465270989999, 18.489585876000149 ], [ -66.8465270989999, 18.489305496000043 ], [ -66.846252440999933, 18.489305496000043 ], [ -66.846252440999933, 18.488750457000037 ], [ -66.845695494999859, 18.488750457000037 ], [ -66.845695494999859, 18.488473892000172 ], [ -66.844306944999971, 18.488473892000172 ], [ -66.844306944999971, 18.488750457000037 ], [ -66.844024658999899, 18.488750457000037 ], [ -66.844024658999899, 18.489027023000176 ], [ -66.843750000999933, 18.489027023000176 ], [ -66.843750000999933, 18.489305496000043 ], [ -66.842918396999949, 18.489305496000043 ], [ -66.842918396999949, 18.488473892000172 ], [ -66.842636108999955, 18.488473892000172 ], [ -66.842636108999955, 18.488193511000134 ], [ -66.840698242999906, 18.488193511000134 ], [ -66.840698242999906, 18.487916946000098 ], [ -66.839302062999934, 18.487916946000098 ], [ -66.839302062999934, 18.487638473000061 ], [ -66.837913512999876, 18.487638473000061 ], [ -66.837913512999876, 18.487916946000098 ], [ -66.837081908999949, 18.487916946000098 ], [ -66.837081908999949, 18.487638473000061 ], [ -66.836807250999925, 18.487638473000061 ], [ -66.836807250999925, 18.487422943000183 ], [ -66.836250304999965, 18.487363815000037 ], [ -66.836250304999965, 18.487083436000034 ], [ -66.835418700999981, 18.487083436000034 ], [ -66.835418700999981, 18.487363815000037 ], [ -66.834861754999906, 18.487363815000037 ], [ -66.834861754999906, 18.487638473000061 ], [ -66.83291626099998, 18.487638473000061 ], [ -66.83291626099998, 18.487363815000037 ], [ -66.832359314999962, 18.487363815000037 ], [ -66.832359314999962, 18.487638473000061 ], [ -66.831802368999888, 18.487638473000061 ], [ -66.831802368999888, 18.487363815000037 ], [ -66.830696106999937, 18.487363815000037 ], [ -66.830696106999937, 18.487083436000034 ], [ -66.828475952999895, 18.487083436000034 ], [ -66.828475952999895, 18.487363815000037 ], [ -66.82736206099986, 18.487363815000037 ], [ -66.82736206099986, 18.487638473000061 ], [ -66.826805114999956, 18.487638473000061 ], [ -66.826805114999956, 18.487916946000098 ], [ -66.826530456999876, 18.487916946000098 ], [ -66.826530456999876, 18.488193511000134 ], [ -66.826248168999882, 18.488193511000134 ], [ -66.826248168999882, 18.488473892000172 ], [ -66.825973510999972, 18.488473892000172 ], [ -66.825973510999972, 18.488750457000037 ], [ -66.825691222999978, 18.488750457000037 ], [ -66.825691222999978, 18.489305496000043 ], [ -66.825141906999932, 18.489305496000043 ], [ -66.825141906999932, 18.489860534000115 ], [ -66.824859618999938, 18.489860534000115 ], [ -66.824859618999938, 18.490139006999982 ], [ -66.824584960999857, 18.490139006999982 ], [ -66.824584960999857, 18.490417480000019 ], [ -66.82430267299992, 18.490417480000019 ], [ -66.82430267299992, 18.490695953000056 ], [ -66.822914123999965, 18.490695953000056 ], [ -66.822914123999965, 18.490417480000019 ], [ -66.820968627999946, 18.490417480000019 ], [ -66.820968627999946, 18.490695953000056 ], [ -66.817642212999885, 18.490695953000056 ], [ -66.817642212999885, 18.490417480000019 ], [ -66.816528319999975, 18.490417480000019 ], [ -66.816528319999975, 18.490695953000056 ], [ -66.815139769999973, 18.490695953000056 ], [ -66.815139769999973, 18.490972519000024 ], [ -66.813194273999898, 18.490972519000024 ], [ -66.813194273999898, 18.490695953000056 ], [ -66.812919615999931, 18.490695953000056 ], [ -66.812919615999931, 18.490139006999982 ], [ -66.811805723999953, 18.490139006999982 ], [ -66.811805723999953, 18.490417480000019 ], [ -66.809860229999913, 18.490417480000019 ], [ -66.809860229999913, 18.490695953000056 ], [ -66.809028625999929, 18.490695953000056 ], [ -66.809028625999929, 18.490972519000024 ], [ -66.807914733999894, 18.490972519000024 ], [ -66.807914733999894, 18.491249084000117 ], [ -66.804580687999987, 18.491249084000117 ], [ -66.804580687999987, 18.491527557000154 ], [ -66.803474425999923, 18.491527557000154 ], [ -66.803474425999923, 18.491804123000122 ], [ -66.802360533999945, 18.491804123000122 ], [ -66.802360533999945, 18.492082596000159 ], [ -66.801803587999984, 18.492082596000159 ], [ -66.801803587999984, 18.492361069000026 ], [ -66.79902648999996, 18.492361069000026 ], [ -66.79902648999996, 18.492639542000063 ], [ -66.798194885999919, 18.492639542000063 ], [ -66.798194885999919, 18.492916107000099 ], [ -66.797637939999845, 18.492916107000099 ], [ -66.797637939999845, 18.492639542000063 ], [ -66.797080993999941, 18.492639542000063 ], [ -66.797080993999941, 18.492916107000099 ], [ -66.796249389999957, 18.492916107000099 ], [ -66.796249389999957, 18.493194580000136 ], [ -66.795974731999877, 18.493194580000136 ], [ -66.795974731999877, 18.493473053000173 ], [ -66.795417785999973, 18.493473053000173 ], [ -66.795417785999973, 18.493194580000136 ], [ -66.795135497999979, 18.493194580000136 ], [ -66.795135497999979, 18.492916107000099 ], [ -66.794860839999899, 18.492916107000099 ], [ -66.794860839999899, 18.492639542000063 ], [ -66.794303893999938, 18.492639542000063 ], [ -66.794303893999938, 18.492361069000026 ], [ -66.791252135999855, 18.492361069000026 ], [ -66.791252135999855, 18.492639542000063 ], [ -66.790969847999861, 18.492639542000063 ], [ -66.790969847999861, 18.492361069000026 ], [ -66.790138243999877, 18.492361069000026 ], [ -66.790138243999877, 18.492082596000159 ], [ -66.789863585999967, 18.492082596000159 ], [ -66.789863585999967, 18.492361069000026 ], [ -66.789306639999893, 18.492361069000026 ], [ -66.789306639999893, 18.492639542000063 ], [ -66.789024353999935, 18.492639542000063 ], [ -66.789024353999935, 18.492916107000099 ], [ -66.788192749999951, 18.492916107000099 ], [ -66.788192749999951, 18.492639542000063 ], [ -66.787918089999948, 18.492639542000063 ], [ -66.787918089999948, 18.492361069000026 ], [ -66.785697935999906, 18.492361069000026 ], [ -66.785697935999906, 18.492082596000159 ], [ -66.784584045999964, 18.492082596000159 ], [ -66.784584045999964, 18.491804123000122 ], [ -66.784027099999889, 18.491804123000122 ], [ -66.784027099999889, 18.491527557000154 ], [ -66.783470153999986, 18.491527557000154 ], [ -66.783470153999986, 18.491804123000122 ], [ -66.781806945999961, 18.491804123000122 ], [ -66.781806945999961, 18.491527557000154 ], [ -66.78125, 18.491527557000154 ], [ -66.78125, 18.491249084000117 ], [ -66.780693053999983, 18.491249084000117 ], [ -66.780693053999983, 18.490972519000024 ], [ -66.779861449999942, 18.490972519000024 ], [ -66.779861449999942, 18.490695953000056 ], [ -66.779586791999918, 18.490695953000056 ], [ -66.779586791999918, 18.490417480000019 ], [ -66.779029845999958, 18.490417480000019 ], [ -66.779029845999958, 18.490139006999982 ], [ -66.77847289999994, 18.490139006999982 ], [ -66.77847289999994, 18.489860534000115 ], [ -66.778198241999974, 18.489860534000115 ], [ -66.778198241999974, 18.489585876000149 ], [ -66.777084349999825, 18.489585876000149 ], [ -66.777084349999825, 18.489305496000043 ], [ -66.776527403999921, 18.489305496000043 ], [ -66.776527403999921, 18.489027023000176 ], [ -66.775695799999937, 18.489027023000176 ], [ -66.775695799999937, 18.488750457000037 ], [ -66.775413513999979, 18.488750457000037 ], [ -66.775413513999979, 18.488473892000172 ], [ -66.774307251999971, 18.488473892000172 ], [ -66.774307251999971, 18.488193511000134 ], [ -66.773475647999931, 18.488193511000134 ], [ -66.773475647999931, 18.487916946000098 ], [ -66.77291870199997, 18.487916946000098 ], [ -66.77291870199997, 18.487638473000061 ], [ -66.772636413999862, 18.487638473000061 ], [ -66.772636413999862, 18.487363815000037 ], [ -66.772361755999952, 18.487363815000037 ], [ -66.772361755999952, 18.487083436000034 ], [ -66.771530151999968, 18.487083436000034 ], [ -66.771530151999968, 18.486804963 ], [ -66.7706909179999, 18.486804963 ], [ -66.7706909179999, 18.486528398000132 ], [ -66.769859313999859, 18.486528398000132 ], [ -66.769859313999859, 18.486251830000185 ], [ -66.769027709999875, 18.486251830000185 ], [ -66.769027709999875, 18.485969544000056 ], [ -66.768753051999965, 18.485969544000056 ], [ -66.768753051999965, 18.48569488600009 ], [ -66.768470763999971, 18.48569488600009 ], [ -66.768470763999971, 18.485137940000186 ], [ -66.768196105999891, 18.485137940000186 ], [ -66.768196105999891, 18.484859467000149 ], [ -66.767913817999897, 18.484859467000149 ], [ -66.767913817999897, 18.484582902000113 ], [ -66.76736450199985, 18.484582902000113 ], [ -66.76736450199985, 18.484306336000145 ], [ -66.767082213999913, 18.484306336000145 ], [ -66.767082213999913, 18.484029771000053 ], [ -66.766250609999986, 18.484029771000053 ], [ -66.766250609999986, 18.483749390000071 ], [ -66.765419005999888, 18.483749390000071 ], [ -66.765419005999888, 18.483629227000165 ], [ -66.765419005999888, 18.483194352000112 ], [ -66.765136719999987, 18.483194352000112 ], [ -66.765136719999987, 18.482915879000075 ], [ -66.764862059999984, 18.482915879000075 ], [ -66.764862059999984, 18.482637406000038 ], [ -66.764579773999913, 18.482637406000038 ], [ -66.764579773999913, 18.482360840000069 ], [ -66.762641907999978, 18.482360840000069 ], [ -66.762641907999978, 18.482084275000034 ], [ -66.76180267399991, 18.482084275000034 ], [ -66.76180267399991, 18.481805802000167 ], [ -66.761253357999919, 18.481805802000167 ], [ -66.761253357999919, 18.48152732900013 ], [ -66.759864807999975, 18.48152732900013 ], [ -66.759864807999975, 18.481805802000167 ], [ -66.759582519999981, 18.481805802000167 ], [ -66.759582519999981, 18.48152732900013 ], [ -66.759025573999907, 18.48152732900013 ], [ -66.759025573999907, 18.481250763000162 ], [ -66.758193969999923, 18.481250763000162 ], [ -66.758193969999923, 18.480972290000125 ], [ -66.757919311999956, 18.480972290000125 ], [ -66.757919311999956, 18.480417252000052 ], [ -66.757080076999955, 18.480417252000052 ], [ -66.757080076999955, 18.480138779000185 ], [ -66.75541686999992, 18.480138779000185 ], [ -66.75541686999992, 18.47958374000018 ], [ -66.754585265999935, 18.47958374000018 ], [ -66.754585265999935, 18.479305267000143 ], [ -66.754028319999975, 18.479305267000143 ], [ -66.754028319999975, 18.479028702000107 ], [ -66.753753661999895, 18.479028702000107 ], [ -66.753753661999895, 18.47875022900007 ], [ -66.75347137499989, 18.47875022900007 ], [ -66.75347137499989, 18.478471756000033 ], [ -66.752914428999986, 18.478471756000033 ], [ -66.752914428999986, 18.478195190000065 ], [ -66.752082824999945, 18.478195190000065 ], [ -66.752082824999945, 18.477916717000028 ], [ -66.751525878999928, 18.477916717000028 ], [ -66.751525878999928, 18.477638244000161 ], [ -66.750968932999967, 18.477638244000161 ], [ -66.750968932999967, 18.477361679000069 ], [ -66.750137328999983, 18.477361679000069 ], [ -66.750137328999983, 18.477083206000032 ], [ -66.749862670999903, 18.477083206000032 ], [ -66.749862670999903, 18.476804733 ], [ -66.749580382999909, 18.476804733 ], [ -66.749580382999909, 18.476528167000026 ], [ -66.749031066999919, 18.476528167000026 ], [ -66.749031066999919, 18.476249693999989 ], [ -66.748474120999958, 18.476249693999989 ], [ -66.748474120999958, 18.476528167000026 ], [ -66.748191832999964, 18.476528167000026 ], [ -66.748191832999964, 18.476804733 ], [ -66.7470855709999, 18.476804733 ], [ -66.7470855709999, 18.476249693999989 ], [ -66.746528624999939, 18.476249693999989 ], [ -66.746528624999939, 18.475973129000124 ], [ -66.746246336999945, 18.475973129000124 ], [ -66.746246336999945, 18.475694656000087 ], [ -66.745414732999961, 18.475694656000087 ], [ -66.745414732999961, 18.475416185000029 ], [ -66.744583128999977, 18.475416185000029 ], [ -66.744583128999977, 18.475139619000061 ], [ -66.742919920999952, 18.475139619000061 ], [ -66.742919920999952, 18.474861146000023 ], [ -66.742362974999935, 18.474861146000023 ], [ -66.742362974999935, 18.474584581000158 ], [ -66.741806028999974, 18.474584581000158 ], [ -66.741806028999974, 18.474306108000121 ], [ -66.74097442499982, 18.474306108000121 ], [ -66.74097442499982, 18.474027635000084 ], [ -66.739585876999968, 18.474027635000084 ], [ -66.739585876999968, 18.473749162000047 ], [ -66.738746642999956, 18.473749162000047 ], [ -66.738746642999956, 18.474027635000084 ], [ -66.738471984999876, 18.474027635000084 ], [ -66.738471984999876, 18.474584581000158 ], [ -66.737358092999898, 18.474584581000158 ], [ -66.737358092999898, 18.474027635000084 ], [ -66.737083434999931, 18.474027635000084 ], [ -66.737083434999931, 18.473749162000047 ], [ -66.735694884999987, 18.473749162000047 ], [ -66.735694884999987, 18.473472596000079 ], [ -66.734580992999895, 18.473472596000079 ], [ -66.734580992999895, 18.473749162000047 ], [ -66.732917784999984, 18.473749162000047 ], [ -66.732917784999984, 18.473472596000079 ], [ -66.731529234999982, 18.473472596000079 ], [ -66.731529234999982, 18.473749162000047 ], [ -66.73124694899991, 18.473749162000047 ], [ -66.73124694899991, 18.474027635000084 ], [ -66.730972288999908, 18.474027635000084 ], [ -66.730972288999908, 18.474584581000158 ], [ -66.730415344999926, 18.474584581000158 ], [ -66.730415344999926, 18.474861146000023 ], [ -66.729583740999885, 18.474861146000023 ], [ -66.729583740999885, 18.475139619000061 ], [ -66.729309080999883, 18.475139619000061 ], [ -66.729309080999883, 18.474861146000023 ], [ -66.729026794999982, 18.474861146000023 ], [ -66.729026794999982, 18.475139619000061 ], [ -66.728752136999901, 18.475139619000061 ], [ -66.728752136999901, 18.474861146000023 ], [ -66.727363586999957, 18.474861146000023 ], [ -66.727363586999957, 18.474584581000158 ], [ -66.726524352999945, 18.474584581000158 ], [ -66.726524352999945, 18.474861146000023 ], [ -66.725418090999938, 18.474861146000023 ], [ -66.725418090999938, 18.475139619000061 ], [ -66.72486114499992, 18.475139619000061 ], [ -66.72486114499992, 18.474861146000023 ], [ -66.724029540999936, 18.474861146000023 ], [ -66.724029540999936, 18.475139619000061 ], [ -66.723472594999976, 18.475139619000061 ], [ -66.723472594999976, 18.475416185000029 ], [ -66.722915648999901, 18.475416185000029 ], [ -66.722915648999901, 18.475694656000087 ], [ -66.722640990999935, 18.475694656000087 ], [ -66.722640990999935, 18.475973129000124 ], [ -66.722084044999917, 18.475973129000124 ], [ -66.722084044999917, 18.475694656000087 ], [ -66.721527098999957, 18.475694656000087 ], [ -66.721527098999957, 18.475416185000029 ], [ -66.719581604999973, 18.475416185000029 ], [ -66.719581604999973, 18.475139619000061 ], [ -66.719306944999914, 18.475139619000061 ], [ -66.719306944999914, 18.474861146000023 ], [ -66.719024658999899, 18.474861146000023 ], [ -66.719024658999899, 18.474584581000158 ], [ -66.718750000999933, 18.474584581000158 ], [ -66.718750000999933, 18.474306108000121 ], [ -66.71847534099993, 18.474306108000121 ], [ -66.71847534099993, 18.474027635000084 ], [ -66.71597290099993, 18.474027635000084 ], [ -66.71597290099993, 18.473749162000047 ], [ -66.712638854999852, 18.473749162000047 ], [ -66.712638854999852, 18.473472596000079 ], [ -66.712081908999949, 18.473472596000079 ], [ -66.712081908999949, 18.473194123000042 ], [ -66.710975646999884, 18.473194123000042 ], [ -66.710975646999884, 18.472917558000177 ], [ -66.71069335899989, 18.472917558000177 ], [ -66.71069335899989, 18.472639085000139 ], [ -66.710136412999987, 18.472639085000139 ], [ -66.710136412999987, 18.472362519000171 ], [ -66.709304808999946, 18.472362519000171 ], [ -66.709304808999946, 18.471805573000097 ], [ -66.708747864999964, 18.471805573000097 ], [ -66.708747864999964, 18.47152710000006 ], [ -66.707916258999887, 18.47152710000006 ], [ -66.707916258999887, 18.471805573000097 ], [ -66.707641600999978, 18.471805573000097 ], [ -66.707641600999978, 18.472084046000134 ], [ -66.706802368999945, 18.472084046000134 ], [ -66.706802368999945, 18.472362519000171 ], [ -66.705696106999881, 18.472362519000171 ], [ -66.705696106999881, 18.472639085000139 ], [ -66.704864502999897, 18.472639085000139 ], [ -66.704864502999897, 18.472917558000177 ], [ -66.704025268999942, 18.472917558000177 ], [ -66.704025268999942, 18.473194123000042 ], [ -66.703475952999952, 18.473194123000042 ], [ -66.703475952999952, 18.473472596000079 ], [ -66.703193664999958, 18.473472596000079 ], [ -66.703193664999958, 18.473749162000047 ], [ -66.702636718999941, 18.473749162000047 ], [ -66.702636718999941, 18.474027635000084 ], [ -66.70207977299998, 18.474027635000084 ], [ -66.70207977299998, 18.474306108000121 ], [ -66.7018051149999, 18.474306108000121 ], [ -66.7018051149999, 18.474584581000158 ], [ -66.701530456999933, 18.474584581000158 ], [ -66.701530456999933, 18.474861146000023 ], [ -66.701248168999825, 18.474861146000023 ], [ -66.701248168999825, 18.475694656000087 ], [ -66.700973510999916, 18.475694656000087 ], [ -66.700973510999916, 18.476249693999989 ], [ -66.700691222999922, 18.476249693999989 ], [ -66.700691222999922, 18.476528167000026 ], [ -66.700416564999955, 18.476528167000026 ], [ -66.700416564999955, 18.477083206000032 ], [ -66.700691222999922, 18.477083206000032 ], [ -66.700691222999922, 18.477916717000028 ], [ -66.700416564999955, 18.477916717000028 ], [ -66.700416564999955, 18.478471756000033 ], [ -66.700691222999922, 18.478471756000033 ], [ -66.700691222999922, 18.479028702000107 ], [ -66.700416564999955, 18.479028702000107 ], [ -66.700416564999955, 18.47958374000018 ], [ -66.700691222999922, 18.47958374000018 ], [ -66.700691222999922, 18.479860306000148 ], [ -66.701248168999825, 18.479860306000148 ], [ -66.701248168999825, 18.47958374000018 ], [ -66.701530456999933, 18.47958374000018 ], [ -66.701530456999933, 18.479305267000143 ], [ -66.7018051149999, 18.479305267000143 ], [ -66.7018051149999, 18.47958374000018 ], [ -66.702919006999934, 18.47958374000018 ], [ -66.702919006999934, 18.479860306000148 ], [ -66.703475952999952, 18.479860306000148 ], [ -66.703475952999952, 18.480972290000125 ], [ -66.703193664999958, 18.480972290000125 ], [ -66.703193664999958, 18.481250763000162 ], [ -66.702919006999934, 18.481250763000162 ], [ -66.702919006999934, 18.48152732900013 ], [ -66.7018051149999, 18.48152732900013 ], [ -66.7018051149999, 18.481805802000167 ], [ -66.701530456999933, 18.481805802000167 ], [ -66.701530456999933, 18.482084275000034 ], [ -66.701248168999825, 18.482084275000034 ], [ -66.701248168999825, 18.482360840000069 ], [ -66.700973510999916, 18.482360840000069 ], [ -66.700973510999916, 18.482637406000038 ], [ -66.700691222999922, 18.482637406000038 ], [ -66.700691222999922, 18.482915879000075 ], [ -66.700141906999932, 18.482915879000075 ], [ -66.700141906999932, 18.482637406000038 ], [ -66.699584960999971, 18.482637406000038 ], [ -66.699584960999971, 18.482360840000069 ], [ -66.699302672999977, 18.482360840000069 ], [ -66.699302672999977, 18.482637406000038 ], [ -66.698196410999913, 18.482637406000038 ], [ -66.698196410999913, 18.482915879000075 ], [ -66.696525574999953, 18.482915879000075 ], [ -66.696525574999953, 18.481805802000167 ], [ -66.695693970999969, 18.481805802000167 ], [ -66.695693970999969, 18.48152732900013 ], [ -66.694580078999934, 18.48152732900013 ], [ -66.694580078999934, 18.481250763000162 ], [ -66.69374847499995, 18.481250763000162 ], [ -66.69374847499995, 18.480972290000125 ], [ -66.692642212999885, 18.480972290000125 ], [ -66.692642212999885, 18.481250763000162 ], [ -66.692085266999925, 18.481250763000162 ], [ -66.692085266999925, 18.480972290000125 ], [ -66.691802977999942, 18.480972290000125 ], [ -66.691802977999942, 18.481250763000162 ], [ -66.691528320999851, 18.481250763000162 ], [ -66.691528320999851, 18.480972290000125 ], [ -66.689308166999979, 18.480972290000125 ], [ -66.689308166999979, 18.480693817000088 ], [ -66.687637327999937, 18.480693817000088 ], [ -66.687637327999937, 18.480972290000125 ], [ -66.68736267099996, 18.480972290000125 ], [ -66.68736267099996, 18.480693817000088 ], [ -66.683746337999878, 18.480693817000088 ], [ -66.683746337999878, 18.480972290000125 ], [ -66.683471679999968, 18.480972290000125 ], [ -66.683471679999968, 18.481250763000162 ], [ -66.683197021999831, 18.481250763000162 ], [ -66.683197021999831, 18.481805802000167 ], [ -66.682914733999894, 18.481805802000167 ], [ -66.682914733999894, 18.482360840000069 ], [ -66.682640075999927, 18.482360840000069 ], [ -66.682640075999927, 18.482915879000075 ], [ -66.682357787999933, 18.482915879000075 ], [ -66.682357787999933, 18.483194352000112 ], [ -66.681808471999943, 18.483194352000112 ], [ -66.681808471999943, 18.483472824999978 ], [ -66.681526183999949, 18.483472824999978 ], [ -66.681526183999949, 18.483749390000071 ], [ -66.681251525999983, 18.483749390000071 ], [ -66.681251525999983, 18.484029771000053 ], [ -66.680969237999875, 18.484029771000053 ], [ -66.680969237999875, 18.484306336000145 ], [ -66.680419921999885, 18.484306336000145 ], [ -66.680419921999885, 18.484582902000113 ], [ -66.679862975999924, 18.484582902000113 ], [ -66.679862975999924, 18.484859467000149 ], [ -66.67930602999985, 18.484859467000149 ], [ -66.67930602999985, 18.485137940000186 ], [ -66.678749083999946, 18.485137940000186 ], [ -66.678749083999946, 18.485416413000053 ], [ -66.677635191999968, 18.485416413000053 ], [ -66.677635191999968, 18.48569488600009 ], [ -66.676803587999984, 18.48569488600009 ], [ -66.676803587999984, 18.485969544000056 ], [ -66.67624664199991, 18.485969544000056 ], [ -66.67624664199991, 18.486251830000185 ], [ -66.675971983999943, 18.486251830000185 ], [ -66.675971983999943, 18.486528398000132 ], [ -66.675415037999983, 18.486528398000132 ], [ -66.675415037999983, 18.487083436000034 ], [ -66.675140379999959, 18.487083436000034 ], [ -66.675140379999959, 18.487916946000098 ], [ -66.674858093999887, 18.487916946000098 ], [ -66.674858093999887, 18.488193511000134 ], [ -66.674583433999885, 18.488193511000134 ], [ -66.674583433999885, 18.489027023000176 ], [ -66.674858093999887, 18.489027023000176 ], [ -66.674858093999887, 18.489585876000149 ], [ -66.675140379999959, 18.489585876000149 ], [ -66.675140379999959, 18.489305496000043 ], [ -66.67624664199991, 18.489305496000043 ], [ -66.67624664199991, 18.489027023000176 ], [ -66.676528929999847, 18.489027023000176 ], [ -66.676528929999847, 18.488750457000037 ], [ -66.677360533999888, 18.488750457000037 ], [ -66.677360533999888, 18.489305496000043 ], [ -66.677635191999968, 18.489305496000043 ], [ -66.677635191999968, 18.489860534000115 ], [ -66.677085875999921, 18.489860534000115 ], [ -66.677085875999921, 18.490139006999982 ], [ -66.673751829999901, 18.490139006999982 ], [ -66.673751829999901, 18.489860534000115 ], [ -66.672637939999959, 18.489860534000115 ], [ -66.672637939999959, 18.490139006999982 ], [ -66.671524047999981, 18.490139006999982 ], [ -66.671524047999981, 18.489860534000115 ], [ -66.6712493899999, 18.489860534000115 ], [ -66.6712493899999, 18.488750457000037 ], [ -66.670974731999934, 18.488750457000037 ], [ -66.670974731999934, 18.488193511000134 ], [ -66.669303893999938, 18.488193511000134 ], [ -66.669303893999938, 18.487916946000098 ], [ -66.668472289999897, 18.487916946000098 ], [ -66.668472289999897, 18.487638473000061 ], [ -66.667915343999937, 18.487638473000061 ], [ -66.667915343999937, 18.487363815000037 ], [ -66.66430663999995, 18.487363815000037 ], [ -66.66430663999995, 18.487638473000061 ], [ -66.663475035999966, 18.487638473000061 ], [ -66.663475035999966, 18.487916946000098 ], [ -66.660972595999965, 18.487916946000098 ], [ -66.660972595999965, 18.487638473000061 ], [ -66.659858703999987, 18.487638473000061 ], [ -66.659858703999987, 18.487916946000098 ], [ -66.657638549999945, 18.487916946000098 ], [ -66.657638549999945, 18.488193511000134 ], [ -66.655693053999983, 18.488193511000134 ], [ -66.655693053999983, 18.488473892000172 ], [ -66.650413513999979, 18.488473892000172 ], [ -66.650413513999979, 18.488193511000134 ], [ -66.649307251999915, 18.488193511000134 ], [ -66.649307251999915, 18.488473892000172 ], [ -66.645141601999967, 18.488473892000172 ], [ -66.645141601999967, 18.488750457000037 ], [ -66.644584655999893, 18.488750457000037 ], [ -66.644584655999893, 18.489027023000176 ], [ -66.644302367999899, 18.489027023000176 ], [ -66.644302367999899, 18.489585876000149 ], [ -66.643753051999909, 18.489585876000149 ], [ -66.643753051999909, 18.489860534000115 ], [ -66.643196105999948, 18.489860534000115 ], [ -66.643196105999948, 18.490139006999982 ], [ -66.642913817999954, 18.490139006999982 ], [ -66.642913817999954, 18.490417480000019 ], [ -66.642639159999931, 18.490417480000019 ], [ -66.642639159999931, 18.490695953000056 ], [ -66.642364501999964, 18.490695953000056 ], [ -66.642364501999964, 18.491249084000117 ], [ -66.64208221399997, 18.491249084000117 ], [ -66.64208221399997, 18.492082596000159 ], [ -66.643470763999915, 18.492082596000159 ], [ -66.643470763999915, 18.492916107000099 ], [ -66.64180755599989, 18.492916107000099 ], [ -66.64180755599989, 18.493194580000136 ], [ -66.640693663999912, 18.493194580000136 ], [ -66.640693663999912, 18.492916107000099 ], [ -66.637916565999888, 18.492916107000099 ], [ -66.637916565999888, 18.493194580000136 ], [ -66.637359619999927, 18.493194580000136 ], [ -66.637359619999927, 18.493473053000173 ], [ -66.636802673999853, 18.493473053000173 ], [ -66.636802673999853, 18.493749619000141 ], [ -66.635696411999959, 18.493749619000141 ], [ -66.635696411999959, 18.493473053000173 ], [ -66.635414123999965, 18.493473053000173 ], [ -66.635414123999965, 18.492916107000099 ], [ -66.634864807999918, 18.492916107000099 ], [ -66.634864807999918, 18.492639542000063 ], [ -66.634025573999907, 18.492639542000063 ], [ -66.634025573999907, 18.492916107000099 ], [ -66.633193969999979, 18.492916107000099 ], [ -66.633193969999979, 18.492639542000063 ], [ -66.632637023999962, 18.492639542000063 ], [ -66.632637023999962, 18.492361069000026 ], [ -66.631805419999978, 18.492361069000026 ], [ -66.631805419999978, 18.492082596000159 ], [ -66.630142211999953, 18.492082596000159 ], [ -66.630142211999953, 18.492361069000026 ], [ -66.628471373999901, 18.492361069000026 ], [ -66.628471373999901, 18.492639542000063 ], [ -66.628196715999934, 18.492639542000063 ], [ -66.628196715999934, 18.493194580000136 ], [ -66.628471373999901, 18.493194580000136 ], [ -66.628471373999901, 18.493749619000141 ], [ -66.628196715999934, 18.493749619000141 ], [ -66.628196715999934, 18.494026184 ], [ -66.627914429999919, 18.494026184 ], [ -66.627914429999919, 18.494304657000043 ], [ -66.626808165999876, 18.494304657000043 ], [ -66.626808165999876, 18.493749619000141 ], [ -66.627082825999935, 18.493749619000141 ], [ -66.627082825999935, 18.492916107000099 ], [ -66.626808165999876, 18.492916107000099 ], [ -66.626808165999876, 18.492639542000063 ], [ -66.626251221999894, 18.492639542000063 ], [ -66.626251221999894, 18.492361069000026 ], [ -66.624580382999852, 18.492361069000026 ], [ -66.624580382999852, 18.492639542000063 ], [ -66.624305725999932, 18.492639542000063 ], [ -66.624305725999932, 18.492916107000099 ], [ -66.624580382999852, 18.492916107000099 ], [ -66.624580382999852, 18.493194580000136 ], [ -66.624862671999949, 18.493194580000136 ], [ -66.624862671999949, 18.493473053000173 ], [ -66.625137328999926, 18.493473053000173 ], [ -66.625137328999926, 18.494026184 ], [ -66.622642517999907, 18.494026184 ], [ -66.622642517999907, 18.493749619000141 ], [ -66.621803282999849, 18.493749619000141 ], [ -66.621803282999849, 18.493473053000173 ], [ -66.621528624999939, 18.493473053000173 ], [ -66.621528624999939, 18.492916107000099 ], [ -66.620971678999979, 18.492916107000099 ], [ -66.620971678999979, 18.492639542000063 ], [ -66.620697021999888, 18.492639542000063 ], [ -66.620697021999888, 18.491804123000122 ], [ -66.620414732999961, 18.491804123000122 ], [ -66.620414732999961, 18.491527557000154 ], [ -66.618469236999942, 18.491527557000154 ], [ -66.618469236999942, 18.491249084000117 ], [ -66.617637632999958, 18.491249084000117 ], [ -66.617637632999958, 18.490972519000024 ], [ -66.616531370999894, 18.490972519000024 ], [ -66.616531370999894, 18.490695953000056 ], [ -66.613471984999933, 18.490695953000056 ], [ -66.613471984999933, 18.490972519000024 ], [ -66.612640380999949, 18.490972519000024 ], [ -66.612640380999949, 18.491249084000117 ], [ -66.611526488999971, 18.491249084000117 ], [ -66.611526488999971, 18.490972519000024 ], [ -66.610969542999896, 18.490972519000024 ], [ -66.610969542999896, 18.490695953000056 ], [ -66.609306334999928, 18.490695953000056 ], [ -66.609306334999928, 18.490417480000019 ], [ -66.607086180999943, 18.490417480000019 ], [ -66.607086180999943, 18.490139006999982 ], [ -66.605972288999965, 18.490139006999982 ], [ -66.605972288999965, 18.489860534000115 ], [ -66.605415344999983, 18.489860534000115 ], [ -66.605415344999983, 18.489585876000149 ], [ -66.604858398999966, 18.489585876000149 ], [ -66.604858398999966, 18.489305496000043 ], [ -66.60430908099994, 18.489305496000043 ], [ -66.60430908099994, 18.489027023000176 ], [ -66.60346984899985, 18.489027023000176 ], [ -66.60346984899985, 18.488750457000037 ], [ -66.601524352999888, 18.488750457000037 ], [ -66.601524352999888, 18.489027023000176 ], [ -66.600975036999841, 18.489027023000176 ], [ -66.600975036999841, 18.488750457000037 ], [ -66.600135802999944, 18.488750457000037 ], [ -66.600135802999944, 18.488473892000172 ], [ -66.599586486999954, 18.488473892000172 ], [ -66.599586486999954, 18.488193511000134 ], [ -66.597640990999935, 18.488193511000134 ], [ -66.597640990999935, 18.487916946000098 ], [ -66.596801756999866, 18.487916946000098 ], [ -66.596801756999866, 18.487638473000061 ], [ -66.596252440999876, 18.487638473000061 ], [ -66.596252440999876, 18.487363815000037 ], [ -66.595970152999882, 18.487363815000037 ], [ -66.595970152999882, 18.487083436000034 ], [ -66.595413208999901, 18.487083436000034 ], [ -66.595413208999901, 18.486804963 ], [ -66.594306944999857, 18.486804963 ], [ -66.594306944999857, 18.486528398000132 ], [ -66.594024658999956, 18.486528398000132 ], [ -66.594024658999956, 18.486251830000185 ], [ -66.592636108999898, 18.486251830000185 ], [ -66.592636108999898, 18.485969544000056 ], [ -66.592086790999929, 18.485969544000056 ], [ -66.592086790999929, 18.48569488600009 ], [ -66.591529846999947, 18.48569488600009 ], [ -66.591529846999947, 18.485416413000053 ], [ -66.590698242999963, 18.485416413000053 ], [ -66.590698242999963, 18.485137940000186 ], [ -66.58847045899995, 18.485137940000186 ], [ -66.58847045899995, 18.484859467000149 ], [ -66.588195800999927, 18.484859467000149 ], [ -66.588195800999927, 18.484582902000113 ], [ -66.587364196999886, 18.484582902000113 ], [ -66.587364196999886, 18.484306336000145 ], [ -66.587081908999892, 18.484306336000145 ], [ -66.587081908999892, 18.484582902000113 ], [ -66.586914062999938, 18.484582902000113 ], [ -66.586639402999936, 18.484582902000113 ], [ -66.585418700999924, 18.484582902000113 ], [ -66.585418700999924, 18.484306336000145 ], [ -66.584587096999883, 18.484306336000145 ], [ -66.584587096999883, 18.484029771000053 ], [ -66.583747862999985, 18.484029771000053 ], [ -66.583747862999985, 18.484306336000145 ], [ -66.583473204999905, 18.484306336000145 ], [ -66.583473204999905, 18.484029771000053 ], [ -66.581527710999978, 18.484029771000053 ], [ -66.581527710999978, 18.483749390000071 ], [ -66.579582214999846, 18.483749390000071 ], [ -66.579582214999846, 18.484029771000053 ], [ -66.578193664999958, 18.484029771000053 ], [ -66.578193664999958, 18.484306336000145 ], [ -66.57707977299998, 18.484306336000145 ], [ -66.57707977299998, 18.484029771000053 ], [ -66.575141906999988, 18.484029771000053 ], [ -66.575141906999988, 18.484306336000145 ], [ -66.574584960999971, 18.484306336000145 ], [ -66.574584960999971, 18.484582902000113 ], [ -66.574302672999977, 18.484582902000113 ], [ -66.574302672999977, 18.484859467000149 ], [ -66.57375335699993, 18.484859467000149 ], [ -66.57375335699993, 18.485137940000186 ], [ -66.572082518999878, 18.485137940000186 ], [ -66.572082518999878, 18.485416413000053 ], [ -66.570419310999853, 18.485416413000053 ], [ -66.570419310999853, 18.48569488600009 ], [ -66.567085266999925, 18.48569488600009 ], [ -66.567085266999925, 18.485416413000053 ], [ -66.566253662999884, 18.485416413000053 ], [ -66.566253662999884, 18.485137940000186 ], [ -66.56569671699998, 18.485137940000186 ], [ -66.56569671699998, 18.485416413000053 ], [ -66.565139770999906, 18.485416413000053 ], [ -66.565139770999906, 18.48569488600009 ], [ -66.564857482999912, 18.48569488600009 ], [ -66.564857482999912, 18.485969544000056 ], [ -66.564308166999922, 18.485969544000056 ], [ -66.564308166999922, 18.486251830000185 ], [ -66.563751220999961, 18.486251830000185 ], [ -66.563751220999961, 18.486528398000132 ], [ -66.563194274999944, 18.486528398000132 ], [ -66.563194274999944, 18.486804963 ], [ -66.562919616999977, 18.486804963 ], [ -66.562919616999977, 18.487363815000037 ], [ -66.562637328999983, 18.487363815000037 ], [ -66.562637328999983, 18.487916946000098 ], [ -66.562362670999903, 18.487916946000098 ], [ -66.562362670999903, 18.488193511000134 ], [ -66.562080381999976, 18.488193511000134 ], [ -66.562080381999976, 18.488750457000037 ], [ -66.561805724999942, 18.488750457000037 ], [ -66.561805724999942, 18.489027023000176 ], [ -66.562080381999976, 18.489027023000176 ], [ -66.562080381999976, 18.489305496000043 ], [ -66.562362670999903, 18.489305496000043 ], [ -66.562362670999903, 18.489585876000149 ], [ -66.562637328999983, 18.489585876000149 ], [ -66.562637328999983, 18.489860534000115 ], [ -66.562919616999977, 18.489860534000115 ], [ -66.562919616999977, 18.490417480000019 ], [ -66.562080381999976, 18.490417480000019 ], [ -66.562080381999976, 18.490139006999982 ], [ -66.560974120999958, 18.490139006999982 ], [ -66.560974120999958, 18.489860534000115 ], [ -66.55986022899998, 18.489860534000115 ], [ -66.55986022899998, 18.490139006999982 ], [ -66.559303283999895, 18.490139006999982 ], [ -66.559303283999895, 18.489860534000115 ], [ -66.558746337999935, 18.489860534000115 ], [ -66.558746337999935, 18.489585876000149 ], [ -66.558471679999911, 18.489585876000149 ], [ -66.558471679999911, 18.489305496000043 ], [ -66.558197020999955, 18.489305496000043 ], [ -66.558197020999955, 18.489027023000176 ], [ -66.557914733999951, 18.489027023000176 ], [ -66.557914733999951, 18.488750457000037 ], [ -66.557640075999871, 18.488750457000037 ], [ -66.557640075999871, 18.488473892000172 ], [ -66.557083129999967, 18.488473892000172 ], [ -66.557083129999967, 18.488193511000134 ], [ -66.556526183999893, 18.488193511000134 ], [ -66.556526183999893, 18.487916946000098 ], [ -66.555969237999932, 18.487916946000098 ], [ -66.555969237999932, 18.487638473000061 ], [ -66.555137633999948, 18.487638473000061 ], [ -66.555137633999948, 18.487363815000037 ], [ -66.55458068799993, 18.487363815000037 ], [ -66.55458068799993, 18.487083436000034 ], [ -66.55374908399989, 18.487083436000034 ], [ -66.55374908399989, 18.486804963 ], [ -66.553192137999986, 18.486804963 ], [ -66.553192137999986, 18.487083436000034 ], [ -66.552360533999945, 18.487083436000034 ], [ -66.552360533999945, 18.487363815000037 ], [ -66.549308775999918, 18.487363815000037 ], [ -66.549308775999918, 18.487083436000034 ], [ -66.548751829999958, 18.487083436000034 ], [ -66.548751829999958, 18.486804963 ], [ -66.54819488399994, 18.486804963 ], [ -66.54819488399994, 18.486528398000132 ], [ -66.547637939999959, 18.486528398000132 ], [ -66.547637939999959, 18.486251830000185 ], [ -66.546806335999918, 18.486251830000185 ], [ -66.546806335999918, 18.485969544000056 ], [ -66.546524047999924, 18.485969544000056 ], [ -66.546524047999924, 18.48569488600009 ], [ -66.546249389999844, 18.48569488600009 ], [ -66.546249389999844, 18.485416413000053 ], [ -66.54569244399994, 18.485416413000053 ], [ -66.54569244399994, 18.485137940000186 ], [ -66.545417785999973, 18.485137940000186 ], [ -66.545417785999973, 18.484859467000149 ], [ -66.544860839999956, 18.484859467000149 ], [ -66.544860839999956, 18.484582902000113 ], [ -66.543746947999978, 18.484582902000113 ], [ -66.543746947999978, 18.484306336000145 ], [ -66.543472289999841, 18.484306336000145 ], [ -66.543472289999841, 18.484029771000053 ], [ -66.54264068599997, 18.484029771000053 ], [ -66.54264068599997, 18.483749390000071 ], [ -66.541526793999878, 18.483749390000071 ], [ -66.541526793999878, 18.483472824999978 ], [ -66.540695189999894, 18.483472824999978 ], [ -66.540695189999894, 18.483194352000112 ], [ -66.53958129799986, 18.483194352000112 ], [ -66.53958129799986, 18.482915879000075 ], [ -66.539024351999956, 18.482915879000075 ], [ -66.539024351999956, 18.482637406000038 ], [ -66.538749693999875, 18.482637406000038 ], [ -66.538749693999875, 18.482360840000069 ], [ -66.538475035999966, 18.482360840000069 ], [ -66.538475035999966, 18.482084275000034 ], [ -66.538192747999972, 18.482084275000034 ], [ -66.538192747999972, 18.481805802000167 ], [ -66.537918089999891, 18.481805802000167 ], [ -66.537918089999891, 18.48152732900013 ], [ -66.535697935999963, 18.48152732900013 ], [ -66.535697935999963, 18.481250763000162 ], [ -66.535140991999981, 18.481250763000162 ], [ -66.535140991999981, 18.480693817000088 ], [ -66.534858703999987, 18.480693817000088 ], [ -66.534858703999987, 18.480138779000185 ], [ -66.535140991999981, 18.480138779000185 ], [ -66.535140991999981, 18.479305267000143 ], [ -66.534858703999987, 18.479305267000143 ], [ -66.534858703999987, 18.479028702000107 ], [ -66.534584045999907, 18.479028702000107 ], [ -66.534584045999907, 18.47875022900007 ], [ -66.534187317999965, 18.47875022900007 ], [ -66.533752441999923, 18.47875022900007 ], [ -66.533752441999923, 18.479305267000143 ], [ -66.533195495999962, 18.479305267000143 ], [ -66.533195495999962, 18.47958374000018 ], [ -66.532913207999968, 18.47958374000018 ], [ -66.532913207999968, 18.480417252000052 ], [ -66.532638549999888, 18.480417252000052 ], [ -66.532638549999888, 18.480693817000088 ], [ -66.532913207999968, 18.480693817000088 ], [ -66.532913207999968, 18.482084275000034 ], [ -66.531806945999904, 18.482084275000034 ], [ -66.531806945999904, 18.482360840000069 ], [ -66.530418395999959, 18.482360840000069 ], [ -66.530418395999959, 18.482637406000038 ], [ -66.529861449999885, 18.482637406000038 ], [ -66.529861449999885, 18.482915879000075 ], [ -66.529304503999981, 18.482915879000075 ], [ -66.529304503999981, 18.483194352000112 ], [ -66.528747557999907, 18.483194352000112 ], [ -66.528747557999907, 18.483472824999978 ], [ -66.528198241999917, 18.483472824999978 ], [ -66.528198241999917, 18.483749390000071 ], [ -66.527641295999956, 18.483749390000071 ], [ -66.527641295999956, 18.484029771000053 ], [ -66.527084349999939, 18.484029771000053 ], [ -66.527084349999939, 18.484582902000113 ], [ -66.524864195999953, 18.484582902000113 ], [ -66.524864195999953, 18.484306336000145 ], [ -66.524307249999936, 18.484306336000145 ], [ -66.524307249999936, 18.484029771000053 ], [ -66.523475645999895, 18.484029771000053 ], [ -66.523475645999895, 18.483472824999978 ], [ -66.52319335999988, 18.483472824999978 ], [ -66.52319335999988, 18.483194352000112 ], [ -66.523475645999895, 18.483194352000112 ], [ -66.523475645999895, 18.482360840000069 ], [ -66.522918701999913, 18.482360840000069 ], [ -66.522918701999913, 18.481805802000167 ], [ -66.522361755999839, 18.481805802000167 ], [ -66.522361755999839, 18.48152732900013 ], [ -66.521804809999935, 18.48152732900013 ], [ -66.521804809999935, 18.481250763000162 ], [ -66.521247863999974, 18.481250763000162 ], [ -66.521247863999974, 18.480972290000125 ], [ -66.519027709999932, 18.480972290000125 ], [ -66.519027709999932, 18.481250763000162 ], [ -66.518196105999948, 18.481250763000162 ], [ -66.518196105999948, 18.480417252000052 ], [ -66.517913817999954, 18.480417252000052 ], [ -66.517913817999954, 18.480138779000185 ], [ -66.517364501999964, 18.480138779000185 ], [ -66.517364501999964, 18.479860306000148 ], [ -66.51680755599989, 18.479860306000148 ], [ -66.51680755599989, 18.47958374000018 ], [ -66.516525267999896, 18.47958374000018 ], [ -66.516525267999896, 18.479305267000143 ], [ -66.514579773999969, 18.479305267000143 ], [ -66.514579773999969, 18.479028702000107 ], [ -66.513748169999985, 18.479028702000107 ], [ -66.513748169999985, 18.47875022900007 ], [ -66.513473509999983, 18.47875022900007 ], [ -66.513473509999983, 18.478195190000065 ], [ -66.513191223999911, 18.478195190000065 ], [ -66.513191223999911, 18.477916717000028 ], [ -66.512916565999944, 18.477916717000028 ], [ -66.512916565999944, 18.477638244000161 ], [ -66.512641905999942, 18.477638244000161 ], [ -66.512641905999942, 18.477361679000069 ], [ -66.512359619999927, 18.477361679000069 ], [ -66.512359619999927, 18.477083206000032 ], [ -66.510414123999908, 18.477083206000032 ], [ -66.510414123999908, 18.477361679000069 ], [ -66.509582519999924, 18.477361679000069 ], [ -66.509582519999924, 18.477916717000028 ], [ -66.507919311999899, 18.477916717000028 ], [ -66.507919311999899, 18.477638244000161 ], [ -66.507637023999905, 18.477638244000161 ], [ -66.507637023999905, 18.477361679000069 ], [ -66.505973815999937, 18.477361679000069 ], [ -66.505973815999937, 18.476528167000026 ], [ -66.505691527999943, 18.476528167000026 ], [ -66.505691527999943, 18.476249693999989 ], [ -66.504585265999935, 18.476249693999989 ], [ -66.504585265999935, 18.475973129000124 ], [ -66.504028319999918, 18.475973129000124 ], [ -66.504028319999918, 18.475694656000087 ], [ -66.503753661999951, 18.475694656000087 ], [ -66.503753661999951, 18.475416185000029 ], [ -66.503471373999957, 18.475416185000029 ], [ -66.503471373999957, 18.475139619000061 ], [ -66.502357483999958, 18.475139619000061 ], [ -66.502357483999958, 18.474861146000023 ], [ -66.5009689339999, 18.474861146000023 ], [ -66.5009689339999, 18.475139619000061 ], [ -66.500419617999967, 18.475139619000061 ], [ -66.500419617999967, 18.475416185000029 ], [ -66.500137329999973, 18.475416185000029 ], [ -66.500137329999973, 18.475973129000124 ], [ -66.499862671999949, 18.475973129000124 ], [ -66.499862671999949, 18.476249693999989 ], [ -66.500137329999973, 18.476249693999989 ], [ -66.500137329999973, 18.477083206000032 ], [ -66.499862671999949, 18.477083206000032 ], [ -66.499862671999949, 18.477361679000069 ], [ -66.497360229999856, 18.477361679000069 ], [ -66.497360229999856, 18.477083206000032 ], [ -66.496803282999963, 18.477083206000032 ], [ -66.496803282999963, 18.476804733 ], [ -66.495414732999905, 18.476804733 ], [ -66.495414732999905, 18.476528167000026 ], [ -66.49402618299996, 18.476528167000026 ], [ -66.49402618299996, 18.476249693999989 ], [ -66.493194579999965, 18.476249693999989 ], [ -66.493194579999965, 18.475973129000124 ], [ -66.492637632999902, 18.475973129000124 ], [ -66.492637632999902, 18.475694656000087 ], [ -66.491806028999918, 18.475694656000087 ], [ -66.491806028999918, 18.475416185000029 ], [ -66.490417480999952, 18.475416185000029 ], [ -66.490417480999952, 18.475139619000061 ], [ -66.489585875999978, 18.475139619000061 ], [ -66.489585875999978, 18.474861146000023 ], [ -66.489303588999917, 18.474861146000023 ], [ -66.489303588999917, 18.474584581000158 ], [ -66.488471984999933, 18.474584581000158 ], [ -66.488471984999933, 18.474306108000121 ], [ -66.488197326999966, 18.474306108000121 ], [ -66.488197326999966, 18.474584581000158 ], [ -66.487640380999949, 18.474584581000158 ], [ -66.487640380999949, 18.474306108000121 ], [ -66.486251830999834, 18.474306108000121 ], [ -66.486251830999834, 18.474027635000084 ], [ -66.48569488499993, 18.474027635000084 ], [ -66.48569488499993, 18.474306108000121 ], [ -66.485420226999963, 18.474306108000121 ], [ -66.485420226999963, 18.474027635000084 ], [ -66.485137938999969, 18.474027635000084 ], [ -66.485137938999969, 18.473472596000079 ], [ -66.484863280999946, 18.473472596000079 ], [ -66.484863280999946, 18.473749162000047 ], [ -66.483474730999887, 18.473749162000047 ], [ -66.483474730999887, 18.473472596000079 ], [ -66.483192442999894, 18.473472596000079 ], [ -66.483192442999894, 18.472917558000177 ], [ -66.483474730999887, 18.472917558000177 ], [ -66.483474730999887, 18.472084046000134 ], [ -66.483192442999894, 18.472084046000134 ], [ -66.483192442999894, 18.471805573000097 ], [ -66.482917784999927, 18.471805573000097 ], [ -66.482917784999927, 18.47152710000006 ], [ -66.482360838999853, 18.47152710000006 ], [ -66.482360838999853, 18.471248627000023 ], [ -66.482086180999943, 18.471248627000023 ], [ -66.482086180999943, 18.470970154000156 ], [ -66.47930908099994, 18.470970154000156 ], [ -66.47930908099994, 18.47069358900012 ], [ -66.478195190999884, 18.47069358900012 ], [ -66.478195190999884, 18.470418931000097 ], [ -66.4773635869999, 18.470418931000097 ], [ -66.4773635869999, 18.470138550000115 ], [ -66.475418090999881, 18.470138550000115 ], [ -66.475418090999881, 18.469860077000078 ], [ -66.471252440999933, 18.469860077000078 ], [ -66.471252440999933, 18.469583511999986 ], [ -66.470413206999922, 18.469583511999986 ], [ -66.470413206999922, 18.469305038000073 ], [ -66.469863890999932, 18.469305038000073 ], [ -66.469863890999932, 18.469030381000152 ], [ -66.468749998999897, 18.469030381000152 ], [ -66.468749998999897, 18.468748092000169 ], [ -66.468193054999915, 18.468748092000169 ], [ -66.468193054999915, 18.469030381000152 ], [ -66.466529846999947, 18.469030381000152 ], [ -66.466529846999947, 18.469305038000073 ], [ -66.465972900999986, 18.469305038000073 ], [ -66.465972900999986, 18.469583511999986 ], [ -66.464859008999895, 18.469583511999986 ], [ -66.464859008999895, 18.469860077000078 ], [ -66.464584350999928, 18.469860077000078 ], [ -66.464584350999928, 18.469583511999986 ], [ -66.463752746999944, 18.469583511999986 ], [ -66.463752746999944, 18.469305038000073 ], [ -66.462081908999892, 18.469305038000073 ], [ -66.462081908999892, 18.469030381000152 ], [ -66.459861754999963, 18.469030381000152 ], [ -66.459861754999963, 18.468748092000169 ], [ -66.458473204999848, 18.468748092000169 ], [ -66.458473204999848, 18.468471527000077 ], [ -66.457916258999944, 18.468471527000077 ], [ -66.457916258999944, 18.468748092000169 ], [ -66.45708465499996, 18.468748092000169 ], [ -66.45708465499996, 18.469030381000152 ], [ -66.455413818999943, 18.469030381000152 ], [ -66.455413818999943, 18.469305038000073 ], [ -66.454307556999879, 18.469305038000073 ], [ -66.454307556999879, 18.469583511999986 ], [ -66.453750610999975, 18.469583511999986 ], [ -66.453750610999975, 18.469305038000073 ], [ -66.452919006999934, 18.469305038000073 ], [ -66.452919006999934, 18.469583511999986 ], [ -66.452362060999917, 18.469583511999986 ], [ -66.452362060999917, 18.469860077000078 ], [ -66.451805114999956, 18.469860077000078 ], [ -66.451805114999956, 18.470138550000115 ], [ -66.450691222999978, 18.470138550000115 ], [ -66.450691222999978, 18.470418931000097 ], [ -66.449859618999938, 18.470418931000097 ], [ -66.449859618999938, 18.47069358900012 ], [ -66.44930267299992, 18.47069358900012 ], [ -66.44930267299992, 18.470970154000156 ], [ -66.449028014999953, 18.470970154000156 ], [ -66.449028014999953, 18.471248627000023 ], [ -66.44875335699993, 18.471248627000023 ], [ -66.44875335699993, 18.47152710000006 ], [ -66.448471068999936, 18.47152710000006 ], [ -66.448471068999936, 18.471805573000097 ], [ -66.448196410999969, 18.471805573000097 ], [ -66.448196410999969, 18.472084046000134 ], [ -66.447914122999975, 18.472084046000134 ], [ -66.447914122999975, 18.472362519000171 ], [ -66.447639464999895, 18.472362519000171 ], [ -66.447639464999895, 18.473194123000042 ], [ -66.447364806999985, 18.473194123000042 ], [ -66.447364806999985, 18.474027635000084 ], [ -66.447082518999821, 18.474027635000084 ], [ -66.447082518999821, 18.474306108000121 ], [ -66.446807860999911, 18.474306108000121 ], [ -66.446807860999911, 18.474584581000158 ], [ -66.446525574999839, 18.474584581000158 ], [ -66.446525574999839, 18.474861146000023 ], [ -66.446250914999951, 18.474861146000023 ], [ -66.446250914999951, 18.475139619000061 ], [ -66.445968628999935, 18.475139619000061 ], [ -66.445968628999935, 18.475416185000029 ], [ -66.445693968999933, 18.475416185000029 ], [ -66.445693968999933, 18.475694656000087 ], [ -66.445137024999951, 18.475694656000087 ], [ -66.445137024999951, 18.476528167000026 ], [ -66.444862364999892, 18.476528167000026 ], [ -66.444862364999892, 18.477083206000032 ], [ -66.444580078999877, 18.477083206000032 ], [ -66.444580078999877, 18.477361679000069 ], [ -66.443191528999932, 18.477361679000069 ], [ -66.443191528999932, 18.477916717000028 ], [ -66.442916870999966, 18.477916717000028 ], [ -66.442916870999966, 18.478471756000033 ], [ -66.442642212999942, 18.478471756000033 ], [ -66.442642212999942, 18.480417252000052 ], [ -66.442359924999948, 18.480417252000052 ], [ -66.442359924999948, 18.48152732900013 ], [ -66.442085266999982, 18.48152732900013 ], [ -66.442085266999982, 18.481805802000167 ], [ -66.441802978999988, 18.481805802000167 ], [ -66.441802978999988, 18.483749390000071 ], [ -66.441528320999964, 18.483749390000071 ], [ -66.441528320999964, 18.484306336000145 ], [ -66.441253662999884, 18.484306336000145 ], [ -66.441253662999884, 18.484859467000149 ], [ -66.440696716999923, 18.484859467000149 ], [ -66.440696716999923, 18.485137940000186 ], [ -66.440139770999849, 18.485137940000186 ], [ -66.440139770999849, 18.485416413000053 ], [ -66.439857482999855, 18.485416413000053 ], [ -66.439857482999855, 18.48569488600009 ], [ -66.439308166999979, 18.48569488600009 ], [ -66.439308166999979, 18.485969544000056 ], [ -66.438751220999961, 18.485969544000056 ], [ -66.438751220999961, 18.486251830000185 ], [ -66.438194274999887, 18.486251830000185 ], [ -66.438194274999887, 18.486528398000132 ], [ -66.437362670999846, 18.486528398000132 ], [ -66.437362670999846, 18.486804963 ], [ -66.435691832999964, 18.486804963 ], [ -66.435691832999964, 18.487083436000034 ], [ -66.435142516999974, 18.487083436000034 ], [ -66.435142516999974, 18.487363815000037 ], [ -66.434028624999939, 18.487363815000037 ], [ -66.434028624999939, 18.487083436000034 ], [ -66.433197020999955, 18.487083436000034 ], [ -66.433197020999955, 18.487363815000037 ], [ -66.432083130999899, 18.487363815000037 ], [ -66.432083130999899, 18.487638473000061 ], [ -66.429580687999987, 18.487638473000061 ], [ -66.429580687999987, 18.487916946000098 ], [ -66.427917479999962, 18.487916946000098 ], [ -66.427917479999962, 18.488193511000134 ], [ -66.425971983999887, 18.488193511000134 ], [ -66.425971983999887, 18.488473892000172 ], [ -66.425140379999846, 18.488473892000172 ], [ -66.425140379999846, 18.488750457000037 ], [ -66.423469543999886, 18.488750457000037 ], [ -66.423469543999886, 18.488473892000172 ], [ -66.422363279999843, 18.488473892000172 ], [ -66.422363279999843, 18.488193511000134 ], [ -66.420692443999883, 18.488193511000134 ], [ -66.420692443999883, 18.488473892000172 ], [ -66.419586181999932, 18.488473892000172 ], [ -66.419586181999932, 18.488193511000134 ], [ -66.416252135999912, 18.488193511000134 ], [ -66.416252135999912, 18.488473892000172 ], [ -66.415138243999934, 18.488473892000172 ], [ -66.415138243999934, 18.488750457000037 ], [ -66.414306639999893, 18.488750457000037 ], [ -66.414306639999893, 18.489027023000176 ], [ -66.413749693999932, 18.489027023000176 ], [ -66.413749693999932, 18.489305496000043 ], [ -66.413475035999909, 18.489305496000043 ], [ -66.413475035999909, 18.489585876000149 ], [ -66.410972593999986, 18.489585876000149 ], [ -66.410972593999986, 18.489860534000115 ], [ -66.40930175799997, 18.489860534000115 ], [ -66.40930175799997, 18.489585876000149 ], [ -66.40875244199998, 18.489585876000149 ], [ -66.40875244199998, 18.489305496000043 ], [ -66.407363891999921, 18.489305496000043 ], [ -66.407363891999921, 18.489027023000176 ], [ -66.40625, 18.489027023000176 ], [ -66.40625, 18.488750457000037 ], [ -66.40347289999994, 18.488750457000037 ], [ -66.40347289999994, 18.489027023000176 ], [ -66.402641295999956, 18.489027023000176 ], [ -66.402641295999956, 18.489305496000043 ], [ -66.401527403999978, 18.489305496000043 ], [ -66.401527403999978, 18.489585876000149 ], [ -66.400970457999904, 18.489585876000149 ], [ -66.400970457999904, 18.489860534000115 ], [ -66.400695799999937, 18.489860534000115 ], [ -66.400695799999937, 18.490139006999982 ], [ -66.400138853999977, 18.490139006999982 ], [ -66.400138853999977, 18.490417480000019 ], [ -66.399864195999953, 18.490417480000019 ], [ -66.399864195999953, 18.490695953000056 ], [ -66.399307249999879, 18.490695953000056 ], [ -66.399307249999879, 18.490972519000024 ], [ -66.399024963999977, 18.490972519000024 ], [ -66.399024963999977, 18.491249084000117 ], [ -66.398750305999897, 18.491249084000117 ], [ -66.398750305999897, 18.491527557000154 ], [ -66.398475645999895, 18.491527557000154 ], [ -66.398475645999895, 18.491804123000122 ], [ -66.398193359999937, 18.491804123000122 ], [ -66.398193359999937, 18.492082596000159 ], [ -66.397918701999913, 18.492082596000159 ], [ -66.397918701999913, 18.492361069000026 ], [ -66.397636413999919, 18.492361069000026 ], [ -66.397636413999919, 18.493194580000136 ], [ -66.400970457999904, 18.493194580000136 ], [ -66.400970457999904, 18.493473053000173 ], [ -66.401527403999978, 18.493473053000173 ], [ -66.401527403999978, 18.493749619000141 ], [ -66.401252745999841, 18.493749619000141 ], [ -66.401252745999841, 18.494304657000043 ], [ -66.399307249999879, 18.494304657000043 ], [ -66.399307249999879, 18.494026184 ], [ -66.397087097999872, 18.494026184 ], [ -66.397087097999872, 18.493749619000141 ], [ -66.396804809999878, 18.493749619000141 ], [ -66.396804809999878, 18.493473053000173 ], [ -66.392913817999897, 18.493473053000173 ], [ -66.392913817999897, 18.492639542000063 ], [ -66.396247863999974, 18.492639542000063 ], [ -66.396247863999974, 18.492082596000159 ], [ -66.395973205999894, 18.492082596000159 ], [ -66.395973205999894, 18.491527557000154 ], [ -66.3956909179999, 18.491527557000154 ], [ -66.3956909179999, 18.490972519000024 ], [ -66.395416259999934, 18.490972519000024 ], [ -66.395416259999934, 18.490417480000019 ], [ -66.3956909179999, 18.490417480000019 ], [ -66.3956909179999, 18.490139006999982 ], [ -66.395416259999934, 18.490139006999982 ], [ -66.395416259999934, 18.489860534000115 ], [ -66.39514160199991, 18.489860534000115 ], [ -66.39514160199991, 18.489585876000149 ], [ -66.39458465599995, 18.489585876000149 ], [ -66.39458465599995, 18.489305496000043 ], [ -66.394302367999956, 18.489305496000043 ], [ -66.394302367999956, 18.489027023000176 ], [ -66.393753051999965, 18.489027023000176 ], [ -66.393753051999965, 18.488750457000037 ], [ -66.391807555999947, 18.488750457000037 ], [ -66.391807555999947, 18.488473892000172 ], [ -66.391250609999929, 18.488473892000172 ], [ -66.391250609999929, 18.488193511000134 ], [ -66.389579773999969, 18.488193511000134 ], [ -66.389579773999969, 18.487916946000098 ], [ -66.388473509999926, 18.487916946000098 ], [ -66.388473509999926, 18.487638473000061 ], [ -66.387916565999944, 18.487638473000061 ], [ -66.387916565999944, 18.487363815000037 ], [ -66.387359619999984, 18.487363815000037 ], [ -66.387359619999984, 18.487083436000034 ], [ -66.386528015999886, 18.487083436000034 ], [ -66.386528015999886, 18.486804963 ], [ -66.385971069999925, 18.486804963 ], [ -66.385971069999925, 18.486528398000132 ], [ -66.385696411999959, 18.486528398000132 ], [ -66.385696411999959, 18.486251830000185 ], [ -66.385414123999851, 18.486251830000185 ], [ -66.385414123999851, 18.48569488600009 ], [ -66.385139465999941, 18.48569488600009 ], [ -66.385139465999941, 18.485416413000053 ], [ -66.384864807999975, 18.485416413000053 ], [ -66.384864807999975, 18.485137940000186 ], [ -66.384025573999963, 18.485137940000186 ], [ -66.384025573999963, 18.484859467000149 ], [ -66.383750915999883, 18.484859467000149 ], [ -66.383750915999883, 18.484582902000113 ], [ -66.383468627999889, 18.484582902000113 ], [ -66.383468627999889, 18.484306336000145 ], [ -66.383193969999923, 18.484306336000145 ], [ -66.383193969999923, 18.484029771000053 ], [ -66.382919311999842, 18.484029771000053 ], [ -66.382919311999842, 18.483749390000071 ], [ -66.382362365999938, 18.483749390000071 ], [ -66.382362365999938, 18.483472824999978 ], [ -66.382080077999944, 18.483472824999978 ], [ -66.382080077999944, 18.483194352000112 ], [ -66.381530761999954, 18.483194352000112 ], [ -66.381530761999954, 18.482915879000075 ], [ -66.380416869999976, 18.482915879000075 ], [ -66.380416869999976, 18.483194352000112 ], [ -66.380142211999839, 18.483194352000112 ], [ -66.380142211999839, 18.483472824999978 ], [ -66.379585265999935, 18.483472824999978 ], [ -66.379585265999935, 18.483749390000071 ], [ -66.379028319999975, 18.483749390000071 ], [ -66.379028319999975, 18.484029771000053 ], [ -66.378753661999951, 18.484029771000053 ], [ -66.378753661999951, 18.484306336000145 ], [ -66.378471373999957, 18.484306336000145 ], [ -66.378471373999957, 18.484859467000149 ], [ -66.378196715999877, 18.484859467000149 ], [ -66.378196715999877, 18.485137940000186 ], [ -66.378471373999957, 18.485137940000186 ], [ -66.378471373999957, 18.48569488600009 ], [ -66.378753661999951, 18.48569488600009 ], [ -66.378753661999951, 18.485969544000056 ], [ -66.379302977999942, 18.485969544000056 ], [ -66.379302977999942, 18.487363815000037 ], [ -66.378753661999951, 18.487363815000037 ], [ -66.378753661999951, 18.487916946000098 ], [ -66.378471373999957, 18.487916946000098 ], [ -66.378471373999957, 18.488193511000134 ], [ -66.378196715999877, 18.488193511000134 ], [ -66.378196715999877, 18.488473892000172 ], [ -66.377639769999973, 18.488473892000172 ], [ -66.377639769999973, 18.488193511000134 ], [ -66.377082825999935, 18.488193511000134 ], [ -66.377082825999935, 18.487916946000098 ], [ -66.376525879999917, 18.487916946000098 ], [ -66.376525879999917, 18.487638473000061 ], [ -66.373748779999914, 18.487638473000061 ], [ -66.373748779999914, 18.487363815000037 ], [ -66.37236022999997, 18.487363815000037 ], [ -66.37236022999997, 18.487083436000034 ], [ -66.371803283999895, 18.487083436000034 ], [ -66.371803283999895, 18.486804963 ], [ -66.371246337999821, 18.486804963 ], [ -66.371246337999821, 18.486528398000132 ], [ -66.370697021999945, 18.486528398000132 ], [ -66.370697021999945, 18.486251830000185 ], [ -66.369857787999933, 18.486251830000185 ], [ -66.369857787999933, 18.485969544000056 ], [ -66.368469237999818, 18.485969544000056 ], [ -66.368469237999818, 18.48569488600009 ], [ -66.367637633999948, 18.48569488600009 ], [ -66.367637633999948, 18.485416413000053 ], [ -66.366806029999964, 18.485416413000053 ], [ -66.366806029999964, 18.485137940000186 ], [ -66.366249083999946, 18.485137940000186 ], [ -66.366249083999946, 18.484859467000149 ], [ -66.365135192999901, 18.484859467000149 ], [ -66.365135192999901, 18.484582902000113 ], [ -66.363197327999956, 18.484582902000113 ], [ -66.363197327999956, 18.484859467000149 ], [ -66.36180877799984, 18.484859467000149 ], [ -66.36180877799984, 18.485137940000186 ], [ -66.361526488999914, 18.485137940000186 ], [ -66.361526488999914, 18.485416413000053 ], [ -66.360969542999953, 18.485416413000053 ], [ -66.360969542999953, 18.48569488600009 ], [ -66.360694884999873, 18.48569488600009 ], [ -66.360694884999873, 18.485969544000056 ], [ -66.360420227999953, 18.485969544000056 ], [ -66.360420227999953, 18.486251830000185 ], [ -66.359024046999934, 18.486251830000185 ], [ -66.359024046999934, 18.485969544000056 ], [ -66.357086180999886, 18.485969544000056 ], [ -66.357086180999886, 18.48569488600009 ], [ -66.356246946999988, 18.48569488600009 ], [ -66.356246946999988, 18.485969544000056 ], [ -66.355140684999924, 18.485969544000056 ], [ -66.355140684999924, 18.48569488600009 ], [ -66.354583738999963, 18.48569488600009 ], [ -66.354583738999963, 18.485416413000053 ], [ -66.353752134999979, 18.485416413000053 ], [ -66.353752134999979, 18.485137940000186 ], [ -66.35291290299989, 18.485137940000186 ], [ -66.35291290299989, 18.484859467000149 ], [ -66.352363586999957, 18.484859467000149 ], [ -66.352363586999957, 18.484582902000113 ], [ -66.351249694999979, 18.484582902000113 ], [ -66.351249694999979, 18.484306336000145 ], [ -66.350692748999961, 18.484306336000145 ], [ -66.350692748999961, 18.484029771000053 ], [ -66.350135802999887, 18.484029771000053 ], [ -66.350135802999887, 18.483749390000071 ], [ -66.349586486999954, 18.483749390000071 ], [ -66.349586486999954, 18.483472824999978 ], [ -66.348197936999952, 18.483472824999978 ], [ -66.348197936999952, 18.483194352000112 ], [ -66.347358702999884, 18.483194352000112 ], [ -66.347358702999884, 18.482915879000075 ], [ -66.34680175699998, 18.482915879000075 ], [ -66.34680175699998, 18.482637406000038 ], [ -66.345970152999939, 18.482637406000038 ], [ -66.345970152999939, 18.482360840000069 ], [ -66.345413206999979, 18.482360840000069 ], [ -66.345413206999979, 18.482084275000034 ], [ -66.345138548999955, 18.482084275000034 ], [ -66.345138548999955, 18.481805802000167 ], [ -66.344581602999881, 18.481805802000167 ], [ -66.344581602999881, 18.48152732900013 ], [ -66.344306944999971, 18.48152732900013 ], [ -66.344306944999971, 18.481250763000162 ], [ -66.343749998999897, 18.481250763000162 ], [ -66.343749998999897, 18.480972290000125 ], [ -66.341804504999971, 18.480972290000125 ], [ -66.341804504999971, 18.481250763000162 ], [ -66.339859008999952, 18.481250763000162 ], [ -66.339859008999952, 18.48152732900013 ], [ -66.339302062999934, 18.48152732900013 ], [ -66.339302062999934, 18.481805802000167 ], [ -66.339027404999968, 18.481805802000167 ], [ -66.339027404999968, 18.482084275000034 ], [ -66.338752746999887, 18.482084275000034 ], [ -66.338752746999887, 18.483194352000112 ], [ -66.339027404999968, 18.483194352000112 ], [ -66.339027404999968, 18.484582902000113 ], [ -66.339302062999934, 18.484582902000113 ], [ -66.339302062999934, 18.485137940000186 ], [ -66.339584350999871, 18.485137940000186 ], [ -66.339584350999871, 18.48569488600009 ], [ -66.340141296999946, 18.48569488600009 ], [ -66.340141296999946, 18.485969544000056 ], [ -66.339859008999952, 18.485969544000056 ], [ -66.339859008999952, 18.486528398000132 ], [ -66.338752746999887, 18.486528398000132 ], [ -66.338752746999887, 18.486251830000185 ], [ -66.338470458999893, 18.486251830000185 ], [ -66.338470458999893, 18.485969544000056 ], [ -66.338195800999983, 18.485969544000056 ], [ -66.338195800999983, 18.485416413000053 ], [ -66.337081908999949, 18.485416413000053 ], [ -66.337081908999949, 18.485137940000186 ], [ -66.336807250999925, 18.485137940000186 ], [ -66.336807250999925, 18.484859467000149 ], [ -66.336524962999931, 18.484859467000149 ], [ -66.336524962999931, 18.484582902000113 ], [ -66.33569335899989, 18.484582902000113 ], [ -66.33569335899989, 18.484859467000149 ], [ -66.335136412999987, 18.484859467000149 ], [ -66.335136412999987, 18.484582902000113 ], [ -66.33458709699994, 18.484582902000113 ], [ -66.33458709699994, 18.484306336000145 ], [ -66.334304808999946, 18.484306336000145 ], [ -66.334304808999946, 18.483749390000071 ], [ -66.334030150999922, 18.483749390000071 ], [ -66.334030150999922, 18.483472824999978 ], [ -66.333747862999928, 18.483472824999978 ], [ -66.333747862999928, 18.483194352000112 ], [ -66.333473204999962, 18.483194352000112 ], [ -66.333473204999962, 18.482915879000075 ], [ -66.333190918999946, 18.482915879000075 ], [ -66.333190918999946, 18.482637406000038 ], [ -66.331527708999943, 18.482637406000038 ], [ -66.331527708999943, 18.482360840000069 ], [ -66.330413818999943, 18.482360840000069 ], [ -66.330413818999943, 18.482084275000034 ], [ -66.329864500999975, 18.482084275000034 ], [ -66.329864500999975, 18.481805802000167 ], [ -66.329307556999879, 18.481805802000167 ], [ -66.329307556999879, 18.48152732900013 ], [ -66.328750610999919, 18.48152732900013 ], [ -66.328750610999919, 18.481250763000162 ], [ -66.328475952999952, 18.481250763000162 ], [ -66.328475952999952, 18.48152732900013 ], [ -66.327636718999941, 18.48152732900013 ], [ -66.327636718999941, 18.481250763000162 ], [ -66.327362060999974, 18.481250763000162 ], [ -66.327362060999974, 18.480693817000088 ], [ -66.32707977299998, 18.480693817000088 ], [ -66.32707977299998, 18.480417252000052 ], [ -66.326805114999956, 18.480417252000052 ], [ -66.326805114999956, 18.480138779000185 ], [ -66.325973510999916, 18.480138779000185 ], [ -66.325973510999916, 18.479860306000148 ], [ -66.325416564999841, 18.479860306000148 ], [ -66.325416564999841, 18.479028702000107 ], [ -66.325691222999978, 18.479028702000107 ], [ -66.325691222999978, 18.477916717000028 ], [ -66.325141906999932, 18.477916717000028 ], [ -66.325141906999932, 18.477638244000161 ], [ -66.323753356999987, 18.477638244000161 ], [ -66.323753356999987, 18.477916717000028 ], [ -66.323471068999879, 18.477916717000028 ], [ -66.323471068999879, 18.47875022900007 ], [ -66.323196410999969, 18.47875022900007 ], [ -66.323196410999969, 18.479028702000107 ], [ -66.322914122999975, 18.479028702000107 ], [ -66.322914122999975, 18.479305267000143 ], [ -66.322364806999929, 18.479305267000143 ], [ -66.322364806999929, 18.47958374000018 ], [ -66.32152557299986, 18.47958374000018 ], [ -66.32152557299986, 18.479305267000143 ], [ -66.321250914999951, 18.479305267000143 ], [ -66.321250914999951, 18.478471756000033 ], [ -66.320968628999879, 18.478471756000033 ], [ -66.320968628999879, 18.478195190000065 ], [ -66.321250914999951, 18.478195190000065 ], [ -66.321250914999951, 18.477361679000069 ], [ -66.32152557299986, 18.477361679000069 ], [ -66.32152557299986, 18.476249693999989 ], [ -66.321250914999951, 18.476249693999989 ], [ -66.321250914999951, 18.475973129000124 ], [ -66.320968628999879, 18.475973129000124 ], [ -66.320968628999879, 18.475694656000087 ], [ -66.319030760999851, 18.475694656000087 ], [ -66.319030760999851, 18.475973129000124 ], [ -66.318191528999932, 18.475973129000124 ], [ -66.318191528999932, 18.476249693999989 ], [ -66.317359924999892, 18.476249693999989 ], [ -66.317359924999892, 18.476528167000026 ], [ -66.316528320999907, 18.476528167000026 ], [ -66.316528320999907, 18.475973129000124 ], [ -66.316253662999941, 18.475973129000124 ], [ -66.316253662999941, 18.474861146000023 ], [ -66.315971374999947, 18.474861146000023 ], [ -66.315971374999947, 18.474584581000158 ], [ -66.314903259999937, 18.474584581000158 ], [ -66.312637328999926, 18.474584581000158 ], [ -66.312637328999926, 18.474861146000023 ], [ -66.312080382999966, 18.474861146000023 ], [ -66.312080382999966, 18.475139619000061 ], [ -66.311805724999886, 18.475139619000061 ], [ -66.311805724999886, 18.475416185000029 ], [ -66.311248778999982, 18.475416185000029 ], [ -66.311248778999982, 18.475139619000061 ], [ -66.310691832999908, 18.475139619000061 ], [ -66.310691832999908, 18.474306108000121 ], [ -66.310974120999902, 18.474306108000121 ], [ -66.310974120999902, 18.473194123000042 ], [ -66.310691832999908, 18.473194123000042 ], [ -66.310691832999908, 18.472917558000177 ], [ -66.310417174999941, 18.472917558000177 ], [ -66.310417174999941, 18.472362519000171 ], [ -66.310142516999917, 18.472362519000171 ], [ -66.310142516999917, 18.471248627000023 ], [ -66.310417174999941, 18.471248627000023 ], [ -66.310417174999941, 18.470418931000097 ], [ -66.310142516999917, 18.470418931000097 ], [ -66.310142516999917, 18.470138550000115 ], [ -66.309860228999923, 18.470138550000115 ], [ -66.309860228999923, 18.470418931000097 ], [ -66.309585570999957, 18.470418931000097 ], [ -66.309585570999957, 18.47069358900012 ], [ -66.309303284999942, 18.47069358900012 ], [ -66.309303284999942, 18.471248627000023 ], [ -66.309028624999939, 18.471248627000023 ], [ -66.309028624999939, 18.47152710000006 ], [ -66.306251526999972, 18.47152710000006 ], [ -66.306251526999972, 18.471248627000023 ], [ -66.305419922999988, 18.471248627000023 ], [ -66.305419922999988, 18.472639085000139 ], [ -66.305694580999955, 18.472639085000139 ], [ -66.305694580999955, 18.472917558000177 ], [ -66.305969238999978, 18.472917558000177 ], [ -66.305969238999978, 18.473194123000042 ], [ -66.306251526999972, 18.473194123000042 ], [ -66.306251526999972, 18.473472596000079 ], [ -66.306526184999939, 18.473472596000079 ], [ -66.306526184999939, 18.473749162000047 ], [ -66.307083130999843, 18.473749162000047 ], [ -66.307083130999843, 18.474027635000084 ], [ -66.307640076999917, 18.474027635000084 ], [ -66.307640076999917, 18.474306108000121 ], [ -66.307914734999883, 18.474306108000121 ], [ -66.307914734999883, 18.474584581000158 ], [ -66.308471680999958, 18.474584581000158 ], [ -66.308471680999958, 18.474861146000023 ], [ -66.309028624999939, 18.474861146000023 ], [ -66.309028624999939, 18.475139619000061 ], [ -66.309303284999942, 18.475139619000061 ], [ -66.309303284999942, 18.475973129000124 ], [ -66.308197020999899, 18.475973129000124 ], [ -66.308197020999899, 18.475694656000087 ], [ -66.307640076999917, 18.475694656000087 ], [ -66.307640076999917, 18.475416185000029 ], [ -66.307083130999843, 18.475416185000029 ], [ -66.307083130999843, 18.475139619000061 ], [ -66.30513763499988, 18.475139619000061 ], [ -66.30513763499988, 18.474861146000023 ], [ -66.304862976999914, 18.474861146000023 ], [ -66.304862976999914, 18.475139619000061 ], [ -66.30430603099984, 18.475139619000061 ], [ -66.30430603099984, 18.475416185000029 ], [ -66.302085876999968, 18.475416185000029 ], [ -66.302085876999968, 18.475694656000087 ], [ -66.301528930999893, 18.475694656000087 ], [ -66.301528930999893, 18.475973129000124 ], [ -66.30124664199991, 18.475973129000124 ], [ -66.30124664199991, 18.476249693999989 ], [ -66.300697326999966, 18.476249693999989 ], [ -66.300697326999966, 18.476528167000026 ], [ -66.300140380999949, 18.476528167000026 ], [ -66.300140380999949, 18.476804733 ], [ -66.299583434999988, 18.476804733 ], [ -66.299583434999988, 18.477083206000032 ], [ -66.299308776999965, 18.477083206000032 ], [ -66.299308776999965, 18.477361679000069 ], [ -66.299026487999981, 18.477361679000069 ], [ -66.299026487999981, 18.477083206000032 ], [ -66.29875183099989, 18.477083206000032 ], [ -66.29875183099989, 18.476804733 ], [ -66.29819488499993, 18.476804733 ], [ -66.29819488499993, 18.476528167000026 ], [ -66.29792022699985, 18.476528167000026 ], [ -66.29792022699985, 18.476249693999989 ], [ -66.297363280999946, 18.476249693999989 ], [ -66.297363280999946, 18.475973129000124 ], [ -66.297080993999941, 18.475973129000124 ], [ -66.297080993999941, 18.475694656000087 ], [ -66.296806333999882, 18.475694656000087 ], [ -66.296806333999882, 18.475139619000061 ], [ -66.296249389999957, 18.475139619000061 ], [ -66.296249389999957, 18.474861146000023 ], [ -66.295974730999887, 18.474861146000023 ], [ -66.295974730999887, 18.474584581000158 ], [ -66.295417785999916, 18.474584581000158 ], [ -66.295417785999916, 18.474306108000121 ], [ -66.295135497999922, 18.474306108000121 ], [ -66.295135497999922, 18.474027635000084 ], [ -66.294860839999956, 18.474027635000084 ], [ -66.294860839999956, 18.473749162000047 ], [ -66.294586181999932, 18.473749162000047 ], [ -66.294586181999932, 18.473472596000079 ], [ -66.294029235999972, 18.473472596000079 ], [ -66.294029235999972, 18.473194123000042 ], [ -66.293197631999988, 18.473194123000042 ], [ -66.293197631999988, 18.472917558000177 ], [ -66.292358397999919, 18.472917558000177 ], [ -66.292358397999919, 18.472639085000139 ], [ -66.291526793999935, 18.472639085000139 ], [ -66.291526793999935, 18.472362519000171 ], [ -66.291252135999969, 18.472362519000171 ], [ -66.291252135999969, 18.472084046000134 ], [ -66.290138243999877, 18.472084046000134 ], [ -66.290138243999877, 18.471805573000097 ], [ -66.285972593999929, 18.471805573000097 ], [ -66.285972593999929, 18.47152710000006 ], [ -66.285415649999948, 18.47152710000006 ], [ -66.285415649999948, 18.471248627000023 ], [ -66.284584045999964, 18.471248627000023 ], [ -66.284584045999964, 18.471805573000097 ], [ -66.28430175799997, 18.471805573000097 ], [ -66.28430175799997, 18.472084046000134 ], [ -66.284027099999889, 18.472084046000134 ], [ -66.284027099999889, 18.472362519000171 ], [ -66.283195495999905, 18.472362519000171 ], [ -66.283195495999905, 18.472639085000139 ], [ -66.282638549999945, 18.472639085000139 ], [ -66.282638549999945, 18.472917558000177 ], [ -66.282363891999864, 18.472917558000177 ], [ -66.282363891999864, 18.473749162000047 ], [ -66.281806945999961, 18.473749162000047 ], [ -66.281806945999961, 18.474027635000084 ], [ -66.281524657999967, 18.474027635000084 ], [ -66.281524657999967, 18.474306108000121 ], [ -66.281249999999886, 18.474306108000121 ], [ -66.281249999999886, 18.474584581000158 ], [ -66.280136107999908, 18.474584581000158 ], [ -66.280136107999908, 18.474861146000023 ], [ -66.279304503999924, 18.474861146000023 ], [ -66.279304503999924, 18.475139619000061 ], [ -66.278747557999964, 18.475139619000061 ], [ -66.278747557999964, 18.475416185000029 ], [ -66.278472899999883, 18.475416185000029 ], [ -66.278472899999883, 18.475694656000087 ], [ -66.278198241999974, 18.475694656000087 ], [ -66.278198241999974, 18.476249693999989 ], [ -66.27791595399998, 18.476249693999989 ], [ -66.27791595399998, 18.476528167000026 ], [ -66.277641295999899, 18.476528167000026 ], [ -66.277641295999899, 18.476804733 ], [ -66.277084349999939, 18.476804733 ], [ -66.277084349999939, 18.477083206000032 ], [ -66.276802061999945, 18.477083206000032 ], [ -66.276802061999945, 18.477638244000161 ], [ -66.276527403999921, 18.477638244000161 ], [ -66.276527403999921, 18.478195190000065 ], [ -66.276252745999955, 18.478195190000065 ], [ -66.276252745999955, 18.478471756000033 ], [ -66.27569579999988, 18.478471756000033 ], [ -66.27569579999988, 18.47875022900007 ], [ -66.275413513999979, 18.47875022900007 ], [ -66.275413513999979, 18.479028702000107 ], [ -66.274864195999896, 18.479028702000107 ], [ -66.274864195999896, 18.479305267000143 ], [ -66.274307249999936, 18.479305267000143 ], [ -66.274307249999936, 18.479028702000107 ], [ -66.273475645999952, 18.479028702000107 ], [ -66.273475645999952, 18.47875022900007 ], [ -66.272636413999976, 18.47875022900007 ], [ -66.272636413999976, 18.479028702000107 ], [ -66.271804809999878, 18.479028702000107 ], [ -66.271804809999878, 18.479305267000143 ], [ -66.271530151999912, 18.479305267000143 ], [ -66.271530151999912, 18.47958374000018 ], [ -66.271247863999918, 18.47958374000018 ], [ -66.271247863999918, 18.479860306000148 ], [ -66.270973205999837, 18.479860306000148 ], [ -66.270973205999837, 18.480138779000185 ], [ -66.270690917999843, 18.480138779000185 ], [ -66.270690917999843, 18.480417252000052 ], [ -66.270416259999934, 18.480417252000052 ], [ -66.270416259999934, 18.480693817000088 ], [ -66.269859313999973, 18.480693817000088 ], [ -66.269859313999973, 18.480417252000052 ], [ -66.269027709999875, 18.480417252000052 ], [ -66.269027709999875, 18.480138779000185 ], [ -66.268196105999834, 18.480138779000185 ], [ -66.268196105999834, 18.479860306000148 ], [ -66.267639159999931, 18.479860306000148 ], [ -66.267639159999931, 18.47958374000018 ], [ -66.266250609999986, 18.47958374000018 ], [ -66.266250609999986, 18.479305267000143 ], [ -66.264862059999928, 18.479305267000143 ], [ -66.264862059999928, 18.479028702000107 ], [ -66.264305113999853, 18.479028702000107 ], [ -66.264305113999853, 18.47875022900007 ], [ -66.263473509999983, 18.47875022900007 ], [ -66.263473509999983, 18.478471756000033 ], [ -66.263191223999968, 18.478471756000033 ], [ -66.263191223999968, 18.478195190000065 ], [ -66.262641905999885, 18.478195190000065 ], [ -66.262641905999885, 18.477916717000028 ], [ -66.262084959999925, 18.477916717000028 ], [ -66.262084959999925, 18.477638244000161 ], [ -66.260139465999885, 18.477638244000161 ], [ -66.260139465999885, 18.477361679000069 ], [ -66.25875091599994, 18.477361679000069 ], [ -66.25875091599994, 18.477083206000032 ], [ -66.258468627999946, 18.477083206000032 ], [ -66.258468627999946, 18.476804733 ], [ -66.258193969999923, 18.476804733 ], [ -66.258193969999923, 18.476249693999989 ], [ -66.257637023999962, 18.476249693999989 ], [ -66.257637023999962, 18.476528167000026 ], [ -66.257362365999882, 18.476528167000026 ], [ -66.257362365999882, 18.476804733 ], [ -66.256530761999898, 18.476804733 ], [ -66.256530761999898, 18.477083206000032 ], [ -66.255973815999937, 18.477083206000032 ], [ -66.255973815999937, 18.477361679000069 ], [ -66.255691527999943, 18.477361679000069 ], [ -66.255691527999943, 18.477638244000161 ], [ -66.254859923999959, 18.477638244000161 ], [ -66.254859923999959, 18.477361679000069 ], [ -66.254585265999879, 18.477361679000069 ], [ -66.254585265999879, 18.476528167000026 ], [ -66.25541686999992, 18.476528167000026 ], [ -66.25541686999992, 18.476249693999989 ], [ -66.255691527999943, 18.476249693999989 ], [ -66.255691527999943, 18.475973129000124 ], [ -66.255973815999937, 18.475973129000124 ], [ -66.255973815999937, 18.475416185000029 ], [ -66.255691527999943, 18.475416185000029 ], [ -66.255691527999943, 18.473749162000047 ], [ -66.255973815999937, 18.473749162000047 ], [ -66.255973815999937, 18.473194123000042 ], [ -66.256248473999904, 18.473194123000042 ], [ -66.256248473999904, 18.472639085000139 ], [ -66.256530761999898, 18.472639085000139 ], [ -66.256530761999898, 18.472084046000134 ], [ -66.256805419999978, 18.472084046000134 ], [ -66.256805419999978, 18.471248627000023 ], [ -66.256530761999898, 18.471248627000023 ], [ -66.256530761999898, 18.47152710000006 ], [ -66.255973815999937, 18.47152710000006 ], [ -66.255973815999937, 18.471805573000097 ], [ -66.255691527999943, 18.471805573000097 ], [ -66.255691527999943, 18.472084046000134 ], [ -66.254859923999959, 18.472084046000134 ], [ -66.254859923999959, 18.472362519000171 ], [ -66.254302977999942, 18.472362519000171 ], [ -66.254302977999942, 18.472639085000139 ], [ -66.252357483999845, 18.472639085000139 ], [ -66.252357483999845, 18.472362519000171 ], [ -66.251808165999932, 18.472362519000171 ], [ -66.251808165999932, 18.472084046000134 ], [ -66.251251219999972, 18.472084046000134 ], [ -66.251251219999972, 18.471805573000097 ], [ -66.248474121999948, 18.471805573000097 ], [ -66.248474121999948, 18.47152710000006 ], [ -66.247917175999987, 18.47152710000006 ], [ -66.247917175999987, 18.471248627000023 ], [ -66.247642517999907, 18.471248627000023 ], [ -66.247642517999907, 18.470970154000156 ], [ -66.24736022999997, 18.470970154000156 ], [ -66.24736022999997, 18.47069358900012 ], [ -66.246803283999895, 18.47069358900012 ], [ -66.246803283999895, 18.470418931000097 ], [ -66.245697021999945, 18.470418931000097 ], [ -66.245697021999945, 18.470138550000115 ], [ -66.244857787999877, 18.470138550000115 ], [ -66.244857787999877, 18.469860077000078 ], [ -66.244308471999886, 18.469860077000078 ], [ -66.244308471999886, 18.469583511999986 ], [ -66.244026183999893, 18.469583511999986 ], [ -66.244026183999893, 18.469305038000073 ], [ -66.242919921999942, 18.469305038000073 ], [ -66.242919921999942, 18.469030381000152 ], [ -66.241806029999964, 18.469030381000152 ], [ -66.241806029999964, 18.468748092000169 ], [ -66.240692139999908, 18.468748092000169 ], [ -66.240692139999908, 18.468471527000077 ], [ -66.239585875999978, 18.468471527000077 ], [ -66.239585875999978, 18.468194961000108 ], [ -66.237358092999841, 18.468194961000108 ], [ -66.237358092999841, 18.467916488000071 ], [ -66.233474731999877, 18.467916488000071 ], [ -66.233474731999877, 18.467636107999965 ], [ -66.231529234999925, 18.467636107999965 ], [ -66.231529234999925, 18.467916488000071 ], [ -66.230972288999965, 18.467916488000071 ], [ -66.230972288999965, 18.467636107999965 ], [ -66.228195190999941, 18.467636107999965 ], [ -66.228195190999941, 18.467361450000169 ], [ -66.227363584999978, 18.467361450000169 ], [ -66.227363584999978, 18.467082977000132 ], [ -66.225975036999898, 18.467082977000132 ], [ -66.225975036999898, 18.466806411000164 ], [ -66.225418090999938, 18.466806411000164 ], [ -66.225418090999938, 18.466527938000127 ], [ -66.223747252999885, 18.466527938000127 ], [ -66.223747252999885, 18.466249465000089 ], [ -66.222358702999941, 18.466249465000089 ], [ -66.222358702999941, 18.465972900000054 ], [ -66.220413206999979, 18.465972900000054 ], [ -66.220413206999979, 18.465694427000187 ], [ -66.219024658999956, 18.465694427000187 ], [ -66.219024658999956, 18.465972900000054 ], [ -66.217361448999895, 18.465972900000054 ], [ -66.217361448999895, 18.466249465000089 ], [ -66.217086790999986, 18.466249465000089 ], [ -66.217086790999986, 18.465972900000054 ], [ -66.214302062999877, 18.465972900000054 ], [ -66.214302062999877, 18.466249465000089 ], [ -66.212364196999943, 18.466249465000089 ], [ -66.212364196999943, 18.466527938000127 ], [ -66.211403104999931, 18.466527938000127 ], [ -66.207642, 18.46652799900005 ], [ -66.207642, 18.466806001000123 ], [ -66.207359000999986, 18.466806001000123 ], [ -66.207359000999986, 18.46652799900005 ], [ -66.205971000999966, 18.46652799900005 ], [ -66.205971000999966, 18.466249000000175 ], [ -66.205695998999943, 18.466249000000175 ], [ -66.205695998999943, 18.465973 ], [ -66.20430799899998, 18.465973 ], [ -66.20430799899998, 18.466249000000175 ], [ -66.203194000999986, 18.466249000000175 ], [ -66.203194000999986, 18.46652799900005 ], [ -66.20236199999988, 18.46652799900005 ], [ -66.20236199999988, 18.466249000000175 ], [ -66.201804998999876, 18.466249000000175 ], [ -66.201804998999876, 18.46652799900005 ], [ -66.200974, 18.46652799900005 ], [ -66.200974, 18.466806001000123 ], [ -66.20041699899997, 18.466806001000123 ], [ -66.20041699899997, 18.467083001000162 ], [ -66.200141998999982, 18.467083001000162 ], [ -66.200141998999982, 18.467636 ], [ -66.199859999999887, 18.467636 ], [ -66.199859999999887, 18.468748000000176 ], [ -66.199027998999895, 18.468748000000176 ], [ -66.199027998999895, 18.468472 ], [ -66.198752998999964, 18.468472 ], [ -66.198752998999964, 18.466806001000123 ], [ -66.198471, 18.466806001000123 ], [ -66.198471, 18.46652799900005 ], [ -66.198195999999882, 18.46652799900005 ], [ -66.198195999999882, 18.466249000000175 ], [ -66.194305, 18.466249000000175 ], [ -66.194305, 18.465973 ], [ -66.194031000999985, 18.465973 ], [ -66.194031000999985, 18.466249000000175 ], [ -66.193474, 18.466249000000175 ], [ -66.193474, 18.46652799900005 ], [ -66.192085, 18.46652799900005 ], [ -66.192085, 18.466806001000123 ], [ -66.191528000999938, 18.466806001000123 ], [ -66.191528000999938, 18.467083001000162 ], [ -66.190414000999851, 18.467083001000162 ], [ -66.190414000999851, 18.467361000000153 ], [ -66.190140000999918, 18.467361000000153 ], [ -66.190140000999918, 18.467636 ], [ -66.189308, 18.467636 ], [ -66.189308, 18.467915999000127 ], [ -66.1887510009999, 18.467915999000127 ], [ -66.1887510009999, 18.46819500100014 ], [ -66.188194, 18.46819500100014 ], [ -66.188194, 18.468748000000176 ], [ -66.187637000999928, 18.468748000000176 ], [ -66.187637000999928, 18.469029999000099 ], [ -66.187079999999867, 18.469029999000099 ], [ -66.187079999999867, 18.469304999000144 ], [ -66.186530999999889, 18.469304999000144 ], [ -66.186530999999889, 18.469584001000158 ], [ -66.186249000999851, 18.469584001000158 ], [ -66.186249000999851, 18.469860000000153 ], [ -66.18597400099992, 18.469860000000153 ], [ -66.18597400099992, 18.467361000000153 ], [ -66.185692, 18.467361000000153 ], [ -66.185692, 18.467083001000162 ], [ -66.185417, 18.467083001000162 ], [ -66.185417, 18.466249000000175 ], [ -66.185692, 18.466249000000175 ], [ -66.185692, 18.465138999000033 ], [ -66.185417, 18.465138999000033 ], [ -66.185417, 18.464582 ], [ -66.185143, 18.464582 ], [ -66.185143, 18.464026999000055 ], [ -66.184860000999947, 18.464026999000055 ], [ -66.184860000999947, 18.463751 ], [ -66.184585998999921, 18.463751 ], [ -66.184585998999921, 18.463472 ], [ -66.184860000999947, 18.463472 ], [ -66.184860000999947, 18.463196000000153 ], [ -66.184585998999921, 18.463196000000153 ], [ -66.184585998999921, 18.46236 ], [ -66.184303, 18.46236 ], [ -66.184303, 18.461526999000171 ], [ -66.184029, 18.461526999000171 ], [ -66.184029, 18.460695000000158 ], [ -66.184303, 18.460695000000158 ], [ -66.184303, 18.460137999000153 ], [ -66.184029, 18.460137999000153 ], [ -66.184029, 18.45958300000018 ], [ -66.183746000999975, 18.45958300000018 ], [ -66.183746000999975, 18.459305 ], [ -66.183472000999927, 18.459305 ], [ -66.183472000999927, 18.459028001000149 ], [ -66.183196998999904, 18.459028001000149 ], [ -66.183196998999904, 18.458751999000071 ], [ -66.182914999999866, 18.458751999000071 ], [ -66.182914999999866, 18.458469 ], [ -66.18264, 18.458469 ], [ -66.18264, 18.458195 ], [ -66.182358000999955, 18.458195 ], [ -66.182358000999955, 18.457916001000171 ], [ -66.182082998999931, 18.457916001000171 ], [ -66.182082998999931, 18.457358999000064 ], [ -66.181807998999943, 18.457358999000064 ], [ -66.181807998999943, 18.457083 ], [ -66.181252, 18.457083 ], [ -66.181252, 18.456528001000095 ], [ -66.180694998999854, 18.456528001000095 ], [ -66.180694998999854, 18.456246999000086 ], [ -66.180138, 18.456246999000086 ], [ -66.180138, 18.456528001000095 ], [ -66.179863, 18.456528001000095 ], [ -66.179863, 18.455972999000153 ], [ -66.179305998999951, 18.455972999000153 ], [ -66.179305998999951, 18.454860999000175 ], [ -66.179030998999906, 18.454860999000175 ], [ -66.179030998999906, 18.454584 ], [ -66.178191998999978, 18.454584 ], [ -66.178191998999978, 18.454306 ], [ -66.177916998999933, 18.454306 ], [ -66.177916998999933, 18.454027000000167 ], [ -66.177635, 18.454027000000167 ], [ -66.177635, 18.453751001000171 ], [ -66.176803998999958, 18.453751001000171 ], [ -66.176803998999958, 18.453471998999987 ], [ -66.175972, 18.453471998999987 ], [ -66.175972, 18.453194000000167 ], [ -66.175414998999884, 18.453194000000167 ], [ -66.175414998999884, 18.452915000000189 ], [ -66.174858, 18.452915000000189 ], [ -66.174858, 18.452639 ], [ -66.174309000999926, 18.452639 ], [ -66.174309000999926, 18.452362000999983 ], [ -66.173751999999865, 18.452362000999983 ], [ -66.173751999999865, 18.452083999000081 ], [ -66.17347, 18.452083999000081 ], [ -66.17347, 18.451805 ], [ -66.172363, 18.451805 ], [ -66.172363, 18.451529000000107 ], [ -66.172080999999878, 18.451529000000107 ], [ -66.172080999999878, 18.451250001000176 ], [ -66.171523998999987, 18.451250001000176 ], [ -66.171523998999987, 18.450971999000103 ], [ -66.170975, 18.450971999000103 ], [ -66.170975, 18.451250001000176 ], [ -66.170418000999973, 18.451250001000176 ], [ -66.170418000999973, 18.450971999000103 ], [ -66.168746998999893, 18.450971999000103 ], [ -66.168746998999893, 18.450696999000058 ], [ -66.167641000999879, 18.450696999000058 ], [ -66.167641000999879, 18.450971999000103 ], [ -66.166809, 18.450971999000103 ], [ -66.166809, 18.450696999000058 ], [ -66.164863998999977, 18.450696999000058 ], [ -66.164863998999977, 18.450971999000103 ], [ -66.164580999999885, 18.450971999000103 ], [ -66.164580999999885, 18.451250001000176 ], [ -66.164024000999916, 18.451250001000176 ], [ -66.164024000999916, 18.451529000000107 ], [ -66.163193, 18.451529000000107 ], [ -66.163193, 18.451250001000176 ], [ -66.162636000999896, 18.451250001000176 ], [ -66.162636000999896, 18.451529000000107 ], [ -66.162360998999986, 18.451529000000107 ], [ -66.162360998999986, 18.451805 ], [ -66.162085998999885, 18.451805 ], [ -66.162085998999885, 18.452083999000081 ], [ -66.16153, 18.452083999000081 ], [ -66.16153, 18.451805 ], [ -66.161247000999936, 18.451805 ], [ -66.161247000999936, 18.451250001000176 ], [ -66.160972998999966, 18.451250001000176 ], [ -66.160972998999966, 18.450971999000103 ], [ -66.160415999999884, 18.450971999000103 ], [ -66.160415999999884, 18.451529000000107 ], [ -66.160140999999896, 18.451529000000107 ], [ -66.160140999999896, 18.451805 ], [ -66.159583998999892, 18.451805 ], [ -66.159583998999892, 18.452083999000081 ], [ -66.158751999999879, 18.452083999000081 ], [ -66.158751999999879, 18.452639 ], [ -66.157913, 18.452639 ], [ -66.157913, 18.452915000000189 ], [ -66.157364, 18.452915000000189 ], [ -66.157364, 18.452639 ], [ -66.157081998999899, 18.452639 ], [ -66.157081998999899, 18.452915000000189 ], [ -66.156525, 18.452915000000189 ], [ -66.156525, 18.453194000000167 ], [ -66.155975000999888, 18.453194000000167 ], [ -66.155975000999888, 18.453471998999987 ], [ -66.155136, 18.453471998999987 ], [ -66.155136, 18.453751001000171 ], [ -66.154861, 18.453751001000171 ], [ -66.154861, 18.454027000000167 ], [ -66.154304998999919, 18.454027000000167 ], [ -66.154304998999919, 18.453751001000171 ], [ -66.153473, 18.453751001000171 ], [ -66.153473, 18.454027000000167 ], [ -66.153198000999964, 18.454027000000167 ], [ -66.153198000999964, 18.454584 ], [ -66.152915998999902, 18.454584 ], [ -66.152915998999902, 18.454860999000175 ], [ -66.152641, 18.454860999000175 ], [ -66.152641, 18.455137001000082 ], [ -66.152359, 18.455137001000082 ], [ -66.152359, 18.455416000000184 ], [ -66.151801998999929, 18.455416000000184 ], [ -66.151801998999929, 18.455694000000108 ], [ -66.151527, 18.455694000000108 ], [ -66.151527, 18.455972999000153 ], [ -66.151252999999883, 18.455972999000153 ], [ -66.151252999999883, 18.456246999000086 ], [ -66.150696000999915, 18.456246999000086 ], [ -66.150696000999915, 18.456806 ], [ -66.150413998999966, 18.456806 ], [ -66.150413998999966, 18.457358999000064 ], [ -66.150139, 18.457358999000064 ], [ -66.150139, 18.457642001000067 ], [ -66.149307000999897, 18.457642001000067 ], [ -66.149307000999897, 18.457916001000171 ], [ -66.149024998999948, 18.457916001000171 ], [ -66.149024998999948, 18.458195 ], [ -66.148476, 18.458195 ], [ -66.148476, 18.458469 ], [ -66.148193000999925, 18.458469 ], [ -66.148193000999925, 18.458751999000071 ], [ -66.147362, 18.458751999000071 ], [ -66.147362, 18.459305 ], [ -66.147086999999829, 18.459305 ], [ -66.147086999999829, 18.459863999000049 ], [ -66.146805000999962, 18.459863999000049 ], [ -66.146805000999962, 18.460137999000153 ], [ -66.146530000999917, 18.460137999000153 ], [ -66.146530000999917, 18.460695000000158 ], [ -66.146248, 18.460695000000158 ], [ -66.146248, 18.460974000000135 ], [ -66.145691000999875, 18.460974000000135 ], [ -66.145691000999875, 18.461526999000171 ], [ -66.145416000999944, 18.461526999000171 ], [ -66.145416000999944, 18.462084000000175 ], [ -66.145142000999897, 18.462084000000175 ], [ -66.145142000999897, 18.46236 ], [ -66.144859, 18.46236 ], [ -66.144859, 18.462638999000148 ], [ -66.144585, 18.462638999000148 ], [ -66.144585, 18.462917001000051 ], [ -66.144302000999971, 18.462917001000051 ], [ -66.144302000999971, 18.463196000000153 ], [ -66.144028000999924, 18.463196000000153 ], [ -66.144028000999924, 18.463472 ], [ -66.143196, 18.463472 ], [ -66.143196, 18.463751 ], [ -66.142639000999964, 18.463751 ], [ -66.142639000999964, 18.464026999000055 ], [ -66.142364998999938, 18.464026999000055 ], [ -66.142364998999938, 18.463751 ], [ -66.141808, 18.463751 ], [ -66.141808, 18.463472 ], [ -66.14097599899992, 18.463472 ], [ -66.14097599899992, 18.464582 ], [ -66.140137000999971, 18.464582 ], [ -66.140137000999971, 18.464861 ], [ -66.139305, 18.464861 ], [ -66.139305, 18.464026999000055 ], [ -66.13958, 18.464026999000055 ], [ -66.13958, 18.462638999000148 ], [ -66.139305, 18.462638999000148 ], [ -66.139305, 18.461805001000073 ], [ -66.13903, 18.461805001000073 ], [ -66.13903, 18.461249999000131 ], [ -66.138747998999975, 18.461249999000131 ], [ -66.138747998999975, 18.460695000000158 ], [ -66.138473998999928, 18.460695000000158 ], [ -66.138473998999928, 18.460137999000153 ], [ -66.138190999999892, 18.460137999000153 ], [ -66.138190999999892, 18.459863999000049 ], [ -66.137917, 18.459863999000049 ], [ -66.137917, 18.459583043000066 ], [ -66.137641905999942, 18.459583283000086 ], [ -66.137641905999942, 18.459028244000081 ], [ -66.137359619999927, 18.459028244000081 ], [ -66.137359619999927, 18.458469391000108 ], [ -66.137084959999925, 18.458469391000108 ], [ -66.137084959999925, 18.457916260000104 ], [ -66.136802673999966, 18.457916260000104 ], [ -66.136802673999966, 18.457641602000137 ], [ -66.136528015999943, 18.457641602000137 ], [ -66.136528015999943, 18.45735931400003 ], [ -66.136253355999884, 18.45735931400003 ], [ -66.136253355999884, 18.457082748000062 ], [ -66.135971069999982, 18.457082748000062 ], [ -66.135971069999982, 18.456527710000159 ], [ -66.135696411999902, 18.456527710000159 ], [ -66.135696411999902, 18.456247329000121 ], [ -66.135414123999965, 18.456247329000121 ], [ -66.135414123999965, 18.455972671000154 ], [ -66.135139465999828, 18.455972671000154 ], [ -66.135139465999828, 18.455694198000117 ], [ -66.134864807999918, 18.455694198000117 ], [ -66.134864807999918, 18.45541572500008 ], [ -66.133193969999979, 18.45541572500008 ], [ -66.133193969999979, 18.455137252000043 ], [ -66.132637023999962, 18.455137252000043 ], [ -66.132637023999962, 18.454860687000121 ], [ -66.131805419999921, 18.454860687000121 ], [ -66.131805419999921, 18.454584120999982 ], [ -66.130691527999943, 18.454584120999982 ], [ -66.130691527999943, 18.454305648000116 ], [ -66.130142211999953, 18.454305648000116 ], [ -66.130142211999953, 18.454027175000078 ], [ -66.129859923999959, 18.454027175000078 ], [ -66.129859923999959, 18.453472137000176 ], [ -66.129585265999879, 18.453472137000176 ], [ -66.129585265999879, 18.452915193000138 ], [ -66.129302977999885, 18.452915193000138 ], [ -66.129302977999885, 18.452362062000077 ], [ -66.129028319999918, 18.452362062000077 ], [ -66.129028319999918, 18.451805116 ], [ -66.128753661999838, 18.451805116 ], [ -66.128753661999838, 18.450138093000191 ], [ -66.129028319999918, 18.450138093000191 ], [ -66.129028319999918, 18.449861527000053 ], [ -66.129302977999885, 18.449861527000053 ], [ -66.129302977999885, 18.449583054000186 ], [ -66.129585265999879, 18.449583054000186 ], [ -66.129585265999879, 18.449306489000151 ], [ -66.129859923999959, 18.449306489000151 ], [ -66.129859923999959, 18.449028016000113 ], [ -66.130416869999976, 18.449028016000113 ], [ -66.130416869999976, 18.448749543000076 ], [ -66.130622863999974, 18.448749543000076 ], [ -66.131248473999847, 18.448749543000076 ], [ -66.131248473999847, 18.449028016000113 ], [ -66.131530761999954, 18.449028016000113 ], [ -66.131530761999954, 18.449464799000111 ], [ -66.131530761999954, 18.449583054000186 ], [ -66.131248473999847, 18.449583054000186 ], [ -66.131248473999847, 18.449861527000053 ], [ -66.130691527999943, 18.449861527000053 ], [ -66.130691527999943, 18.450138093000191 ], [ -66.130142211999953, 18.450138093000191 ], [ -66.130142211999953, 18.450416566000058 ], [ -66.129859923999959, 18.450416566000058 ], [ -66.129859923999959, 18.451528550000035 ], [ -66.130142211999953, 18.451528550000035 ], [ -66.130142211999953, 18.45208358900004 ], [ -66.130416869999976, 18.45208358900004 ], [ -66.130416869999976, 18.452638627000169 ], [ -66.130691527999943, 18.452638627000169 ], [ -66.130691527999943, 18.453193666000175 ], [ -66.130973815999937, 18.453193666000175 ], [ -66.130973815999937, 18.453472137000176 ], [ -66.132080077999888, 18.453472137000176 ], [ -66.132080077999888, 18.453750610000043 ], [ -66.132919311999956, 18.453750610000043 ], [ -66.132919311999956, 18.454027175000078 ], [ -66.133468627999946, 18.454027175000078 ], [ -66.133468627999946, 18.454305648000116 ], [ -66.135139465999828, 18.454305648000116 ], [ -66.135139465999828, 18.454584120999982 ], [ -66.135414123999965, 18.454584120999982 ], [ -66.135414123999965, 18.455137252000043 ], [ -66.135971069999982, 18.455137252000043 ], [ -66.135971069999982, 18.45541572500008 ], [ -66.136253355999884, 18.45541572500008 ], [ -66.136253355999884, 18.455694198000117 ], [ -66.136528015999943, 18.455694198000117 ], [ -66.136528015999943, 18.455972671000154 ], [ -66.136802673999966, 18.455972671000154 ], [ -66.136802673999966, 18.456247329000121 ], [ -66.137084959999925, 18.456247329000121 ], [ -66.137084959999925, 18.456806183000026 ], [ -66.137359619999927, 18.456806183000026 ], [ -66.137359619999927, 18.457082748000062 ], [ -66.137641905999942, 18.457082748000062 ], [ -66.137641905999942, 18.45735931400003 ], [ -66.138191223999911, 18.45735931400003 ], [ -66.138191223999911, 18.457082748000062 ], [ -66.138473509999983, 18.457082748000062 ], [ -66.138473509999983, 18.456806183000026 ], [ -66.139030455999887, 18.456806183000026 ], [ -66.139030455999887, 18.456527710000159 ], [ -66.139305113999967, 18.456527710000159 ], [ -66.139305113999967, 18.456247329000121 ], [ -66.139579771999934, 18.456247329000121 ], [ -66.139579771999934, 18.455972671000154 ], [ -66.139862059999928, 18.455972671000154 ], [ -66.139862059999928, 18.455137252000043 ], [ -66.139579771999934, 18.455137252000043 ], [ -66.139579771999934, 18.454860687000121 ], [ -66.139305113999967, 18.454860687000121 ], [ -66.139305113999967, 18.454584120999982 ], [ -66.139030455999887, 18.454584120999982 ], [ -66.139030455999887, 18.454305648000116 ], [ -66.138748167999893, 18.454305648000116 ], [ -66.138748167999893, 18.454027175000078 ], [ -66.138473509999983, 18.454027175000078 ], [ -66.138473509999983, 18.453472137000176 ], [ -66.138191223999911, 18.453472137000176 ], [ -66.138191223999911, 18.452638627000169 ], [ -66.137916563999909, 18.452638627000169 ], [ -66.137916563999909, 18.45208358900004 ], [ -66.137641905999942, 18.45208358900004 ], [ -66.137641905999942, 18.450971604000131 ], [ -66.137359619999927, 18.450971604000131 ], [ -66.137359619999927, 18.450696946000164 ], [ -66.137084959999925, 18.450696946000164 ], [ -66.137084959999925, 18.450416566000058 ], [ -66.136802673999966, 18.450416566000058 ], [ -66.136802673999966, 18.450138093000191 ], [ -66.136253355999884, 18.450138093000191 ], [ -66.136253355999884, 18.449861527000053 ], [ -66.135971069999982, 18.449861527000053 ], [ -66.135971069999982, 18.449583054000186 ], [ -66.135414123999965, 18.449583054000186 ], [ -66.135414123999965, 18.448749543000076 ], [ -66.134864807999918, 18.448749543000076 ], [ -66.134864807999918, 18.448474885000053 ], [ -66.134582519999924, 18.448474885000053 ], [ -66.134582519999924, 18.447916031000034 ], [ -66.134307861999957, 18.447916031000034 ], [ -66.134307861999957, 18.447639466000112 ], [ -66.134025573999963, 18.447639466000112 ], [ -66.134025573999963, 18.44680595400007 ], [ -66.13375091599994, 18.44680595400007 ], [ -66.13375091599994, 18.446527481000032 ], [ -66.133193969999979, 18.446527481000032 ], [ -66.133193969999979, 18.44597244300013 ], [ -66.132919311999956, 18.44597244300013 ], [ -66.132919311999956, 18.445692062000148 ], [ -66.132637023999962, 18.445692062000148 ], [ -66.132637023999962, 18.445417404000125 ], [ -66.132362365999882, 18.445417404000125 ], [ -66.132362365999882, 18.445140839000089 ], [ -66.131530761999954, 18.445140839000089 ], [ -66.131530761999954, 18.444583893000186 ], [ -66.130973815999937, 18.444583893000186 ], [ -66.130973815999937, 18.444305420000148 ], [ -66.130691527999943, 18.444305420000148 ], [ -66.130691527999943, 18.444026947000111 ], [ -66.130142211999953, 18.444026947000111 ], [ -66.130142211999953, 18.443748474000074 ], [ -66.129585265999879, 18.443748474000074 ], [ -66.129585265999879, 18.443471908000106 ], [ -66.128196715999934, 18.443471908000106 ], [ -66.128196715999934, 18.44319534300007 ], [ -66.126808165999876, 18.44319534300007 ], [ -66.126808165999876, 18.442916870000033 ], [ -66.126525879999974, 18.442916870000033 ], [ -66.126525879999974, 18.442638397000167 ], [ -66.1259689339999, 18.442638397000167 ], [ -66.1259689339999, 18.442361831000028 ], [ -66.124862671999949, 18.442361831000028 ], [ -66.124862671999949, 18.442083358000161 ], [ -66.123191833999897, 18.442083358000161 ], [ -66.123191833999897, 18.441804887000103 ], [ -66.120971679999968, 18.441804887000103 ], [ -66.120971679999968, 18.442083358000161 ], [ -66.119857787999933, 18.442083358000161 ], [ -66.119857787999933, 18.442361831000028 ], [ -66.11958312999991, 18.442361831000028 ], [ -66.11958312999991, 18.442638397000167 ], [ -66.118469237999932, 18.442638397000167 ], [ -66.118469237999932, 18.442916870000033 ], [ -66.118194579999965, 18.442916870000033 ], [ -66.118194579999965, 18.44319534300007 ], [ -66.117919921999885, 18.44319534300007 ], [ -66.117919921999885, 18.444305420000148 ], [ -66.117637633999891, 18.444305420000148 ], [ -66.117637633999891, 18.444583893000186 ], [ -66.11653137199994, 18.444583893000186 ], [ -66.11653137199994, 18.444305420000148 ], [ -66.115417479999962, 18.444305420000148 ], [ -66.115417479999962, 18.444583893000186 ], [ -66.115135193999947, 18.444583893000186 ], [ -66.115135193999947, 18.444862366000052 ], [ -66.114860535999981, 18.444862366000052 ], [ -66.114860535999981, 18.445140839000089 ], [ -66.111808777999954, 18.445140839000089 ], [ -66.111808777999954, 18.444862366000052 ], [ -66.11125183199988, 18.444862366000052 ], [ -66.11125183199988, 18.444583893000186 ], [ -66.110694885999919, 18.444583893000186 ], [ -66.110694885999919, 18.444305420000148 ], [ -66.110137939999845, 18.444305420000148 ], [ -66.110137939999845, 18.44319534300007 ], [ -66.110420227999953, 18.44319534300007 ], [ -66.110420227999953, 18.442638397000167 ], [ -66.110694885999919, 18.442638397000167 ], [ -66.110694885999919, 18.442361831000028 ], [ -66.110969543999886, 18.442361831000028 ], [ -66.110969543999886, 18.442083358000161 ], [ -66.11125183199988, 18.442083358000161 ], [ -66.11125183199988, 18.44124984900003 ], [ -66.111808777999954, 18.44124984900003 ], [ -66.111808777999954, 18.440971376000164 ], [ -66.112083435999978, 18.440971376000164 ], [ -66.112083435999978, 18.440113068000187 ], [ -66.112083435999978, 18.439861299000029 ], [ -66.111808777999954, 18.439861299000029 ], [ -66.111808777999954, 18.438749314000177 ], [ -66.11152648999996, 18.438749314000177 ], [ -66.11152648999996, 18.438472749000084 ], [ -66.110969543999886, 18.438472749000084 ], [ -66.110969543999886, 18.437915802000134 ], [ -66.110694885999919, 18.437915802000134 ], [ -66.110694885999919, 18.437639237000042 ], [ -66.110137939999845, 18.437639237000042 ], [ -66.110137939999845, 18.437360764 ], [ -66.109580993999941, 18.437360764 ], [ -66.109580993999941, 18.436527252000133 ], [ -66.109306335999975, 18.436527252000133 ], [ -66.109306335999975, 18.435693741000023 ], [ -66.109580993999941, 18.435693741000023 ], [ -66.109580993999941, 18.431804656 ], [ -66.110137939999845, 18.431804656 ], [ -66.110137939999845, 18.429306031000124 ], [ -66.109580993999941, 18.429306031000124 ], [ -66.109580993999941, 18.428747177999981 ], [ -66.108078002999946, 18.428747177999981 ], [ -66.104858396999987, 18.428747177999981 ], [ -66.104858396999987, 18.429306031000124 ], [ -66.104583739999896, 18.429306031000124 ], [ -66.104583739999896, 18.429582597000092 ], [ -66.104309081999929, 18.429582597000092 ], [ -66.104309081999929, 18.429859162000184 ], [ -66.104026792999946, 18.429859162000184 ], [ -66.104026792999946, 18.430141448000086 ], [ -66.103469848999964, 18.430141448000086 ], [ -66.103469848999964, 18.430416108000088 ], [ -66.102912902999947, 18.430416108000088 ], [ -66.102912902999947, 18.43069457900009 ], [ -66.102081298999906, 18.43069457900009 ], [ -66.102081298999906, 18.430973052000127 ], [ -66.101524352999832, 18.430973052000127 ], [ -66.101524352999832, 18.431251525000164 ], [ -66.100975036999955, 18.431251525000164 ], [ -66.100975036999955, 18.431528091000132 ], [ -66.100135802999944, 18.431528091000132 ], [ -66.100135802999944, 18.431804656 ], [ -66.099586486999897, 18.431804656 ], [ -66.099586486999897, 18.432081221999965 ], [ -66.09930419899996, 18.432081221999965 ], [ -66.09930419899996, 18.432361602000071 ], [ -66.099029540999823, 18.432361602000071 ], [ -66.099029540999823, 18.43263816800004 ], [ -66.098747252999885, 18.43263816800004 ], [ -66.098747252999885, 18.433195114000114 ], [ -66.098472594999919, 18.433195114000114 ], [ -66.098472594999919, 18.43347358699998 ], [ -66.098197936999952, 18.43347358699998 ], [ -66.098197936999952, 18.433750152000073 ], [ -66.097915648999958, 18.433750152000073 ], [ -66.097915648999958, 18.43402862500011 ], [ -66.097358702999941, 18.43402862500011 ], [ -66.097358702999941, 18.434583664000115 ], [ -66.09680175699998, 18.434583664000115 ], [ -66.09680175699998, 18.434860229000151 ], [ -66.096527098999957, 18.434860229000151 ], [ -66.096527098999957, 18.435138702000188 ], [ -66.094863890999932, 18.435138702000188 ], [ -66.094863890999932, 18.435417175000055 ], [ -66.094306944999971, 18.435417175000055 ], [ -66.094306944999971, 18.435693741000023 ], [ -66.093475340999987, 18.435693741000023 ], [ -66.093475340999987, 18.43597221400006 ], [ -66.093193052999879, 18.43597221400006 ], [ -66.093193052999879, 18.436250687000097 ], [ -66.092361448999839, 18.436250687000097 ], [ -66.092361448999839, 18.436527252000133 ], [ -66.092086790999929, 18.436527252000133 ], [ -66.092086790999929, 18.436805725 ], [ -66.091804504999914, 18.436805725 ], [ -66.091804504999914, 18.43708419900014 ], [ -66.091529844999968, 18.43708419900014 ], [ -66.091529844999968, 18.437639237000042 ], [ -66.091247558999953, 18.437639237000042 ], [ -66.091247558999953, 18.437915802000134 ], [ -66.090972900999986, 18.437915802000134 ], [ -66.090972900999986, 18.438194276000047 ], [ -66.090698240999984, 18.438194276000047 ], [ -66.090698240999984, 18.438472749000084 ], [ -66.090415954999969, 18.438472749000084 ], [ -66.090415954999969, 18.439027786999986 ], [ -66.090141296999889, 18.439027786999986 ], [ -66.090141296999889, 18.439306260000023 ], [ -66.089859008999895, 18.439306260000023 ], [ -66.089859008999895, 18.439861299000029 ], [ -66.08819580099987, 18.439861299000029 ], [ -66.08819580099987, 18.440139772000066 ], [ -66.087364196999886, 18.440139772000066 ], [ -66.087364196999886, 18.440416337000158 ], [ -66.084304808999889, 18.440416337000158 ], [ -66.084304808999889, 18.440694810000025 ], [ -66.083747862999985, 18.440694810000025 ], [ -66.083747862999985, 18.44124984900003 ], [ -66.083473204999905, 18.44124984900003 ], [ -66.083473204999905, 18.441804887000103 ], [ -66.083190916999911, 18.441804887000103 ], [ -66.083190916999911, 18.442083358000161 ], [ -66.082916258999944, 18.442083358000161 ], [ -66.082916258999944, 18.444583893000186 ], [ -66.083190916999911, 18.444583893000186 ], [ -66.083190916999911, 18.444862366000052 ], [ -66.083747862999985, 18.444862366000052 ], [ -66.083747862999985, 18.445140839000089 ], [ -66.084030150999979, 18.445140839000089 ], [ -66.084030150999979, 18.44597244300013 ], [ -66.084304808999889, 18.44597244300013 ], [ -66.084304808999889, 18.446252823000066 ], [ -66.084587096999883, 18.446252823000066 ], [ -66.084587096999883, 18.446527481000032 ], [ -66.084861754999963, 18.446527481000032 ], [ -66.084861754999963, 18.447080612000093 ], [ -66.08513641299993, 18.447080612000093 ], [ -66.08513641299993, 18.447362899999973 ], [ -66.086250304999908, 18.447362899999973 ], [ -66.086250304999908, 18.447639466000112 ], [ -66.08819580099987, 18.447639466000112 ], [ -66.08819580099987, 18.447916031000034 ], [ -66.08847045899995, 18.447916031000034 ], [ -66.08847045899995, 18.447639466000112 ], [ -66.089302062999934, 18.447639466000112 ], [ -66.089302062999934, 18.447362899999973 ], [ -66.089859008999895, 18.447362899999973 ], [ -66.089859008999895, 18.447080612000093 ], [ -66.090415954999969, 18.447080612000093 ], [ -66.090415954999969, 18.44680595400007 ], [ -66.090972900999986, 18.44680595400007 ], [ -66.090972900999986, 18.446252823000066 ], [ -66.091247558999953, 18.446252823000066 ], [ -66.091247558999953, 18.44597244300013 ], [ -66.091529844999968, 18.44597244300013 ], [ -66.091529844999968, 18.445417404000125 ], [ -66.091804504999914, 18.445417404000125 ], [ -66.091804504999914, 18.446252823000066 ], [ -66.092086790999929, 18.446252823000066 ], [ -66.092086790999929, 18.446527481000032 ], [ -66.092361448999839, 18.446527481000032 ], [ -66.092361448999839, 18.44680595400007 ], [ -66.092636108999898, 18.44680595400007 ], [ -66.092636108999898, 18.447080612000093 ], [ -66.093749998999954, 18.447080612000093 ], [ -66.093749998999954, 18.44680595400007 ], [ -66.094024656999977, 18.44680595400007 ], [ -66.094024656999977, 18.447080612000093 ], [ -66.094581602999938, 18.447080612000093 ], [ -66.094581602999938, 18.447916031000034 ], [ -66.094863890999932, 18.447916031000034 ], [ -66.094863890999932, 18.448194504000071 ], [ -66.095138548999842, 18.448194504000071 ], [ -66.095138548999842, 18.448749543000076 ], [ -66.095413206999922, 18.448749543000076 ], [ -66.095413206999922, 18.449028016000113 ], [ -66.095970152999882, 18.449028016000113 ], [ -66.095970152999882, 18.449306489000151 ], [ -66.096252440999876, 18.449306489000151 ], [ -66.096252440999876, 18.449583054000186 ], [ -66.09680175699998, 18.449583054000186 ], [ -66.09680175699998, 18.449861527000053 ], [ -66.097084044999974, 18.449861527000053 ], [ -66.097084044999974, 18.450138093000191 ], [ -66.098197936999952, 18.450138093000191 ], [ -66.098197936999952, 18.450416566000058 ], [ -66.098472594999919, 18.450416566000058 ], [ -66.098472594999919, 18.450696946000164 ], [ -66.09930419899996, 18.450696946000164 ], [ -66.09930419899996, 18.450971604000131 ], [ -66.100692748999961, 18.450971604000131 ], [ -66.100692748999961, 18.451250077 ], [ -66.101249694999922, 18.451250077 ], [ -66.101249694999922, 18.450971604000131 ], [ -66.101806640999826, 18.450971604000131 ], [ -66.101806640999826, 18.450416566000058 ], [ -66.102081298999906, 18.450416566000058 ], [ -66.102081298999906, 18.450138093000191 ], [ -66.102363585999967, 18.450138093000191 ], [ -66.102363585999967, 18.449861527000053 ], [ -66.103195189999951, 18.449861527000053 ], [ -66.103195189999951, 18.449583054000186 ], [ -66.103469848999964, 18.449583054000186 ], [ -66.103469848999964, 18.449861527000053 ], [ -66.104026792999946, 18.449861527000053 ], [ -66.104026792999946, 18.450138093000191 ], [ -66.104309081999929, 18.450138093000191 ], [ -66.104309081999929, 18.450416566000058 ], [ -66.104026792999946, 18.450416566000058 ], [ -66.104026792999946, 18.451250077 ], [ -66.103752135999969, 18.451250077 ], [ -66.103752135999969, 18.451528550000035 ], [ -66.103469848999964, 18.451528550000035 ], [ -66.103469848999964, 18.452638627000169 ], [ -66.104026792999946, 18.452638627000169 ], [ -66.104026792999946, 18.452915193000138 ], [ -66.104309081999929, 18.452915193000138 ], [ -66.104309081999929, 18.453193666000175 ], [ -66.104583739999896, 18.453193666000175 ], [ -66.104583739999896, 18.453472137000176 ], [ -66.104858396999987, 18.453472137000176 ], [ -66.104858396999987, 18.453750610000043 ], [ -66.10514068599997, 18.453750610000043 ], [ -66.10514068599997, 18.454027175000078 ], [ -66.105697631999988, 18.454027175000078 ], [ -66.105697631999988, 18.454584120999982 ], [ -66.105972289999954, 18.454584120999982 ], [ -66.105972289999954, 18.455137252000043 ], [ -66.106246946999931, 18.455137252000043 ], [ -66.106246946999931, 18.455972671000154 ], [ -66.106803893999938, 18.455972671000154 ], [ -66.106803893999938, 18.456247329000121 ], [ -66.107086181999932, 18.456247329000121 ], [ -66.107086181999932, 18.456806183000026 ], [ -66.106803893999938, 18.456806183000026 ], [ -66.106803893999938, 18.45735931400003 ], [ -66.107086181999932, 18.45735931400003 ], [ -66.107086181999932, 18.457641602000137 ], [ -66.106803893999938, 18.457641602000137 ], [ -66.106803893999938, 18.457916260000104 ], [ -66.106529235999972, 18.457916260000104 ], [ -66.106529235999972, 18.458194733000141 ], [ -66.106803893999938, 18.458194733000141 ], [ -66.106803893999938, 18.458469391000108 ], [ -66.106529235999972, 18.458469391000108 ], [ -66.106529235999972, 18.459304810000049 ], [ -66.106246946999931, 18.459304810000049 ], [ -66.106246946999931, 18.459583283000086 ], [ -66.105972289999954, 18.459583283000086 ], [ -66.105972289999954, 18.459863663000192 ], [ -66.105697631999988, 18.459863663000192 ], [ -66.105697631999988, 18.460138320999988 ], [ -66.10514068599997, 18.460138320999988 ], [ -66.10514068599997, 18.460416794000025 ], [ -66.104309081999929, 18.460416794000025 ], [ -66.104309081999929, 18.460138320999988 ], [ -66.103752135999969, 18.460138320999988 ], [ -66.103752135999969, 18.459863663000192 ], [ -66.103195189999951, 18.459863663000192 ], [ -66.103195189999951, 18.460138320999988 ], [ -66.102912902999947, 18.460138320999988 ], [ -66.102912902999947, 18.460416794000025 ], [ -66.10263824499998, 18.460416794000025 ], [ -66.10263824499998, 18.460695267000062 ], [ -66.101524352999832, 18.460695267000062 ], [ -66.101524352999832, 18.460416794000025 ], [ -66.101249694999922, 18.460416794000025 ], [ -66.101249694999922, 18.460138320999988 ], [ -66.100975036999955, 18.460138320999988 ], [ -66.100975036999955, 18.459863663000192 ], [ -66.100692748999961, 18.459863663000192 ], [ -66.100692748999961, 18.459583283000086 ], [ -66.100135802999944, 18.459583283000086 ], [ -66.100135802999944, 18.459304810000049 ], [ -66.099861144999977, 18.459304810000049 ], [ -66.099861144999977, 18.458751679000045 ], [ -66.099586486999897, 18.458751679000045 ], [ -66.099586486999897, 18.458469391000108 ], [ -66.099029540999823, 18.458469391000108 ], [ -66.099029540999823, 18.458751679000045 ], [ -66.098747252999885, 18.458751679000045 ], [ -66.098747252999885, 18.459304810000049 ], [ -66.098197936999952, 18.459304810000049 ], [ -66.098197936999952, 18.459583283000086 ], [ -66.095413206999922, 18.459583283000086 ], [ -66.095413206999922, 18.459304810000049 ], [ -66.094024656999977, 18.459304810000049 ], [ -66.094024656999977, 18.459028244000081 ], [ -66.092361448999839, 18.459028244000081 ], [ -66.092361448999839, 18.458751679000045 ], [ -66.092086790999929, 18.458751679000045 ], [ -66.092086790999929, 18.457916260000104 ], [ -66.092361448999839, 18.457916260000104 ], [ -66.092361448999839, 18.457082748000062 ], [ -66.090415954999969, 18.457082748000062 ], [ -66.090415954999969, 18.45735931400003 ], [ -66.089584350999985, 18.45735931400003 ], [ -66.089584350999985, 18.457916260000104 ], [ -66.089859008999895, 18.457916260000104 ], [ -66.089859008999895, 18.458194733000141 ], [ -66.090141296999889, 18.458194733000141 ], [ -66.090141296999889, 18.458469391000108 ], [ -66.090415954999969, 18.458469391000108 ], [ -66.090415954999969, 18.459583283000086 ], [ -66.090698240999984, 18.459583283000086 ], [ -66.090698240999984, 18.459863663000192 ], [ -66.091247558999953, 18.459863663000192 ], [ -66.091247558999953, 18.459583283000086 ], [ -66.092086790999929, 18.459583283000086 ], [ -66.092086790999929, 18.459863663000192 ], [ -66.092636108999898, 18.459863663000192 ], [ -66.092636108999898, 18.460138320999988 ], [ -66.093193052999879, 18.460138320999988 ], [ -66.093193052999879, 18.460416794000025 ], [ -66.094024656999977, 18.460416794000025 ], [ -66.094024656999977, 18.461250306000068 ], [ -66.094306944999971, 18.461250306000068 ], [ -66.094306944999971, 18.46152687100016 ], [ -66.09680175699998, 18.46152687100016 ], [ -66.09680175699998, 18.461250306000068 ], [ -66.097640990999935, 18.461250306000068 ], [ -66.097640990999935, 18.460973740000099 ], [ -66.097915648999958, 18.460973740000099 ], [ -66.097915648999958, 18.460695267000062 ], [ -66.098197936999952, 18.460695267000062 ], [ -66.098197936999952, 18.460416794000025 ], [ -66.099029540999823, 18.460416794000025 ], [ -66.099029540999823, 18.460695267000062 ], [ -66.100418090999938, 18.460695267000062 ], [ -66.100418090999938, 18.460973740000099 ], [ -66.101806640999826, 18.460973740000099 ], [ -66.101806640999826, 18.461250306000068 ], [ -66.102912902999947, 18.461250306000068 ], [ -66.102912902999947, 18.46152687100016 ], [ -66.103752135999969, 18.46152687100016 ], [ -66.103752135999969, 18.461805344000027 ], [ -66.104858396999987, 18.461805344000027 ], [ -66.104858396999987, 18.462083817000064 ], [ -66.106246946999931, 18.462083817000064 ], [ -66.106246946999931, 18.462360383000032 ], [ -66.106529235999972, 18.462360383000032 ], [ -66.106529235999972, 18.462638856000069 ], [ -66.108474731999877, 18.462638856000069 ], [ -66.108474731999877, 18.462083817000064 ], [ -66.108749389999957, 18.462083817000064 ], [ -66.108749389999957, 18.460695267000062 ], [ -66.109306335999975, 18.460695267000062 ], [ -66.109306335999975, 18.460416794000025 ], [ -66.109580993999941, 18.460416794000025 ], [ -66.109580993999941, 18.460138320999988 ], [ -66.109863281999935, 18.460138320999988 ], [ -66.109863281999935, 18.460416794000025 ], [ -66.110137939999845, 18.460416794000025 ], [ -66.110137939999845, 18.461250306000068 ], [ -66.110420227999953, 18.461250306000068 ], [ -66.110420227999953, 18.461805344000027 ], [ -66.110694885999919, 18.461805344000027 ], [ -66.110694885999919, 18.462360383000032 ], [ -66.110420227999953, 18.462360383000032 ], [ -66.110420227999953, 18.462917329000106 ], [ -66.110694885999919, 18.462917329000106 ], [ -66.110694885999919, 18.463472367000179 ], [ -66.11125183199988, 18.463472367000179 ], [ -66.11125183199988, 18.463195802000143 ], [ -66.111808777999954, 18.463195802000143 ], [ -66.111808777999954, 18.462917329000106 ], [ -66.112083435999978, 18.462917329000106 ], [ -66.112083435999978, 18.462638856000069 ], [ -66.112640381999938, 18.462638856000069 ], [ -66.112640381999938, 18.462360383000032 ], [ -66.112915039999962, 18.462360383000032 ], [ -66.112915039999962, 18.462083817000064 ], [ -66.11319732599992, 18.462083817000064 ], [ -66.11319732599992, 18.46152687100016 ], [ -66.114303589999963, 18.46152687100016 ], [ -66.114303589999963, 18.461805344000027 ], [ -66.114585875999978, 18.461805344000027 ], [ -66.114585875999978, 18.462083817000064 ], [ -66.115135193999947, 18.462083817000064 ], [ -66.115135193999947, 18.461805344000027 ], [ -66.115417479999962, 18.461805344000027 ], [ -66.115417479999962, 18.46152687100016 ], [ -66.115135193999947, 18.46152687100016 ], [ -66.115135193999947, 18.460973740000099 ], [ -66.114860535999981, 18.460973740000099 ], [ -66.114860535999981, 18.460416794000025 ], [ -66.114585875999978, 18.460416794000025 ], [ -66.114585875999978, 18.460138320999988 ], [ -66.114860535999981, 18.460138320999988 ], [ -66.114860535999981, 18.459863663000192 ], [ -66.115135193999947, 18.459863663000192 ], [ -66.115135193999947, 18.459583283000086 ], [ -66.115417479999962, 18.459583283000086 ], [ -66.115417479999962, 18.459304810000049 ], [ -66.115692139999965, 18.459304810000049 ], [ -66.115692139999965, 18.459028244000081 ], [ -66.115974425999923, 18.459028244000081 ], [ -66.115974425999923, 18.458751679000045 ], [ -66.116249083999946, 18.458751679000045 ], [ -66.116249083999946, 18.458469391000108 ], [ -66.11653137199994, 18.458469391000108 ], [ -66.11653137199994, 18.458751679000045 ], [ -66.116806029999907, 18.458751679000045 ], [ -66.116806029999907, 18.459028244000081 ], [ -66.117080687999987, 18.459028244000081 ], [ -66.117080687999987, 18.459863663000192 ], [ -66.117362975999981, 18.459863663000192 ], [ -66.117362975999981, 18.460138320999988 ], [ -66.117637633999891, 18.460138320999988 ], [ -66.117637633999891, 18.460416794000025 ], [ -66.117919921999885, 18.460416794000025 ], [ -66.117919921999885, 18.460695267000062 ], [ -66.118194579999965, 18.460695267000062 ], [ -66.118194579999965, 18.461250306000068 ], [ -66.118469237999932, 18.461250306000068 ], [ -66.118469237999932, 18.461805344000027 ], [ -66.118751525999926, 18.461805344000027 ], [ -66.118751525999926, 18.462083817000064 ], [ -66.119026183999949, 18.462083817000064 ], [ -66.119026183999949, 18.462360383000032 ], [ -66.118751525999926, 18.462360383000032 ], [ -66.118751525999926, 18.462638856000069 ], [ -66.119026183999949, 18.462638856000069 ], [ -66.119026183999949, 18.462917329000106 ], [ -66.119308471999943, 18.462917329000106 ], [ -66.119308471999943, 18.463472367000179 ], [ -66.11958312999991, 18.463472367000179 ], [ -66.11958312999991, 18.464027406000184 ], [ -66.119857787999933, 18.464027406000184 ], [ -66.119857787999933, 18.465414048000184 ], [ -66.120414733999894, 18.465414048000184 ], [ -66.120414733999894, 18.465694427000187 ], [ -66.120971679999968, 18.465694427000187 ], [ -66.120971679999968, 18.465972900000054 ], [ -66.121528625999872, 18.465972900000054 ], [ -66.121528625999872, 18.466249465000089 ], [ -66.121803283999952, 18.466249465000089 ], [ -66.121803283999952, 18.466527938000127 ], [ -66.122360229999913, 18.466527938000127 ], [ -66.122360229999913, 18.466806411000164 ], [ -66.122917175999987, 18.466806411000164 ], [ -66.122917175999987, 18.467082977000132 ], [ -66.123474121999891, 18.467082977000132 ], [ -66.123474121999891, 18.467361450000169 ], [ -66.124031067999965, 18.467361450000169 ], [ -66.124031067999965, 18.467636107999965 ], [ -66.124305725999875, 18.467636107999965 ], [ -66.124305725999875, 18.467916488000071 ], [ -66.124580383999955, 18.467916488000071 ], [ -66.124580383999955, 18.468194961000108 ], [ -66.124862671999949, 18.468194961000108 ], [ -66.124862671999949, 18.468748092000169 ], [ -66.125137329999916, 18.468748092000169 ], [ -66.125137329999916, 18.470138550000115 ], [ -66.125419615999931, 18.470138550000115 ], [ -66.125419615999931, 18.47069358900012 ], [ -66.126525879999974, 18.47069358900012 ], [ -66.126525879999974, 18.470970154000156 ], [ -66.127082823999956, 18.470970154000156 ], [ -66.127082823999956, 18.472362519000171 ], [ -66.126808165999876, 18.472362519000171 ], [ -66.126808165999876, 18.472639085000139 ], [ -66.126525879999974, 18.472639085000139 ], [ -66.126525879999974, 18.472917558000177 ], [ -66.1259689339999, 18.472917558000177 ], [ -66.1259689339999, 18.473194123000042 ], [ -66.124580383999955, 18.473194123000042 ], [ -66.124580383999955, 18.472917558000177 ], [ -66.124305725999875, 18.472917558000177 ], [ -66.124305725999875, 18.472639085000139 ], [ -66.124031067999965, 18.472639085000139 ], [ -66.124031067999965, 18.472362519000171 ], [ -66.123748779999971, 18.472362519000171 ], [ -66.123748779999971, 18.472084046000134 ], [ -66.123191833999897, 18.472084046000134 ], [ -66.123191833999897, 18.471805573000097 ], [ -66.122360229999913, 18.471805573000097 ], [ -66.122360229999913, 18.47152710000006 ], [ -66.122085571999946, 18.47152710000006 ], [ -66.122085571999946, 18.471248627000023 ], [ -66.121246337999935, 18.471248627000023 ], [ -66.121246337999935, 18.470970154000156 ], [ -66.120971679999968, 18.470970154000156 ], [ -66.120971679999968, 18.47069358900012 ], [ -66.120414733999894, 18.47069358900012 ], [ -66.120414733999894, 18.470138550000115 ], [ -66.118469237999932, 18.470138550000115 ], [ -66.118469237999932, 18.469860077000078 ], [ -66.117919921999885, 18.469860077000078 ], [ -66.117919921999885, 18.470138550000115 ], [ -66.117362975999981, 18.470138550000115 ], [ -66.117362975999981, 18.469860077000078 ], [ -66.116249083999946, 18.469860077000078 ], [ -66.116249083999946, 18.470138550000115 ], [ -66.115974425999923, 18.470138550000115 ], [ -66.115974425999923, 18.469860077000078 ], [ -66.115417479999962, 18.469860077000078 ], [ -66.115417479999962, 18.469583511999986 ], [ -66.114585875999978, 18.469583511999986 ], [ -66.114585875999978, 18.469305038000073 ], [ -66.113471985999922, 18.469305038000073 ], [ -66.113471985999922, 18.469030381000152 ], [ -66.11319732599992, 18.469030381000152 ], [ -66.11319732599992, 18.468748092000169 ], [ -66.110694885999919, 18.468748092000169 ], [ -66.110694885999919, 18.468471527000077 ], [ -66.110137939999845, 18.468471527000077 ], [ -66.110137939999845, 18.468748092000169 ], [ -66.107635496999933, 18.468748092000169 ], [ -66.107635496999933, 18.469030381000152 ], [ -66.107086181999932, 18.469030381000152 ], [ -66.107086181999932, 18.468748092000169 ], [ -66.106529235999972, 18.468748092000169 ], [ -66.106529235999972, 18.468471527000077 ], [ -66.105972289999954, 18.468471527000077 ], [ -66.105972289999954, 18.467916488000071 ], [ -66.105697631999988, 18.467916488000071 ], [ -66.105697631999988, 18.467636107999965 ], [ -66.104583739999896, 18.467636107999965 ], [ -66.104583739999896, 18.467916488000071 ], [ -66.103752135999969, 18.467916488000071 ], [ -66.103752135999969, 18.468194961000108 ], [ -66.103195189999951, 18.468194961000108 ], [ -66.103195189999951, 18.468471527000077 ], [ -66.102912902999947, 18.468471527000077 ], [ -66.102912902999947, 18.468748092000169 ], [ -66.102363585999967, 18.468748092000169 ], [ -66.102363585999967, 18.469030381000152 ], [ -66.101524352999832, 18.469030381000152 ], [ -66.101524352999832, 18.468194961000108 ], [ -66.101249694999922, 18.468194961000108 ], [ -66.101249694999922, 18.467636107999965 ], [ -66.100975036999955, 18.467636107999965 ], [ -66.100975036999955, 18.467361450000169 ], [ -66.100418090999938, 18.467361450000169 ], [ -66.100418090999938, 18.467082977000132 ], [ -66.099861144999977, 18.467082977000132 ], [ -66.099861144999977, 18.466806411000164 ], [ -66.099586486999897, 18.466806411000164 ], [ -66.099586486999897, 18.466527938000127 ], [ -66.099029540999823, 18.466527938000127 ], [ -66.099029540999823, 18.466249465000089 ], [ -66.095695494999916, 18.466249465000089 ], [ -66.095695494999916, 18.466527938000127 ], [ -66.094581602999938, 18.466527938000127 ], [ -66.094581602999938, 18.466806411000164 ], [ -66.093475340999987, 18.466806411000164 ], [ -66.093475340999987, 18.467082977000132 ], [ -66.093193052999879, 18.467082977000132 ], [ -66.093193052999879, 18.466806411000164 ], [ -66.092361448999839, 18.466806411000164 ], [ -66.092361448999839, 18.467082977000132 ], [ -66.092086790999929, 18.467082977000132 ], [ -66.092086790999929, 18.466806411000164 ], [ -66.091247558999953, 18.466806411000164 ], [ -66.091247558999953, 18.467082977000132 ], [ -66.090698240999984, 18.467082977000132 ], [ -66.090698240999984, 18.467361450000169 ], [ -66.089859008999895, 18.467361450000169 ], [ -66.089859008999895, 18.467636107999965 ], [ -66.089584350999985, 18.467636107999965 ], [ -66.089584350999985, 18.467916488000071 ], [ -66.089027404999911, 18.467916488000071 ], [ -66.089027404999911, 18.468748092000169 ], [ -66.088752746999944, 18.468748092000169 ], [ -66.088752746999944, 18.468194961000108 ], [ -66.087638854999966, 18.468194961000108 ], [ -66.087638854999966, 18.467916488000071 ], [ -66.086807250999982, 18.467916488000071 ], [ -66.086807250999982, 18.467636107999965 ], [ -66.086524962999988, 18.467636107999965 ], [ -66.086524962999988, 18.467361450000169 ], [ -66.086250304999908, 18.467361450000169 ], [ -66.086250304999908, 18.467082977000132 ], [ -66.085975646999941, 18.467082977000132 ], [ -66.085975646999941, 18.466527938000127 ], [ -66.087081908999892, 18.466527938000127 ], [ -66.087081908999892, 18.465972900000054 ], [ -66.086807250999982, 18.465972900000054 ], [ -66.086807250999982, 18.465694427000187 ], [ -66.086524962999988, 18.465694427000187 ], [ -66.086524962999988, 18.464860915000145 ], [ -66.086250304999908, 18.464860915000145 ], [ -66.086250304999908, 18.464582444000087 ], [ -66.085975646999941, 18.464582444000087 ], [ -66.085975646999941, 18.464305877000072 ], [ -66.085693358999947, 18.464305877000072 ], [ -66.085693358999947, 18.464582444000087 ], [ -66.084304808999889, 18.464582444000087 ], [ -66.084304808999889, 18.464305877000072 ], [ -66.084030150999979, 18.464305877000072 ], [ -66.084030150999979, 18.463472367000179 ], [ -66.083747862999985, 18.463472367000179 ], [ -66.083747862999985, 18.462360383000032 ], [ -66.084030150999979, 18.462360383000032 ], [ -66.084030150999979, 18.462083817000064 ], [ -66.084587096999883, 18.462083817000064 ], [ -66.084587096999883, 18.461805344000027 ], [ -66.08513641299993, 18.461805344000027 ], [ -66.08513641299993, 18.46152687100016 ], [ -66.085693358999947, 18.46152687100016 ], [ -66.085693358999947, 18.461250306000068 ], [ -66.085975646999941, 18.461250306000068 ], [ -66.085975646999941, 18.460695267000062 ], [ -66.086250304999908, 18.460695267000062 ], [ -66.086250304999908, 18.459863663000192 ], [ -66.085975646999941, 18.459863663000192 ], [ -66.085975646999941, 18.458751679000045 ], [ -66.085693358999947, 18.458751679000045 ], [ -66.085693358999947, 18.458469391000108 ], [ -66.085418700999867, 18.458469391000108 ], [ -66.085418700999867, 18.458194733000141 ], [ -66.08513641299993, 18.458194733000141 ], [ -66.08513641299993, 18.457641602000137 ], [ -66.081802368999945, 18.457641602000137 ], [ -66.081802368999945, 18.45735931400003 ], [ -66.081527708999886, 18.45735931400003 ], [ -66.081527708999886, 18.457082748000062 ], [ -66.08013916099992, 18.457082748000062 ], [ -66.08013916099992, 18.456806183000026 ], [ -66.079864500999918, 18.456806183000026 ], [ -66.079864500999918, 18.456527710000159 ], [ -66.079582214999959, 18.456527710000159 ], [ -66.079582214999959, 18.456247329000121 ], [ -66.079307554999957, 18.456247329000121 ], [ -66.079307554999957, 18.455972671000154 ], [ -66.079025268999942, 18.455972671000154 ], [ -66.079025268999942, 18.455694198000117 ], [ -66.078475950999973, 18.455694198000117 ], [ -66.078475950999973, 18.455137252000043 ], [ -66.076805114999956, 18.455137252000043 ], [ -66.076805114999956, 18.45541572500008 ], [ -66.076530456999933, 18.45541572500008 ], [ -66.076530456999933, 18.455972671000154 ], [ -66.076248168999939, 18.455972671000154 ], [ -66.076248168999939, 18.456247329000121 ], [ -66.076530456999933, 18.456247329000121 ], [ -66.076530456999933, 18.45735931400003 ], [ -66.076805114999956, 18.45735931400003 ], [ -66.076805114999956, 18.457916260000104 ], [ -66.077362060999917, 18.457916260000104 ], [ -66.077362060999917, 18.458194733000141 ], [ -66.077636718999884, 18.458194733000141 ], [ -66.077636718999884, 18.458469391000108 ], [ -66.077919006999821, 18.458469391000108 ], [ -66.077919006999821, 18.458751679000045 ], [ -66.078750610999975, 18.458751679000045 ], [ -66.078750610999975, 18.459028244000081 ], [ -66.079582214999959, 18.459028244000081 ], [ -66.079582214999959, 18.459583283000086 ], [ -66.082641600999921, 18.459583283000086 ], [ -66.082641600999921, 18.459863663000192 ], [ -66.083190916999911, 18.459863663000192 ], [ -66.083190916999911, 18.460695267000062 ], [ -66.082916258999944, 18.460695267000062 ], [ -66.082916258999944, 18.461250306000068 ], [ -66.082641600999921, 18.461250306000068 ], [ -66.082641600999921, 18.46152687100016 ], [ -66.08208465499996, 18.46152687100016 ], [ -66.08208465499996, 18.461805344000027 ], [ -66.080696104999902, 18.461805344000027 ], [ -66.080696104999902, 18.46152687100016 ], [ -66.079025268999942, 18.46152687100016 ], [ -66.079025268999942, 18.461250306000068 ], [ -66.078750610999975, 18.461250306000068 ], [ -66.078750610999975, 18.460973740000099 ], [ -66.078193664999958, 18.460973740000099 ], [ -66.078193664999958, 18.460695267000062 ], [ -66.077362060999917, 18.460695267000062 ], [ -66.077362060999917, 18.460416794000025 ], [ -66.076805114999956, 18.460416794000025 ], [ -66.076805114999956, 18.460138320999988 ], [ -66.075416564999955, 18.460138320999988 ], [ -66.075416564999955, 18.459863663000192 ], [ -66.074859618999881, 18.459863663000192 ], [ -66.074859618999881, 18.459583283000086 ], [ -66.074584960999914, 18.459583283000086 ], [ -66.074584960999914, 18.459304810000049 ], [ -66.07430267299992, 18.459304810000049 ], [ -66.07430267299992, 18.459028244000081 ], [ -66.07402801499984, 18.459028244000081 ], [ -66.07402801499984, 18.458469391000108 ], [ -66.07375335699993, 18.458469391000108 ], [ -66.07375335699993, 18.458194733000141 ], [ -66.073196410999969, 18.458194733000141 ], [ -66.073196410999969, 18.457916260000104 ], [ -66.072639464999952, 18.457916260000104 ], [ -66.072639464999952, 18.457641602000137 ], [ -66.072364806999985, 18.457641602000137 ], [ -66.072364806999985, 18.45735931400003 ], [ -66.072082518999878, 18.45735931400003 ], [ -66.072082518999878, 18.457641602000137 ], [ -66.071250914999837, 18.457641602000137 ], [ -66.071250914999837, 18.45735931400003 ], [ -66.070419310999966, 18.45735931400003 ], [ -66.070419310999966, 18.457641602000137 ], [ -66.070137022999972, 18.457641602000137 ], [ -66.070137022999972, 18.45735931400003 ], [ -66.067916870999909, 18.45735931400003 ], [ -66.067916870999909, 18.457641602000137 ], [ -66.066802978999874, 18.457641602000137 ], [ -66.066802978999874, 18.457916260000104 ], [ -66.06597137499989, 18.457916260000104 ], [ -66.06597137499989, 18.45735931400003 ], [ -66.064582824999945, 18.45735931400003 ], [ -66.064582824999945, 18.457082748000062 ], [ -66.064308166999865, 18.457082748000062 ], [ -66.064308166999865, 18.456806183000026 ], [ -66.063751220999961, 18.456806183000026 ], [ -66.063751220999961, 18.456527710000159 ], [ -66.063468932999967, 18.456527710000159 ], [ -66.063468932999967, 18.456247329000121 ], [ -66.063194274999887, 18.456247329000121 ], [ -66.063194274999887, 18.455972671000154 ], [ -66.062919616999977, 18.455972671000154 ], [ -66.062919616999977, 18.455694198000117 ], [ -66.062637328999983, 18.455694198000117 ], [ -66.062637328999983, 18.45541572500008 ], [ -66.062080382999909, 18.45541572500008 ], [ -66.062080382999909, 18.455137252000043 ], [ -66.060691832999964, 18.455137252000043 ], [ -66.060691832999964, 18.454584120999982 ], [ -66.057640074999881, 18.454584120999982 ], [ -66.057640074999881, 18.454305648000116 ], [ -66.05735778899998, 18.454305648000116 ], [ -66.05735778899998, 18.454584120999982 ], [ -66.054031372999987, 18.454584120999982 ], [ -66.054031372999987, 18.454860687000121 ], [ -66.053474426999912, 18.454860687000121 ], [ -66.053474426999912, 18.454584120999982 ], [ -66.052917480999838, 18.454584120999982 ], [ -66.052917480999838, 18.454305648000116 ], [ -66.05152893099995, 18.454305648000116 ], [ -66.05152893099995, 18.454027175000078 ], [ -66.050971984999876, 18.454027175000078 ], [ -66.050971984999876, 18.453750610000043 ], [ -66.050140380999835, 18.453750610000043 ], [ -66.050140380999835, 18.453193666000175 ], [ -66.049583434999931, 18.453193666000175 ], [ -66.049583434999931, 18.452915193000138 ], [ -66.048469542999953, 18.452915193000138 ], [ -66.048469542999953, 18.452638627000169 ], [ -66.047363280999889, 18.452638627000169 ], [ -66.047363280999889, 18.452915193000138 ], [ -66.045692444999872, 18.452915193000138 ], [ -66.045692444999872, 18.453193666000175 ], [ -66.045417786999963, 18.453193666000175 ], [ -66.045417786999963, 18.452915193000138 ], [ -66.044860840999888, 18.452915193000138 ], [ -66.044860840999888, 18.453193666000175 ], [ -66.044303894999985, 18.453193666000175 ], [ -66.044303894999985, 18.452915193000138 ], [ -66.044029236999904, 18.452915193000138 ], [ -66.044029236999904, 18.453193666000175 ], [ -66.042915344999926, 18.453193666000175 ], [ -66.042915344999926, 18.453472137000176 ], [ -66.042358397999976, 18.453472137000176 ], [ -66.042358397999976, 18.453750610000043 ], [ -66.042083740999885, 18.453750610000043 ], [ -66.042083740999885, 18.454027175000078 ], [ -66.041526794999982, 18.454027175000078 ], [ -66.041526794999982, 18.454305648000116 ], [ -66.040695190999941, 18.454305648000116 ], [ -66.040695190999941, 18.454027175000078 ], [ -66.040412901999844, 18.454027175000078 ], [ -66.040412901999844, 18.454305648000116 ], [ -66.039863586999957, 18.454305648000116 ], [ -66.039863586999957, 18.454584120999982 ], [ -66.039024351999956, 18.454584120999982 ], [ -66.039024351999956, 18.454305648000116 ], [ -66.038749693999875, 18.454305648000116 ], [ -66.038749693999875, 18.454027175000078 ], [ -66.038475036999898, 18.454027175000078 ], [ -66.038475036999898, 18.453472137000176 ], [ -66.038192747999915, 18.453472137000176 ], [ -66.038192747999915, 18.452915193000138 ], [ -66.037918090999938, 18.452915193000138 ], [ -66.037918090999938, 18.452362062000077 ], [ -66.037635801999841, 18.452362062000077 ], [ -66.037635801999841, 18.451805116 ], [ -66.037361143999931, 18.451805116 ], [ -66.037361143999931, 18.451250077 ], [ -66.037086486999954, 18.451250077 ], [ -66.037086486999954, 18.450971604000131 ], [ -66.03680419799997, 18.450971604000131 ], [ -66.03680419799997, 18.450696946000164 ], [ -66.036643980999941, 18.450696946000164 ], [ -66.036529539999947, 18.450696946000164 ], [ -66.036529539999947, 18.450416566000058 ], [ -66.036247253999989, 18.450416566000058 ], [ -66.036247253999989, 18.450138093000191 ], [ -66.035972593999986, 18.450138093000191 ], [ -66.035972593999986, 18.449861527000053 ], [ -66.035415649999891, 18.449861527000053 ], [ -66.035415649999891, 18.449583054000186 ], [ -66.035140989999832, 18.449583054000186 ], [ -66.035140989999832, 18.449028016000113 ], [ -66.034858703999987, 18.449028016000113 ], [ -66.034858703999987, 18.448749543000076 ], [ -66.034301757999913, 18.448749543000076 ], [ -66.034301757999913, 18.448474885000053 ], [ -66.034027099999946, 18.448474885000053 ], [ -66.034027099999946, 18.448194504000071 ], [ -66.033752439999944, 18.448194504000071 ], [ -66.033752439999944, 18.447916031000034 ], [ -66.033470153999872, 18.447916031000034 ], [ -66.033470153999872, 18.447639466000112 ], [ -66.032913207999968, 18.447639466000112 ], [ -66.032913207999968, 18.447362899999973 ], [ -66.032638549999888, 18.447362899999973 ], [ -66.032638549999888, 18.447080612000093 ], [ -66.032363891999978, 18.447080612000093 ], [ -66.032363891999978, 18.446527481000032 ], [ -66.030693053999869, 18.446527481000032 ], [ -66.030693053999869, 18.446252823000066 ], [ -66.030418395999959, 18.446252823000066 ], [ -66.030418395999959, 18.44597244300013 ], [ -66.029861449999885, 18.44597244300013 ], [ -66.029861449999885, 18.445692062000148 ], [ -66.029029845999901, 18.445692062000148 ], [ -66.029029845999901, 18.445417404000125 ], [ -66.02847289999994, 18.445417404000125 ], [ -66.02847289999994, 18.445140839000089 ], [ -66.027641295999956, 18.445140839000089 ], [ -66.027641295999956, 18.444862366000052 ], [ -66.026802061999888, 18.444862366000052 ], [ -66.026802061999888, 18.444583893000186 ], [ -66.025970457999904, 18.444583893000186 ], [ -66.025970457999904, 18.444305420000148 ], [ -66.024581907999959, 18.444305420000148 ], [ -66.024581907999959, 18.444026947000111 ], [ -66.021530151999968, 18.444026947000111 ], [ -66.021530151999968, 18.444305420000148 ], [ -66.019859313999916, 18.444305420000148 ], [ -66.019859313999916, 18.444583893000186 ], [ -66.019302367999842, 18.444583893000186 ], [ -66.019302367999842, 18.444862366000052 ], [ -66.019027709999932, 18.444862366000052 ], [ -66.019027709999932, 18.445140839000089 ], [ -66.018196105999948, 18.445140839000089 ], [ -66.018196105999948, 18.445417404000125 ], [ -66.017364501999907, 18.445417404000125 ], [ -66.017364501999907, 18.44597244300013 ], [ -66.017082213999913, 18.44597244300013 ], [ -66.017082213999913, 18.446527481000032 ], [ -66.016807555999833, 18.446527481000032 ], [ -66.016807555999833, 18.44680595400007 ], [ -66.015693663999969, 18.44680595400007 ], [ -66.015693663999969, 18.446527481000032 ], [ -66.015419005999945, 18.446527481000032 ], [ -66.015419005999945, 18.446252823000066 ], [ -66.015136717999951, 18.446252823000066 ], [ -66.015136717999951, 18.44597244300013 ], [ -66.014862059999984, 18.44597244300013 ], [ -66.014862059999984, 18.445417404000125 ], [ -66.014579771999877, 18.445417404000125 ], [ -66.014579771999877, 18.445140839000089 ], [ -66.01403045599983, 18.445140839000089 ], [ -66.01403045599983, 18.444862366000052 ], [ -66.013191223999911, 18.444862366000052 ], [ -66.013191223999911, 18.444583893000186 ], [ -66.012641905999942, 18.444583893000186 ], [ -66.012641905999942, 18.444305420000148 ], [ -66.012084959999981, 18.444305420000148 ], [ -66.012084959999981, 18.444026947000111 ], [ -66.010414123999908, 18.444026947000111 ], [ -66.010414123999908, 18.444305420000148 ], [ -66.009582519999867, 18.444305420000148 ], [ -66.009582519999867, 18.444583893000186 ], [ -66.008750915999883, 18.444583893000186 ], [ -66.008750915999883, 18.444305420000148 ], [ -66.008468627999889, 18.444305420000148 ], [ -66.008468627999889, 18.444026947000111 ], [ -66.006805419999921, 18.444026947000111 ], [ -66.006805419999921, 18.444305420000148 ], [ -66.005142211999896, 18.444305420000148 ], [ -66.005142211999896, 18.444583893000186 ], [ -66.004859923999902, 18.444583893000186 ], [ -66.004859923999902, 18.444862366000052 ], [ -66.003753661999951, 18.444862366000052 ], [ -66.003753661999951, 18.445140839000089 ], [ -66.003196715999877, 18.445140839000089 ], [ -66.003196715999877, 18.445417404000125 ], [ -66.002639769999973, 18.445417404000125 ], [ -66.002639769999973, 18.445692062000148 ], [ -66.001808165999932, 18.445692062000148 ], [ -66.001808165999932, 18.445417404000125 ], [ -66.001525879999917, 18.445417404000125 ], [ -66.001525879999917, 18.447362899999973 ], [ -66.001251219999915, 18.447362899999973 ], [ -66.001251219999915, 18.447639466000112 ], [ -66.000694275999933, 18.447639466000112 ], [ -66.000694275999933, 18.447916031000034 ], [ -66.000137329999973, 18.447916031000034 ], [ -65.99986266999997, 18.447916031000034 ], [ -65.99986266999997, 18.448474885000053 ], [ -65.999580383999955, 18.448474885000053 ], [ -65.999580383999955, 18.448749543000076 ], [ -65.998748779999914, 18.448749543000076 ], [ -65.998748779999914, 18.449028016000113 ], [ -65.998474121999948, 18.449028016000113 ], [ -65.998474121999948, 18.449306489000151 ], [ -65.99791717599993, 18.449306489000151 ], [ -65.99791717599993, 18.449583054000186 ], [ -65.99736022999997, 18.449583054000186 ], [ -65.99736022999997, 18.449861527000053 ], [ -65.996803283999952, 18.449861527000053 ], [ -65.996803283999952, 18.450696946000164 ], [ -65.996528625999986, 18.450696946000164 ], [ -65.996528625999986, 18.450971604000131 ], [ -65.996246337999878, 18.450971604000131 ], [ -65.996246337999878, 18.451528550000035 ], [ -65.995971679999911, 18.451528550000035 ], [ -65.995971679999911, 18.45208358900004 ], [ -65.995697021999831, 18.45208358900004 ], [ -65.995697021999831, 18.452362062000077 ], [ -65.995414733999837, 18.452362062000077 ], [ -65.995414733999837, 18.452638627000169 ], [ -65.995140075999927, 18.452638627000169 ], [ -65.995140075999927, 18.453472137000176 ], [ -65.994857787999933, 18.453472137000176 ], [ -65.994857787999933, 18.454305648000116 ], [ -65.994583129999967, 18.454305648000116 ], [ -65.994583129999967, 18.455137252000043 ], [ -65.994308471999943, 18.455137252000043 ], [ -65.994308471999943, 18.455972671000154 ], [ -65.994026183999949, 18.455972671000154 ], [ -65.994026183999949, 18.457916260000104 ], [ -65.992919921999828, 18.457916260000104 ], [ -65.992919921999828, 18.457641602000137 ], [ -65.992362975999924, 18.457641602000137 ], [ -65.992362975999924, 18.45735931400003 ], [ -65.992126464999899, 18.45735931400003 ], [ -65.991806, 18.457359000000167 ], [ -65.991835052999932, 18.457064166000123 ], [ -65.991248998999936, 18.457083 ], [ -65.991248998999936, 18.456806 ], [ -65.990692, 18.456806 ], [ -65.990692, 18.456528001000095 ], [ -65.990134998999963, 18.456528001000095 ], [ -65.990188645999979, 18.455366186000163 ], [ -65.989586, 18.455416000000184 ], [ -65.989586, 18.455137 ], [ -65.989029, 18.455137 ], [ -65.989029, 18.454861000000108 ], [ -65.988197, 18.454861000000108 ], [ -65.988197, 18.454584 ], [ -65.98764, 18.454584 ], [ -65.98764, 18.454306 ], [ -65.986526, 18.454306 ], [ -65.986526, 18.454584 ], [ -65.986252, 18.454584 ], [ -65.986252, 18.455137 ], [ -65.98597, 18.455137 ], [ -65.98597, 18.455694000000108 ], [ -65.985695, 18.455694000000108 ], [ -65.985695, 18.456528000000162 ], [ -65.98597, 18.456528000000162 ], [ -65.98597, 18.456806 ], [ -65.98708299999987, 18.456806 ], [ -65.98708299999987, 18.456528000000162 ], [ -65.98764, 18.456528000000162 ], [ -65.98764, 18.456247000000189 ], [ -65.988746999999876, 18.456247000000189 ], [ -65.988746999999876, 18.456528000000162 ], [ -65.989029, 18.456528000000162 ], [ -65.989029, 18.456806 ], [ -65.989304, 18.456806 ], [ -65.989304, 18.457083 ], [ -65.989586, 18.457083 ], [ -65.989586, 18.457642000000135 ], [ -65.989861, 18.457642000000135 ], [ -65.989861, 18.457916 ], [ -65.990974, 18.457916 ], [ -65.990974, 18.458195 ], [ -65.991530999999839, 18.458195 ], [ -65.991530999999839, 18.458469 ], [ -65.992362999999841, 18.458469 ], [ -65.992362999999841, 18.458752000000175 ], [ -65.99292, 18.458752000000175 ], [ -65.99292, 18.459305 ], [ -65.992638, 18.459305 ], [ -65.992638, 18.460138 ], [ -65.991806, 18.460138 ], [ -65.991806, 18.460417 ], [ -65.990417, 18.460417 ], [ -65.990417, 18.460138 ], [ -65.990135, 18.460138 ], [ -65.990135, 18.459864000000152 ], [ -65.989861, 18.459864000000152 ], [ -65.989861, 18.45958300000018 ], [ -65.989304, 18.45958300000018 ], [ -65.989304, 18.459305 ], [ -65.989029, 18.459305 ], [ -65.989029, 18.459028 ], [ -65.98708299999987, 18.459028 ], [ -65.98708299999987, 18.458752000000175 ], [ -65.986252, 18.458752000000175 ], [ -65.986252, 18.458469 ], [ -65.985695, 18.458469 ], [ -65.985695, 18.458195 ], [ -65.98542, 18.458195 ], [ -65.98542, 18.457916 ], [ -65.984580999999878, 18.457916 ], [ -65.984580999999878, 18.457642000000135 ], [ -65.984024, 18.457642000000135 ], [ -65.984024, 18.457359000000167 ], [ -65.983748999999875, 18.457359000000167 ], [ -65.983748999999875, 18.456806 ], [ -65.983192, 18.456806 ], [ -65.983192, 18.456528000000162 ], [ -65.981246999999883, 18.456528000000162 ], [ -65.981246999999883, 18.456806 ], [ -65.98041499999988, 18.456806 ], [ -65.98041499999988, 18.457083 ], [ -65.980141, 18.457083 ], [ -65.980141, 18.457359000000167 ], [ -65.979858, 18.457359000000167 ], [ -65.979858, 18.457916 ], [ -65.979584, 18.457916 ], [ -65.979584, 18.458469 ], [ -65.979858, 18.458469 ], [ -65.979858, 18.459028 ], [ -65.980141, 18.459028 ], [ -65.980141, 18.45958300000018 ], [ -65.979858, 18.45958300000018 ], [ -65.979858, 18.459864000000152 ], [ -65.977912999999887, 18.459864000000152 ], [ -65.977912999999887, 18.45958300000018 ], [ -65.977638, 18.45958300000018 ], [ -65.977638, 18.459305 ], [ -65.977364, 18.459305 ], [ -65.977364, 18.459028 ], [ -65.977080999999885, 18.459028 ], [ -65.977080999999885, 18.458469 ], [ -65.976807, 18.458469 ], [ -65.976807, 18.458195 ], [ -65.976249999999879, 18.458195 ], [ -65.976249999999879, 18.457916 ], [ -65.975975, 18.457916 ], [ -65.975975, 18.457642000000135 ], [ -65.975417999999877, 18.457642000000135 ], [ -65.975417999999877, 18.457083 ], [ -65.975136, 18.457083 ], [ -65.975136, 18.456806 ], [ -65.974861, 18.456806 ], [ -65.974861, 18.456528000000162 ], [ -65.974304, 18.456528000000162 ], [ -65.974304, 18.456247000000189 ], [ -65.973746999999889, 18.456247000000189 ], [ -65.973746999999889, 18.455973 ], [ -65.972359, 18.455973 ], [ -65.972359, 18.455694000000108 ], [ -65.970695, 18.455694000000108 ], [ -65.970695, 18.455416000000184 ], [ -65.969307, 18.455416000000184 ], [ -65.969307, 18.455137 ], [ -65.968749999999886, 18.455137 ], [ -65.968749999999886, 18.454861000000108 ], [ -65.967917999999884, 18.454861000000108 ], [ -65.967917999999884, 18.454584 ], [ -65.967361, 18.454584 ], [ -65.967361, 18.454306 ], [ -65.966247999999837, 18.454306 ], [ -65.966247999999837, 18.454027000000167 ], [ -65.965698, 18.454027000000167 ], [ -65.965698, 18.453751 ], [ -65.964859, 18.453751 ], [ -65.964859, 18.453472 ], [ -65.964027, 18.453472 ], [ -65.964027, 18.453194000000167 ], [ -65.963196, 18.453194000000167 ], [ -65.963196, 18.452915000000189 ], [ -65.962639, 18.452915000000189 ], [ -65.962639, 18.452639 ], [ -65.961525, 18.452639 ], [ -65.961525, 18.452362000000107 ], [ -65.960976, 18.452362000000107 ], [ -65.960976, 18.452084000000184 ], [ -65.959862, 18.452084000000184 ], [ -65.959862, 18.451805 ], [ -65.959586999999885, 18.451805 ], [ -65.959586999999885, 18.451529000000107 ], [ -65.958748, 18.451529000000107 ], [ -65.958748, 18.45125 ], [ -65.957642, 18.45125 ], [ -65.957642, 18.450972 ], [ -65.956528, 18.450972 ], [ -65.956528, 18.450697000000162 ], [ -65.954582, 18.450697000000162 ], [ -65.954582, 18.450417 ], [ -65.953476, 18.450417 ], [ -65.953476, 18.450138 ], [ -65.950142, 18.450138 ], [ -65.950142, 18.449862000000167 ], [ -65.949303, 18.449862000000167 ], [ -65.949303, 18.449583000000189 ], [ -65.947083, 18.449583000000189 ], [ -65.947083, 18.449306 ], [ -65.946808, 18.449306 ], [ -65.946808, 18.449028000000112 ], [ -65.946526, 18.449028000000112 ], [ -65.946526, 18.448750000000189 ], [ -65.945694, 18.448750000000189 ], [ -65.945694, 18.448475 ], [ -65.944862, 18.448475 ], [ -65.944862, 18.448195000000112 ], [ -65.943191999999897, 18.448195000000112 ], [ -65.943191999999897, 18.447916 ], [ -65.942917, 18.447916 ], [ -65.942917, 18.447639 ], [ -65.942085, 18.447639 ], [ -65.942085, 18.447363000000166 ], [ -65.941254, 18.447363000000166 ], [ -65.941254, 18.447081000000139 ], [ -65.94014, 18.447081000000139 ], [ -65.94014, 18.446806 ], [ -65.936531, 18.446806 ], [ -65.936531, 18.446527000000117 ], [ -65.935417, 18.446527000000117 ], [ -65.935417, 18.446253000000183 ], [ -65.933746, 18.446253000000183 ], [ -65.933746, 18.445972 ], [ -65.929305999999883, 18.445972 ], [ -65.929305999999883, 18.445692000000122 ], [ -65.928473999999881, 18.445692000000122 ], [ -65.928473999999881, 18.445417 ], [ -65.928192, 18.445417 ], [ -65.928192, 18.445141 ], [ -65.927917, 18.445141 ], [ -65.927917, 18.445417 ], [ -65.927361, 18.445417 ], [ -65.927361, 18.445141 ], [ -65.926529, 18.445141 ], [ -65.926529, 18.444862 ], [ -65.925415, 18.444862 ], [ -65.925415, 18.444584 ], [ -65.92347, 18.444584 ], [ -65.92347, 18.444862 ], [ -65.92292, 18.444862 ], [ -65.92292, 18.445141 ], [ -65.920418, 18.445141 ], [ -65.920418, 18.444862 ], [ -65.920135, 18.444862 ], [ -65.920135, 18.445141 ], [ -65.919304, 18.445141 ], [ -65.919304, 18.444862 ], [ -65.918472, 18.444862 ], [ -65.918472, 18.444584 ], [ -65.91680899999983, 18.444584 ], [ -65.91680899999983, 18.444305 ], [ -65.916252, 18.444305 ], [ -65.916252, 18.444584 ], [ -65.915413, 18.444584 ], [ -65.915413, 18.444862 ], [ -65.914864, 18.444862 ], [ -65.914864, 18.445141 ], [ -65.913475, 18.445141 ], [ -65.913475, 18.445417 ], [ -65.912918, 18.445417 ], [ -65.912918, 18.445692000000122 ], [ -65.912360999999862, 18.445692000000122 ], [ -65.912360999999862, 18.445972 ], [ -65.912086, 18.445972 ], [ -65.912086, 18.446253000000183 ], [ -65.911804, 18.446253000000183 ], [ -65.911804, 18.446527000000117 ], [ -65.911247, 18.446527000000117 ], [ -65.911247, 18.446806 ], [ -65.907363999999859, 18.446806 ], [ -65.907363999999859, 18.447081000000139 ], [ -65.906807, 18.447081000000139 ], [ -65.906807, 18.447363000000166 ], [ -65.90625, 18.447363000000166 ], [ -65.90625, 18.447639 ], [ -65.905975, 18.447639 ], [ -65.905975, 18.447916 ], [ -65.905693, 18.447916 ], [ -65.905693, 18.448195000000112 ], [ -65.905418, 18.448195000000112 ], [ -65.905418, 18.449862000000167 ], [ -65.905136, 18.449862000000167 ], [ -65.905136, 18.450138 ], [ -65.904861, 18.450138 ], [ -65.904861, 18.450417 ], [ -65.904587, 18.450417 ], [ -65.904587, 18.450972 ], [ -65.906525, 18.450972 ], [ -65.906525, 18.45125 ], [ -65.907082, 18.45125 ], [ -65.907082, 18.451529000000107 ], [ -65.907363999999859, 18.451529000000107 ], [ -65.907363999999859, 18.452084000000184 ], [ -65.907082, 18.452084000000184 ], [ -65.907082, 18.452639 ], [ -65.905975, 18.452639 ], [ -65.905975, 18.452915000000189 ], [ -65.904861, 18.452915000000189 ], [ -65.904861, 18.453194000000167 ], [ -65.903473, 18.453194000000167 ], [ -65.903473, 18.452915000000189 ], [ -65.902915999999891, 18.452915000000189 ], [ -65.902915999999891, 18.452639 ], [ -65.90097, 18.452639 ], [ -65.90097, 18.452362000000107 ], [ -65.900413999999898, 18.452362000000107 ], [ -65.900413999999898, 18.452084000000184 ], [ -65.900139, 18.452084000000184 ], [ -65.900139, 18.451805 ], [ -65.897919, 18.451805 ], [ -65.897919, 18.451529000000107 ], [ -65.897636, 18.451529000000107 ], [ -65.897636, 18.45125 ], [ -65.897362, 18.45125 ], [ -65.897362, 18.450972 ], [ -65.897087, 18.450972 ], [ -65.897087, 18.450417 ], [ -65.896805, 18.450417 ], [ -65.896805, 18.450138 ], [ -65.89653, 18.450138 ], [ -65.89653, 18.449862000000167 ], [ -65.895973, 18.449862000000167 ], [ -65.895973, 18.449583000000189 ], [ -65.895415999999898, 18.449583000000189 ], [ -65.895415999999898, 18.448750000000189 ], [ -65.895691, 18.448750000000189 ], [ -65.895691, 18.447639 ], [ -65.895415999999898, 18.447639 ], [ -65.895415999999898, 18.447363000000166 ], [ -65.895142, 18.447363000000166 ], [ -65.895142, 18.447081000000139 ], [ -65.894584999999893, 18.447081000000139 ], [ -65.894584999999893, 18.446806 ], [ -65.894027999999878, 18.446806 ], [ -65.894027999999878, 18.446527000000117 ], [ -65.89375299999989, 18.446527000000117 ], [ -65.89375299999989, 18.446253000000183 ], [ -65.893195999999875, 18.446253000000183 ], [ -65.893195999999875, 18.445972 ], [ -65.892914, 18.445972 ], [ -65.892914, 18.445692000000122 ], [ -65.891808, 18.445692000000122 ], [ -65.891808, 18.445417 ], [ -65.891250999999897, 18.445417 ], [ -65.891250999999897, 18.445141 ], [ -65.890976, 18.445141 ], [ -65.890976, 18.444862 ], [ -65.890693999999826, 18.444862 ], [ -65.890693999999826, 18.444584 ], [ -65.890137, 18.444584 ], [ -65.890137, 18.444305 ], [ -65.888748, 18.444305 ], [ -65.888748, 18.444027 ], [ -65.888474, 18.444027 ], [ -65.888474, 18.443748 ], [ -65.887642, 18.443748 ], [ -65.887642, 18.443472 ], [ -65.886803, 18.443472 ], [ -65.886803, 18.443195000000117 ], [ -65.886528, 18.443195000000117 ], [ -65.886528, 18.442917 ], [ -65.886252999999897, 18.442917 ], [ -65.886252999999897, 18.442638 ], [ -65.885971, 18.442638 ], [ -65.885971, 18.442362000000116 ], [ -65.885695999999825, 18.442362000000116 ], [ -65.885695999999825, 18.442083000000139 ], [ -65.885139, 18.442083000000139 ], [ -65.885139, 18.441805 ], [ -65.884864999999877, 18.441805 ], [ -65.884864999999877, 18.441526 ], [ -65.884583, 18.441526 ], [ -65.884583, 18.441250000000139 ], [ -65.884026, 18.441250000000139 ], [ -65.884026, 18.440971000000104 ], [ -65.883469, 18.440971000000104 ], [ -65.883469, 18.440695 ], [ -65.882362, 18.440695 ], [ -65.882362, 18.440416 ], [ -65.881805, 18.440416 ], [ -65.881805, 18.44014 ], [ -65.881247999999857, 18.44014 ], [ -65.881247999999857, 18.439861000000121 ], [ -65.880692, 18.439861000000121 ], [ -65.880692, 18.439583 ], [ -65.880417, 18.439583 ], [ -65.880417, 18.439306 ], [ -65.87986, 18.439306 ], [ -65.87986, 18.439028000000121 ], [ -65.879303, 18.439028000000121 ], [ -65.879303, 18.437916000000143 ], [ -65.87986, 18.437916000000143 ], [ -65.87986, 18.437639000000104 ], [ -65.880142, 18.437639000000104 ], [ -65.880142, 18.437361 ], [ -65.880417, 18.437361 ], [ -65.880417, 18.436806000000104 ], [ -65.880692, 18.436806000000104 ], [ -65.880692, 18.436251 ], [ -65.881247999999857, 18.436251 ], [ -65.881247999999857, 18.435972 ], [ -65.881530999999825, 18.435972 ], [ -65.881530999999825, 18.435694000000126 ], [ -65.88208, 18.435694000000126 ], [ -65.88208, 18.435139 ], [ -65.882637, 18.435139 ], [ -65.882637, 18.43486 ], [ -65.882919, 18.43486 ], [ -65.882919, 18.434584000000143 ], [ -65.883194, 18.434584000000143 ], [ -65.883194, 18.434305000000109 ], [ -65.883469, 18.434305000000109 ], [ -65.883469, 18.43375 ], [ -65.883751, 18.43375 ], [ -65.883751, 18.433474000000103 ], [ -65.884026, 18.433474000000103 ], [ -65.884026, 18.433195000000126 ], [ -65.884308, 18.433195000000126 ], [ -65.884308, 18.432917 ], [ -65.884583, 18.432917 ], [ -65.884583, 18.432638 ], [ -65.885139, 18.432638 ], [ -65.885139, 18.432362000000126 ], [ -65.885413999999855, 18.432362000000126 ], [ -65.885413999999855, 18.432081000000153 ], [ -65.885695999999825, 18.432081000000153 ], [ -65.885695999999825, 18.431805 ], [ -65.885971, 18.431805 ], [ -65.885971, 18.431528 ], [ -65.886252999999897, 18.431528 ], [ -65.886252999999897, 18.431252000000143 ], [ -65.886528, 18.431252000000143 ], [ -65.886528, 18.430973000000108 ], [ -65.887085, 18.430973000000108 ], [ -65.887085, 18.430695 ], [ -65.88736, 18.430695 ], [ -65.88736, 18.430416 ], [ -65.887642, 18.430416 ], [ -65.887642, 18.430141 ], [ -65.887917, 18.430141 ], [ -65.887917, 18.429859 ], [ -65.888191, 18.429859 ], [ -65.888191, 18.429306 ], [ -65.888474, 18.429306 ], [ -65.888474, 18.42902800000013 ], [ -65.888748, 18.42902800000013 ], [ -65.888748, 18.428747000000158 ], [ -65.889029999999877, 18.428747000000158 ], [ -65.889029999999877, 18.428194 ], [ -65.889305, 18.428194 ], [ -65.889305, 18.427917 ], [ -65.88958, 18.427917 ], [ -65.88958, 18.427637000000175 ], [ -65.889861999999823, 18.427637000000175 ], [ -65.889861999999823, 18.427084 ], [ -65.890137, 18.427084 ], [ -65.890137, 18.426805 ], [ -65.890418999999895, 18.426805 ], [ -65.890418999999895, 18.426525 ], [ -65.890693999999826, 18.426525 ], [ -65.890693999999826, 18.425972 ], [ -65.890976, 18.425972 ], [ -65.890976, 18.425694000000135 ], [ -65.891250999999897, 18.425694000000135 ], [ -65.891250999999897, 18.425417000000152 ], [ -65.891525, 18.425417000000152 ], [ -65.891525, 18.424862 ], [ -65.891808, 18.424862 ], [ -65.891808, 18.424583 ], [ -65.892082, 18.424583 ], [ -65.892082, 18.424307000000169 ], [ -65.892365, 18.424307000000169 ], [ -65.892365, 18.424028000000135 ], [ -65.892639, 18.424028000000135 ], [ -65.892639, 18.42375 ], [ -65.892914, 18.42375 ], [ -65.892914, 18.423195000000135 ], [ -65.893195999999875, 18.423195000000135 ], [ -65.893195999999875, 18.422916000000157 ], [ -65.893471, 18.422916000000157 ], [ -65.893471, 18.422638 ], [ -65.89375299999989, 18.422638 ], [ -65.89375299999989, 18.422361 ], [ -65.894027999999878, 18.422361 ], [ -65.894027999999878, 18.422085000000152 ], [ -65.894302, 18.422085000000152 ], [ -65.894302, 18.421806000000174 ], [ -65.894584999999893, 18.421806000000174 ], [ -65.894584999999893, 18.421249000000103 ], [ -65.894858999999826, 18.421249000000103 ], [ -65.894858999999826, 18.420973000000174 ], [ -65.895142, 18.420973000000174 ], [ -65.895142, 18.420694 ], [ -65.895415999999898, 18.420694 ], [ -65.895415999999898, 18.420416000000102 ], [ -65.895691, 18.420416000000102 ], [ -65.895691, 18.420139 ], [ -65.895973, 18.420139 ], [ -65.895973, 18.419863000000134 ], [ -65.896248, 18.419863000000134 ], [ -65.896248, 18.419306 ], [ -65.89653, 18.419306 ], [ -65.89653, 18.419027 ], [ -65.896805, 18.419027 ], [ -65.896805, 18.418753000000152 ], [ -65.897087, 18.418753000000152 ], [ -65.897087, 18.418470000000184 ], [ -65.897362, 18.418470000000184 ], [ -65.897362, 18.417917000000102 ], [ -65.897636, 18.417917000000102 ], [ -65.897636, 18.417358 ], [ -65.897919, 18.417358 ], [ -65.897919, 18.416805 ], [ -65.898192999999878, 18.416805 ], [ -65.898192999999878, 18.416531000000134 ], [ -65.898476, 18.416531000000134 ], [ -65.898476, 18.415972 ], [ -65.898749999999893, 18.415972 ], [ -65.898749999999893, 18.415417000000161 ], [ -65.899024999999824, 18.415417000000161 ], [ -65.899024999999824, 18.415138000000184 ], [ -65.898192999999878, 18.415138000000184 ], [ -65.898192999999878, 18.415417000000161 ], [ -65.897919, 18.415417000000161 ], [ -65.897919, 18.415695 ], [ -65.897636, 18.415695 ], [ -65.897636, 18.416248 ], [ -65.897362, 18.416248 ], [ -65.897362, 18.416531000000134 ], [ -65.897087, 18.416531000000134 ], [ -65.897087, 18.416805 ], [ -65.896805, 18.416805 ], [ -65.896805, 18.417358 ], [ -65.89653, 18.417358 ], [ -65.89653, 18.417641000000174 ], [ -65.896248, 18.417641000000174 ], [ -65.896248, 18.417917000000102 ], [ -65.895973, 18.417917000000102 ], [ -65.895973, 18.418470000000184 ], [ -65.895691, 18.418470000000184 ], [ -65.895691, 18.418753000000152 ], [ -65.895415999999898, 18.418753000000152 ], [ -65.895415999999898, 18.419027 ], [ -65.895142, 18.419027 ], [ -65.895142, 18.419306 ], [ -65.894858999999826, 18.419306 ], [ -65.894858999999826, 18.419584000000157 ], [ -65.894584999999893, 18.419584000000157 ], [ -65.894584999999893, 18.420139 ], [ -65.894302, 18.420139 ], [ -65.894302, 18.420416000000102 ], [ -65.894027999999878, 18.420416000000102 ], [ -65.894027999999878, 18.420694 ], [ -65.89375299999989, 18.420694 ], [ -65.89375299999989, 18.420973000000174 ], [ -65.893471, 18.420973000000174 ], [ -65.893471, 18.421249000000103 ], [ -65.893195999999875, 18.421249000000103 ], [ -65.893195999999875, 18.421806000000174 ], [ -65.892914, 18.421806000000174 ], [ -65.892914, 18.422085000000152 ], [ -65.892639, 18.422085000000152 ], [ -65.892639, 18.422361 ], [ -65.892365, 18.422361 ], [ -65.892365, 18.422638 ], [ -65.892082, 18.422638 ], [ -65.892082, 18.422916000000157 ], [ -65.891808, 18.422916000000157 ], [ -65.891808, 18.423471 ], [ -65.891525, 18.423471 ], [ -65.891525, 18.42375 ], [ -65.891250999999897, 18.42375 ], [ -65.891250999999897, 18.424028000000135 ], [ -65.890976, 18.424028000000135 ], [ -65.890976, 18.424307000000169 ], [ -65.890693999999826, 18.424307000000169 ], [ -65.890693999999826, 18.424583 ], [ -65.890418999999895, 18.424583 ], [ -65.890418999999895, 18.425138000000175 ], [ -65.890137, 18.425138000000175 ], [ -65.890137, 18.425417000000152 ], [ -65.889861999999823, 18.425417000000152 ], [ -65.889861999999823, 18.425694000000135 ], [ -65.88958, 18.425694000000135 ], [ -65.88958, 18.425972 ], [ -65.889305, 18.425972 ], [ -65.889305, 18.426250000000152 ], [ -65.889029999999877, 18.426250000000152 ], [ -65.889029999999877, 18.426805 ], [ -65.888748, 18.426805 ], [ -65.888748, 18.427084 ], [ -65.888474, 18.427084 ], [ -65.888474, 18.427361 ], [ -65.888191, 18.427361 ], [ -65.888191, 18.427637000000175 ], [ -65.887917, 18.427637000000175 ], [ -65.887917, 18.428194 ], [ -65.887642, 18.428194 ], [ -65.887642, 18.428473 ], [ -65.88736, 18.428473 ], [ -65.88736, 18.428747000000158 ], [ -65.887085, 18.428747000000158 ], [ -65.887085, 18.429306 ], [ -65.886803, 18.429306 ], [ -65.886803, 18.429583 ], [ -65.886528, 18.429583 ], [ -65.886528, 18.429859 ], [ -65.886252999999897, 18.429859 ], [ -65.886252999999897, 18.430141 ], [ -65.885971, 18.430141 ], [ -65.885971, 18.430416 ], [ -65.885695999999825, 18.430416 ], [ -65.885695999999825, 18.430695 ], [ -65.885413999999855, 18.430695 ], [ -65.885413999999855, 18.430973000000108 ], [ -65.885139, 18.430973000000108 ], [ -65.885139, 18.431252000000143 ], [ -65.884864999999877, 18.431252000000143 ], [ -65.884864999999877, 18.431528 ], [ -65.884583, 18.431528 ], [ -65.884583, 18.431805 ], [ -65.884308, 18.431805 ], [ -65.884308, 18.432081000000153 ], [ -65.884026, 18.432081000000153 ], [ -65.884026, 18.432362000000126 ], [ -65.883751, 18.432362000000126 ], [ -65.883751, 18.432638 ], [ -65.883469, 18.432638 ], [ -65.883469, 18.432917 ], [ -65.883194, 18.432917 ], [ -65.883194, 18.433195000000126 ], [ -65.882919, 18.433195000000126 ], [ -65.882919, 18.433474000000103 ], [ -65.882637, 18.433474000000103 ], [ -65.882637, 18.434029 ], [ -65.881805, 18.434029 ], [ -65.881805, 18.434584000000143 ], [ -65.881247999999857, 18.434584000000143 ], [ -65.881247999999857, 18.43486 ], [ -65.880974, 18.43486 ], [ -65.880974, 18.435139 ], [ -65.880417, 18.435139 ], [ -65.880417, 18.435417000000143 ], [ -65.880142, 18.435417000000143 ], [ -65.880142, 18.435694000000126 ], [ -65.879585, 18.435694000000126 ], [ -65.879585, 18.435972 ], [ -65.879303, 18.435972 ], [ -65.879303, 18.436251 ], [ -65.878754, 18.436251 ], [ -65.878754, 18.436527000000126 ], [ -65.878471, 18.436527000000126 ], [ -65.878471, 18.436806000000104 ], [ -65.878197, 18.436806000000104 ], [ -65.878197, 18.437084 ], [ -65.877357, 18.437084 ], [ -65.877357, 18.437361 ], [ -65.873192, 18.437361 ], [ -65.873192, 18.437084 ], [ -65.872917, 18.437084 ], [ -65.872917, 18.436806000000104 ], [ -65.871246, 18.436806000000104 ], [ -65.871246, 18.436527000000126 ], [ -65.870972, 18.436527000000126 ], [ -65.870972, 18.436251 ], [ -65.870697, 18.436251 ], [ -65.870697, 18.435972 ], [ -65.869583, 18.435972 ], [ -65.869583, 18.436251 ], [ -65.869026, 18.436251 ], [ -65.869026, 18.435972 ], [ -65.866806, 18.435972 ], [ -65.866806, 18.435694000000126 ], [ -65.865974, 18.435694000000126 ], [ -65.865974, 18.435972 ], [ -65.865417, 18.435972 ], [ -65.865417, 18.435694000000126 ], [ -65.863746999999819, 18.435694000000126 ], [ -65.863746999999819, 18.435417000000143 ], [ -65.862915, 18.435417000000143 ], [ -65.862915, 18.435139 ], [ -65.862358, 18.435139 ], [ -65.862358, 18.43486 ], [ -65.860969999999895, 18.43486 ], [ -65.860969999999895, 18.434584000000143 ], [ -65.86042, 18.434584000000143 ], [ -65.86042, 18.43486 ], [ -65.858192, 18.43486 ], [ -65.858192, 18.434584000000143 ], [ -65.856529, 18.434584000000143 ], [ -65.856529, 18.43486 ], [ -65.855971999999895, 18.43486 ], [ -65.855971999999895, 18.434584000000143 ], [ -65.855698, 18.434584000000143 ], [ -65.855698, 18.43486 ], [ -65.854308999999887, 18.43486 ], [ -65.854308999999887, 18.435139 ], [ -65.853195, 18.435139 ], [ -65.853195, 18.43486 ], [ -65.852637999999899, 18.43486 ], [ -65.852637999999899, 18.434584000000143 ], [ -65.852364, 18.434584000000143 ], [ -65.852364, 18.434305000000109 ], [ -65.851806999999894, 18.434305000000109 ], [ -65.851806999999894, 18.434029 ], [ -65.85125, 18.434029 ], [ -65.85125, 18.43375 ], [ -65.850974999999892, 18.43375 ], [ -65.850974999999892, 18.433474000000103 ], [ -65.849861, 18.433474000000103 ], [ -65.849861, 18.43375 ], [ -65.848198, 18.43375 ], [ -65.848198, 18.433474000000103 ], [ -65.847640999999896, 18.433474000000103 ], [ -65.847640999999896, 18.433195000000126 ], [ -65.847084, 18.433195000000126 ], [ -65.847084, 18.432917 ], [ -65.846527, 18.432917 ], [ -65.846527, 18.432638 ], [ -65.846252, 18.432638 ], [ -65.846252, 18.432362000000126 ], [ -65.845969999999852, 18.432362000000126 ], [ -65.845969999999852, 18.432081000000153 ], [ -65.845695, 18.432081000000153 ], [ -65.845695, 18.431805 ], [ -65.844582, 18.431805 ], [ -65.844582, 18.431528 ], [ -65.84375, 18.431528 ], [ -65.84375, 18.431252000000143 ], [ -65.839584, 18.431252000000143 ], [ -65.839584, 18.431528 ], [ -65.839027, 18.431528 ], [ -65.839027, 18.431805 ], [ -65.838753, 18.431805 ], [ -65.838753, 18.432081000000153 ], [ -65.836806999999851, 18.432081000000153 ], [ -65.836806999999851, 18.431805 ], [ -65.83625, 18.431805 ], [ -65.83625, 18.431528 ], [ -65.835976, 18.431528 ], [ -65.835976, 18.431252000000143 ], [ -65.835419, 18.431252000000143 ], [ -65.835419, 18.430973000000108 ], [ -65.834587, 18.430973000000108 ], [ -65.834587, 18.430695 ], [ -65.83403, 18.430695 ], [ -65.83403, 18.430416 ], [ -65.833473, 18.430416 ], [ -65.833473, 18.430141 ], [ -65.833190999999886, 18.430141 ], [ -65.833190999999886, 18.429859 ], [ -65.832916, 18.429859 ], [ -65.832916, 18.429306 ], [ -65.832641999999851, 18.429306 ], [ -65.832641999999851, 18.42902800000013 ], [ -65.832358999999883, 18.42902800000013 ], [ -65.832358999999883, 18.427361 ], [ -65.832085, 18.427361 ], [ -65.832085, 18.426805 ], [ -65.831802, 18.426805 ], [ -65.831802, 18.426525 ], [ -65.831528, 18.426525 ], [ -65.831528, 18.426250000000152 ], [ -65.831253, 18.426250000000152 ], [ -65.831253, 18.425972 ], [ -65.830971, 18.425972 ], [ -65.830971, 18.425694000000135 ], [ -65.830696, 18.425694000000135 ], [ -65.830696, 18.424862 ], [ -65.830414, 18.424862 ], [ -65.830414, 18.424583 ], [ -65.830139, 18.424583 ], [ -65.830139, 18.424028000000135 ], [ -65.829865, 18.424028000000135 ], [ -65.829865, 18.422638 ], [ -65.829582214999903, 18.422637938999969 ], [ -65.829582214999903, 18.422361374000104 ], [ -65.8293075549999, 18.422361374000104 ], [ -65.8293075549999, 18.422084808000136 ], [ -65.828750610999919, 18.422084808000136 ], [ -65.828750610999919, 18.422361374000104 ], [ -65.827919006999934, 18.422361374000104 ], [ -65.827919006999934, 18.422084808000136 ], [ -65.827362060999974, 18.422084808000136 ], [ -65.827362060999974, 18.421806335000099 ], [ -65.82707977299998, 18.421806335000099 ], [ -65.82707977299998, 18.421527862000062 ], [ -65.826530456999819, 18.421527862000062 ], [ -65.826530456999819, 18.421249389000025 ], [ -65.825973510999916, 18.421249389000025 ], [ -65.825973510999916, 18.42097282400016 ], [ -65.825691222999922, 18.42097282400016 ], [ -65.825691222999922, 18.420694351000122 ], [ -65.825141906999932, 18.420694351000122 ], [ -65.825141906999932, 18.420415878000085 ], [ -65.824859618999938, 18.420415878000085 ], [ -65.824859618999938, 18.420139312000117 ], [ -65.824584960999971, 18.420139312000117 ], [ -65.824584960999971, 18.419862747000025 ], [ -65.822639464999952, 18.419862747000025 ], [ -65.822639464999952, 18.419584273999988 ], [ -65.822082518999935, 18.419584273999988 ], [ -65.822082518999935, 18.419305801000121 ], [ -65.821807860999968, 18.419305801000121 ], [ -65.821807860999968, 18.418752670000117 ], [ -65.821525572999974, 18.418752670000117 ], [ -65.821525572999974, 18.418193818000077 ], [ -65.821250914999951, 18.418193818000077 ], [ -65.821250914999951, 18.417640687000016 ], [ -65.820968626999957, 18.417640687000016 ], [ -65.820968626999957, 18.417358399000136 ], [ -65.820693968999876, 18.417358399000136 ], [ -65.820693968999876, 18.416805268000132 ], [ -65.82041931099991, 18.416805268000132 ], [ -65.82041931099991, 18.415416718000131 ], [ -65.820137022999916, 18.415416718000131 ], [ -65.820137022999916, 18.414583207000192 ], [ -65.819862364999835, 18.414583207000192 ], [ -65.819862364999835, 18.414304734000154 ], [ -65.819580078999934, 18.414304734000154 ], [ -65.819580078999934, 18.414026261000117 ], [ -65.819305418999932, 18.414026261000117 ], [ -65.819305418999932, 18.413749695000149 ], [ -65.819030760999965, 18.413749695000149 ], [ -65.819030760999965, 18.413194657000076 ], [ -65.81874847499995, 18.413194657000076 ], [ -65.81874847499995, 18.412639618000071 ], [ -65.818473814999948, 18.412639618000071 ], [ -65.818473814999948, 18.412082672000167 ], [ -65.818191528999876, 18.412082672000167 ], [ -65.818191528999876, 18.41180419900013 ], [ -65.817916870999966, 18.41180419900013 ], [ -65.817916870999966, 18.411527634000038 ], [ -65.817642210999907, 18.411527634000038 ], [ -65.817642210999907, 18.411249161 ], [ -65.817085266999982, 18.411249161 ], [ -65.817085266999982, 18.410972595000032 ], [ -65.816802978999988, 18.410972595000032 ], [ -65.816802978999988, 18.410694122 ], [ -65.816528320999907, 18.410694122 ], [ -65.816528320999907, 18.41041755700013 ], [ -65.815971374999947, 18.41041755700013 ], [ -65.815971374999947, 18.410139084000093 ], [ -65.815414428999873, 18.410139084000093 ], [ -65.815414428999873, 18.409860611000056 ], [ -65.814857482999969, 18.409860611000056 ], [ -65.814857482999969, 18.409305572000051 ], [ -65.811248778999982, 18.409305572000051 ], [ -65.811248778999982, 18.409027099000014 ], [ -65.807083128999921, 18.409027099000014 ], [ -65.807083128999921, 18.409305572000051 ], [ -65.806526184999939, 18.409305572000051 ], [ -65.806526184999939, 18.409585953000089 ], [ -65.80625152499988, 18.409585953000089 ], [ -65.80625152499988, 18.410139084000093 ], [ -65.805969238999978, 18.410139084000093 ], [ -65.805969238999978, 18.41041755700013 ], [ -65.804862976999914, 18.41041755700013 ], [ -65.804862976999914, 18.410139084000093 ], [ -65.80458068899992, 18.410139084000093 ], [ -65.80458068899992, 18.409585953000089 ], [ -65.803474426999969, 18.409585953000089 ], [ -65.803474426999969, 18.409860611000056 ], [ -65.803192138999975, 18.409860611000056 ], [ -65.803192138999975, 18.41041755700013 ], [ -65.802917480999952, 18.41041755700013 ], [ -65.802917480999952, 18.410694122 ], [ -65.802635192999958, 18.410694122 ], [ -65.802635192999958, 18.410972595000032 ], [ -65.802360534999877, 18.410972595000032 ], [ -65.802360534999877, 18.411249161 ], [ -65.802085876999911, 18.411249161 ], [ -65.802085876999911, 18.411527634000038 ], [ -65.801803588999917, 18.411527634000038 ], [ -65.801803588999917, 18.412082672000167 ], [ -65.80152893099995, 18.412082672000167 ], [ -65.80152893099995, 18.412361145000034 ], [ -65.801246642999843, 18.412361145000034 ], [ -65.801246642999843, 18.412639618000071 ], [ -65.800697326999966, 18.412639618000071 ], [ -65.800697326999966, 18.412916184000039 ], [ -65.800415038999972, 18.412916184000039 ], [ -65.800415038999972, 18.413194657000076 ], [ -65.800140380999949, 18.413194657000076 ], [ -65.800140380999949, 18.413473130000114 ], [ -65.799308776999908, 18.413473130000114 ], [ -65.799308776999908, 18.413749695000149 ], [ -65.798751830999834, 18.413749695000149 ], [ -65.798751830999834, 18.414026261000117 ], [ -65.79846954299984, 18.414026261000117 ], [ -65.79846954299984, 18.414304734000154 ], [ -65.79819488499993, 18.414304734000154 ], [ -65.79819488499993, 18.414583207000192 ], [ -65.797920226999963, 18.414583207000192 ], [ -65.797920226999963, 18.414861680000058 ], [ -65.797637938999969, 18.414861680000058 ], [ -65.797637938999969, 18.415416718000131 ], [ -65.797363280999946, 18.415416718000131 ], [ -65.797363280999946, 18.415971756999966 ], [ -65.797080992999952, 18.415971756999966 ], [ -65.797080992999952, 18.416248322000058 ], [ -65.796806334999985, 18.416248322000058 ], [ -65.796806334999985, 18.416530610000109 ], [ -65.79652404899997, 18.416530610000109 ], [ -65.79652404899997, 18.41708374100017 ], [ -65.796249388999968, 18.41708374100017 ], [ -65.796249388999968, 18.417358399000136 ], [ -65.795974730999831, 18.417358399000136 ], [ -65.795974730999831, 18.417917252999985 ], [ -65.795692444999986, 18.417917252999985 ], [ -65.795692444999986, 18.418193818000077 ], [ -65.795417784999927, 18.418193818000077 ], [ -65.795417784999927, 18.418752670000117 ], [ -65.795135498999912, 18.418752670000117 ], [ -65.795135498999912, 18.419027328000084 ], [ -65.794860840999945, 18.419027328000084 ], [ -65.794860840999945, 18.419305801000121 ], [ -65.794303894999871, 18.419305801000121 ], [ -65.794303894999871, 18.419584273999988 ], [ -65.794029236999961, 18.419584273999988 ], [ -65.794029236999961, 18.419862747000025 ], [ -65.793472290999887, 18.419862747000025 ], [ -65.793472290999887, 18.420415878000085 ], [ -65.793197632999977, 18.420415878000085 ], [ -65.793197632999977, 18.420694351000122 ], [ -65.792915344999983, 18.420694351000122 ], [ -65.792915344999983, 18.42097282400016 ], [ -65.792358398999909, 18.42097282400016 ], [ -65.792358398999909, 18.421249389000025 ], [ -65.791526794999868, 18.421249389000025 ], [ -65.791526794999868, 18.421527862000062 ], [ -65.790969848999964, 18.421527862000062 ], [ -65.790969848999964, 18.421806335000099 ], [ -65.79013824499998, 18.421806335000099 ], [ -65.79013824499998, 18.421527862000062 ], [ -65.789581298999906, 18.421527862000062 ], [ -65.789581298999906, 18.421249389000025 ], [ -65.789306640999939, 18.421249389000025 ], [ -65.789306640999939, 18.420694351000122 ], [ -65.789024352999945, 18.420694351000122 ], [ -65.789024352999945, 18.419862747000025 ], [ -65.789306640999939, 18.419862747000025 ], [ -65.789306640999939, 18.419584273999988 ], [ -65.789024352999945, 18.419584273999988 ], [ -65.789024352999945, 18.418752670000117 ], [ -65.789306640999939, 18.418752670000117 ], [ -65.789306640999939, 18.418193818000077 ], [ -65.789581298999906, 18.418193818000077 ], [ -65.789581298999906, 18.417917252999985 ], [ -65.7898635869999, 18.417917252999985 ], [ -65.7898635869999, 18.417640687000016 ], [ -65.79013824499998, 18.417640687000016 ], [ -65.79013824499998, 18.41708374100017 ], [ -65.79041290299989, 18.41708374100017 ], [ -65.79041290299989, 18.416805268000132 ], [ -65.790695190999884, 18.416805268000132 ], [ -65.790695190999884, 18.416530610000109 ], [ -65.790969848999964, 18.416530610000109 ], [ -65.790969848999964, 18.416248322000058 ], [ -65.791252136999958, 18.416248322000058 ], [ -65.791252136999958, 18.415695191 ], [ -65.791526794999868, 18.415695191 ], [ -65.791526794999868, 18.415416718000131 ], [ -65.791809082999862, 18.415416718000131 ], [ -65.791809082999862, 18.415138245000094 ], [ -65.792358398999909, 18.415138245000094 ], [ -65.792358398999909, 18.414861680000058 ], [ -65.792640686999903, 18.414861680000058 ], [ -65.792640686999903, 18.414583207000192 ], [ -65.792915344999983, 18.414583207000192 ], [ -65.792915344999983, 18.414304734000154 ], [ -65.793197632999977, 18.414304734000154 ], [ -65.793197632999977, 18.414026261000117 ], [ -65.793746948999967, 18.414026261000117 ], [ -65.793746948999967, 18.413749695000149 ], [ -65.794029236999961, 18.413749695000149 ], [ -65.794029236999961, 18.413473130000114 ], [ -65.794303894999871, 18.413473130000114 ], [ -65.794303894999871, 18.413194657000076 ], [ -65.794586180999943, 18.413194657000076 ], [ -65.794586180999943, 18.412916184000039 ], [ -65.794860840999945, 18.412916184000039 ], [ -65.794860840999945, 18.412639618000071 ], [ -65.795135498999912, 18.412639618000071 ], [ -65.795135498999912, 18.412082672000167 ], [ -65.795417784999927, 18.412082672000167 ], [ -65.795417784999927, 18.41180419900013 ], [ -65.795692444999986, 18.41180419900013 ], [ -65.795692444999986, 18.411249161 ], [ -65.795974730999831, 18.411249161 ], [ -65.795974730999831, 18.41041755700013 ], [ -65.796249388999968, 18.41041755700013 ], [ -65.796249388999968, 18.410139084000093 ], [ -65.79652404899997, 18.410139084000093 ], [ -65.79652404899997, 18.409860611000056 ], [ -65.796806334999985, 18.409860611000056 ], [ -65.796806334999985, 18.409305572000051 ], [ -65.797080992999952, 18.409305572000051 ], [ -65.797080992999952, 18.408750534000148 ], [ -65.797920226999963, 18.408750534000148 ], [ -65.797920226999963, 18.408472061000111 ], [ -65.79819488499993, 18.408472061000111 ], [ -65.79819488499993, 18.407363891000102 ], [ -65.797920226999963, 18.407363891000102 ], [ -65.797920226999963, 18.406805040000108 ], [ -65.797637938999969, 18.406805040000108 ], [ -65.797637938999969, 18.40652847400014 ], [ -65.797363280999946, 18.40652847400014 ], [ -65.797363280999946, 18.406251909000105 ], [ -65.797080992999952, 18.406251909000105 ], [ -65.797080992999952, 18.405969620000064 ], [ -65.796806334999985, 18.405969620000064 ], [ -65.796806334999985, 18.40569496300003 ], [ -65.79652404899997, 18.40569496300003 ], [ -65.79652404899997, 18.405416490000164 ], [ -65.795974730999831, 18.405416490000164 ], [ -65.795974730999831, 18.405139924000025 ], [ -65.794586180999943, 18.405139924000025 ], [ -65.794586180999943, 18.405416490000164 ], [ -65.793746948999967, 18.405416490000164 ], [ -65.793746948999967, 18.40569496300003 ], [ -65.792358398999909, 18.40569496300003 ], [ -65.792358398999909, 18.405969620000064 ], [ -65.79013824499998, 18.405969620000064 ], [ -65.79013824499998, 18.406251909000105 ], [ -65.788192748999961, 18.406251909000105 ], [ -65.788192748999961, 18.40652847400014 ], [ -65.787086486999897, 18.40652847400014 ], [ -65.787086486999897, 18.406805040000108 ], [ -65.786529540999936, 18.406805040000108 ], [ -65.786529540999936, 18.407083513000146 ], [ -65.785972594999919, 18.407083513000146 ], [ -65.785972594999919, 18.407363891000102 ], [ -65.785415648999958, 18.407363891000102 ], [ -65.785415648999958, 18.407638549000069 ], [ -65.784858704999976, 18.407638549000069 ], [ -65.784858704999976, 18.407917022000106 ], [ -65.784584044999974, 18.407917022000106 ], [ -65.784584044999974, 18.408193588000074 ], [ -65.78430175799997, 18.408193588000074 ], [ -65.78430175799997, 18.408472061000111 ], [ -65.784027100999822, 18.408472061000111 ], [ -65.784027100999822, 18.408750534000148 ], [ -65.783470153999986, 18.408750534000148 ], [ -65.783470153999986, 18.409027099000014 ], [ -65.78180694699995, 18.409027099000014 ], [ -65.78180694699995, 18.409305572000051 ], [ -65.781524657999967, 18.409305572000051 ], [ -65.781524657999967, 18.409585953000089 ], [ -65.780975342999909, 18.409585953000089 ], [ -65.780975342999909, 18.409860611000056 ], [ -65.780136107999908, 18.409860611000056 ], [ -65.780136107999908, 18.410139084000093 ], [ -65.779586792999964, 18.410139084000093 ], [ -65.779586792999964, 18.41041755700013 ], [ -65.779029846999947, 18.41041755700013 ], [ -65.779029846999947, 18.410694122 ], [ -65.778472899999883, 18.410694122 ], [ -65.778472899999883, 18.410972595000032 ], [ -65.778198242999906, 18.410972595000032 ], [ -65.778198242999906, 18.411249161 ], [ -65.777359007999905, 18.411249161 ], [ -65.777359007999905, 18.411527634000038 ], [ -65.776527403999864, 18.411527634000038 ], [ -65.776527403999864, 18.41180419900013 ], [ -65.776252746999944, 18.41180419900013 ], [ -65.776252746999944, 18.412082672000167 ], [ -65.775970457999961, 18.412082672000167 ], [ -65.775970457999961, 18.412361145000034 ], [ -65.77569579999988, 18.412361145000034 ], [ -65.77569579999988, 18.412639618000071 ], [ -65.775413511999886, 18.412639618000071 ], [ -65.775413511999886, 18.412916184000039 ], [ -65.775138853999977, 18.412916184000039 ], [ -65.775138853999977, 18.413473130000114 ], [ -65.774864195999896, 18.413473130000114 ], [ -65.774864195999896, 18.413749695000149 ], [ -65.774581907999902, 18.413749695000149 ], [ -65.774581907999902, 18.414026261000117 ], [ -65.774024963999921, 18.414026261000117 ], [ -65.774024963999921, 18.413749695000149 ], [ -65.772087095999893, 18.413749695000149 ], [ -65.772087095999893, 18.413473130000114 ], [ -65.771247863999918, 18.413473130000114 ], [ -65.771247863999918, 18.413194657000076 ], [ -65.770973205999951, 18.413194657000076 ], [ -65.770973205999951, 18.412916184000039 ], [ -65.770690917999957, 18.412916184000039 ], [ -65.770690917999957, 18.412639618000071 ], [ -65.770416259999934, 18.412639618000071 ], [ -65.770416259999934, 18.412082672000167 ], [ -65.770141601999967, 18.412082672000167 ], [ -65.770141601999967, 18.411527634000038 ], [ -65.769859313999973, 18.411527634000038 ], [ -65.769859313999973, 18.409305572000051 ], [ -65.770141601999967, 18.409305572000051 ], [ -65.770141601999967, 18.409027099000014 ], [ -65.770416259999934, 18.409027099000014 ], [ -65.770416259999934, 18.408193588000074 ], [ -65.770690917999957, 18.408193588000074 ], [ -65.770690917999957, 18.407363891000102 ], [ -65.770973205999951, 18.407363891000102 ], [ -65.770973205999951, 18.407083513000146 ], [ -65.771247863999918, 18.407083513000146 ], [ -65.771247863999918, 18.406805040000108 ], [ -65.771530149999933, 18.406805040000108 ], [ -65.771530149999933, 18.406251909000105 ], [ -65.771804809999821, 18.406251909000105 ], [ -65.771804809999821, 18.404859543000157 ], [ -65.772087095999893, 18.404859543000157 ], [ -65.772087095999893, 18.403751374000024 ], [ -65.772361753999974, 18.403751374000024 ], [ -65.772361753999974, 18.401527404999968 ], [ -65.772087095999893, 18.401527404999968 ], [ -65.772087095999893, 18.401250839 ], [ -65.771804809999821, 18.401250839 ], [ -65.771804809999821, 18.400972366000133 ], [ -65.771530149999933, 18.400972366000133 ], [ -65.771530149999933, 18.400693893000096 ], [ -65.771247863999918, 18.400693893000096 ], [ -65.771247863999918, 18.400138855000023 ], [ -65.770416259999934, 18.400138855000023 ], [ -65.770416259999934, 18.399860382000156 ], [ -65.769859313999973, 18.399860382000156 ], [ -65.769859313999973, 18.399583816000188 ], [ -65.769584655999893, 18.399583816000188 ], [ -65.769584655999893, 18.399305343000151 ], [ -65.769027709999818, 18.399305343000151 ], [ -65.769027709999818, 18.399026870000114 ], [ -65.768753051999909, 18.399026870000114 ], [ -65.768753051999909, 18.398750305000078 ], [ -65.768470763999915, 18.398750305000078 ], [ -65.768470763999915, 18.398471832000041 ], [ -65.768196105999948, 18.398471832000041 ], [ -65.768196105999948, 18.398195266000073 ], [ -65.767913817999954, 18.398195266000073 ], [ -65.767913817999954, 18.397916793000036 ], [ -65.765975951999906, 18.397916793000036 ], [ -65.765975951999906, 18.397638320000169 ], [ -65.762916563999909, 18.397638320000169 ], [ -65.762916563999909, 18.397361755000077 ], [ -65.762084959999925, 18.397361755000077 ], [ -65.762084959999925, 18.39708328200004 ], [ -65.76180267399991, 18.39708328200004 ], [ -65.76180267399991, 18.396528243000034 ], [ -65.761528013999964, 18.396528243000034 ], [ -65.761528013999964, 18.395971299000166 ], [ -65.761253355999941, 18.395971299000166 ], [ -65.761253355999941, 18.394584657 ], [ -65.760971069999982, 18.394584657 ], [ -65.760971069999982, 18.394306184000129 ], [ -65.76069640999998, 18.394306184000129 ], [ -65.76069640999998, 18.393749238000055 ], [ -65.760414123999965, 18.393749238000055 ], [ -65.760414123999965, 18.393472672000087 ], [ -65.760139465999885, 18.393472672000087 ], [ -65.760139465999885, 18.392639161000147 ], [ -65.759864805999825, 18.392639161000147 ], [ -65.759864805999825, 18.391805649000105 ], [ -65.759582519999981, 18.391805649000105 ], [ -65.759582519999981, 18.391527176000068 ], [ -65.758468627999946, 18.391527176000068 ], [ -65.758468627999946, 18.391248703000031 ], [ -65.758193969999866, 18.391248703000031 ], [ -65.758193969999866, 18.390970230000164 ], [ -65.757919311999956, 18.390970230000164 ], [ -65.757919311999956, 18.390693665000128 ], [ -65.757362365999882, 18.390693665000128 ], [ -65.757362365999882, 18.39041709900016 ], [ -65.756805419999978, 18.39041709900016 ], [ -65.756805419999978, 18.390140534000068 ], [ -65.756530761999898, 18.390140534000068 ], [ -65.756530761999898, 18.389860153000086 ], [ -65.755691527999943, 18.389860153000086 ], [ -65.755691527999943, 18.389583588 ], [ -65.755142211999953, 18.389583588 ], [ -65.755142211999953, 18.389305115000184 ], [ -65.754585265999879, 18.389305115000184 ], [ -65.754585265999879, 18.38903045700016 ], [ -65.754302977999885, 18.38903045700016 ], [ -65.754302977999885, 18.38874816900011 ], [ -65.754028319999975, 18.38874816900011 ], [ -65.754028319999975, 18.388471603000141 ], [ -65.752357481999923, 18.388471603000141 ], [ -65.752357481999923, 18.388195038000049 ], [ -65.752082823999956, 18.388195038000049 ], [ -65.752082823999956, 18.387916565000012 ], [ -65.751525877999882, 18.387916565000012 ], [ -65.751525877999882, 18.38763618400003 ], [ -65.751251219999972, 18.38763618400003 ], [ -65.751251219999972, 18.386806488000104 ], [ -65.7509689339999, 18.386806488000104 ], [ -65.7509689339999, 18.385414125000068 ], [ -65.749748229999966, 18.385414125000068 ], [ -65.749580383999955, 18.385414125000068 ], [ -65.749580383999955, 18.385139465000123 ], [ -65.749031065999873, 18.385139465000123 ], [ -65.749031065999873, 18.384582521000027 ], [ -65.748748779999971, 18.384582521000027 ], [ -65.748748779999971, 18.38430404800016 ], [ -65.748474121999891, 18.38430404800016 ], [ -65.748474121999891, 18.384027482000022 ], [ -65.748191833999954, 18.384027482000022 ], [ -65.748191833999954, 18.383750917000157 ], [ -65.747917175999987, 18.383750917000157 ], [ -65.747917175999987, 18.38347244400012 ], [ -65.747360229999913, 18.38347244400012 ], [ -65.747360229999913, 18.383195878000151 ], [ -65.746803283999952, 18.383195878000151 ], [ -65.746803283999952, 18.382917405000114 ], [ -65.746528625999929, 18.382917405000114 ], [ -65.746528625999929, 18.382638932000077 ], [ -65.745971679999968, 18.382638932000077 ], [ -65.745971679999968, 18.38236045900004 ], [ -65.745140075999984, 18.38236045900004 ], [ -65.745140075999984, 18.382083894000175 ], [ -65.744857787999877, 18.382083894000175 ], [ -65.744857787999877, 18.381805421000138 ], [ -65.74458312999991, 18.381805421000138 ], [ -65.74458312999991, 18.381526948000101 ], [ -65.744308471999943, 18.381526948000101 ], [ -65.744308471999943, 18.381250382000133 ], [ -65.743751525999926, 18.381250382000133 ], [ -65.743751525999926, 18.38097381700004 ], [ -65.743194579999965, 18.38097381700004 ], [ -65.743194579999965, 18.380695344 ], [ -65.742919921999942, 18.380695344 ], [ -65.742919921999942, 18.380416870999966 ], [ -65.741806029999907, 18.380416870999966 ], [ -65.741806029999907, 18.380138398000099 ], [ -65.740974425999923, 18.380138398000099 ], [ -65.740974425999923, 18.379863740000133 ], [ -65.740692137999929, 18.379863740000133 ], [ -65.740692137999929, 18.379583359000094 ], [ -65.740135193999947, 18.379583359000094 ], [ -65.740135193999947, 18.379863740000133 ], [ -65.739860533999945, 18.379863740000133 ], [ -65.739860533999945, 18.380138398000099 ], [ -65.738471985999979, 18.380138398000099 ], [ -65.738471985999979, 18.380416870999966 ], [ -65.737915039999905, 18.380416870999966 ], [ -65.737915039999905, 18.380695344 ], [ -65.737640379999959, 18.380695344 ], [ -65.737640379999959, 18.38097381700004 ], [ -65.736808775999975, 18.38097381700004 ], [ -65.736808775999975, 18.381250382000133 ], [ -65.735694885999976, 18.381250382000133 ], [ -65.735694885999976, 18.381526948000101 ], [ -65.734306335999861, 18.381526948000101 ], [ -65.734306335999861, 18.381805421000138 ], [ -65.733192443999883, 18.381805421000138 ], [ -65.733192443999883, 18.382083894000175 ], [ -65.732917785999973, 18.382083894000175 ], [ -65.732917785999973, 18.38236045900004 ], [ -65.732635497999979, 18.38236045900004 ], [ -65.732635497999979, 18.382638932000077 ], [ -65.732086181999932, 18.382638932000077 ], [ -65.732086181999932, 18.382917405000114 ], [ -65.731246947999921, 18.382917405000114 ], [ -65.731246947999921, 18.383195878000151 ], [ -65.730697631999988, 18.383195878000151 ], [ -65.730697631999988, 18.38347244400012 ], [ -65.73041534399988, 18.38347244400012 ], [ -65.73041534399988, 18.384027482000022 ], [ -65.73014068599997, 18.384027482000022 ], [ -65.73014068599997, 18.384582521000027 ], [ -65.729858397999976, 18.384582521000027 ], [ -65.729858397999976, 18.384860992000085 ], [ -65.729583739999896, 18.384860992000085 ], [ -65.729583739999896, 18.385139465000123 ], [ -65.729309081999986, 18.385139465000123 ], [ -65.729309081999986, 18.385694503000025 ], [ -65.729026793999935, 18.385694503000025 ], [ -65.729026793999935, 18.385972976000062 ], [ -65.728752135999912, 18.385972976000062 ], [ -65.728752135999912, 18.386526107000066 ], [ -65.728195189999951, 18.386526107000066 ], [ -65.728195189999951, 18.387361526 ], [ -65.728469847999918, 18.387361526 ], [ -65.728469847999918, 18.388195038000049 ], [ -65.728195189999951, 18.388195038000049 ], [ -65.728195189999951, 18.388471603000141 ], [ -65.726524353999878, 18.388471603000141 ], [ -65.726524353999878, 18.388195038000049 ], [ -65.725418091999927, 18.388195038000049 ], [ -65.725418091999927, 18.388471603000141 ], [ -65.725135803999933, 18.388471603000141 ], [ -65.725135803999933, 18.38874816900011 ], [ -65.724861145999967, 18.38874816900011 ], [ -65.724861145999967, 18.38903045700016 ], [ -65.724304199999949, 18.38903045700016 ], [ -65.724304199999949, 18.389305115000184 ], [ -65.723472595999908, 18.389305115000184 ], [ -65.723472595999908, 18.389583588 ], [ -65.720970153999986, 18.389583588 ], [ -65.720970153999986, 18.389305115000184 ], [ -65.720413207999968, 18.389305115000184 ], [ -65.720413207999968, 18.38874816900011 ], [ -65.720138549999831, 18.38874816900011 ], [ -65.720138549999831, 18.38624954200003 ], [ -65.720413207999968, 18.38624954200003 ], [ -65.720413207999968, 18.385694503000025 ], [ -65.720695495999905, 18.385694503000025 ], [ -65.720695495999905, 18.385139465000123 ], [ -65.720970153999986, 18.385139465000123 ], [ -65.720970153999986, 18.384027482000022 ], [ -65.720695495999905, 18.384027482000022 ], [ -65.720695495999905, 18.383750917000157 ], [ -65.720413207999968, 18.383750917000157 ], [ -65.720413207999968, 18.383195878000151 ], [ -65.720138549999831, 18.383195878000151 ], [ -65.720138549999831, 18.382638932000077 ], [ -65.719863891999921, 18.382638932000077 ], [ -65.719863891999921, 18.38236045900004 ], [ -65.719306945999961, 18.38236045900004 ], [ -65.719306945999961, 18.382083894000175 ], [ -65.71875, 18.382083894000175 ], [ -65.71875, 18.381805421000138 ], [ -65.718193053999983, 18.381805421000138 ], [ -65.718193053999983, 18.381526948000101 ], [ -65.717918395999959, 18.381526948000101 ], [ -65.717918395999959, 18.381805421000138 ], [ -65.717636106999976, 18.381805421000138 ], [ -65.717636106999976, 18.381526948000101 ], [ -65.716804503999924, 18.381526948000101 ], [ -65.716804503999924, 18.381250382000133 ], [ -65.716529845999958, 18.381250382000133 ], [ -65.716529845999958, 18.380695344 ], [ -65.716247558999953, 18.380695344 ], [ -65.716247558999953, 18.380416870999966 ], [ -65.71597289999994, 18.380416870999966 ], [ -65.71597289999994, 18.379028321000192 ], [ -65.715698241999974, 18.379028321000192 ], [ -65.715698241999974, 18.378751755000053 ], [ -65.71597289999994, 18.378751755000053 ], [ -65.71597289999994, 18.377916336000112 ], [ -65.715698241999974, 18.377916336000112 ], [ -65.715698241999974, 18.377641678000145 ], [ -65.715141295999956, 18.377641678000145 ], [ -65.715141295999956, 18.377359390000038 ], [ -65.714584350999985, 18.377359390000038 ], [ -65.714584350999985, 18.377082825000173 ], [ -65.71430206299982, 18.377082825000173 ], [ -65.71430206299982, 18.376529694000112 ], [ -65.714027404999911, 18.376529694000112 ], [ -65.714027404999911, 18.375972748000038 ], [ -65.713195800999927, 18.375972748000038 ], [ -65.713195800999927, 18.375694275 ], [ -65.712638854999966, 18.375694275 ], [ -65.712638854999966, 18.375415802000191 ], [ -65.712364197999875, 18.375415802000191 ], [ -65.712364197999875, 18.374860763000186 ], [ -65.712081908999949, 18.374860763000186 ], [ -65.712081908999949, 18.374027252000019 ], [ -65.711807250999982, 18.374027252000019 ], [ -65.711807250999982, 18.373472213000014 ], [ -65.711250304999908, 18.373472213000014 ], [ -65.711250304999908, 18.373193742000183 ], [ -65.710975647999987, 18.373193742000183 ], [ -65.710975647999987, 18.372915269000146 ], [ -65.710418700999924, 18.372915269000146 ], [ -65.710418700999924, 18.372638703000177 ], [ -65.71013641299993, 18.372638703000177 ], [ -65.71013641299993, 18.37236023000014 ], [ -65.70958709699994, 18.37236023000014 ], [ -65.70958709699994, 18.372083665000048 ], [ -65.708190916999911, 18.372083665000048 ], [ -65.708190916999911, 18.371805192000011 ], [ -65.707359312999927, 18.371805192000011 ], [ -65.707359312999927, 18.371528626000043 ], [ -65.70708465499996, 18.371528626000043 ], [ -65.70708465499996, 18.371250153 ], [ -65.706527708999943, 18.371250153 ], [ -65.706527708999943, 18.370971679999968 ], [ -65.705970762999982, 18.370971679999968 ], [ -65.705970762999982, 18.370695115000103 ], [ -65.705413818999887, 18.370695115000103 ], [ -65.705413818999887, 18.370416642000066 ], [ -65.704864500999918, 18.370416642000066 ], [ -65.704864500999918, 18.370138169000029 ], [ -65.703475950999973, 18.370138169000029 ], [ -65.703475950999973, 18.369861603000061 ], [ -65.703193664999958, 18.369861603000061 ], [ -65.703193664999958, 18.369583130000024 ], [ -65.702919004999956, 18.369583130000024 ], [ -65.702919004999956, 18.369304657000157 ], [ -65.702636718999884, 18.369304657000157 ], [ -65.702636718999884, 18.369028092000121 ], [ -65.702362060999974, 18.369028092000121 ], [ -65.702362060999974, 18.368749619000084 ], [ -65.70207977299998, 18.368749619000084 ], [ -65.70207977299998, 18.368473053000116 ], [ -65.700973510999859, 18.368473053000116 ], [ -65.700973510999859, 18.368194580000079 ], [ -65.699859618999881, 18.368194580000079 ], [ -65.699859618999881, 18.367916107000042 ], [ -65.69875335699993, 18.367916107000042 ], [ -65.69875335699993, 18.367639542000177 ], [ -65.697364806999985, 18.367639542000177 ], [ -65.697364806999985, 18.367916107000042 ], [ -65.696525572999974, 18.367916107000042 ], [ -65.696525572999974, 18.367639542000177 ], [ -65.695693968999933, 18.367639542000177 ], [ -65.695693968999933, 18.367082596000103 ], [ -65.694862364999949, 18.367082596000103 ], [ -65.694862364999949, 18.36736106900014 ], [ -65.694580078999934, 18.36736106900014 ], [ -65.694580078999934, 18.367082596000103 ], [ -65.694030760999965, 18.367082596000103 ], [ -65.694030760999965, 18.366806030000134 ], [ -65.693191528999819, 18.366806030000134 ], [ -65.693191528999819, 18.366527557000097 ], [ -65.690971374999947, 18.366527557000097 ], [ -65.690971374999947, 18.365972518999968 ], [ -65.689025878999928, 18.365972518999968 ], [ -65.689025878999928, 18.365694046000101 ], [ -65.687362670999903, 18.365694046000101 ], [ -65.687362670999903, 18.365972518999968 ], [ -65.686805724999829, 18.365972518999968 ], [ -65.686805724999829, 18.36624908400006 ], [ -65.686531066999919, 18.36624908400006 ], [ -65.686531066999919, 18.366806030000134 ], [ -65.686248778999925, 18.366806030000134 ], [ -65.686248778999925, 18.367082596000103 ], [ -65.685691832999964, 18.367082596000103 ], [ -65.685691832999964, 18.36736106900014 ], [ -65.68486022899998, 18.36736106900014 ], [ -65.68486022899998, 18.367639542000177 ], [ -65.684303282999963, 18.367639542000177 ], [ -65.684303282999963, 18.367916107000042 ], [ -65.684028624999826, 18.367916107000042 ], [ -65.684028624999826, 18.367639542000177 ], [ -65.683471678999922, 18.367639542000177 ], [ -65.683471678999922, 18.36736106900014 ], [ -65.681808470999954, 18.36736106900014 ], [ -65.681808470999954, 18.367639542000177 ], [ -65.681526184999882, 18.367639542000177 ], [ -65.681526184999882, 18.367916107000042 ], [ -65.68125152499988, 18.367916107000042 ], [ -65.68125152499988, 18.368194580000079 ], [ -65.679031372999987, 18.368194580000079 ], [ -65.679031372999987, 18.367916107000042 ], [ -65.678749084999879, 18.367916107000042 ], [ -65.678749084999879, 18.366527557000097 ], [ -65.678474426999969, 18.366527557000097 ], [ -65.678474426999969, 18.365972518999968 ], [ -65.678192138999975, 18.365972518999968 ], [ -65.678192138999975, 18.365694046000101 ], [ -65.677917480999895, 18.365694046000101 ], [ -65.677917480999895, 18.365417480000133 ], [ -65.677360534999934, 18.365417480000133 ], [ -65.677360534999934, 18.365140915000097 ], [ -65.676803588999917, 18.365140915000097 ], [ -65.676803588999917, 18.364583969000023 ], [ -65.67652893099995, 18.364583969000023 ], [ -65.67652893099995, 18.364027023000119 ], [ -65.676246642999956, 18.364027023000119 ], [ -65.676246642999956, 18.363748550000082 ], [ -65.675697326999966, 18.363748550000082 ], [ -65.675697326999966, 18.363470077000045 ], [ -65.675415038999972, 18.363470077000045 ], [ -65.675415038999972, 18.363193511000077 ], [ -65.674858092999898, 18.363193511000077 ], [ -65.674858092999898, 18.36291885300011 ], [ -65.674308776999908, 18.36291885300011 ], [ -65.674308776999908, 18.362638473000175 ], [ -65.673469542999953, 18.362638473000175 ], [ -65.673469542999953, 18.362361907000036 ], [ -65.671249388999911, 18.362361907000036 ], [ -65.671249388999911, 18.362083434000169 ], [ -65.669502258999955, 18.362083434000169 ], [ -65.668746999999826, 18.362083 ], [ -65.668746999999826, 18.361805 ], [ -65.666527, 18.361805 ], [ -65.666527, 18.362083 ], [ -65.66597, 18.362083 ], [ -65.66597, 18.362362000000132 ], [ -65.664581, 18.362362000000132 ], [ -65.664581, 18.362083 ], [ -65.663749999999823, 18.362083 ], [ -65.663749999999823, 18.362362000000132 ], [ -65.662361, 18.362362000000132 ], [ -65.662361, 18.362638 ], [ -65.662086, 18.362638 ], [ -65.662086, 18.362919 ], [ -65.661247, 18.362919 ], [ -65.661247, 18.363194 ], [ -65.660140999999896, 18.363194 ], [ -65.660140999999896, 18.36347000000012 ], [ -65.659301999999855, 18.36347000000012 ], [ -65.659301999999855, 18.363749 ], [ -65.65847, 18.363749 ], [ -65.65847, 18.364027 ], [ -65.657364, 18.364027 ], [ -65.657364, 18.364584 ], [ -65.656807, 18.364584 ], [ -65.656807, 18.364305000000115 ], [ -65.655974999999899, 18.364305000000115 ], [ -65.655974999999899, 18.364584 ], [ -65.655135999999857, 18.364584 ], [ -65.655135999999857, 18.364862000000187 ], [ -65.654861, 18.364862000000187 ], [ -65.654861, 18.365141 ], [ -65.654586999999822, 18.365141 ], [ -65.654586999999822, 18.365417 ], [ -65.654305, 18.365417 ], [ -65.654305, 18.365694000000133 ], [ -65.65403, 18.365694000000133 ], [ -65.65403, 18.36597300000011 ], [ -65.653748, 18.36597300000011 ], [ -65.653748, 18.366249 ], [ -65.653198, 18.366249 ], [ -65.653198, 18.366528000000187 ], [ -65.652916, 18.366528000000187 ], [ -65.652916, 18.366806000000111 ], [ -65.652641, 18.366806000000111 ], [ -65.652641, 18.367083 ], [ -65.652359, 18.367083 ], [ -65.652359, 18.367361000000187 ], [ -65.652084, 18.367361000000187 ], [ -65.652084, 18.367916 ], [ -65.652359, 18.367916 ], [ -65.652359, 18.368473 ], [ -65.652084, 18.368473 ], [ -65.652084, 18.369028000000128 ], [ -65.651802, 18.369028000000128 ], [ -65.651802, 18.370695000000183 ], [ -65.651527, 18.370695000000183 ], [ -65.651527, 18.370972 ], [ -65.651253, 18.370972 ], [ -65.651253, 18.37125 ], [ -65.650696, 18.37125 ], [ -65.650696, 18.370972 ], [ -65.650414, 18.370972 ], [ -65.650414, 18.37125 ], [ -65.649582, 18.37125 ], [ -65.649582, 18.371805 ], [ -65.649307, 18.371805 ], [ -65.649307, 18.372360000000128 ], [ -65.649025, 18.372360000000128 ], [ -65.649025, 18.372915 ], [ -65.64875, 18.372915 ], [ -65.64875, 18.373472000000106 ], [ -65.648476, 18.373472000000106 ], [ -65.648476, 18.374027000000183 ], [ -65.648193, 18.374027000000183 ], [ -65.648193, 18.374861 ], [ -65.647919, 18.374861 ], [ -65.647919, 18.375137 ], [ -65.647362, 18.375137 ], [ -65.647362, 18.375416 ], [ -65.647087, 18.375416 ], [ -65.647087, 18.375694 ], [ -65.646248, 18.375694 ], [ -65.646248, 18.375973000000101 ], [ -65.645690999999886, 18.375973000000101 ], [ -65.645690999999886, 18.376247 ], [ -65.645416, 18.376247 ], [ -65.645416, 18.376530000000173 ], [ -65.645142, 18.376530000000173 ], [ -65.645142, 18.376806000000101 ], [ -65.644859, 18.376806000000101 ], [ -65.644859, 18.377359000000183 ], [ -65.644585, 18.377359000000183 ], [ -65.644585, 18.377916 ], [ -65.644302, 18.377916 ], [ -65.644302, 18.378195 ], [ -65.644028, 18.378195 ], [ -65.644028, 18.378469 ], [ -65.643753, 18.378469 ], [ -65.643753, 18.379583 ], [ -65.644028, 18.379583 ], [ -65.644028, 18.379864000000168 ], [ -65.644302, 18.379864000000168 ], [ -65.644302, 18.380974000000151 ], [ -65.643196, 18.380974000000151 ], [ -65.643196, 18.380695000000173 ], [ -65.642914, 18.380695000000173 ], [ -65.642914, 18.380417 ], [ -65.642639, 18.380417 ], [ -65.642639, 18.380138000000102 ], [ -65.642365, 18.380138000000102 ], [ -65.642365, 18.379583 ], [ -65.642082, 18.379583 ], [ -65.642082, 18.378195 ], [ -65.642365, 18.378195 ], [ -65.642365, 18.377359000000183 ], [ -65.642082, 18.377359000000183 ], [ -65.642082, 18.377083 ], [ -65.641524999999888, 18.377083 ], [ -65.641524999999888, 18.376806000000101 ], [ -65.640419, 18.376806000000101 ], [ -65.640419, 18.377083 ], [ -65.63958, 18.377083 ], [ -65.63958, 18.376806000000101 ], [ -65.639305, 18.376806000000101 ], [ -65.639305, 18.376530000000173 ], [ -65.63903, 18.376530000000173 ], [ -65.63903, 18.376247 ], [ -65.639305, 18.376247 ], [ -65.639305, 18.375137 ], [ -65.63958, 18.375137 ], [ -65.63958, 18.374584 ], [ -65.639862, 18.374584 ], [ -65.639862, 18.374027000000183 ], [ -65.640419, 18.374027000000183 ], [ -65.640419, 18.372084 ], [ -65.640137, 18.372084 ], [ -65.640137, 18.371529 ], [ -65.639862, 18.371529 ], [ -65.639862, 18.37125 ], [ -65.63958, 18.37125 ], [ -65.63958, 18.370695000000183 ], [ -65.639305, 18.370695000000183 ], [ -65.639305, 18.370417 ], [ -65.63903, 18.370417 ], [ -65.63903, 18.369862000000182 ], [ -65.638748, 18.369862000000182 ], [ -65.638748, 18.369583 ], [ -65.638474, 18.369583 ], [ -65.638474, 18.369305000000111 ], [ -65.636253, 18.369305000000111 ], [ -65.636253, 18.369028000000128 ], [ -65.635971, 18.369028000000128 ], [ -65.635971, 18.36875 ], [ -65.635696, 18.36875 ], [ -65.635696, 18.369305000000111 ], [ -65.634865, 18.369305000000111 ], [ -65.634865, 18.369583 ], [ -65.634308, 18.369583 ], [ -65.634308, 18.369862000000182 ], [ -65.634025999999892, 18.369862000000182 ], [ -65.634025999999892, 18.370138000000111 ], [ -65.633193999999889, 18.370138000000111 ], [ -65.633193999999889, 18.370417 ], [ -65.632637, 18.370417 ], [ -65.632637, 18.370695000000183 ], [ -65.632361999999887, 18.370695000000183 ], [ -65.632361999999887, 18.370972 ], [ -65.63208, 18.370972 ], [ -65.63208, 18.37125 ], [ -65.631805, 18.37125 ], [ -65.631805, 18.371529 ], [ -65.631531, 18.371529 ], [ -65.631531, 18.371805 ], [ -65.631248, 18.371805 ], [ -65.631248, 18.372084 ], [ -65.630691999999897, 18.372084 ], [ -65.630691999999897, 18.372360000000128 ], [ -65.630417, 18.372360000000128 ], [ -65.630417, 18.372639000000106 ], [ -65.630142, 18.372639000000106 ], [ -65.630142, 18.372915 ], [ -65.629585, 18.372915 ], [ -65.629585, 18.373194000000183 ], [ -65.629303, 18.373194000000183 ], [ -65.629303, 18.373751 ], [ -65.629027999999892, 18.373751 ], [ -65.629027999999892, 18.374027000000183 ], [ -65.628754, 18.374027000000183 ], [ -65.628754, 18.374306 ], [ -65.628196999999886, 18.374306 ], [ -65.628196999999886, 18.374861 ], [ -65.627914, 18.374861 ], [ -65.627914, 18.375137 ], [ -65.62764, 18.375137 ], [ -65.62764, 18.375416 ], [ -65.627357, 18.375416 ], [ -65.627357, 18.375973000000101 ], [ -65.627083, 18.375973000000101 ], [ -65.627083, 18.376806000000101 ], [ -65.626808, 18.376806000000101 ], [ -65.626808, 18.377083 ], [ -65.626525999999899, 18.377083 ], [ -65.626525999999899, 18.378752000000134 ], [ -65.626808, 18.378752000000134 ], [ -65.626808, 18.379305000000102 ], [ -65.627083, 18.379305000000102 ], [ -65.627083, 18.380417 ], [ -65.626808, 18.380417 ], [ -65.626808, 18.38125 ], [ -65.626525999999899, 18.38125 ], [ -65.626525999999899, 18.381805000000156 ], [ -65.625969, 18.381805000000156 ], [ -65.625969, 18.382084000000134 ], [ -65.625693999999896, 18.382084000000134 ], [ -65.625693999999896, 18.382639 ], [ -65.625137, 18.382639 ], [ -65.625137, 18.382917000000134 ], [ -65.624862999999891, 18.382917000000134 ], [ -65.624862999999891, 18.383196000000169 ], [ -65.623474, 18.383196000000169 ], [ -65.623474, 18.385695000000169 ], [ -65.623749, 18.385695000000169 ], [ -65.623749, 18.385139000000152 ], [ -65.62430599999982, 18.385139000000152 ], [ -65.62430599999982, 18.385695000000169 ], [ -65.624862999999891, 18.385695000000169 ], [ -65.624862999999891, 18.386806 ], [ -65.62458, 18.386806 ], [ -65.62458, 18.387362 ], [ -65.62430599999982, 18.387362 ], [ -65.62430599999982, 18.387636000000157 ], [ -65.622086, 18.387636000000157 ], [ -65.622086, 18.387362 ], [ -65.621528999999896, 18.387362 ], [ -65.621528999999896, 18.386806 ], [ -65.621246, 18.386806 ], [ -65.621246, 18.386526000000174 ], [ -65.620972, 18.386526000000174 ], [ -65.620972, 18.38625 ], [ -65.620696999999893, 18.38625 ], [ -65.620696999999893, 18.386526000000174 ], [ -65.620415, 18.386526000000174 ], [ -65.620415, 18.387083 ], [ -65.62014, 18.387083 ], [ -65.62014, 18.387362 ], [ -65.619583, 18.387362 ], [ -65.619583, 18.387636000000157 ], [ -65.619307999999819, 18.387636000000157 ], [ -65.619307999999819, 18.38791700000013 ], [ -65.618752, 18.38791700000013 ], [ -65.618752, 18.388195 ], [ -65.617638, 18.388195 ], [ -65.617638, 18.38791700000013 ], [ -65.617362999999898, 18.38791700000013 ], [ -65.617362999999898, 18.386526000000174 ], [ -65.617081, 18.386526000000174 ], [ -65.617081, 18.385973 ], [ -65.616806, 18.385973 ], [ -65.616806, 18.385414 ], [ -65.616530999999895, 18.385414 ], [ -65.616530999999895, 18.384861 ], [ -65.615692, 18.384861 ], [ -65.615692, 18.384583000000134 ], [ -65.615417, 18.384583000000134 ], [ -65.615417, 18.384304000000157 ], [ -65.614586, 18.384304000000157 ], [ -65.614586, 18.384583000000134 ], [ -65.613747, 18.384583000000134 ], [ -65.613747, 18.384304000000157 ], [ -65.613472, 18.384304000000157 ], [ -65.613472, 18.383472 ], [ -65.613747, 18.383472 ], [ -65.613747, 18.383196000000169 ], [ -65.614029, 18.383196000000169 ], [ -65.614029, 18.382917000000134 ], [ -65.614304, 18.382917000000134 ], [ -65.614304, 18.382084000000134 ], [ -65.613747, 18.382084000000134 ], [ -65.613747, 18.380695000000173 ], [ -65.614304, 18.380695000000173 ], [ -65.614304, 18.380417 ], [ -65.614860999999848, 18.380417 ], [ -65.614860999999848, 18.380138000000102 ], [ -65.615135, 18.380138000000102 ], [ -65.615135, 18.379864000000168 ], [ -65.615974, 18.379864000000168 ], [ -65.615974, 18.379305000000102 ], [ -65.616530999999895, 18.379305000000102 ], [ -65.616530999999895, 18.378469 ], [ -65.616806, 18.378469 ], [ -65.616806, 18.378195 ], [ -65.617081, 18.378195 ], [ -65.617081, 18.374027000000183 ], [ -65.617362999999898, 18.374027000000183 ], [ -65.617362999999898, 18.372360000000128 ], [ -65.617638, 18.372360000000128 ], [ -65.617638, 18.370138000000111 ], [ -65.61792, 18.370138000000111 ], [ -65.61792, 18.369583 ], [ -65.618195, 18.369583 ], [ -65.618195, 18.36875 ], [ -65.618469, 18.36875 ], [ -65.618469, 18.367916 ], [ -65.618752, 18.367916 ], [ -65.618752, 18.367083 ], [ -65.619025999999849, 18.367083 ], [ -65.619025999999849, 18.366249 ], [ -65.619307999999819, 18.366249 ], [ -65.619307999999819, 18.36597300000011 ], [ -65.62014, 18.36597300000011 ], [ -65.62014, 18.365694000000133 ], [ -65.620972, 18.365694000000133 ], [ -65.620972, 18.365417 ], [ -65.621803, 18.365417 ], [ -65.621803, 18.365141 ], [ -65.623474, 18.365141 ], [ -65.623474, 18.364862000000187 ], [ -65.623749, 18.364862000000187 ], [ -65.623749, 18.364584 ], [ -65.62458, 18.364584 ], [ -65.62458, 18.364305000000115 ], [ -65.624862999999891, 18.364305000000115 ], [ -65.624862999999891, 18.363749 ], [ -65.62458, 18.363749 ], [ -65.62458, 18.363194 ], [ -65.62430599999982, 18.363194 ], [ -65.62430599999982, 18.362919 ], [ -65.624030999999889, 18.362919 ], [ -65.624030999999889, 18.360695 ], [ -65.623749, 18.360695 ], [ -65.623749, 18.36013800000012 ], [ -65.623474, 18.36013800000012 ], [ -65.623474, 18.359583 ], [ -65.623192, 18.359583 ], [ -65.623192, 18.358473 ], [ -65.623474, 18.358473 ], [ -65.623474, 18.358194 ], [ -65.624030999999889, 18.358194 ], [ -65.624030999999889, 18.35763900000012 ], [ -65.62430599999982, 18.35763900000012 ], [ -65.62430599999982, 18.357084 ], [ -65.62458, 18.357084 ], [ -65.62458, 18.356251 ], [ -65.624862999999891, 18.356251 ], [ -65.624862999999891, 18.355694000000142 ], [ -65.62542, 18.355694000000142 ], [ -65.62542, 18.35486 ], [ -65.625969, 18.35486 ], [ -65.625969, 18.354584000000159 ], [ -65.626251, 18.354584000000159 ], [ -65.626251, 18.354305000000124 ], [ -65.626808, 18.354305000000124 ], [ -65.626808, 18.354029 ], [ -65.627357, 18.354029 ], [ -65.627357, 18.35375 ], [ -65.62764, 18.35375 ], [ -65.62764, 18.353474000000119 ], [ -65.627914, 18.353474000000119 ], [ -65.627914, 18.353195000000142 ], [ -65.628196999999886, 18.353195000000142 ], [ -65.628196999999886, 18.352917 ], [ -65.62847099999982, 18.352917 ], [ -65.62847099999982, 18.352638 ], [ -65.629585, 18.352638 ], [ -65.629585, 18.352362000000142 ], [ -65.629859999999894, 18.352362000000142 ], [ -65.629859999999894, 18.352083000000164 ], [ -65.630417, 18.352083000000164 ], [ -65.630417, 18.351528 ], [ -65.631248, 18.351528 ], [ -65.631248, 18.351252000000159 ], [ -65.631805, 18.351252000000159 ], [ -65.631805, 18.350695 ], [ -65.63208, 18.350695 ], [ -65.63208, 18.350416 ], [ -65.632361999999887, 18.350416 ], [ -65.632361999999887, 18.350142000000119 ], [ -65.632919, 18.350142000000119 ], [ -65.632919, 18.349306 ], [ -65.633193999999889, 18.349306 ], [ -65.633193999999889, 18.346806000000129 ], [ -65.632919, 18.346806000000129 ], [ -65.632919, 18.345415000000173 ], [ -65.63346899999982, 18.345415000000173 ], [ -65.63346899999982, 18.345694000000151 ], [ -65.633751, 18.345694000000151 ], [ -65.633751, 18.345972 ], [ -65.636253, 18.345972 ], [ -65.636253, 18.345139 ], [ -65.635971, 18.345139 ], [ -65.635971, 18.344584000000168 ], [ -65.635696, 18.344584000000168 ], [ -65.635696, 18.344307000000128 ], [ -65.634865, 18.344307000000128 ], [ -65.634865, 18.344028000000151 ], [ -65.634583, 18.344028000000151 ], [ -65.634583, 18.34375 ], [ -65.630974, 18.34375 ], [ -65.630974, 18.34347200000019 ], [ -65.630691999999897, 18.34347200000019 ], [ -65.630691999999897, 18.343193 ], [ -65.630417, 18.343193 ], [ -65.630417, 18.342361 ], [ -65.630691999999897, 18.342361 ], [ -65.630691999999897, 18.340416 ], [ -65.630974, 18.340416 ], [ -65.630974, 18.340139 ], [ -65.631805, 18.340139 ], [ -65.631805, 18.33986300000015 ], [ -65.632361999999887, 18.33986300000015 ], [ -65.632361999999887, 18.339581000000123 ], [ -65.632919, 18.339581000000123 ], [ -65.632919, 18.339306 ], [ -65.63346899999982, 18.339306 ], [ -65.63346899999982, 18.338194000000101 ], [ -65.633751, 18.338194000000101 ], [ -65.633751, 18.337358 ], [ -65.633193999999889, 18.337358 ], [ -65.633193999999889, 18.337084 ], [ -65.632919, 18.337084 ], [ -65.632919, 18.336805 ], [ -65.632637, 18.336805 ], [ -65.632637, 18.336527 ], [ -65.632919, 18.336527 ], [ -65.632919, 18.336248000000182 ], [ -65.632637, 18.336248000000182 ], [ -65.632637, 18.335972 ], [ -65.631531, 18.335972 ], [ -65.631531, 18.336248000000182 ], [ -65.630142, 18.336248000000182 ], [ -65.630142, 18.335972 ], [ -65.629859999999894, 18.335972 ], [ -65.629859999999894, 18.335417000000177 ], [ -65.629585, 18.335417000000177 ], [ -65.629585, 18.334583000000123 ], [ -65.629303, 18.334583000000123 ], [ -65.629303, 18.334305 ], [ -65.628754, 18.334305 ], [ -65.628754, 18.333471 ], [ -65.62847099999982, 18.333471 ], [ -65.62847099999982, 18.332916000000182 ], [ -65.62764, 18.332916000000182 ], [ -65.62764, 18.33264 ], [ -65.627357, 18.33264 ], [ -65.627357, 18.332361000000105 ], [ -65.627083, 18.332361000000105 ], [ -65.627083, 18.332083000000182 ], [ -65.626808, 18.332083000000182 ], [ -65.626808, 18.331804 ], [ -65.626525999999899, 18.331804 ], [ -65.626525999999899, 18.329306 ], [ -65.626808, 18.329306 ], [ -65.626808, 18.32902700000011 ], [ -65.627083, 18.32902700000011 ], [ -65.627083, 18.327917000000127 ], [ -65.627357, 18.327917000000127 ], [ -65.627357, 18.327362 ], [ -65.627083, 18.327362 ], [ -65.627083, 18.327084000000127 ], [ -65.626808, 18.327084000000127 ], [ -65.626808, 18.326805 ], [ -65.626525999999899, 18.326805 ], [ -65.626525999999899, 18.32569500000011 ], [ -65.626808, 18.32569500000011 ], [ -65.626808, 18.323473 ], [ -65.627083, 18.323473 ], [ -65.627083, 18.322083 ], [ -65.626808, 18.322083 ], [ -65.626808, 18.319860000000119 ], [ -65.627083, 18.319860000000119 ], [ -65.627083, 18.319027000000119 ], [ -65.627357, 18.319027000000119 ], [ -65.627357, 18.318195 ], [ -65.62764, 18.318195 ], [ -65.62764, 18.31625 ], [ -65.627914, 18.31625 ], [ -65.627914, 18.313473000000158 ], [ -65.62764, 18.313473000000158 ], [ -65.62764, 18.311527 ], [ -65.627357, 18.311527 ], [ -65.627357, 18.310694 ], [ -65.62764, 18.310694 ], [ -65.62764, 18.30985800000019 ], [ -65.627083, 18.30985800000019 ], [ -65.627083, 18.309584 ], [ -65.62542, 18.309584 ], [ -65.62542, 18.309031000000118 ], [ -65.625137, 18.309031000000118 ], [ -65.625137, 18.307917000000145 ], [ -65.62542, 18.307917000000145 ], [ -65.62542, 18.307083 ], [ -65.625693999999896, 18.307083 ], [ -65.625693999999896, 18.305695000000185 ], [ -65.625969, 18.305695000000185 ], [ -65.625969, 18.305416 ], [ -65.625693999999896, 18.305416 ], [ -65.625693999999896, 18.30514 ], [ -65.625137, 18.30514 ], [ -65.625137, 18.304304000000172 ], [ -65.624862999999891, 18.304304000000172 ], [ -65.624862999999891, 18.303196000000185 ], [ -65.62542, 18.303196000000185 ], [ -65.62542, 18.302917 ], [ -65.625693999999896, 18.302917 ], [ -65.625693999999896, 18.30125 ], [ -65.626251, 18.30125 ], [ -65.626251, 18.300694 ], [ -65.625969, 18.300694 ], [ -65.625969, 18.299305000000118 ], [ -65.626251, 18.299305000000118 ], [ -65.626251, 18.298470000000123 ], [ -65.626808, 18.298470000000123 ], [ -65.626808, 18.2979160000001 ], [ -65.627357, 18.2979160000001 ], [ -65.627357, 18.297640000000172 ], [ -65.62764, 18.297640000000172 ], [ -65.62764, 18.296530000000189 ], [ -65.627914, 18.296530000000189 ], [ -65.627914, 18.296247 ], [ -65.629027999999892, 18.296247 ], [ -65.629027999999892, 18.295973000000117 ], [ -65.629303, 18.295973000000117 ], [ -65.629303, 18.295694 ], [ -65.629859999999894, 18.295694 ], [ -65.629859999999894, 18.295416 ], [ -65.630974, 18.295416 ], [ -65.630974, 18.295137 ], [ -65.631531, 18.295137 ], [ -65.631531, 18.2937510000001 ], [ -65.631805, 18.2937510000001 ], [ -65.631805, 18.293472000000122 ], [ -65.63208, 18.293472000000122 ], [ -65.63208, 18.293194 ], [ -65.632637, 18.293194 ], [ -65.632637, 18.292915 ], [ -65.633193999999889, 18.292915 ], [ -65.633193999999889, 18.292639000000122 ], [ -65.634025999999892, 18.292639000000122 ], [ -65.634025999999892, 18.29236 ], [ -65.634583, 18.29236 ], [ -65.634583, 18.292084 ], [ -65.634865, 18.292084 ], [ -65.634865, 18.291805 ], [ -65.635139, 18.291805 ], [ -65.635139, 18.290972 ], [ -65.635414, 18.290972 ], [ -65.635414, 18.289583 ], [ -65.635139, 18.289583 ], [ -65.635139, 18.289028 ], [ -65.634865, 18.289028 ], [ -65.634865, 18.28875 ], [ -65.634308, 18.28875 ], [ -65.634308, 18.288195 ], [ -65.63346899999982, 18.288195 ], [ -65.63346899999982, 18.28875 ], [ -65.632919, 18.28875 ], [ -65.632919, 18.289862 ], [ -65.63208, 18.289862 ], [ -65.63208, 18.289583 ], [ -65.631805, 18.289583 ], [ -65.631805, 18.289028 ], [ -65.631531, 18.289028 ], [ -65.631531, 18.28875 ], [ -65.631248, 18.28875 ], [ -65.631248, 18.287916000000109 ], [ -65.630974, 18.287916000000109 ], [ -65.630974, 18.287361 ], [ -65.630691999999897, 18.287361 ], [ -65.630691999999897, 18.286528 ], [ -65.630417, 18.286528 ], [ -65.630417, 18.285139 ], [ -65.631531, 18.285139 ], [ -65.631531, 18.284863 ], [ -65.631805, 18.284863 ], [ -65.631805, 18.284584000000109 ], [ -65.632637, 18.284584000000109 ], [ -65.632637, 18.284306 ], [ -65.633193999999889, 18.284306 ], [ -65.633193999999889, 18.284027 ], [ -65.633751, 18.284027 ], [ -65.633751, 18.283686 ], [ -65.633751, 18.28153 ], [ -65.63346899999982, 18.28153 ], [ -65.63346899999982, 18.281248000000119 ], [ -65.633193999999889, 18.281248000000119 ], [ -65.633193999999889, 18.280972 ], [ -65.632637, 18.280972 ], [ -65.632637, 18.280695 ], [ -65.63208, 18.280695 ], [ -65.63208, 18.280416 ], [ -65.630142, 18.280416 ], [ -65.630142, 18.280695 ], [ -65.629859999999894, 18.280695 ], [ -65.629859999999894, 18.280972 ], [ -65.629585, 18.280972 ], [ -65.629585, 18.281248000000119 ], [ -65.62847099999982, 18.281248000000119 ], [ -65.62847099999982, 18.280972 ], [ -65.627357, 18.280972 ], [ -65.627357, 18.281248000000119 ], [ -65.627083, 18.281248000000119 ], [ -65.627083, 18.281805 ], [ -65.626808, 18.281805 ], [ -65.626808, 18.282084 ], [ -65.625969, 18.282084 ], [ -65.625969, 18.281805 ], [ -65.62542, 18.281805 ], [ -65.62542, 18.28153 ], [ -65.624862999999891, 18.28153 ], [ -65.624862999999891, 18.280416 ], [ -65.62458, 18.280416 ], [ -65.62458, 18.279583 ], [ -65.62430599999982, 18.279583 ], [ -65.62430599999982, 18.278473 ], [ -65.624862999999891, 18.278473 ], [ -65.624862999999891, 18.278194 ], [ -65.627083, 18.278194 ], [ -65.627083, 18.27791400000018 ], [ -65.62764, 18.27791400000018 ], [ -65.62764, 18.277639000000136 ], [ -65.627914, 18.277639000000136 ], [ -65.627914, 18.277361 ], [ -65.628196999999886, 18.277361 ], [ -65.628196999999886, 18.276527000000158 ], [ -65.62847099999982, 18.276527000000158 ], [ -65.62847099999982, 18.27486 ], [ -65.628196999999886, 18.27486 ], [ -65.628196999999886, 18.274584000000118 ], [ -65.62764, 18.274584000000118 ], [ -65.62764, 18.27430500000014 ], [ -65.627083, 18.27430500000014 ], [ -65.627083, 18.274027 ], [ -65.626808, 18.274027 ], [ -65.626808, 18.27375 ], [ -65.62542, 18.27375 ], [ -65.62542, 18.273195000000158 ], [ -65.625693999999896, 18.273195000000158 ], [ -65.625693999999896, 18.272917 ], [ -65.625969, 18.272917 ], [ -65.625969, 18.272638 ], [ -65.626251, 18.272638 ], [ -65.626251, 18.272362000000157 ], [ -65.626525999999899, 18.272362000000157 ], [ -65.626525999999899, 18.27208300000018 ], [ -65.626808, 18.27208300000018 ], [ -65.626808, 18.271805 ], [ -65.62764, 18.271805 ], [ -65.62764, 18.271528 ], [ -65.62847099999982, 18.271528 ], [ -65.62847099999982, 18.270695 ], [ -65.629585, 18.270695 ], [ -65.629585, 18.270142000000135 ], [ -65.630142, 18.270142000000135 ], [ -65.630142, 18.269859000000167 ], [ -65.630417, 18.269859000000167 ], [ -65.630417, 18.269583 ], [ -65.630691999999897, 18.269583 ], [ -65.630691999999897, 18.269030000000157 ], [ -65.630974, 18.269030000000157 ], [ -65.630974, 18.267084 ], [ -65.630691999999897, 18.267084 ], [ -65.630691999999897, 18.266525000000172 ], [ -65.630417, 18.266525000000172 ], [ -65.630417, 18.26375 ], [ -65.630142, 18.26375 ], [ -65.630142, 18.263193000000172 ], [ -65.629859999999894, 18.263193000000172 ], [ -65.629859999999894, 18.262917 ], [ -65.629585, 18.262917 ], [ -65.629585, 18.262638 ], [ -65.629303, 18.262638 ], [ -65.629303, 18.262362000000167 ], [ -65.629027999999892, 18.262362000000167 ], [ -65.629027999999892, 18.262083000000189 ], [ -65.628754, 18.262083000000189 ], [ -65.628754, 18.261528000000112 ], [ -65.628196999999886, 18.261528000000112 ], [ -65.628196999999886, 18.260975 ], [ -65.62764, 18.260975 ], [ -65.62764, 18.259306 ], [ -65.627083, 18.259306 ], [ -65.627083, 18.259027000000117 ], [ -65.626808, 18.259027000000117 ], [ -65.626808, 18.258472 ], [ -65.626525999999899, 18.258472 ], [ -65.626525999999899, 18.258194000000117 ], [ -65.626251, 18.258194000000117 ], [ -65.626251, 18.257917 ], [ -65.625969, 18.257917 ], [ -65.625969, 18.257641 ], [ -65.625693999999896, 18.257641 ], [ -65.625693999999896, 18.257359000000122 ], [ -65.62542, 18.257359000000122 ], [ -65.62542, 18.257084 ], [ -65.625137, 18.257084 ], [ -65.625137, 18.256805 ], [ -65.62458, 18.256805 ], [ -65.62458, 18.256527 ], [ -65.62430599999982, 18.256527 ], [ -65.62430599999982, 18.256248 ], [ -65.624030999999889, 18.256248 ], [ -65.624030999999889, 18.255972 ], [ -65.623749, 18.255972 ], [ -65.623749, 18.255695000000117 ], [ -65.623192, 18.255695000000117 ], [ -65.623192, 18.255419000000188 ], [ -65.62236, 18.255419000000188 ], [ -65.62236, 18.255138 ], [ -65.621803, 18.255138 ], [ -65.621803, 18.254862000000116 ], [ -65.620972, 18.254862000000116 ], [ -65.620972, 18.254583 ], [ -65.620415, 18.254583 ], [ -65.620415, 18.254862000000116 ], [ -65.619583, 18.254862000000116 ], [ -65.619583, 18.255138 ], [ -65.619307999999819, 18.255138 ], [ -65.619307999999819, 18.254862000000116 ], [ -65.618469, 18.254862000000116 ], [ -65.618469, 18.254583 ], [ -65.615692, 18.254583 ], [ -65.615692, 18.254862000000116 ], [ -65.615417, 18.254862000000116 ], [ -65.615417, 18.255138 ], [ -65.614860999999848, 18.255138 ], [ -65.614860999999848, 18.255419000000188 ], [ -65.614304, 18.255419000000188 ], [ -65.614304, 18.255695000000117 ], [ -65.613747, 18.255695000000117 ], [ -65.613747, 18.255972 ], [ -65.613197, 18.255972 ], [ -65.613197, 18.256248 ], [ -65.612915, 18.256248 ], [ -65.612915, 18.256527 ], [ -65.61264, 18.256527 ], [ -65.61264, 18.256805 ], [ -65.611809, 18.256805 ], [ -65.611809, 18.257084 ], [ -65.611526, 18.257084 ], [ -65.611526, 18.259306 ], [ -65.611252, 18.259306 ], [ -65.611252, 18.259863000000166 ], [ -65.61097, 18.259863000000166 ], [ -65.61097, 18.260139 ], [ -65.610694999999851, 18.260139 ], [ -65.610694999999851, 18.260416 ], [ -65.609581, 18.260416 ], [ -65.609581, 18.260139 ], [ -65.608475, 18.260139 ], [ -65.608475, 18.260416 ], [ -65.608192, 18.260416 ], [ -65.608192, 18.260695000000112 ], [ -65.607918, 18.260695000000112 ], [ -65.607918, 18.260975 ], [ -65.607361, 18.260975 ], [ -65.607361, 18.261250000000189 ], [ -65.604858, 18.261250000000189 ], [ -65.604858, 18.260975 ], [ -65.604309, 18.260975 ], [ -65.604309, 18.259306 ], [ -65.604584, 18.259306 ], [ -65.604584, 18.259027000000117 ], [ -65.60541499999988, 18.259027000000117 ], [ -65.60541499999988, 18.258753000000183 ], [ -65.605697999999848, 18.258753000000183 ], [ -65.605697999999848, 18.258472 ], [ -65.605972, 18.258472 ], [ -65.605972, 18.257084 ], [ -65.607086, 18.257084 ], [ -65.607086, 18.256805 ], [ -65.608749, 18.256805 ], [ -65.608749, 18.256527 ], [ -65.609024, 18.256527 ], [ -65.609024, 18.256248 ], [ -65.609306, 18.256248 ], [ -65.609306, 18.25264 ], [ -65.609024, 18.25264 ], [ -65.609024, 18.252361000000121 ], [ -65.608749, 18.252361000000121 ], [ -65.608749, 18.251249000000143 ], [ -65.608475, 18.251249000000143 ], [ -65.608475, 18.250694 ], [ -65.608192, 18.250694 ], [ -65.608192, 18.250416000000143 ], [ -65.607918, 18.250416000000143 ], [ -65.607918, 18.250139000000104 ], [ -65.607635, 18.250139000000104 ], [ -65.607635, 18.249584 ], [ -65.607086, 18.249584 ], [ -65.607086, 18.249306000000104 ], [ -65.606804, 18.249306000000104 ], [ -65.606804, 18.249027000000126 ], [ -65.606246999999883, 18.249027000000126 ], [ -65.606246999999883, 18.247639 ], [ -65.605972, 18.247639 ], [ -65.605972, 18.24736 ], [ -65.605697999999848, 18.24736 ], [ -65.605697999999848, 18.246805000000109 ], [ -65.60541499999988, 18.246805000000109 ], [ -65.60541499999988, 18.245974000000103 ], [ -65.605141, 18.245974000000103 ], [ -65.605141, 18.245695000000126 ], [ -65.604858, 18.245695000000126 ], [ -65.604858, 18.245417 ], [ -65.604584, 18.245417 ], [ -65.604584, 18.244862000000126 ], [ -65.604309, 18.244862000000126 ], [ -65.604309, 18.244028 ], [ -65.604027, 18.244028 ], [ -65.604027, 18.243752000000143 ], [ -65.603752, 18.243752000000143 ], [ -65.603752, 18.243473000000108 ], [ -65.60347, 18.243473000000108 ], [ -65.60347, 18.243195 ], [ -65.603195, 18.243195 ], [ -65.603195, 18.242638000000113 ], [ -65.602912999999887, 18.242638000000113 ], [ -65.602912999999887, 18.241247000000158 ], [ -65.603195, 18.241247000000158 ], [ -65.603195, 18.240137000000175 ], [ -65.602912999999887, 18.240137000000175 ], [ -65.602912999999887, 18.239584 ], [ -65.602638, 18.239584 ], [ -65.602638, 18.237638000000175 ], [ -65.602364, 18.237638000000175 ], [ -65.602364, 18.237362 ], [ -65.601807, 18.237362 ], [ -65.601807, 18.237083 ], [ -65.601524, 18.237083 ], [ -65.601524, 18.236528000000135 ], [ -65.601249999999879, 18.236528000000135 ], [ -65.601249999999879, 18.23625 ], [ -65.600693, 18.23625 ], [ -65.600693, 18.235971 ], [ -65.599861, 18.235971 ], [ -65.599861, 18.235695000000135 ], [ -65.599304, 18.235695000000135 ], [ -65.599304, 18.235416000000157 ], [ -65.59903, 18.235416000000157 ], [ -65.59903, 18.235138 ], [ -65.598746999999889, 18.235138 ], [ -65.598746999999889, 18.234861 ], [ -65.598198, 18.234861 ], [ -65.598198, 18.234585000000152 ], [ -65.597915999999884, 18.234585000000152 ], [ -65.597915999999884, 18.234306000000174 ], [ -65.597083999999882, 18.234306000000174 ], [ -65.597083999999882, 18.234028 ], [ -65.596802, 18.234028 ], [ -65.596802, 18.233749 ], [ -65.596527, 18.233749 ], [ -65.596527, 18.233473000000174 ], [ -65.596251999999879, 18.233473000000174 ], [ -65.596251999999879, 18.232639 ], [ -65.59597, 18.232639 ], [ -65.59597, 18.232363000000134 ], [ -65.595695, 18.232363000000134 ], [ -65.595695, 18.232084000000157 ], [ -65.595412999999894, 18.232084000000157 ], [ -65.595412999999894, 18.231806 ], [ -65.595139, 18.231806 ], [ -65.595139, 18.231527 ], [ -65.594864, 18.231527 ], [ -65.594864, 18.231253000000152 ], [ -65.594581999999889, 18.231253000000152 ], [ -65.594581999999889, 18.230972000000179 ], [ -65.592917999999884, 18.230972000000179 ], [ -65.592917999999884, 18.231253000000152 ], [ -65.592086999999879, 18.231253000000152 ], [ -65.592086999999879, 18.230417 ], [ -65.591805, 18.230417 ], [ -65.591805, 18.230141000000174 ], [ -65.59153, 18.230141000000174 ], [ -65.59153, 18.229858 ], [ -65.590415999999891, 18.229858 ], [ -65.590415999999891, 18.229584 ], [ -65.590141, 18.229584 ], [ -65.590141, 18.229305 ], [ -65.589859, 18.229305 ], [ -65.589859, 18.229031000000134 ], [ -65.589583999999888, 18.229031000000134 ], [ -65.589583999999888, 18.228748000000166 ], [ -65.589302, 18.228748000000166 ], [ -65.589302, 18.227636000000189 ], [ -65.591247999999894, 18.227636000000189 ], [ -65.591247999999894, 18.227362 ], [ -65.59153, 18.227362 ], [ -65.59153, 18.227083000000107 ], [ -65.591805, 18.227083000000107 ], [ -65.591805, 18.224304000000188 ], [ -65.592086999999879, 18.224304000000188 ], [ -65.592086999999879, 18.223749000000112 ], [ -65.594025, 18.223749000000112 ], [ -65.594025, 18.224304000000188 ], [ -65.594581999999889, 18.224304000000188 ], [ -65.594581999999889, 18.224583000000166 ], [ -65.594864, 18.224583000000166 ], [ -65.594864, 18.224861 ], [ -65.595139, 18.224861 ], [ -65.595139, 18.225416000000166 ], [ -65.59597, 18.225416000000166 ], [ -65.59597, 18.225695 ], [ -65.596251999999879, 18.225695 ], [ -65.596251999999879, 18.225973 ], [ -65.596527, 18.225973 ], [ -65.596527, 18.226250000000107 ], [ -65.596802, 18.226250000000107 ], [ -65.596802, 18.226526 ], [ -65.597083999999882, 18.226526 ], [ -65.597083999999882, 18.226805000000184 ], [ -65.597359, 18.226805000000184 ], [ -65.597359, 18.227083000000107 ], [ -65.597641, 18.227083000000107 ], [ -65.597641, 18.227362 ], [ -65.598746999999889, 18.227362 ], [ -65.598746999999889, 18.227636000000189 ], [ -65.599586, 18.227636000000189 ], [ -65.599586, 18.227919000000156 ], [ -65.599861, 18.227919000000156 ], [ -65.599861, 18.228195 ], [ -65.600418, 18.228195 ], [ -65.600418, 18.228472 ], [ -65.600693, 18.228472 ], [ -65.600693, 18.228748000000166 ], [ -65.600975, 18.228748000000166 ], [ -65.600975, 18.229584 ], [ -65.601524, 18.229584 ], [ -65.601524, 18.229858 ], [ -65.601807, 18.229858 ], [ -65.601807, 18.230141000000174 ], [ -65.602080999999885, 18.230141000000174 ], [ -65.602080999999885, 18.229858 ], [ -65.602912999999887, 18.229858 ], [ -65.602912999999887, 18.229584 ], [ -65.603195, 18.229584 ], [ -65.603195, 18.229305 ], [ -65.60347, 18.229305 ], [ -65.60347, 18.228748000000166 ], [ -65.603752, 18.228748000000166 ], [ -65.603752, 18.228195 ], [ -65.604309, 18.228195 ], [ -65.604309, 18.227919000000156 ], [ -65.604584, 18.227919000000156 ], [ -65.604584, 18.227636000000189 ], [ -65.604858, 18.227636000000189 ], [ -65.604858, 18.227362 ], [ -65.605141, 18.227362 ], [ -65.605141, 18.226526 ], [ -65.60541499999988, 18.226526 ], [ -65.60541499999988, 18.225973 ], [ -65.605697999999848, 18.225973 ], [ -65.605697999999848, 18.225695 ], [ -65.605972, 18.225695 ], [ -65.605972, 18.22514 ], [ -65.605697999999848, 18.22514 ], [ -65.605697999999848, 18.224304000000188 ], [ -65.605972, 18.224304000000188 ], [ -65.605972, 18.224028 ], [ -65.605697999999848, 18.224028 ], [ -65.605697999999848, 18.223194 ], [ -65.60541499999988, 18.223194 ], [ -65.60541499999988, 18.222082 ], [ -65.605141, 18.222082 ], [ -65.605141, 18.221527 ], [ -65.604309, 18.221527 ], [ -65.604309, 18.221251000000166 ], [ -65.604027, 18.221251000000166 ], [ -65.604027, 18.220972000000188 ], [ -65.603752, 18.220972000000188 ], [ -65.603752, 18.219584000000111 ], [ -65.604027, 18.219584000000111 ], [ -65.604027, 18.217361 ], [ -65.604584, 18.217361 ], [ -65.604584, 18.217081000000121 ], [ -65.605141, 18.217081000000121 ], [ -65.605141, 18.216806 ], [ -65.605697999999848, 18.216806 ], [ -65.605697999999848, 18.217361 ], [ -65.606529, 18.217361 ], [ -65.606529, 18.216806 ], [ -65.606804, 18.216806 ], [ -65.606804, 18.21653 ], [ -65.607086, 18.21653 ], [ -65.607086, 18.215694 ], [ -65.606804, 18.215694 ], [ -65.606804, 18.215137 ], [ -65.606529, 18.215137 ], [ -65.606529, 18.214861 ], [ -65.606246999999883, 18.214861 ], [ -65.606246999999883, 18.214308000000187 ], [ -65.605697999999848, 18.214308000000187 ], [ -65.605697999999848, 18.214027 ], [ -65.604858, 18.214027 ], [ -65.604858, 18.213751000000116 ], [ -65.601807, 18.213751000000116 ], [ -65.601807, 18.213472000000138 ], [ -65.59903, 18.213472000000138 ], [ -65.59903, 18.213194 ], [ -65.598473, 18.213194 ], [ -65.598473, 18.212915 ], [ -65.598198, 18.212915 ], [ -65.598198, 18.210972 ], [ -65.598473, 18.210972 ], [ -65.598473, 18.21041700000012 ], [ -65.600418, 18.21041700000012 ], [ -65.600418, 18.210972 ], [ -65.600693, 18.210972 ], [ -65.600693, 18.211250000000121 ], [ -65.601524, 18.211250000000121 ], [ -65.601524, 18.211527000000103 ], [ -65.602080999999885, 18.211527000000103 ], [ -65.602080999999885, 18.21041700000012 ], [ -65.604584, 18.21041700000012 ], [ -65.604584, 18.210972 ], [ -65.604858, 18.210972 ], [ -65.604858, 18.211250000000121 ], [ -65.60541499999988, 18.211250000000121 ], [ -65.60541499999988, 18.212084 ], [ -65.605141, 18.212084 ], [ -65.605141, 18.212915 ], [ -65.60541499999988, 18.212915 ], [ -65.60541499999988, 18.213194 ], [ -65.605972, 18.213194 ], [ -65.605972, 18.213472000000138 ], [ -65.606246999999883, 18.213472000000138 ], [ -65.606246999999883, 18.213751000000116 ], [ -65.606529, 18.213751000000116 ], [ -65.606529, 18.214027 ], [ -65.607086, 18.214027 ], [ -65.607086, 18.214308000000187 ], [ -65.607361, 18.214308000000187 ], [ -65.607361, 18.214582000000121 ], [ -65.607918, 18.214582000000121 ], [ -65.607918, 18.214861 ], [ -65.608749, 18.214861 ], [ -65.608749, 18.214582000000121 ], [ -65.609581, 18.214582000000121 ], [ -65.609581, 18.214308000000187 ], [ -65.609862999999848, 18.214308000000187 ], [ -65.609862999999848, 18.211805 ], [ -65.610138, 18.211805 ], [ -65.610138, 18.210972 ], [ -65.611252, 18.210972 ], [ -65.611252, 18.211250000000121 ], [ -65.611526, 18.211250000000121 ], [ -65.611526, 18.211805 ], [ -65.611809, 18.211805 ], [ -65.611809, 18.212360000000103 ], [ -65.612083, 18.212360000000103 ], [ -65.612083, 18.214308000000187 ], [ -65.612358, 18.214308000000187 ], [ -65.612358, 18.215137 ], [ -65.61264, 18.215137 ], [ -65.61264, 18.21653 ], [ -65.612358, 18.21653 ], [ -65.612358, 18.218470000000138 ], [ -65.61264, 18.218470000000138 ], [ -65.61264, 18.219028 ], [ -65.612915, 18.219028 ], [ -65.612915, 18.219584000000111 ], [ -65.613197, 18.219584000000111 ], [ -65.613197, 18.219864 ], [ -65.613472, 18.219864 ], [ -65.613472, 18.220139000000188 ], [ -65.613747, 18.220139000000188 ], [ -65.613747, 18.220694 ], [ -65.614304, 18.220694 ], [ -65.614304, 18.220972000000188 ], [ -65.614586, 18.220972000000188 ], [ -65.614586, 18.221251000000166 ], [ -65.615135, 18.221251000000166 ], [ -65.615135, 18.221527 ], [ -65.615417, 18.221527 ], [ -65.615417, 18.221806 ], [ -65.615692, 18.221806 ], [ -65.615692, 18.222082 ], [ -65.615974, 18.222082 ], [ -65.615974, 18.222361 ], [ -65.616249, 18.222361 ], [ -65.616249, 18.222639 ], [ -65.616530999999895, 18.222639 ], [ -65.616530999999895, 18.222918000000107 ], [ -65.617638, 18.222918000000107 ], [ -65.617638, 18.223194 ], [ -65.618195, 18.223194 ], [ -65.618195, 18.222918000000107 ], [ -65.618469, 18.222918000000107 ], [ -65.618469, 18.222639 ], [ -65.618752, 18.222639 ], [ -65.618752, 18.222361 ], [ -65.619025999999849, 18.222361 ], [ -65.619025999999849, 18.222082 ], [ -65.619583, 18.222082 ], [ -65.619583, 18.222361 ], [ -65.619857999999851, 18.222361 ], [ -65.619857999999851, 18.223194 ], [ -65.619583, 18.223194 ], [ -65.619583, 18.223473000000183 ], [ -65.619025999999849, 18.223473000000183 ], [ -65.619025999999849, 18.223749000000112 ], [ -65.618195, 18.223749000000112 ], [ -65.618195, 18.224583000000166 ], [ -65.61792, 18.224583000000166 ], [ -65.61792, 18.225973 ], [ -65.617638, 18.225973 ], [ -65.617638, 18.226526 ], [ -65.617362999999898, 18.226526 ], [ -65.617362999999898, 18.226805000000184 ], [ -65.617081, 18.226805000000184 ], [ -65.617081, 18.227362 ], [ -65.617638, 18.227362 ], [ -65.617638, 18.227636000000189 ], [ -65.61792, 18.227636000000189 ], [ -65.61792, 18.227919000000156 ], [ -65.618195, 18.227919000000156 ], [ -65.618195, 18.228195 ], [ -65.618469, 18.228195 ], [ -65.618469, 18.227919000000156 ], [ -65.619025999999849, 18.227919000000156 ], [ -65.619025999999849, 18.227636000000189 ], [ -65.619307999999819, 18.227636000000189 ], [ -65.619307999999819, 18.227362 ], [ -65.619583, 18.227362 ], [ -65.619583, 18.227636000000189 ], [ -65.62014, 18.227636000000189 ], [ -65.62014, 18.228472 ], [ -65.620415, 18.228472 ], [ -65.620415, 18.229031000000134 ], [ -65.621246, 18.229031000000134 ], [ -65.621246, 18.228748000000166 ], [ -65.621528999999896, 18.228748000000166 ], [ -65.621528999999896, 18.228195 ], [ -65.621803, 18.228195 ], [ -65.621803, 18.227919000000156 ], [ -65.622086, 18.227919000000156 ], [ -65.622086, 18.227636000000189 ], [ -65.62236, 18.227636000000189 ], [ -65.62236, 18.227083000000107 ], [ -65.622643, 18.227083000000107 ], [ -65.622643, 18.226805000000184 ], [ -65.622917, 18.226805000000184 ], [ -65.622917, 18.226526 ], [ -65.623192, 18.226526 ], [ -65.623192, 18.225973 ], [ -65.623474, 18.225973 ], [ -65.623474, 18.225695 ], [ -65.623749, 18.225695 ], [ -65.623749, 18.225416000000166 ], [ -65.624030999999889, 18.225416000000166 ], [ -65.624030999999889, 18.224861 ], [ -65.62430599999982, 18.224861 ], [ -65.62430599999982, 18.224583000000166 ], [ -65.62458, 18.224583000000166 ], [ -65.62458, 18.224304000000188 ], [ -65.624862999999891, 18.224304000000188 ], [ -65.624862999999891, 18.223749000000112 ], [ -65.625693999999896, 18.223749000000112 ], [ -65.625693999999896, 18.224028 ], [ -65.625969, 18.224028 ], [ -65.625969, 18.224304000000188 ], [ -65.625693999999896, 18.224304000000188 ], [ -65.625693999999896, 18.224583000000166 ], [ -65.62542, 18.224583000000166 ], [ -65.62542, 18.22514 ], [ -65.625137, 18.22514 ], [ -65.625137, 18.225416000000166 ], [ -65.624862999999891, 18.225416000000166 ], [ -65.624862999999891, 18.225695 ], [ -65.62458, 18.225695 ], [ -65.62458, 18.226250000000107 ], [ -65.62430599999982, 18.226250000000107 ], [ -65.62430599999982, 18.226526 ], [ -65.624030999999889, 18.226526 ], [ -65.624030999999889, 18.226805000000184 ], [ -65.623749, 18.226805000000184 ], [ -65.623749, 18.227362 ], [ -65.623474, 18.227362 ], [ -65.623474, 18.227636000000189 ], [ -65.623192, 18.227636000000189 ], [ -65.623192, 18.227919000000156 ], [ -65.622917, 18.227919000000156 ], [ -65.622917, 18.228472 ], [ -65.622643, 18.228472 ], [ -65.622643, 18.228748000000166 ], [ -65.62236, 18.228748000000166 ], [ -65.62236, 18.229584 ], [ -65.622086, 18.229584 ], [ -65.622086, 18.230972000000179 ], [ -65.62236, 18.230972000000179 ], [ -65.62236, 18.231806 ], [ -65.622643, 18.231806 ], [ -65.622643, 18.232084000000157 ], [ -65.623192, 18.232084000000157 ], [ -65.623192, 18.232363000000134 ], [ -65.624030999999889, 18.232363000000134 ], [ -65.624030999999889, 18.232639 ], [ -65.625137, 18.232639 ], [ -65.625137, 18.232363000000134 ], [ -65.626251, 18.232363000000134 ], [ -65.626251, 18.232084000000157 ], [ -65.626808, 18.232084000000157 ], [ -65.626808, 18.232363000000134 ], [ -65.627083, 18.232363000000134 ], [ -65.627083, 18.232639 ], [ -65.627914, 18.232639 ], [ -65.627914, 18.232916 ], [ -65.628196999999886, 18.232916 ], [ -65.628196999999886, 18.233194 ], [ -65.62847099999982, 18.233194 ], [ -65.62847099999982, 18.233473000000174 ], [ -65.630691999999897, 18.233473000000174 ], [ -65.630691999999897, 18.233194 ], [ -65.631531, 18.233194 ], [ -65.631531, 18.232916 ], [ -65.631805, 18.232916 ], [ -65.631805, 18.232639 ], [ -65.63208, 18.232639 ], [ -65.63208, 18.232363000000134 ], [ -65.632361999999887, 18.232363000000134 ], [ -65.632361999999887, 18.232084000000157 ], [ -65.632637, 18.232084000000157 ], [ -65.632637, 18.231806 ], [ -65.632919, 18.231806 ], [ -65.632919, 18.231253000000152 ], [ -65.634025999999892, 18.231253000000152 ], [ -65.634025999999892, 18.230972000000179 ], [ -65.634308, 18.230972000000179 ], [ -65.634308, 18.230417 ], [ -65.635139, 18.230417 ], [ -65.635139, 18.230141000000174 ], [ -65.635414, 18.230141000000174 ], [ -65.635414, 18.229858 ], [ -65.635696, 18.229858 ], [ -65.635696, 18.229584 ], [ -65.635971, 18.229584 ], [ -65.635971, 18.229305 ], [ -65.636253, 18.229305 ], [ -65.636253, 18.229031000000134 ], [ -65.636527999999885, 18.229031000000134 ], [ -65.636527999999885, 18.228748000000166 ], [ -65.637085, 18.228748000000166 ], [ -65.637085, 18.228472 ], [ -65.637359999999887, 18.228472 ], [ -65.637359999999887, 18.22514 ], [ -65.637085, 18.22514 ], [ -65.637085, 18.224861 ], [ -65.636803, 18.224861 ], [ -65.636803, 18.224583000000166 ], [ -65.636527999999885, 18.224583000000166 ], [ -65.636527999999885, 18.224304000000188 ], [ -65.635696, 18.224304000000188 ], [ -65.635696, 18.223473000000183 ], [ -65.636253, 18.223473000000183 ], [ -65.636253, 18.223194 ], [ -65.636527999999885, 18.223194 ], [ -65.636527999999885, 18.222918000000107 ], [ -65.636803, 18.222918000000107 ], [ -65.636803, 18.222361 ], [ -65.637085, 18.222361 ], [ -65.637085, 18.222082 ], [ -65.637359999999887, 18.222082 ], [ -65.637359999999887, 18.221806 ], [ -65.638190999999892, 18.221806 ], [ -65.638190999999892, 18.221527 ], [ -65.638474, 18.221527 ], [ -65.638474, 18.220972000000188 ], [ -65.638748, 18.220972000000188 ], [ -65.638748, 18.220417000000111 ], [ -65.63958, 18.220417000000111 ], [ -65.63958, 18.220139000000188 ], [ -65.639305, 18.220139000000188 ], [ -65.639305, 18.219864 ], [ -65.63903, 18.219864 ], [ -65.63903, 18.219584000000111 ], [ -65.638748, 18.219584000000111 ], [ -65.638748, 18.219305 ], [ -65.638474, 18.219305 ], [ -65.638474, 18.218752000000165 ], [ -65.637085, 18.218752000000165 ], [ -65.637085, 18.218470000000138 ], [ -65.636803, 18.218470000000138 ], [ -65.636803, 18.218195 ], [ -65.635139, 18.218195 ], [ -65.635139, 18.217916000000116 ], [ -65.632637, 18.217916000000116 ], [ -65.632637, 18.217361 ], [ -65.632361999999887, 18.217361 ], [ -65.632361999999887, 18.215137 ], [ -65.632637, 18.215137 ], [ -65.632637, 18.214027 ], [ -65.632361999999887, 18.214027 ], [ -65.632361999999887, 18.213751000000116 ], [ -65.63208, 18.213751000000116 ], [ -65.63208, 18.213472000000138 ], [ -65.631805, 18.213472000000138 ], [ -65.631805, 18.212915 ], [ -65.631248, 18.212915 ], [ -65.631248, 18.212639000000138 ], [ -65.630974, 18.212639000000138 ], [ -65.630974, 18.211805 ], [ -65.630691999999897, 18.211805 ], [ -65.630691999999897, 18.210972 ], [ -65.630974, 18.210972 ], [ -65.630974, 18.210695 ], [ -65.631248, 18.210695 ], [ -65.631248, 18.21041700000012 ], [ -65.631805, 18.21041700000012 ], [ -65.631805, 18.209862 ], [ -65.634308, 18.209862 ], [ -65.634308, 18.21041700000012 ], [ -65.634583, 18.21041700000012 ], [ -65.634583, 18.210138000000143 ], [ -65.634865, 18.210138000000143 ], [ -65.634865, 18.209862 ], [ -65.635139, 18.209862 ], [ -65.635139, 18.209028000000103 ], [ -65.635414, 18.209028000000103 ], [ -65.635414, 18.205694000000108 ], [ -65.634865, 18.205694000000108 ], [ -65.634865, 18.205416 ], [ -65.634025999999892, 18.205416 ], [ -65.634025999999892, 18.205694000000108 ], [ -65.633751, 18.205694000000108 ], [ -65.633751, 18.206249 ], [ -65.63346899999982, 18.206249 ], [ -65.63346899999982, 18.206528 ], [ -65.632637, 18.206528 ], [ -65.632637, 18.206806000000142 ], [ -65.63208, 18.206806000000142 ], [ -65.63208, 18.20764 ], [ -65.631805, 18.20764 ], [ -65.631805, 18.208195000000103 ], [ -65.631531, 18.208195000000103 ], [ -65.631531, 18.208471 ], [ -65.630974, 18.208471 ], [ -65.630974, 18.20875 ], [ -65.630691999999897, 18.20875 ], [ -65.630691999999897, 18.209305000000143 ], [ -65.630417, 18.209305000000143 ], [ -65.630417, 18.209583 ], [ -65.630142, 18.209583 ], [ -65.630142, 18.209862 ], [ -65.629585, 18.209862 ], [ -65.629585, 18.209583 ], [ -65.629303, 18.209583 ], [ -65.629303, 18.209028000000103 ], [ -65.629027999999892, 18.209028000000103 ], [ -65.629027999999892, 18.208471 ], [ -65.628754, 18.208471 ], [ -65.628754, 18.208195000000103 ], [ -65.62764, 18.208195000000103 ], [ -65.62764, 18.205973000000142 ], [ -65.627914, 18.205973000000142 ], [ -65.627914, 18.205694000000108 ], [ -65.628196999999886, 18.205694000000108 ], [ -65.628196999999886, 18.204584000000125 ], [ -65.628754, 18.204584000000125 ], [ -65.628754, 18.204306 ], [ -65.629027999999892, 18.204306 ], [ -65.629027999999892, 18.203751000000125 ], [ -65.629303, 18.203751000000125 ], [ -65.629303, 18.203194 ], [ -65.629585, 18.203194 ], [ -65.629585, 18.202917 ], [ -65.629859999999894, 18.202917 ], [ -65.629859999999894, 18.202641000000142 ], [ -65.630417, 18.202641000000142 ], [ -65.630417, 18.202084 ], [ -65.631531, 18.202084 ], [ -65.631531, 18.20153 ], [ -65.631248, 18.20153 ], [ -65.631248, 18.200697 ], [ -65.630974, 18.200697 ], [ -65.630974, 18.200136000000157 ], [ -65.632637, 18.200136000000157 ], [ -65.632637, 18.199862 ], [ -65.633193999999889, 18.199862 ], [ -65.633193999999889, 18.199583 ], [ -65.635696, 18.199583 ], [ -65.635696, 18.201805 ], [ -65.635971, 18.201805 ], [ -65.635971, 18.203194 ], [ -65.636253, 18.203194 ], [ -65.636253, 18.203751000000125 ], [ -65.636803, 18.203751000000125 ], [ -65.636803, 18.204027 ], [ -65.637085, 18.204027 ], [ -65.637085, 18.204584000000125 ], [ -65.637359999999887, 18.204584000000125 ], [ -65.637359999999887, 18.205416 ], [ -65.637642, 18.205416 ], [ -65.637642, 18.205694000000108 ], [ -65.637917, 18.205694000000108 ], [ -65.637917, 18.206528 ], [ -65.63903, 18.206528 ], [ -65.63903, 18.205973000000142 ], [ -65.639305, 18.205973000000142 ], [ -65.639305, 18.205139 ], [ -65.63958, 18.205139 ], [ -65.63958, 18.204584000000125 ], [ -65.639862, 18.204584000000125 ], [ -65.639862, 18.203751000000125 ], [ -65.640137, 18.203751000000125 ], [ -65.640137, 18.203470000000152 ], [ -65.640694, 18.203470000000152 ], [ -65.640694, 18.202917 ], [ -65.640975999999853, 18.202917 ], [ -65.640975999999853, 18.202084 ], [ -65.641251, 18.202084 ], [ -65.641251, 18.20153 ], [ -65.640975999999853, 18.20153 ], [ -65.640975999999853, 18.200972 ], [ -65.640694, 18.200972 ], [ -65.640694, 18.200697 ], [ -65.640137, 18.200697 ], [ -65.640137, 18.20041700000013 ], [ -65.639862, 18.20041700000013 ], [ -65.639862, 18.200136000000157 ], [ -65.640137, 18.200136000000157 ], [ -65.640137, 18.199862 ], [ -65.640694, 18.199862 ], [ -65.640694, 18.199583 ], [ -65.641524999999888, 18.199583 ], [ -65.641524999999888, 18.200136000000157 ], [ -65.642365, 18.200136000000157 ], [ -65.642365, 18.20041700000013 ], [ -65.642639, 18.20041700000013 ], [ -65.642639, 18.200136000000157 ], [ -65.642914, 18.200136000000157 ], [ -65.642914, 18.199583 ], [ -65.643196, 18.199583 ], [ -65.643196, 18.199308 ], [ -65.643471, 18.199308 ], [ -65.643471, 18.198195000000169 ], [ -65.643753, 18.198195000000169 ], [ -65.643753, 18.197914 ], [ -65.644859, 18.197914 ], [ -65.644859, 18.198195000000169 ], [ -65.645416, 18.198195000000169 ], [ -65.645416, 18.198473 ], [ -65.645690999999886, 18.198473 ], [ -65.645690999999886, 18.19875 ], [ -65.645972999999856, 18.19875 ], [ -65.645972999999856, 18.199026000000174 ], [ -65.64653, 18.199026000000174 ], [ -65.64653, 18.199308 ], [ -65.647362, 18.199308 ], [ -65.647362, 18.199583 ], [ -65.648476, 18.199583 ], [ -65.648476, 18.200136000000157 ], [ -65.64875, 18.200136000000157 ], [ -65.64875, 18.20041700000013 ], [ -65.649864, 18.20041700000013 ], [ -65.649864, 18.200136000000157 ], [ -65.651123, 18.200136000000157 ], [ -65.651802, 18.200136000000157 ], [ -65.651802, 18.20041700000013 ], [ -65.652084, 18.20041700000013 ], [ -65.652084, 18.200697 ], [ -65.652359, 18.200697 ], [ -65.652359, 18.201433000000179 ], [ -65.652359, 18.201805 ], [ -65.652641, 18.201805 ], [ -65.652641, 18.202362000000107 ], [ -65.652916, 18.202362000000107 ], [ -65.652916, 18.202917 ], [ -65.653198, 18.202917 ], [ -65.653198, 18.203194 ], [ -65.653473, 18.203194 ], [ -65.653473, 18.203470000000152 ], [ -65.65403, 18.203470000000152 ], [ -65.65403, 18.203751000000125 ], [ -65.654305, 18.203751000000125 ], [ -65.654305, 18.204027 ], [ -65.654586999999822, 18.204027 ], [ -65.654586999999822, 18.204584000000125 ], [ -65.654861, 18.204584000000125 ], [ -65.654861, 18.204863000000103 ], [ -65.655135999999857, 18.204863000000103 ], [ -65.655135999999857, 18.205139 ], [ -65.655693, 18.205139 ], [ -65.655693, 18.205416 ], [ -65.655974999999899, 18.205416 ], [ -65.655974999999899, 18.205694000000108 ], [ -65.656432999999879, 18.205694000000108 ], [ -65.656844999999862, 18.205694000000108 ], [ -65.657082, 18.205694000000108 ], [ -65.657082, 18.205973000000142 ], [ -65.658195, 18.205973000000142 ], [ -65.658195, 18.206249 ], [ -65.659027, 18.206249 ], [ -65.659027, 18.206528 ], [ -65.660048999999844, 18.206528 ], [ -65.660416, 18.206528 ], [ -65.660416, 18.206249 ], [ -65.66153, 18.206249 ], [ -65.66153, 18.206806000000142 ], [ -65.662361, 18.206806000000142 ], [ -65.662361, 18.207083000000125 ], [ -65.663474999999892, 18.207083000000125 ], [ -65.663474999999892, 18.206806000000142 ], [ -65.664306999999894, 18.206806000000142 ], [ -65.664306999999894, 18.206528 ], [ -65.664581, 18.206528 ], [ -65.664581, 18.205973000000142 ], [ -65.664864, 18.205973000000142 ], [ -65.664864, 18.205694000000108 ], [ -65.665137999999899, 18.205694000000108 ], [ -65.665137999999899, 18.205416 ], [ -65.665695, 18.205416 ], [ -65.665695, 18.205139 ], [ -65.66597, 18.205139 ], [ -65.66597, 18.204584000000125 ], [ -65.666252, 18.204584000000125 ], [ -65.666252, 18.204306 ], [ -65.666809, 18.204306 ], [ -65.666809, 18.204027 ], [ -65.667084, 18.204027 ], [ -65.667084, 18.203751000000125 ], [ -65.667358, 18.203751000000125 ], [ -65.667358, 18.203470000000152 ], [ -65.668198, 18.203470000000152 ], [ -65.668198, 18.202084 ], [ -65.668471999999895, 18.202084 ], [ -65.668471999999895, 18.20153 ], [ -65.668746999999826, 18.20153 ], [ -65.668746999999826, 18.201248000000135 ], [ -65.669303999999897, 18.201248000000135 ], [ -65.669303999999897, 18.200972 ], [ -65.670135, 18.200972 ], [ -65.670135, 18.20041700000013 ], [ -65.670692, 18.20041700000013 ], [ -65.670692, 18.200136000000157 ], [ -65.670975, 18.200136000000157 ], [ -65.670975, 18.199583 ], [ -65.672080999999878, 18.199583 ], [ -65.672080999999878, 18.199862 ], [ -65.67292, 18.199862 ], [ -65.67292, 18.200136000000157 ], [ -65.673195, 18.200136000000157 ], [ -65.673195, 18.20041700000013 ], [ -65.673752, 18.20041700000013 ], [ -65.673752, 18.200697 ], [ -65.674858, 18.200697 ], [ -65.674858, 18.20041700000013 ], [ -65.67514, 18.20041700000013 ], [ -65.67514, 18.199862 ], [ -65.676529, 18.199862 ], [ -65.676529, 18.199583 ], [ -65.67680399999989, 18.199583 ], [ -65.67680399999989, 18.199308 ], [ -65.677085999999861, 18.199308 ], [ -65.677085999999861, 18.199026000000174 ], [ -65.677361, 18.199026000000174 ], [ -65.677361, 18.198473 ], [ -65.677917, 18.198473 ], [ -65.677917, 18.198195000000169 ], [ -65.678192, 18.198195000000169 ], [ -65.678192, 18.197639000000152 ], [ -65.678474, 18.197639000000152 ], [ -65.678474, 18.197083000000134 ], [ -65.679306, 18.197083000000134 ], [ -65.679306, 18.197639000000152 ], [ -65.679581, 18.197639000000152 ], [ -65.679581, 18.198473 ], [ -65.680695, 18.198473 ], [ -65.680695, 18.19875 ], [ -65.682358, 18.19875 ], [ -65.682358, 18.198473 ], [ -65.683472, 18.198473 ], [ -65.683472, 18.198195000000169 ], [ -65.684029, 18.198195000000169 ], [ -65.684029, 18.197914 ], [ -65.68486, 18.197914 ], [ -65.68486, 18.197639000000152 ], [ -65.685974, 18.197639000000152 ], [ -65.685974, 18.197361 ], [ -65.68708, 18.197361 ], [ -65.68708, 18.196804000000157 ], [ -65.687637, 18.196804000000157 ], [ -65.687637, 18.196527000000174 ], [ -65.688194, 18.196527000000174 ], [ -65.688194, 18.196251 ], [ -65.689026, 18.196251 ], [ -65.689026, 18.195972 ], [ -65.689583, 18.195972 ], [ -65.689583, 18.195696000000169 ], [ -65.689857, 18.195696000000169 ], [ -65.689857, 18.195139 ], [ -65.69014, 18.195139 ], [ -65.69014, 18.19486 ], [ -65.690413999999862, 18.19486 ], [ -65.690413999999862, 18.194584000000134 ], [ -65.69069699999983, 18.194584000000134 ], [ -65.69069699999983, 18.19375 ], [ -65.690971, 18.19375 ], [ -65.690971, 18.193474000000151 ], [ -65.691254, 18.193474000000151 ], [ -65.691254, 18.192638000000102 ], [ -65.691528, 18.192638000000102 ], [ -65.691528, 18.192083 ], [ -65.691803, 18.192083 ], [ -65.691803, 18.191805000000102 ], [ -65.692085, 18.191805000000102 ], [ -65.692085, 18.191528 ], [ -65.69236, 18.191528 ], [ -65.69236, 18.191252000000134 ], [ -65.692642, 18.191252000000134 ], [ -65.692642, 18.190969 ], [ -65.692917, 18.190969 ], [ -65.692917, 18.190695 ], [ -65.693192, 18.190695 ], [ -65.693192, 18.190142000000151 ], [ -65.693474, 18.190142000000151 ], [ -65.693474, 18.189859000000183 ], [ -65.692917, 18.189859000000183 ], [ -65.692917, 18.188747 ], [ -65.693192, 18.188747 ], [ -65.693192, 18.188473000000101 ], [ -65.693748, 18.188473000000101 ], [ -65.693748, 18.188194 ], [ -65.694305, 18.188194 ], [ -65.694305, 18.187916 ], [ -65.69486199999983, 18.187916 ], [ -65.69486199999983, 18.187361 ], [ -65.69457999999986, 18.187361 ], [ -65.69457999999986, 18.186806000000161 ], [ -65.694305, 18.186806000000161 ], [ -65.694305, 18.186525000000188 ], [ -65.693748, 18.186525000000188 ], [ -65.693748, 18.186251 ], [ -65.693474, 18.186251 ], [ -65.693474, 18.185415 ], [ -65.693748, 18.185415 ], [ -65.693748, 18.184305 ], [ -65.693474, 18.184305 ], [ -65.693474, 18.184029 ], [ -65.692917, 18.184029 ], [ -65.692917, 18.18375 ], [ -65.692642, 18.18375 ], [ -65.692642, 18.183472 ], [ -65.69236, 18.183472 ], [ -65.69236, 18.183193000000188 ], [ -65.692085, 18.183193000000188 ], [ -65.692085, 18.182917 ], [ -65.691803, 18.182917 ], [ -65.691803, 18.182638000000111 ], [ -65.691528, 18.182638000000111 ], [ -65.691528, 18.180973 ], [ -65.691254, 18.180973 ], [ -65.691254, 18.180416 ], [ -65.690971, 18.180416 ], [ -65.690971, 18.179583 ], [ -65.69069699999983, 18.179583 ], [ -65.69069699999983, 18.17847300000011 ], [ -65.691254, 18.17847300000011 ], [ -65.691254, 18.178194000000133 ], [ -65.69457999999986, 18.178194000000133 ], [ -65.69457999999986, 18.17847300000011 ], [ -65.69486199999983, 18.17847300000011 ], [ -65.69486199999983, 18.178749 ], [ -65.695137, 18.178749 ], [ -65.695137, 18.179028000000187 ], [ -65.695419, 18.179028000000187 ], [ -65.695419, 18.179306000000111 ], [ -65.695694, 18.179306000000111 ], [ -65.695694, 18.179583 ], [ -65.695969, 18.179583 ], [ -65.695969, 18.179861000000187 ], [ -65.696251, 18.179861000000187 ], [ -65.696251, 18.18014 ], [ -65.696526, 18.18014 ], [ -65.696526, 18.180416 ], [ -65.696808, 18.180416 ], [ -65.696808, 18.183193000000188 ], [ -65.697083, 18.183193000000188 ], [ -65.697083, 18.183472 ], [ -65.697639, 18.183472 ], [ -65.697639, 18.18375 ], [ -65.697914, 18.18375 ], [ -65.697914, 18.184029 ], [ -65.698471, 18.184029 ], [ -65.698471, 18.18375 ], [ -65.698752999999897, 18.18375 ], [ -65.698752999999897, 18.183193000000188 ], [ -65.699027999999828, 18.183193000000188 ], [ -65.699027999999828, 18.182362000000182 ], [ -65.699303, 18.182362000000182 ], [ -65.699303, 18.181805000000111 ], [ -65.699585, 18.181805000000111 ], [ -65.699585, 18.18125 ], [ -65.701529999999877, 18.18125 ], [ -65.701529999999877, 18.182083 ], [ -65.70208, 18.182083 ], [ -65.70208, 18.183193000000188 ], [ -65.70236199999988, 18.183193000000188 ], [ -65.70236199999988, 18.18375 ], [ -65.702918999999895, 18.18375 ], [ -65.702918999999895, 18.183193000000188 ], [ -65.704865, 18.183193000000188 ], [ -65.704865, 18.18375 ], [ -65.705414, 18.18375 ], [ -65.705414, 18.184029 ], [ -65.705971, 18.184029 ], [ -65.705971, 18.184305 ], [ -65.706802, 18.184305 ], [ -65.706802, 18.184029 ], [ -65.707358999999883, 18.184029 ], [ -65.707358999999883, 18.18375 ], [ -65.707642, 18.18375 ], [ -65.707642, 18.182917 ], [ -65.707358999999883, 18.182917 ], [ -65.707358999999883, 18.182083 ], [ -65.708190999999829, 18.182083 ], [ -65.708190999999829, 18.182362000000182 ], [ -65.708748, 18.182362000000182 ], [ -65.708748, 18.182638000000111 ], [ -65.70903, 18.182638000000111 ], [ -65.70903, 18.183472 ], [ -65.709305, 18.183472 ], [ -65.709305, 18.184029 ], [ -65.709587, 18.184029 ], [ -65.709587, 18.184305 ], [ -65.709862, 18.184305 ], [ -65.709862, 18.184584 ], [ -65.710419, 18.184584 ], [ -65.710419, 18.18486 ], [ -65.710692999999878, 18.18486 ], [ -65.710692999999878, 18.185139000000106 ], [ -65.710976, 18.185139000000106 ], [ -65.710976, 18.185972000000106 ], [ -65.71125, 18.185972000000106 ], [ -65.71125, 18.186251 ], [ -65.711524999999881, 18.186251 ], [ -65.711524999999881, 18.187637 ], [ -65.711807, 18.187637 ], [ -65.711807, 18.188473000000101 ], [ -65.712081999999896, 18.188473000000101 ], [ -65.712081999999896, 18.188747 ], [ -65.712363999999866, 18.188747 ], [ -65.712363999999866, 18.189030000000173 ], [ -65.712639, 18.189030000000173 ], [ -65.712639, 18.189306000000101 ], [ -65.714302, 18.189306000000101 ], [ -65.714302, 18.189030000000173 ], [ -65.714584, 18.189030000000173 ], [ -65.714584, 18.188747 ], [ -65.716529999999864, 18.188747 ], [ -65.716529999999864, 18.189030000000173 ], [ -65.716805, 18.189030000000173 ], [ -65.716805, 18.189306000000101 ], [ -65.717087, 18.189306000000101 ], [ -65.717087, 18.189583 ], [ -65.720139, 18.189583 ], [ -65.720139, 18.189306000000101 ], [ -65.721802, 18.189306000000101 ], [ -65.721802, 18.189030000000173 ], [ -65.723198, 18.189030000000173 ], [ -65.723198, 18.188747 ], [ -65.723473, 18.188747 ], [ -65.723473, 18.188473000000101 ], [ -65.724586, 18.188473000000101 ], [ -65.724586, 18.188194 ], [ -65.725418, 18.188194 ], [ -65.725418, 18.187916 ], [ -65.725692999999865, 18.187916 ], [ -65.725692999999865, 18.187361 ], [ -65.725974999999835, 18.187361 ], [ -65.725974999999835, 18.187084 ], [ -65.726524, 18.187084 ], [ -65.726524, 18.186806000000161 ], [ -65.727081, 18.186806000000161 ], [ -65.727081, 18.186525000000188 ], [ -65.727638, 18.186525000000188 ], [ -65.727638, 18.186251 ], [ -65.72847, 18.186251 ], [ -65.72847, 18.185972000000106 ], [ -65.728752, 18.185972000000106 ], [ -65.728752, 18.185694000000183 ], [ -65.729027, 18.185694000000183 ], [ -65.729027, 18.185415 ], [ -65.729308999999887, 18.185415 ], [ -65.729308999999887, 18.185139000000106 ], [ -65.729584, 18.185139000000106 ], [ -65.729584, 18.18486 ], [ -65.729857999999865, 18.18486 ], [ -65.729857999999865, 18.184305 ], [ -65.730140999999833, 18.184305 ], [ -65.730140999999833, 18.184029 ], [ -65.730415, 18.184029 ], [ -65.730415, 18.18375 ], [ -65.730698, 18.18375 ], [ -65.730698, 18.183472 ], [ -65.730972, 18.183472 ], [ -65.730972, 18.183193000000188 ], [ -65.731529, 18.183193000000188 ], [ -65.731529, 18.182917 ], [ -65.731804, 18.182917 ], [ -65.731804, 18.182638000000111 ], [ -65.732361, 18.182638000000111 ], [ -65.732361, 18.182362000000182 ], [ -65.732635, 18.182362000000182 ], [ -65.732635, 18.182083 ], [ -65.732918, 18.182083 ], [ -65.732918, 18.181805000000111 ], [ -65.733474999999885, 18.181805000000111 ], [ -65.733474999999885, 18.181528 ], [ -65.734024, 18.181528 ], [ -65.734024, 18.18125 ], [ -65.734305999999833, 18.18125 ], [ -65.734305999999833, 18.180973 ], [ -65.734581, 18.180973 ], [ -65.734581, 18.180416 ], [ -65.734863, 18.180416 ], [ -65.734863, 18.18014 ], [ -65.735137999999836, 18.18014 ], [ -65.735137999999836, 18.179861000000187 ], [ -65.73542, 18.179861000000187 ], [ -65.73542, 18.179306000000111 ], [ -65.735695, 18.179306000000111 ], [ -65.735695, 18.179028000000187 ], [ -65.73597, 18.179028000000187 ], [ -65.73597, 18.17847300000011 ], [ -65.736252, 18.17847300000011 ], [ -65.736252, 18.177917 ], [ -65.736526, 18.177917 ], [ -65.736526, 18.177641 ], [ -65.73680899999988, 18.177641 ], [ -65.73680899999988, 18.177359000000138 ], [ -65.737083, 18.177359000000138 ], [ -65.737083, 18.177084 ], [ -65.737915, 18.177084 ], [ -65.737915, 18.176529000000187 ], [ -65.738197, 18.176529000000187 ], [ -65.738197, 18.17597000000012 ], [ -65.738471999999888, 18.17597000000012 ], [ -65.738471999999888, 18.17514 ], [ -65.738747, 18.17514 ], [ -65.738747, 18.174583 ], [ -65.739029, 18.174583 ], [ -65.739029, 18.174305 ], [ -65.739159, 18.174305 ], [ -65.739303999999834, 18.174305 ], [ -65.739303999999834, 18.17347100000012 ], [ -65.739586, 18.17347100000012 ], [ -65.739586, 18.172916 ], [ -65.739861, 18.172916 ], [ -65.739861, 18.172361000000137 ], [ -65.740135, 18.172361000000137 ], [ -65.740135, 18.171528000000137 ], [ -65.740417, 18.171528000000137 ], [ -65.740417, 18.170694 ], [ -65.740692, 18.170694 ], [ -65.740692, 18.166805000000124 ], [ -65.740973999999881, 18.166805000000124 ], [ -65.740973999999881, 18.165974000000119 ], [ -65.741249, 18.165974000000119 ], [ -65.741249, 18.165417 ], [ -65.741531, 18.165417 ], [ -65.741531, 18.165138 ], [ -65.741805999999883, 18.165138 ], [ -65.741805999999883, 18.164862000000142 ], [ -65.742081, 18.164862000000142 ], [ -65.742081, 18.164583000000164 ], [ -65.742363, 18.164583000000164 ], [ -65.742363, 18.164305 ], [ -65.742637999999886, 18.164305 ], [ -65.742637999999886, 18.164028 ], [ -65.743195, 18.164028 ], [ -65.743195, 18.163752000000102 ], [ -65.743752, 18.163752000000102 ], [ -65.743752, 18.163473000000124 ], [ -65.744307999999876, 18.163473000000124 ], [ -65.744307999999876, 18.163195 ], [ -65.744583, 18.163195 ], [ -65.744583, 18.162916 ], [ -65.745139999999878, 18.162916 ], [ -65.745139999999878, 18.162638000000129 ], [ -65.745415, 18.162638000000129 ], [ -65.745415, 18.162359000000151 ], [ -65.746529, 18.162359000000151 ], [ -65.746529, 18.162083 ], [ -65.74736, 18.162083 ], [ -65.74736, 18.161806 ], [ -65.747642999999869, 18.161806 ], [ -65.747642999999869, 18.161530000000141 ], [ -65.748474, 18.161530000000141 ], [ -65.748474, 18.161247000000174 ], [ -65.749305999999876, 18.161247000000174 ], [ -65.749305999999876, 18.160694 ], [ -65.75042, 18.160694 ], [ -65.75042, 18.160419 ], [ -65.750968999999884, 18.160419 ], [ -65.750968999999884, 18.160137000000134 ], [ -65.751526, 18.160137000000134 ], [ -65.751526, 18.159861 ], [ -65.752357, 18.159861 ], [ -65.752357, 18.159306000000129 ], [ -65.752914, 18.159306000000129 ], [ -65.752914, 18.159025000000156 ], [ -65.753754, 18.159025000000156 ], [ -65.753754, 18.158751 ], [ -65.754302999999879, 18.158751 ], [ -65.754302999999879, 18.158472 ], [ -65.75486, 18.158472 ], [ -65.75486, 18.158194000000151 ], [ -65.755142, 18.158194000000151 ], [ -65.755142, 18.157915000000173 ], [ -65.755692, 18.157915000000173 ], [ -65.755692, 18.157639 ], [ -65.756531, 18.157639 ], [ -65.756531, 18.157362 ], [ -65.757362, 18.157362 ], [ -65.757362, 18.157084000000168 ], [ -65.757637, 18.157084000000168 ], [ -65.757637, 18.156803 ], [ -65.758194, 18.156803 ], [ -65.758194, 18.156528000000151 ], [ -65.758468999999877, 18.156528000000151 ], [ -65.758468999999877, 18.155972000000133 ], [ -65.759308, 18.155972000000133 ], [ -65.759308, 18.155693000000156 ], [ -65.759583, 18.155693000000156 ], [ -65.759583, 18.155416000000173 ], [ -65.760139, 18.155416000000173 ], [ -65.760139, 18.155138 ], [ -65.760414, 18.155138 ], [ -65.760414, 18.154861 ], [ -65.76097099999987, 18.154861 ], [ -65.76097099999987, 18.154585000000168 ], [ -65.76125299999984, 18.154585000000168 ], [ -65.76125299999984, 18.154028 ], [ -65.761802999999873, 18.154028 ], [ -65.761802999999873, 18.153473000000133 ], [ -65.762085, 18.153473000000133 ], [ -65.762085, 18.152639 ], [ -65.762917, 18.152639 ], [ -65.762917, 18.15236300000015 ], [ -65.763191, 18.15236300000015 ], [ -65.763191, 18.152082000000178 ], [ -65.763474, 18.152082000000178 ], [ -65.763474, 18.151527000000101 ], [ -65.763748, 18.151527000000101 ], [ -65.763748, 18.151253000000168 ], [ -65.764862, 18.151253000000168 ], [ -65.764862, 18.150694000000101 ], [ -65.765137, 18.150694000000101 ], [ -65.765137, 18.150417 ], [ -65.765418999999838, 18.150417 ], [ -65.765418999999838, 18.150141000000133 ], [ -65.765694, 18.150141000000133 ], [ -65.765694, 18.149858 ], [ -65.765976, 18.149858 ], [ -65.765976, 18.149584 ], [ -65.766525, 18.149584 ], [ -65.766525, 18.149305 ], [ -65.766808, 18.149305 ], [ -65.766808, 18.149029000000155 ], [ -65.767082, 18.149029000000155 ], [ -65.767082, 18.148472 ], [ -65.767365, 18.148472 ], [ -65.767365, 18.147636 ], [ -65.767639, 18.147636 ], [ -65.767639, 18.145971 ], [ -65.767365, 18.145971 ], [ -65.767365, 18.145695 ], [ -65.767082, 18.145695 ], [ -65.767082, 18.145416000000182 ], [ -65.766808, 18.145416000000182 ], [ -65.766808, 18.14514 ], [ -65.766525, 18.14514 ], [ -65.766525, 18.144583000000182 ], [ -65.766808, 18.144583000000182 ], [ -65.766808, 18.144028000000105 ], [ -65.767365, 18.144028000000105 ], [ -65.767365, 18.143749000000128 ], [ -65.767639, 18.143749000000128 ], [ -65.767639, 18.143473 ], [ -65.767914, 18.143473 ], [ -65.767914, 18.143194 ], [ -65.768196, 18.143194 ], [ -65.768196, 18.142916000000127 ], [ -65.768471, 18.142916000000127 ], [ -65.768471, 18.142639 ], [ -65.76875299999989, 18.142639 ], [ -65.76875299999989, 18.142361 ], [ -65.769028, 18.142361 ], [ -65.769028, 18.142084000000182 ], [ -65.769302, 18.142084000000182 ], [ -65.769302, 18.141806 ], [ -65.769584999999893, 18.141806 ], [ -65.769584999999893, 18.14152700000011 ], [ -65.769859, 18.14152700000011 ], [ -65.769859, 18.141251000000182 ], [ -65.770142, 18.141251000000182 ], [ -65.770142, 18.14069400000011 ], [ -65.770415999999841, 18.14069400000011 ], [ -65.770415999999841, 18.140417000000127 ], [ -65.770691, 18.140417000000127 ], [ -65.770691, 18.139862 ], [ -65.770973, 18.139862 ], [ -65.770973, 18.139305 ], [ -65.771248, 18.139305 ], [ -65.771248, 18.139029 ], [ -65.77153, 18.139029 ], [ -65.77153, 18.138750000000186 ], [ -65.771805, 18.138750000000186 ], [ -65.771805, 18.138472 ], [ -65.772086999999885, 18.138472 ], [ -65.772086999999885, 18.13819500000011 ], [ -65.772362, 18.13819500000011 ], [ -65.772362, 18.137917000000186 ], [ -65.772636, 18.137917000000186 ], [ -65.772636, 18.137638 ], [ -65.772918999999888, 18.137638 ], [ -65.772918999999888, 18.137083000000132 ], [ -65.773193, 18.137083000000132 ], [ -65.773193, 18.13653 ], [ -65.773476, 18.13653 ], [ -65.773476, 18.136251000000186 ], [ -65.773749999999893, 18.136251000000186 ], [ -65.773749999999893, 18.135973 ], [ -65.774025, 18.135973 ], [ -65.774025, 18.135418000000186 ], [ -65.774307, 18.135418000000186 ], [ -65.774307, 18.135138 ], [ -65.774581999999839, 18.135138 ], [ -65.774581999999839, 18.134583 ], [ -65.774864, 18.134583 ], [ -65.774864, 18.134029 ], [ -65.775139, 18.134029 ], [ -65.775139, 18.133472 ], [ -65.775413999999842, 18.133472 ], [ -65.775413999999842, 18.133194 ], [ -65.775696, 18.133194 ], [ -65.775696, 18.132639 ], [ -65.77597, 18.132639 ], [ -65.77597, 18.132084 ], [ -65.776252999999883, 18.132084 ], [ -65.776252999999883, 18.131805 ], [ -65.776527, 18.131805 ], [ -65.776527, 18.131250000000136 ], [ -65.776802, 18.131250000000136 ], [ -65.776802, 18.130972 ], [ -65.777083999999888, 18.130972 ], [ -65.777083999999888, 18.130138000000159 ], [ -65.777359, 18.130138000000159 ], [ -65.777359, 18.129862 ], [ -65.777641, 18.129862 ], [ -65.777641, 18.129583 ], [ -65.777915999999891, 18.129583 ], [ -65.777915999999891, 18.128195000000119 ], [ -65.778198, 18.128195000000119 ], [ -65.778198, 18.127916000000141 ], [ -65.778473, 18.127916000000141 ], [ -65.778473, 18.12764 ], [ -65.778747999999894, 18.12764 ], [ -65.778747999999894, 18.126249 ], [ -65.77903, 18.126249 ], [ -65.77903, 18.125694000000124 ], [ -65.779305, 18.125694000000124 ], [ -65.779305, 18.124584000000141 ], [ -65.779586999999879, 18.124584000000141 ], [ -65.779586999999879, 18.123472000000163 ], [ -65.779861, 18.123472000000163 ], [ -65.779861, 18.11875 ], [ -65.779586999999879, 18.11875 ], [ -65.779586999999879, 18.118473 ], [ -65.779305, 18.118473 ], [ -65.779305, 18.118195000000128 ], [ -65.77903, 18.118195000000128 ], [ -65.77903, 18.117914 ], [ -65.778198, 18.117914 ], [ -65.778198, 18.117361 ], [ -65.777915999999891, 18.117361 ], [ -65.777915999999891, 18.11708300000015 ], [ -65.777641, 18.11708300000015 ], [ -65.777641, 18.116804000000172 ], [ -65.777083999999888, 18.116804000000172 ], [ -65.777083999999888, 18.113474000000167 ], [ -65.777359, 18.113474000000167 ], [ -65.777359, 18.112917 ], [ -65.778747999999894, 18.112917 ], [ -65.778747999999894, 18.112638 ], [ -65.779861, 18.112638 ], [ -65.779861, 18.112364000000127 ], [ -65.780417999999884, 18.112364000000127 ], [ -65.780417999999884, 18.112083 ], [ -65.781249999999886, 18.112083 ], [ -65.781249999999886, 18.11125200000015 ], [ -65.781525, 18.11125200000015 ], [ -65.781525, 18.110970000000123 ], [ -65.781807, 18.110970000000123 ], [ -65.781807, 18.110695 ], [ -65.782081999999889, 18.110695 ], [ -65.782081999999889, 18.110140000000172 ], [ -65.782364, 18.110140000000172 ], [ -65.782364, 18.109306 ], [ -65.782639, 18.109306 ], [ -65.782639, 18.109030000000189 ], [ -65.782912999999894, 18.109030000000189 ], [ -65.782912999999894, 18.108473 ], [ -65.783195, 18.108473 ], [ -65.783195, 18.108194 ], [ -65.783751999999879, 18.108194 ], [ -65.783751999999879, 18.107637000000182 ], [ -65.784027, 18.107637000000182 ], [ -65.784027, 18.1070840000001 ], [ -65.784302, 18.1070840000001 ], [ -65.784302, 18.1062510000001 ], [ -65.784583999999882, 18.1062510000001 ], [ -65.784583999999882, 18.105972000000122 ], [ -65.784859, 18.105972000000122 ], [ -65.784859, 18.105694 ], [ -65.785141, 18.105694 ], [ -65.785141, 18.105415 ], [ -65.785415999999884, 18.105415 ], [ -65.785415999999884, 18.105139000000122 ], [ -65.785698, 18.105139000000122 ], [ -65.785698, 18.104584 ], [ -65.785973, 18.104584 ], [ -65.785973, 18.103750000000105 ], [ -65.786246999999889, 18.103750000000105 ], [ -65.786246999999889, 18.103193 ], [ -65.78653, 18.103193 ], [ -65.78653, 18.102917000000105 ], [ -65.786804, 18.102917000000105 ], [ -65.786804, 18.101528 ], [ -65.787085999999874, 18.101528 ], [ -65.787085999999874, 18.10125 ], [ -65.787361, 18.10125 ], [ -65.787361, 18.100140000000181 ], [ -65.787636, 18.100140000000181 ], [ -65.787636, 18.099583000000109 ], [ -65.787917999999877, 18.099583000000109 ], [ -65.787917999999877, 18.099306000000126 ], [ -65.788193, 18.099306000000126 ], [ -65.788193, 18.098749 ], [ -65.788749999999879, 18.098749 ], [ -65.788749999999879, 18.097918 ], [ -65.789024, 18.097918 ], [ -65.789024, 18.097639 ], [ -65.789307, 18.097639 ], [ -65.789307, 18.095972000000131 ], [ -65.789580999999885, 18.095972000000131 ], [ -65.789580999999885, 18.093472 ], [ -65.789307, 18.093472 ], [ -65.789307, 18.092636000000141 ], [ -65.789024, 18.092636000000141 ], [ -65.789024, 18.092361000000153 ], [ -65.788749999999879, 18.092361000000153 ], [ -65.788749999999879, 18.091808 ], [ -65.788475, 18.091808 ], [ -65.788475, 18.091249000000118 ], [ -65.788193, 18.091249000000118 ], [ -65.788193, 18.090694 ], [ -65.787917999999877, 18.090694 ], [ -65.787917999999877, 18.090139000000136 ], [ -65.789864, 18.090139000000136 ], [ -65.789864, 18.089861 ], [ -65.791252, 18.089861 ], [ -65.791252, 18.089582 ], [ -65.791809, 18.089582 ], [ -65.791809, 18.089306000000136 ], [ -65.792083999999875, 18.089306000000136 ], [ -65.792083999999875, 18.089027000000158 ], [ -65.792641, 18.089027000000158 ], [ -65.792641, 18.088751 ], [ -65.79291499999988, 18.088751 ], [ -65.79291499999988, 18.088472 ], [ -65.793198, 18.088472 ], [ -65.793198, 18.087917000000118 ], [ -65.793472, 18.087917000000118 ], [ -65.793472, 18.08736 ], [ -65.793746999999883, 18.08736 ], [ -65.793746999999883, 18.087084000000118 ], [ -65.794029, 18.087084000000118 ], [ -65.794029, 18.08680500000014 ], [ -65.794304, 18.08680500000014 ], [ -65.794304, 18.086527 ], [ -65.794586, 18.086527 ], [ -65.794586, 18.08625 ], [ -65.794861, 18.08625 ], [ -65.794861, 18.085695000000158 ], [ -65.795135, 18.085695000000158 ], [ -65.795135, 18.085417 ], [ -65.795418, 18.085417 ], [ -65.795418, 18.084583000000123 ], [ -65.795692, 18.084583000000123 ], [ -65.795692, 18.084028 ], [ -65.795975, 18.084028 ], [ -65.795975, 18.080694 ], [ -65.795692, 18.080694 ], [ -65.795692, 18.079861 ], [ -65.795418, 18.079861 ], [ -65.795418, 18.079584 ], [ -65.795135, 18.079584 ], [ -65.795135, 18.079306000000145 ], [ -65.794861, 18.079306000000145 ], [ -65.794861, 18.078751 ], [ -65.794586, 18.078751 ], [ -65.794586, 18.077915000000189 ], [ -65.794861, 18.077915000000189 ], [ -65.794861, 18.077362 ], [ -65.795135, 18.077362 ], [ -65.795135, 18.076805 ], [ -65.795418, 18.076805 ], [ -65.795418, 18.076529 ], [ -65.795692, 18.076529 ], [ -65.795692, 18.07625 ], [ -65.795975, 18.07625 ], [ -65.795975, 18.075693000000172 ], [ -65.796248999999875, 18.075693000000172 ], [ -65.796248999999875, 18.075138 ], [ -65.795975, 18.075138 ], [ -65.795975, 18.074862000000167 ], [ -65.795692, 18.074862000000167 ], [ -65.795692, 18.074306 ], [ -65.795418, 18.074306 ], [ -65.795418, 18.074028 ], [ -65.794861, 18.074028 ], [ -65.794861, 18.073750000000189 ], [ -65.794586, 18.073750000000189 ], [ -65.794586, 18.072916 ], [ -65.794861, 18.072916 ], [ -65.794861, 18.072363000000166 ], [ -65.795135, 18.072363000000166 ], [ -65.795135, 18.072083 ], [ -65.795418, 18.072083 ], [ -65.795418, 18.071527000000117 ], [ -65.795692, 18.071527000000117 ], [ -65.795692, 18.071253000000183 ], [ -65.796248999999875, 18.071253000000183 ], [ -65.796248999999875, 18.070972 ], [ -65.796806, 18.070972 ], [ -65.796806, 18.069859000000122 ], [ -65.796524, 18.069859000000122 ], [ -65.79652404899997, 18.069583893000186 ], [ -65.796287998999901, 18.06958400100018 ], [ -65.795135, 18.06958400100018 ], [ -65.795135498999912, 18.069429200000059 ], [ -65.795135498999912, 18.069305420000148 ], [ -65.794586180999943, 18.069305420000148 ], [ -65.794586180999943, 18.06902885400018 ], [ -65.794303894999871, 18.06902885400018 ], [ -65.794303894999871, 18.068471908000106 ], [ -65.795974730999831, 18.068471908000106 ], [ -65.795974730999831, 18.068195343000014 ], [ -65.796249388999968, 18.068195343000014 ], [ -65.796249388999968, 18.067636489000165 ], [ -65.79652404899997, 18.067636489000165 ], [ -65.79652404899997, 18.066804885000067 ], [ -65.796806334999985, 18.066804885000067 ], [ -65.796806334999985, 18.066249847000165 ], [ -65.79652404899997, 18.066249847000165 ], [ -65.79652404899997, 18.064304353000125 ], [ -65.797363280999946, 18.064304353000125 ], [ -65.797363280999946, 18.064582826 ], [ -65.799026488999914, 18.064582826 ], [ -65.799026488999914, 18.064027786999986 ], [ -65.799583434999988, 18.064027786999986 ], [ -65.799583434999988, 18.063194276000047 ], [ -65.799858092999955, 18.063194276000047 ], [ -65.799858092999955, 18.06291580300018 ], [ -65.799583434999988, 18.06291580300018 ], [ -65.799583434999988, 18.061805726000102 ], [ -65.799308776999908, 18.061805726000102 ], [ -65.799308776999908, 18.06097221400006 ], [ -65.800971984999933, 18.06097221400006 ], [ -65.800971984999933, 18.060138703000064 ], [ -65.801246642999843, 18.060138703000064 ], [ -65.801246642999843, 18.058750153000119 ], [ -65.80152893099995, 18.058750153000119 ], [ -65.80152893099995, 18.058195114000114 ], [ -65.802085876999911, 18.058195114000114 ], [ -65.802085876999911, 18.057916641000077 ], [ -65.802917480999952, 18.057916641000077 ], [ -65.802917480999952, 18.05763816800004 ], [ -65.803749084999936, 18.05763816800004 ], [ -65.803749084999936, 18.057361603000174 ], [ -65.807083128999921, 18.057361603000174 ], [ -65.807083128999921, 18.057083130000137 ], [ -65.807357788999923, 18.057083130000137 ], [ -65.807357788999923, 18.0568046570001 ], [ -65.807640074999938, 18.0568046570001 ], [ -65.807640074999938, 18.056528091000132 ], [ -65.809585570999957, 18.056528091000132 ], [ -65.809585570999957, 18.0568046570001 ], [ -65.810142516999861, 18.0568046570001 ], [ -65.810142516999861, 18.057083130000137 ], [ -65.810691832999908, 18.057083130000137 ], [ -65.810691832999908, 18.057361603000174 ], [ -65.810974120999902, 18.057361603000174 ], [ -65.810974120999902, 18.05763816800004 ], [ -65.811248778999982, 18.05763816800004 ], [ -65.811248778999982, 18.058471680000082 ], [ -65.811531066999976, 18.058471680000082 ], [ -65.811531066999976, 18.058750153000119 ], [ -65.811805724999886, 18.058750153000119 ], [ -65.811805724999886, 18.059305191000021 ], [ -65.812080382999966, 18.059305191000021 ], [ -65.812080382999966, 18.059583664000058 ], [ -65.81236267099996, 18.059583664000058 ], [ -65.81236267099996, 18.059860230000027 ], [ -65.813751220999904, 18.059860230000027 ], [ -65.813751220999904, 18.060138703000064 ], [ -65.814582824999889, 18.060138703000064 ], [ -65.814582824999889, 18.060417176000101 ], [ -65.814857482999969, 18.060417176000101 ], [ -65.814857482999969, 18.060693741000023 ], [ -65.815139770999963, 18.060693741000023 ], [ -65.815139770999963, 18.06097221400006 ], [ -65.814857482999969, 18.06097221400006 ], [ -65.814857482999969, 18.061805726000102 ], [ -65.815139770999963, 18.061805726000102 ], [ -65.815139770999963, 18.06208419900014 ], [ -65.815414428999873, 18.06208419900014 ], [ -65.815414428999873, 18.062360764000175 ], [ -65.81569671699998, 18.062360764000175 ], [ -65.81569671699998, 18.062639237000042 ], [ -65.815971374999947, 18.062639237000042 ], [ -65.815971374999947, 18.06291580300018 ], [ -65.817916870999966, 18.06291580300018 ], [ -65.817916870999966, 18.062639237000042 ], [ -65.819030760999965, 18.062639237000042 ], [ -65.819030760999965, 18.062360764000175 ], [ -65.819580078999934, 18.062360764000175 ], [ -65.819580078999934, 18.06208419900014 ], [ -65.820137022999916, 18.06208419900014 ], [ -65.820137022999916, 18.061805726000102 ], [ -65.82041931099991, 18.061805726000102 ], [ -65.82041931099991, 18.06097221400006 ], [ -65.820968626999957, 18.06097221400006 ], [ -65.820968626999957, 18.060417176000101 ], [ -65.821525572999974, 18.060417176000101 ], [ -65.821525572999974, 18.060138703000064 ], [ -65.821807860999968, 18.060138703000064 ], [ -65.821807860999968, 18.059860230000027 ], [ -65.822639464999952, 18.059860230000027 ], [ -65.822639464999952, 18.059583664000058 ], [ -65.823196410999913, 18.059583664000058 ], [ -65.823196410999913, 18.059028626000156 ], [ -65.823471068999879, 18.059028626000156 ], [ -65.823471068999879, 18.058471680000082 ], [ -65.823753356999987, 18.058471680000082 ], [ -65.823753356999987, 18.058195114000114 ], [ -65.824028014999953, 18.058195114000114 ], [ -65.824028014999953, 18.05763816800004 ], [ -65.824302672999977, 18.05763816800004 ], [ -65.824302672999977, 18.057361603000174 ], [ -65.824584960999971, 18.057361603000174 ], [ -65.824584960999971, 18.057083130000137 ], [ -65.824859618999938, 18.057083130000137 ], [ -65.824859618999938, 18.056528091000132 ], [ -65.825141906999932, 18.056528091000132 ], [ -65.825141906999932, 18.056251526000096 ], [ -65.825691222999922, 18.056251526000096 ], [ -65.825691222999922, 18.055973053000059 ], [ -65.825973510999916, 18.055973053000059 ], [ -65.825973510999916, 18.055694580000022 ], [ -65.826248168999825, 18.055694580000022 ], [ -65.826248168999825, 18.055416107000156 ], [ -65.82707977299998, 18.055416107000156 ], [ -65.82707977299998, 18.055139541000187 ], [ -65.827636718999941, 18.055139541000187 ], [ -65.827636718999941, 18.05291557400011 ], [ -65.827362060999974, 18.05291557400011 ], [ -65.827362060999974, 18.052637101000073 ], [ -65.82707977299998, 18.052637101000073 ], [ -65.82707977299998, 18.052083970000012 ], [ -65.828750610999919, 18.052083970000012 ], [ -65.828750610999919, 18.052637101000073 ], [ -65.829582214999903, 18.052637101000073 ], [ -65.829582214999903, 18.05291557400011 ], [ -65.829864500999975, 18.05291557400011 ], [ -65.829864500999975, 18.053194047000147 ], [ -65.830413818999943, 18.053194047000147 ], [ -65.830413818999943, 18.053472520000184 ], [ -65.830696104999959, 18.053472520000184 ], [ -65.830696104999959, 18.05430793700009 ], [ -65.831253050999862, 18.05430793700009 ], [ -65.831253050999862, 18.054582595000113 ], [ -65.831802366999909, 18.054582595000113 ], [ -65.831802366999909, 18.05485916300006 ], [ -65.832084654999903, 18.05485916300006 ], [ -65.832084654999903, 18.055416107000156 ], [ -65.832359312999984, 18.055416107000156 ], [ -65.832359312999984, 18.055139541000187 ], [ -65.833473204999962, 18.055139541000187 ], [ -65.833473204999962, 18.05485916300006 ], [ -65.833747862999871, 18.05485916300006 ], [ -65.833747862999871, 18.05430793700009 ], [ -65.834304808999946, 18.05430793700009 ], [ -65.834304808999946, 18.054029464000052 ], [ -65.83458709699994, 18.054029464000052 ], [ -65.83458709699994, 18.053747178000151 ], [ -65.834861754999906, 18.053747178000151 ], [ -65.834861754999906, 18.053472520000184 ], [ -65.835418700999981, 18.053472520000184 ], [ -65.835418700999981, 18.053194047000147 ], [ -65.836250304999965, 18.053194047000147 ], [ -65.836250304999965, 18.05291557400011 ], [ -65.836524962999874, 18.05291557400011 ], [ -65.836524962999874, 18.052360535999981 ], [ -65.836807250999982, 18.052360535999981 ], [ -65.836807250999982, 18.050693513 ], [ -65.836524962999874, 18.050693513 ], [ -65.836524962999874, 18.050138474 ], [ -65.836250304999965, 18.050138474 ], [ -65.836250304999965, 18.049861909000128 ], [ -65.835975646999884, 18.049861909000128 ], [ -65.835975646999884, 18.049583436000091 ], [ -65.83458709699994, 18.049583436000091 ], [ -65.83458709699994, 18.049861909000128 ], [ -65.834304808999946, 18.049861909000128 ], [ -65.834304808999946, 18.050138474 ], [ -65.833747862999871, 18.050138474 ], [ -65.833747862999871, 18.050693513 ], [ -65.833473204999962, 18.050693513 ], [ -65.833473204999962, 18.050971986000036 ], [ -65.832916258999887, 18.050971986000036 ], [ -65.832916258999887, 18.051250459000073 ], [ -65.832084654999903, 18.051250459000073 ], [ -65.832084654999903, 18.050971986000036 ], [ -65.831527708999943, 18.050971986000036 ], [ -65.831527708999943, 18.050693513 ], [ -65.831253050999862, 18.050693513 ], [ -65.831253050999862, 18.050138474 ], [ -65.830970762999925, 18.050138474 ], [ -65.830970762999925, 18.049583436000091 ], [ -65.831253050999862, 18.049583436000091 ], [ -65.831253050999862, 18.048749924000049 ], [ -65.831527708999943, 18.048749924000049 ], [ -65.831527708999943, 18.047361374000104 ], [ -65.831802366999909, 18.047361374000104 ], [ -65.831802366999909, 18.046806335999975 ], [ -65.832084654999903, 18.046806335999975 ], [ -65.832084654999903, 18.04513931200006 ], [ -65.832359312999984, 18.04513931200006 ], [ -65.832359312999984, 18.043193816000041 ], [ -65.832641600999978, 18.043193816000041 ], [ -65.832641600999978, 18.042640685000038 ], [ -65.832916258999887, 18.042640685000038 ], [ -65.832916258999887, 18.041248322 ], [ -65.833190916999968, 18.041248322 ], [ -65.833190916999968, 18.038473130000057 ], [ -65.832916258999887, 18.038473130000057 ], [ -65.832916258999887, 18.03819465700002 ], [ -65.832359312999984, 18.03819465700002 ], [ -65.832359312999984, 18.03680419900013 ], [ -65.832084654999903, 18.03680419900013 ], [ -65.832084654999903, 18.034860611000056 ], [ -65.831802366999909, 18.034860611000056 ], [ -65.831802366999909, 18.034582138000189 ], [ -65.831527708999943, 18.034582138000189 ], [ -65.831527708999943, 18.034305572000051 ], [ -65.831253050999862, 18.034305572000051 ], [ -65.831253050999862, 18.034027099000184 ], [ -65.830970762999925, 18.034027099000184 ], [ -65.830970762999925, 18.033193588000074 ], [ -65.830413818999943, 18.033193588000074 ], [ -65.830413818999943, 18.032638549000069 ], [ -65.830139158999884, 18.032638549000069 ], [ -65.830139158999884, 18.032363891000045 ], [ -65.829864500999975, 18.032363891000045 ], [ -65.829864500999975, 18.03208351100011 ], [ -65.8293075549999, 18.03208351100011 ], [ -65.8293075549999, 18.031805038000073 ], [ -65.829025268999828, 18.031805038000073 ], [ -65.829025268999828, 18.031251907000069 ], [ -65.828750610999919, 18.031251907000069 ], [ -65.828750610999919, 18.030971528000066 ], [ -65.828475950999916, 18.030971528000066 ], [ -65.828475950999916, 18.030139923999968 ], [ -65.8293075549999, 18.030139923999968 ], [ -65.8293075549999, 18.029582978000121 ], [ -65.829864500999975, 18.029582978000121 ], [ -65.829864500999975, 18.029306413000029 ], [ -65.830413818999943, 18.029306413000029 ], [ -65.830413818999943, 18.029029847000061 ], [ -65.830696104999959, 18.029029847000061 ], [ -65.830696104999959, 18.02874755900018 ], [ -65.831253050999862, 18.02874755900018 ], [ -65.831253050999862, 18.028472900999986 ], [ -65.831527708999943, 18.028472900999986 ], [ -65.831527708999943, 18.02819442800012 ], [ -65.831802366999909, 18.02819442800012 ], [ -65.831802366999909, 18.025415421000162 ], [ -65.832084654999903, 18.025415421000162 ], [ -65.832084654999903, 18.023750305000021 ], [ -65.832359312999984, 18.023750305000021 ], [ -65.832359312999984, 18.02208328200004 ], [ -65.832084654999903, 18.02208328200004 ], [ -65.832084654999903, 18.021804809 ], [ -65.830413818999943, 18.021804809 ], [ -65.830413818999943, 18.021528244000137 ], [ -65.830139158999884, 18.021528244000137 ], [ -65.830139158999884, 18.020971298000063 ], [ -65.829864500999975, 18.020971298000063 ], [ -65.829864500999975, 18.019861221000156 ], [ -65.830139158999884, 18.019861221000156 ], [ -65.830139158999884, 18.019027711000092 ], [ -65.830413818999943, 18.019027711000092 ], [ -65.830413818999943, 18.018749238000055 ], [ -65.830696104999959, 18.018749238000055 ], [ -65.830696104999959, 18.01847267300019 ], [ -65.830970762999925, 18.01847267300019 ], [ -65.830970762999925, 18.018194200000153 ], [ -65.831527708999943, 18.018194200000153 ], [ -65.831527708999943, 18.017915727000116 ], [ -65.832084654999903, 18.017915727000116 ], [ -65.832084654999903, 18.01736068800011 ], [ -65.832359312999984, 18.01736068800011 ], [ -65.832359312999984, 18.015417100000036 ], [ -65.832084654999903, 18.015417100000036 ], [ -65.832084654999903, 18.01402664200009 ], [ -65.832916258999887, 18.01402664200009 ], [ -65.832916258999887, 18.014583588 ], [ -65.833190916999968, 18.014583588 ], [ -65.833190916999968, 18.015140534000068 ], [ -65.833473204999962, 18.015140534000068 ], [ -65.833473204999962, 18.015693665000128 ], [ -65.834030150999865, 18.015693665000128 ], [ -65.834030150999865, 18.015972138000166 ], [ -65.834304808999946, 18.015972138000166 ], [ -65.834304808999946, 18.013471603000085 ], [ -65.834030150999865, 18.013471603000085 ], [ -65.834030150999865, 18.012361526000177 ], [ -65.833747862999871, 18.012361526000177 ], [ -65.833747862999871, 18.011808396000049 ], [ -65.834030150999865, 18.011808396000049 ], [ -65.834030150999865, 18.011526107000066 ], [ -65.834861754999906, 18.011526107000066 ], [ -65.834861754999906, 18.01208305300014 ], [ -65.835418700999981, 18.01208305300014 ], [ -65.835418700999981, 18.012361526000177 ], [ -65.835975646999884, 18.012361526000177 ], [ -65.835975646999884, 18.012636183999973 ], [ -65.836524962999874, 18.012636183999973 ], [ -65.836524962999874, 18.013196946000051 ], [ -65.836807250999982, 18.013196946000051 ], [ -65.836807250999982, 18.013471603000085 ], [ -65.837081908999949, 18.013471603000085 ], [ -65.837081908999949, 18.013748169000053 ], [ -65.837364196999943, 18.013748169000053 ], [ -65.837364196999943, 18.01402664200009 ], [ -65.837913512999933, 18.01402664200009 ], [ -65.837913512999933, 18.014305115000127 ], [ -65.838752746999887, 18.014305115000127 ], [ -65.838752746999887, 18.014583588 ], [ -65.840415954999855, 18.014583588 ], [ -65.840415954999855, 18.014862061000031 ], [ -65.841804502999878, 18.014862061000031 ], [ -65.841804502999878, 18.015140534000068 ], [ -65.842918395999959, 18.015140534000068 ], [ -65.842918395999959, 18.015417100000036 ], [ -65.84347534199992, 18.015417100000036 ], [ -65.84347534199992, 18.015693665000128 ], [ -65.844581602999881, 18.015693665000128 ], [ -65.844581602999881, 18.015417100000036 ], [ -65.845138549999888, 18.015417100000036 ], [ -65.845138549999888, 18.015140534000068 ], [ -65.845413206999979, 18.015140534000068 ], [ -65.845413206999979, 18.014862061000031 ], [ -65.845970152999939, 18.014862061000031 ], [ -65.845970152999939, 18.014583588 ], [ -65.846252441999866, 18.014583588 ], [ -65.846252441999866, 18.014305115000127 ], [ -65.846527099999946, 18.014305115000127 ], [ -65.846527099999946, 18.013471603000085 ], [ -65.846801756999923, 18.013471603000085 ], [ -65.846801756999923, 18.013196946000051 ], [ -65.847084045999907, 18.013196946000051 ], [ -65.847084045999907, 18.012918473000184 ], [ -65.847358702999827, 18.012918473000184 ], [ -65.847358702999827, 18.012636183999973 ], [ -65.847915649999891, 18.012636183999973 ], [ -65.847915649999891, 18.011808396000049 ], [ -65.848197937999885, 18.011808396000049 ], [ -65.848197937999885, 18.011526107000066 ], [ -65.849304199999949, 18.011526107000066 ], [ -65.849304199999949, 18.011358262000101 ], [ -65.849304199999949, 18.01124954200003 ], [ -65.850349425999923, 18.01124954200003 ], [ -65.850418091999984, 18.010972976000062 ], [ -65.850692749999894, 18.010972976000062 ], [ -65.850692749999894, 18.010694503000025 ], [ -65.850975035999966, 18.010694503000025 ], [ -65.850975035999966, 18.010139465000066 ], [ -65.851249695999968, 18.010139465000066 ], [ -65.851249695999968, 18.009860992000029 ], [ -65.85180663999995, 18.009860992000029 ], [ -65.85180663999995, 18.009582519 ], [ -65.852081299999952, 18.009582519 ], [ -65.852081299999952, 18.008750915000121 ], [ -65.852363585999967, 18.008750915000121 ], [ -65.852363585999967, 18.007917403000079 ], [ -65.852638245999913, 18.007917403000079 ], [ -65.852638245999913, 18.007638932000077 ], [ -65.852912903999936, 18.007638932000077 ], [ -65.852912903999936, 18.00736045900004 ], [ -65.853469849999897, 18.00736045900004 ], [ -65.853469849999897, 18.007083894000118 ], [ -65.854026793999878, 18.007083894000118 ], [ -65.854026793999878, 18.006805421000081 ], [ -65.85514068599997, 18.006805421000081 ], [ -65.85514068599997, 18.006526948000044 ], [ -65.855697631999931, 18.006526948000044 ], [ -65.855697631999931, 18.005695344000173 ], [ -65.855972289999841, 18.005695344000173 ], [ -65.855972289999841, 18.005416871000136 ], [ -65.856246947999921, 18.005416871000136 ], [ -65.856246947999921, 18.005138398000099 ], [ -65.856529235999915, 18.005138398000099 ], [ -65.856529235999915, 18.004861832000131 ], [ -65.856803893999881, 18.004861832000131 ], [ -65.856803893999881, 18.004583359000094 ], [ -65.859024047999924, 18.004583359000094 ], [ -65.859024047999924, 18.004861832000131 ], [ -65.859306335999918, 18.004861832000131 ], [ -65.859306335999918, 18.005138398000099 ], [ -65.859863281999822, 18.005138398000099 ], [ -65.859863281999822, 18.005416871000136 ], [ -65.860694885999976, 18.005416871000136 ], [ -65.860694885999976, 18.005695344000173 ], [ -65.861808777999954, 18.005695344000173 ], [ -65.861808777999954, 18.00597381700004 ], [ -65.862083435999921, 18.00597381700004 ], [ -65.862083435999921, 18.006250382000076 ], [ -65.864028929999961, 18.006250382000076 ], [ -65.864028929999961, 18.006526948000044 ], [ -65.864303589999963, 18.006526948000044 ], [ -65.864303589999963, 18.006805421000081 ], [ -65.864860533999945, 18.006805421000081 ], [ -65.864860533999945, 18.007083894000118 ], [ -65.865135193999834, 18.007083894000118 ], [ -65.865135193999834, 18.006805421000081 ], [ -65.865692137999986, 18.006805421000081 ], [ -65.865692137999986, 18.006250382000076 ], [ -65.86597442599998, 18.006250382000076 ], [ -65.86597442599998, 18.005695344000173 ], [ -65.86708068799993, 18.005695344000173 ], [ -65.86708068799993, 18.00597381700004 ], [ -65.867637633999948, 18.00597381700004 ], [ -65.867637633999948, 18.006250382000076 ], [ -65.868194579999908, 18.006250382000076 ], [ -65.868194579999908, 18.006526948000044 ], [ -65.868751525999983, 18.006526948000044 ], [ -65.868751525999983, 18.006805421000081 ], [ -65.869857787999877, 18.006805421000081 ], [ -65.869857787999877, 18.006526948000044 ], [ -65.870414733999951, 18.006526948000044 ], [ -65.870414733999951, 18.006250382000076 ], [ -65.870697021999945, 18.006250382000076 ], [ -65.870697021999945, 18.00597381700004 ], [ -65.870971679999911, 18.00597381700004 ], [ -65.870971679999911, 18.005695344000173 ], [ -65.871246337999935, 18.005695344000173 ], [ -65.871246337999935, 18.005138398000099 ], [ -65.871528625999986, 18.005138398000099 ], [ -65.871528625999986, 18.004861832000131 ], [ -65.871803283999895, 18.004861832000131 ], [ -65.871803283999895, 18.004304886000057 ], [ -65.872085571999889, 18.004304886000057 ], [ -65.872085571999889, 18.004028321000192 ], [ -65.872642517999964, 18.004028321000192 ], [ -65.872642517999964, 18.003751755000053 ], [ -65.872917175999987, 18.003751755000053 ], [ -65.872917175999987, 18.003471375000117 ], [ -65.873191833999954, 18.003471375000117 ], [ -65.873191833999954, 18.003194809000149 ], [ -65.873748779999914, 18.003194809000149 ], [ -65.873748779999914, 18.002916336000112 ], [ -65.874305725999932, 18.002916336000112 ], [ -65.874305725999932, 18.002641678000089 ], [ -65.874580383999898, 18.002641678000089 ], [ -65.874580383999898, 18.002361297999983 ], [ -65.874862669999914, 18.002361297999983 ], [ -65.874862669999914, 18.002082825000173 ], [ -65.875419615999988, 18.002082825000173 ], [ -65.875419615999988, 18.001529694000112 ], [ -65.875694273999954, 18.001529694000112 ], [ -65.875694273999954, 18.000972748000038 ], [ -65.875968933999957, 18.000972748000038 ], [ -65.875968933999957, 18.000415802000134 ], [ -65.876251219999972, 18.000415802000134 ], [ -65.876251219999972, 18.000137329000097 ], [ -65.876251219999972, 17.999860763000129 ], [ -65.876251219999972, 17.999584198000093 ], [ -65.877082823999842, 17.999584198000093 ], [ -65.877082823999842, 17.999307632000125 ], [ -65.877639769999917, 17.999307632000125 ], [ -65.877639769999917, 17.999025344000017 ], [ -65.877914427999883, 17.999025344000017 ], [ -65.877914427999883, 17.998750686000051 ], [ -65.878196715999877, 17.998750686000051 ], [ -65.878196715999877, 17.998472213000184 ], [ -65.878471373999957, 17.998472213000184 ], [ -65.878471373999957, 17.99791526700011 ], [ -65.878196715999877, 17.99791526700011 ], [ -65.878196715999877, 17.997360231000187 ], [ -65.878471373999957, 17.997360231000187 ], [ -65.878471373999957, 17.997083663000069 ], [ -65.878753661999951, 17.997083663000069 ], [ -65.878753661999951, 17.996250154000109 ], [ -65.879028319999975, 17.996250154000109 ], [ -65.879028319999975, 17.995971681000071 ], [ -65.879302977999942, 17.995971681000071 ], [ -65.879302977999942, 17.995416642000066 ], [ -65.879585265999935, 17.995416642000066 ], [ -65.879585265999935, 17.995138169000029 ], [ -65.879859923999959, 17.995138169000029 ], [ -65.879859923999959, 17.994583131000127 ], [ -65.880142211999953, 17.994583131000127 ], [ -65.880142211999953, 17.994028092000121 ], [ -65.88041686999992, 17.994028092000121 ], [ -65.88041686999992, 17.993471146000047 ], [ -65.880691527999886, 17.993471146000047 ], [ -65.880691527999886, 17.993194581000125 ], [ -65.880973815999823, 17.993194581000125 ], [ -65.880973815999823, 17.992916108000088 ], [ -65.88124847399996, 17.992916108000088 ], [ -65.88124847399996, 17.99263954200012 ], [ -65.881530761999898, 17.99263954200012 ], [ -65.881530761999898, 17.992361069000083 ], [ -65.882080077999944, 17.992361069000083 ], [ -65.882080077999944, 17.992082596000046 ], [ -65.882362365999938, 17.992082596000046 ], [ -65.882362365999938, 17.991806031000181 ], [ -65.882637023999962, 17.991806031000181 ], [ -65.882637023999962, 17.991527558000143 ], [ -65.882919311999956, 17.991527558000143 ], [ -65.882919311999956, 17.990972519000138 ], [ -65.883193969999923, 17.990972519000138 ], [ -65.883193969999923, 17.990417481000065 ], [ -65.883750915999826, 17.990417481000065 ], [ -65.883750915999826, 17.990140915000097 ], [ -65.884025573999907, 17.990140915000097 ], [ -65.884025573999907, 17.989583969000023 ], [ -65.884307861999901, 17.989583969000023 ], [ -65.884307861999901, 17.987918854000156 ], [ -65.884025573999907, 17.987918854000156 ], [ -65.884025573999907, 17.987636566000106 ], [ -65.884307861999901, 17.987636566000106 ], [ -65.884307861999901, 17.987361908000082 ], [ -65.884582519999981, 17.987361908000082 ], [ -65.884582519999981, 17.986804962 ], [ -65.885139465999941, 17.986804962 ], [ -65.885139465999941, 17.987361908000082 ], [ -65.885696409999923, 17.987361908000082 ], [ -65.885696409999923, 17.987636566000106 ], [ -65.885971069999925, 17.987636566000106 ], [ -65.885971069999925, 17.987918854000156 ], [ -65.886253355999941, 17.987918854000156 ], [ -65.886253355999941, 17.98819351200018 ], [ -65.88680267399991, 17.98819351200018 ], [ -65.88680267399991, 17.988750458000027 ], [ -65.887084959999981, 17.988750458000027 ], [ -65.887084959999981, 17.989028931000064 ], [ -65.887359619999984, 17.989028931000064 ], [ -65.887359619999984, 17.989583969000023 ], [ -65.887641905999885, 17.989583969000023 ], [ -65.887641905999885, 17.989305496000156 ], [ -65.887916563999966, 17.989305496000156 ], [ -65.887916563999966, 17.989860535000162 ], [ -65.888473509999869, 17.989860535000162 ], [ -65.888473509999869, 17.990140915000097 ], [ -65.88874816799995, 17.990140915000097 ], [ -65.88874816799995, 17.990694046000101 ], [ -65.889030455999944, 17.990694046000101 ], [ -65.889030455999944, 17.990972519000138 ], [ -65.88930511399991, 17.990972519000138 ], [ -65.88930511399991, 17.991527558000143 ], [ -65.889579771999934, 17.991527558000143 ], [ -65.889579771999934, 17.992082596000046 ], [ -65.890419005999888, 17.992082596000046 ], [ -65.890419005999888, 17.991806031000181 ], [ -65.890975951999962, 17.991806031000181 ], [ -65.890975951999962, 17.992082596000046 ], [ -65.892364501999907, 17.992082596000046 ], [ -65.892364501999907, 17.991806031000181 ], [ -65.892913817999897, 17.991806031000181 ], [ -65.892913817999897, 17.991527558000143 ], [ -65.893470763999971, 17.991527558000143 ], [ -65.893470763999971, 17.991249085000106 ], [ -65.894027709999875, 17.991249085000106 ], [ -65.894027709999875, 17.990972519000138 ], [ -65.894859313999916, 17.990972519000138 ], [ -65.894859313999916, 17.990694046000101 ], [ -65.8956909179999, 17.990694046000101 ], [ -65.8956909179999, 17.990140915000097 ], [ -65.896530151999968, 17.990140915000097 ], [ -65.896530151999968, 17.990694046000101 ], [ -65.896804809999878, 17.990694046000101 ], [ -65.896804809999878, 17.990972519000138 ], [ -65.89708709599995, 17.990972519000138 ], [ -65.89708709599995, 17.989860535000162 ], [ -65.897361755999952, 17.989860535000162 ], [ -65.897361755999952, 17.989583969000023 ], [ -65.897918699999934, 17.989583969000023 ], [ -65.897918699999934, 17.989305496000156 ], [ -65.898750303999918, 17.989305496000156 ], [ -65.898750303999918, 17.989028931000064 ], [ -65.899307249999879, 17.989028931000064 ], [ -65.899307249999879, 17.988750458000027 ], [ -65.899581907999959, 17.988750458000027 ], [ -65.899581907999959, 17.988471985 ], [ -65.899864195999953, 17.988471985 ], [ -65.899864195999953, 17.98819351200018 ], [ -65.900970457999961, 17.98819351200018 ], [ -65.900970457999961, 17.987918854000156 ], [ -65.901527403999921, 17.987918854000156 ], [ -65.901527403999921, 17.987636566000106 ], [ -65.901802061999888, 17.987636566000106 ], [ -65.901802061999888, 17.987361908000082 ], [ -65.902084349999825, 17.987361908000082 ], [ -65.902084349999825, 17.987083435000045 ], [ -65.902359007999962, 17.987083435000045 ], [ -65.902359007999962, 17.986804962 ], [ -65.902641295999899, 17.986804962 ], [ -65.902641295999899, 17.986526488999971 ], [ -65.903198241999974, 17.986526488999971 ], [ -65.903198241999974, 17.986249923 ], [ -65.903747557999964, 17.986249923 ], [ -65.903747557999964, 17.985971449999965 ], [ -65.904029845999958, 17.985971449999965 ], [ -65.904029845999958, 17.985416414000042 ], [ -65.904304503999924, 17.985416414000042 ], [ -65.904304503999924, 17.985137941 ], [ -65.904861449999828, 17.985137941 ], [ -65.904861449999828, 17.984861375000037 ], [ -65.905418395999902, 17.984861375000037 ], [ -65.905418395999902, 17.984582902 ], [ -65.905693053999983, 17.984582902 ], [ -65.905693053999983, 17.984304429000133 ], [ -65.905975341999977, 17.984304429000133 ], [ -65.905975341999977, 17.984027864000097 ], [ -65.90625, 17.984027864000097 ], [ -65.90625, 17.983749390000128 ], [ -65.906524657999967, 17.983749390000128 ], [ -65.906524657999967, 17.983472825000092 ], [ -65.906806945999961, 17.983472825000092 ], [ -65.906806945999961, 17.983194352000055 ], [ -65.907081603999927, 17.983194352000055 ], [ -65.907081603999927, 17.982915879000188 ], [ -65.907363892999911, 17.982915879000188 ], [ -65.907363892999911, 17.982639314000153 ], [ -65.907638549999945, 17.982639314000153 ], [ -65.907638549999945, 17.982360840000183 ], [ -65.907913207999911, 17.982360840000183 ], [ -65.907913207999911, 17.982084275000147 ], [ -65.908195495999905, 17.982084275000147 ], [ -65.908195495999905, 17.98180580200011 ], [ -65.908470153999986, 17.98180580200011 ], [ -65.908470153999986, 17.981250763000105 ], [ -65.908752440999876, 17.981250763000105 ], [ -65.908752440999876, 17.980846405000023 ], [ -65.908752440999876, 17.980693817000031 ], [ -65.909027099999946, 17.980693817000031 ], [ -65.909027099999946, 17.980417252000166 ], [ -65.909202575999927, 17.980417252000166 ], [ -65.90930175799997, 17.980417252000166 ], [ -65.90930175799997, 17.980138779000129 ], [ -65.90985870399993, 17.980138779000129 ], [ -65.90985870399993, 17.979860306000091 ], [ -65.910140990999935, 17.979860306000091 ], [ -65.910140990999935, 17.979583740000123 ], [ -65.910415648999845, 17.979583740000123 ], [ -65.910415648999845, 17.979305267000086 ], [ -65.910972594999919, 17.979305267000086 ], [ -65.910972594999919, 17.979028702 ], [ -65.911247251999896, 17.979028702 ], [ -65.911247251999896, 17.978750229000127 ], [ -65.911529540999879, 17.978750229000127 ], [ -65.911529540999879, 17.978195190000122 ], [ -65.91180419899996, 17.978195190000122 ], [ -65.91180419899996, 17.977916717000085 ], [ -65.912086486999954, 17.977916717000085 ], [ -65.912086486999954, 17.977638244000048 ], [ -65.912635801999954, 17.977638244000048 ], [ -65.912635801999954, 17.977361679000182 ], [ -65.912918090999938, 17.977361679000182 ], [ -65.912918090999938, 17.977083206000145 ], [ -65.913192748999847, 17.977083206000145 ], [ -65.913192748999847, 17.97652816700014 ], [ -65.913475036999955, 17.97652816700014 ], [ -65.913475036999955, 17.976251602000104 ], [ -65.914024351999899, 17.976251602000104 ], [ -65.914024351999899, 17.975973129000067 ], [ -65.916526794999925, 17.975973129000067 ], [ -65.916526794999925, 17.97569465600003 ], [ -65.917083740999828, 17.97569465600003 ], [ -65.917083740999828, 17.975416183000164 ], [ -65.917640686999903, 17.975416183000164 ], [ -65.917640686999903, 17.974861144000158 ], [ -65.922637938999912, 17.974861144000158 ], [ -65.922637938999912, 17.975139617000025 ], [ -65.922920226999906, 17.975139617000025 ], [ -65.922920226999906, 17.975416183000164 ], [ -65.924026488999971, 17.975416183000164 ], [ -65.924026488999971, 17.97569465600003 ], [ -65.924308776999965, 17.97569465600003 ], [ -65.924308776999965, 17.975973129000067 ], [ -65.924583434999874, 17.975973129000067 ], [ -65.924583434999874, 17.976251602000104 ], [ -65.927360534999877, 17.976251602000104 ], [ -65.927360534999877, 17.97652816700014 ], [ -65.927917480999952, 17.97652816700014 ], [ -65.927917480999952, 17.976804733000108 ], [ -65.931251526999858, 17.976804733000108 ], [ -65.931251526999858, 17.97652816700014 ], [ -65.932083130999899, 17.97652816700014 ], [ -65.932083130999899, 17.976251602000104 ], [ -65.932640074999881, 17.976251602000104 ], [ -65.932640074999881, 17.975973129000067 ], [ -65.933197020999955, 17.975973129000067 ], [ -65.933197020999955, 17.97569465600003 ], [ -65.933746338999867, 17.97569465600003 ], [ -65.933746338999867, 17.975416183000164 ], [ -65.934028624999939, 17.975416183000164 ], [ -65.934028624999939, 17.975139617000025 ], [ -65.934303282999849, 17.975139617000025 ], [ -65.934303282999849, 17.974861144000158 ], [ -65.934860228999923, 17.974861144000158 ], [ -65.934860228999923, 17.974582671000121 ], [ -65.935142516999917, 17.974582671000121 ], [ -65.935142516999917, 17.974306106000029 ], [ -65.935417174999884, 17.974306106000029 ], [ -65.935417174999884, 17.97402954000006 ], [ -65.935974120999958, 17.97402954000006 ], [ -65.935974120999958, 17.973472596000022 ], [ -65.936248778999982, 17.973472596000022 ], [ -65.936248778999982, 17.972919463000153 ], [ -65.936531066999976, 17.972919463000153 ], [ -65.936531066999976, 17.972637177000081 ], [ -65.936805724999942, 17.972637177000081 ], [ -65.936805724999942, 17.972360612000045 ], [ -65.93791961699992, 17.972360612000045 ], [ -65.93791961699992, 17.972085954000022 ], [ -65.93819427499983, 17.972085954000022 ], [ -65.93819427499983, 17.97180557300004 ], [ -65.941802978999988, 17.97180557300004 ], [ -65.941802978999988, 17.972085954000022 ], [ -65.942085266999982, 17.972085954000022 ], [ -65.942085266999982, 17.972360612000045 ], [ -65.942642210999963, 17.972360612000045 ], [ -65.942642210999963, 17.972637177000081 ], [ -65.942916870999966, 17.972637177000081 ], [ -65.942916870999966, 17.972919463000153 ], [ -65.945419310999966, 17.972919463000153 ], [ -65.945419310999966, 17.972637177000081 ], [ -65.946525572999917, 17.972637177000081 ], [ -65.946525572999917, 17.972360612000045 ], [ -65.948196410999969, 17.972360612000045 ], [ -65.948196410999969, 17.972085954000022 ], [ -65.94930267299992, 17.972085954000022 ], [ -65.94930267299992, 17.97180557300004 ], [ -65.949859618999938, 17.97180557300004 ], [ -65.949859618999938, 17.971525193000105 ], [ -65.95236206099986, 17.971525193000105 ], [ -65.95236206099986, 17.971250535000081 ], [ -65.952919006999934, 17.971250535000081 ], [ -65.952919006999934, 17.970972062000044 ], [ -65.953750610999975, 17.970972062000044 ], [ -65.953750610999975, 17.970693589 ], [ -65.954025268999885, 17.970693589 ], [ -65.954025268999885, 17.97041511599997 ], [ -65.957641600999978, 17.97041511599997 ], [ -65.957641600999978, 17.970693589 ], [ -65.957916258999944, 17.970693589 ], [ -65.957916258999944, 17.970972062000044 ], [ -65.959304808999832, 17.970972062000044 ], [ -65.959304808999832, 17.971250535000081 ], [ -65.959861754999906, 17.971250535000081 ], [ -65.959861754999906, 17.971525193000105 ], [ -65.960418700999981, 17.971525193000105 ], [ -65.960418700999981, 17.97180557300004 ], [ -65.960975646999941, 17.97180557300004 ], [ -65.960975646999941, 17.972085954000022 ], [ -65.961524962999931, 17.972085954000022 ], [ -65.961524962999931, 17.972360612000045 ], [ -65.961807250999925, 17.972360612000045 ], [ -65.961807250999925, 17.972637177000081 ], [ -65.962081908999835, 17.972637177000081 ], [ -65.962081908999835, 17.972919463000153 ], [ -65.962364196999943, 17.972919463000153 ], [ -65.962364196999943, 17.973194123000155 ], [ -65.962638854999909, 17.973194123000155 ], [ -65.962638854999909, 17.973472596000022 ], [ -65.964302062999934, 17.973472596000022 ], [ -65.964302062999934, 17.973194123000155 ], [ -65.967086790999872, 17.973194123000155 ], [ -65.967086790999872, 17.973472596000022 ], [ -65.967361448999952, 17.973472596000022 ], [ -65.967361448999952, 17.97402954000006 ], [ -65.967918394999913, 17.97402954000006 ], [ -65.967918394999913, 17.974306106000029 ], [ -65.968193052999936, 17.974306106000029 ], [ -65.968193052999936, 17.974582671000121 ], [ -65.969306944999971, 17.974582671000121 ], [ -65.969306944999971, 17.97402954000006 ], [ -65.970138548999955, 17.97402954000006 ], [ -65.970138548999955, 17.973747253999989 ], [ -65.970695494999916, 17.973747253999989 ], [ -65.970695494999916, 17.973472596000022 ], [ -65.971252440999933, 17.973472596000022 ], [ -65.971252440999933, 17.973194123000155 ], [ -65.97180175699998, 17.973194123000155 ], [ -65.97180175699998, 17.972919463000153 ], [ -65.972084044999974, 17.972919463000153 ], [ -65.972084044999974, 17.972637177000081 ], [ -65.972358702999884, 17.972637177000081 ], [ -65.972358702999884, 17.972360612000045 ], [ -65.972640991999981, 17.972360612000045 ], [ -65.972640991999981, 17.972085954000022 ], [ -65.972915648999958, 17.972085954000022 ], [ -65.972915648999958, 17.97180557300004 ], [ -65.973197937999942, 17.97180557300004 ], [ -65.973197937999942, 17.971525193000105 ], [ -65.974029541999926, 17.971525193000105 ], [ -65.974029541999926, 17.971250535000081 ], [ -65.974304198999903, 17.971250535000081 ], [ -65.974304198999903, 17.970972062000044 ], [ -65.974586487999829, 17.970972062000044 ], [ -65.974586487999829, 17.970693589 ], [ -65.974861144999977, 17.970693589 ], [ -65.974861144999977, 17.97041511599997 ], [ -65.975135802999887, 17.97041511599997 ], [ -65.975135802999887, 17.969861985000136 ], [ -65.975418091999984, 17.969861985000136 ], [ -65.975418091999984, 17.969583512000099 ], [ -65.975692748999961, 17.969583512000099 ], [ -65.975692748999961, 17.969028473000094 ], [ -65.975975037999945, 17.969028473000094 ], [ -65.975975037999945, 17.96875 ], [ -65.976249695999968, 17.96875 ], [ -65.976249695999968, 17.96847152700019 ], [ -65.976524352999945, 17.96847152700019 ], [ -65.976524352999945, 17.968193054000153 ], [ -65.976806641999929, 17.968193054000153 ], [ -65.976806641999929, 17.967916489000118 ], [ -65.977081298999906, 17.967916489000118 ], [ -65.977081298999906, 17.96763801600008 ], [ -65.977638245999913, 17.96763801600008 ], [ -65.977638245999913, 17.967916489000118 ], [ -65.979309081999872, 17.967916489000118 ], [ -65.979309081999872, 17.96763801600008 ], [ -65.980697631999988, 17.96763801600008 ], [ -65.980697631999988, 17.967916489000118 ], [ -65.981246947999978, 17.967916489000118 ], [ -65.981246947999978, 17.968193054000153 ], [ -65.981803893999881, 17.968193054000153 ], [ -65.981803893999881, 17.96847152700019 ], [ -65.982917785999916, 17.96847152700019 ], [ -65.982917785999916, 17.96875 ], [ -65.98319244399994, 17.96875 ], [ -65.98319244399994, 17.969028473000094 ], [ -65.9837493899999, 17.969028473000094 ], [ -65.9837493899999, 17.969583512000099 ], [ -65.984024047999981, 17.969583512000099 ], [ -65.984024047999981, 17.969861985000136 ], [ -65.984306335999975, 17.969861985000136 ], [ -65.984306335999975, 17.97013855 ], [ -65.984863281999878, 17.97013855 ], [ -65.984863281999878, 17.970972062000044 ], [ -65.985137939999959, 17.970972062000044 ], [ -65.985137939999959, 17.971525193000105 ], [ -65.985420227999953, 17.971525193000105 ], [ -65.985420227999953, 17.972085954000022 ], [ -65.985969543999943, 17.972085954000022 ], [ -65.985969543999943, 17.972360612000045 ], [ -65.986251831999937, 17.972360612000045 ], [ -65.986251831999937, 17.972637177000081 ], [ -65.986808777999897, 17.972637177000081 ], [ -65.986808777999897, 17.972919463000153 ], [ -65.987083435999978, 17.972919463000153 ], [ -65.987083435999978, 17.973194123000155 ], [ -65.987358093999887, 17.973194123000155 ], [ -65.987358093999887, 17.973472596000022 ], [ -65.987640381999881, 17.973472596000022 ], [ -65.987640381999881, 17.973747253999989 ], [ -65.987915039999962, 17.973747253999989 ], [ -65.987915039999962, 17.97402954000006 ], [ -65.988197325999977, 17.97402954000006 ], [ -65.988197325999977, 17.974306106000029 ], [ -65.988746643999946, 17.974306106000029 ], [ -65.988746643999946, 17.974582671000121 ], [ -65.989303589999906, 17.974582671000121 ], [ -65.989303589999906, 17.974861144000158 ], [ -65.989585875999921, 17.974861144000158 ], [ -65.989585875999921, 17.975139617000025 ], [ -65.989860533999888, 17.975139617000025 ], [ -65.989860533999888, 17.975416183000164 ], [ -65.99013519399989, 17.975416183000164 ], [ -65.99013519399989, 17.97569465600003 ], [ -65.990417479999962, 17.97569465600003 ], [ -65.990417479999962, 17.975973129000067 ], [ -65.99097442599998, 17.975973129000067 ], [ -65.99097442599998, 17.976251602000104 ], [ -65.991249083999946, 17.976251602000104 ], [ -65.991249083999946, 17.976804733000108 ], [ -65.99153137199994, 17.976804733000108 ], [ -65.99153137199994, 17.977083206000145 ], [ -65.991806029999964, 17.977083206000145 ], [ -65.991806029999964, 17.977638244000048 ], [ -65.992362975999924, 17.977638244000048 ], [ -65.992362975999924, 17.977916717000085 ], [ -65.993194579999965, 17.977916717000085 ], [ -65.993194579999965, 17.978195190000122 ], [ -65.993751525999983, 17.978195190000122 ], [ -65.993751525999983, 17.97847175600009 ], [ -65.994308471999943, 17.97847175600009 ], [ -65.994308471999943, 17.978750229000127 ], [ -65.995414733999837, 17.978750229000127 ], [ -65.995414733999837, 17.97847175600009 ], [ -65.996528625999986, 17.97847175600009 ], [ -65.996528625999986, 17.978750229000127 ], [ -65.999031065999986, 17.978750229000127 ], [ -65.999031065999986, 17.979028702 ], [ -65.999305725999875, 17.979028702 ], [ -65.999305725999875, 17.978750229000127 ], [ -65.99986266999997, 17.978750229000127 ], [ -65.99986266999997, 17.97847175600009 ], [ -66.000137329999973, 17.97847175600009 ], [ -66.001525879999917, 17.97847175600009 ], [ -66.001525879999917, 17.978195190000122 ], [ -66.003196715999877, 17.978195190000122 ], [ -66.003196715999877, 17.977916717000085 ], [ -66.003753661999951, 17.977916717000085 ], [ -66.003753661999951, 17.977638244000048 ], [ -66.004302977999942, 17.977638244000048 ], [ -66.004302977999942, 17.977916717000085 ], [ -66.004859923999902, 17.977916717000085 ], [ -66.004859923999902, 17.978195190000122 ], [ -66.005416869999976, 17.978195190000122 ], [ -66.005416869999976, 17.97847175600009 ], [ -66.005691527999886, 17.97847175600009 ], [ -66.005691527999886, 17.978750229000127 ], [ -66.00597381599988, 17.978750229000127 ], [ -66.00597381599988, 17.979028702 ], [ -66.006530761999954, 17.979028702 ], [ -66.006530761999954, 17.980138779000129 ], [ -66.006805419999921, 17.980138779000129 ], [ -66.006805419999921, 17.980417252000166 ], [ -66.007080077999944, 17.980417252000166 ], [ -66.007080077999944, 17.980693817000031 ], [ -66.008750915999883, 17.980693817000031 ], [ -66.008750915999883, 17.980417252000166 ], [ -66.009025573999963, 17.980417252000166 ], [ -66.009025573999963, 17.980138779000129 ], [ -66.010414123999908, 17.980138779000129 ], [ -66.010414123999908, 17.979860306000091 ], [ -66.010696411999902, 17.979860306000091 ], [ -66.010696411999902, 17.979583740000123 ], [ -66.012641905999942, 17.979583740000123 ], [ -66.012641905999942, 17.979305267000086 ], [ -66.013191223999911, 17.979305267000086 ], [ -66.013191223999911, 17.979028702 ], [ -66.013473509999926, 17.979028702 ], [ -66.013473509999926, 17.979305267000086 ], [ -66.014579771999877, 17.979305267000086 ], [ -66.014579771999877, 17.979028702 ], [ -66.017913817999954, 17.979028702 ], [ -66.017913817999954, 17.978750229000127 ], [ -66.018753051999965, 17.978750229000127 ], [ -66.018753051999965, 17.97847175600009 ], [ -66.01958465599995, 17.97847175600009 ], [ -66.01958465599995, 17.978195190000122 ], [ -66.019821166999975, 17.978195190000122 ], [ -66.020690917999957, 17.978195190000122 ], [ -66.020690917999957, 17.977916717000085 ], [ -66.021247863999974, 17.977916717000085 ], [ -66.021247863999974, 17.977638244000048 ], [ -66.021530151999968, 17.977638244000048 ], [ -66.021530151999968, 17.977361679000182 ], [ -66.02208709599995, 17.977361679000182 ] ] ], [ [ [ -64.999863000999937, 18.000137001000098 ], [ -64.999863000999937, 17.99986100100017 ], [ -65.000137, 17.99986100100017 ], [ -65.000137, 18.000137001000098 ], [ -64.999863000999937, 18.000137001000098 ] ] ], [ [ [ -65.472083999999882, 18.086527 ], [ -65.472640999999896, 18.086527 ], [ -65.472640999999896, 18.08680500000014 ], [ -65.473747, 18.08680500000014 ], [ -65.473747, 18.087084000000118 ], [ -65.47403, 18.087084000000118 ], [ -65.47403, 18.087639 ], [ -65.474304, 18.087639 ], [ -65.474304, 18.089027000000158 ], [ -65.47403, 18.089027000000158 ], [ -65.47403, 18.089861 ], [ -65.473198, 18.089861 ], [ -65.473198, 18.090139000000136 ], [ -65.472359, 18.090139000000136 ], [ -65.472359, 18.089861 ], [ -65.471527, 18.089861 ], [ -65.471527, 18.089582 ], [ -65.471251999999879, 18.089582 ], [ -65.471251999999879, 18.08680500000014 ], [ -65.472083999999882, 18.08680500000014 ], [ -65.472083999999882, 18.086527 ] ] ], [ [ [ -65.382919, 18.108194 ], [ -65.382637, 18.108194 ], [ -65.382637, 18.1070840000001 ], [ -65.382362, 18.1070840000001 ], [ -65.382362, 18.105972000000122 ], [ -65.38208, 18.105972000000122 ], [ -65.38208, 18.105415 ], [ -65.382919, 18.105415 ], [ -65.382919, 18.10486 ], [ -65.384308, 18.10486 ], [ -65.384308, 18.105139000000122 ], [ -65.38458299999985, 18.105139000000122 ], [ -65.38458299999985, 18.105694 ], [ -65.384865, 18.105694 ], [ -65.384865, 18.1070840000001 ], [ -65.38458299999985, 18.1070840000001 ], [ -65.38458299999985, 18.107637000000182 ], [ -65.384865, 18.107637000000182 ], [ -65.384865, 18.107916 ], [ -65.385139, 18.107916 ], [ -65.385139, 18.108194 ], [ -65.385414, 18.108194 ], [ -65.385414, 18.109030000000189 ], [ -65.384865, 18.109030000000189 ], [ -65.384865, 18.109861 ], [ -65.38458299999985, 18.109861 ], [ -65.38458299999985, 18.110140000000172 ], [ -65.384026, 18.110140000000172 ], [ -65.384026, 18.109861 ], [ -65.383469, 18.109861 ], [ -65.383469, 18.109306 ], [ -65.383194, 18.109306 ], [ -65.383194, 18.108747 ], [ -65.382919, 18.108747 ], [ -65.382919, 18.108194 ] ] ], [ [ [ -65.390976, 18.161806 ], [ -65.390418999999895, 18.161806 ], [ -65.390418999999895, 18.161247000000174 ], [ -65.390137, 18.161247000000174 ], [ -65.390137, 18.160973 ], [ -65.389862, 18.160973 ], [ -65.389862, 18.160694 ], [ -65.389305, 18.160694 ], [ -65.389305, 18.160419 ], [ -65.388474, 18.160419 ], [ -65.388474, 18.160694 ], [ -65.387085, 18.160694 ], [ -65.387085, 18.160973 ], [ -65.386252999999897, 18.160973 ], [ -65.386252999999897, 18.160694 ], [ -65.38458299999985, 18.160694 ], [ -65.38458299999985, 18.160973 ], [ -65.384026, 18.160973 ], [ -65.384026, 18.160694 ], [ -65.383750999999847, 18.160694 ], [ -65.383750999999847, 18.160419 ], [ -65.383469, 18.160419 ], [ -65.383469, 18.160137000000134 ], [ -65.382637, 18.160137000000134 ], [ -65.382637, 18.159861 ], [ -65.38208, 18.159861 ], [ -65.38208, 18.160137000000134 ], [ -65.381248, 18.160137000000134 ], [ -65.381248, 18.159861 ], [ -65.380974, 18.159861 ], [ -65.380974, 18.159584 ], [ -65.380417, 18.159584 ], [ -65.380417, 18.159306000000129 ], [ -65.37986, 18.159306000000129 ], [ -65.37986, 18.159025000000156 ], [ -65.37958499999985, 18.159025000000156 ], [ -65.37958499999985, 18.158751 ], [ -65.379028, 18.158751 ], [ -65.379028, 18.158472 ], [ -65.378754, 18.158472 ], [ -65.378754, 18.158194000000151 ], [ -65.377357, 18.158194000000151 ], [ -65.377357, 18.157915000000173 ], [ -65.375136999999881, 18.157915000000173 ], [ -65.375136999999881, 18.157639 ], [ -65.374863, 18.157639 ], [ -65.374863, 18.157362 ], [ -65.370697, 18.157362 ], [ -65.370697, 18.157915000000173 ], [ -65.368752, 18.157915000000173 ], [ -65.368752, 18.157639 ], [ -65.368468999999891, 18.157639 ], [ -65.368468999999891, 18.158194000000151 ], [ -65.365417, 18.158194000000151 ], [ -65.365417, 18.157915000000173 ], [ -65.364861, 18.157915000000173 ], [ -65.364861, 18.157639 ], [ -65.364586, 18.157639 ], [ -65.364586, 18.157362 ], [ -65.36430399999989, 18.157362 ], [ -65.36430399999989, 18.157084000000168 ], [ -65.364029, 18.157084000000168 ], [ -65.364029, 18.156803 ], [ -65.363747, 18.156803 ], [ -65.363747, 18.156528000000151 ], [ -65.363471999999888, 18.156528000000151 ], [ -65.363471999999888, 18.15625 ], [ -65.363197, 18.15625 ], [ -65.363197, 18.155693000000156 ], [ -65.362915, 18.155693000000156 ], [ -65.362915, 18.155416000000173 ], [ -65.362639999999885, 18.155416000000173 ], [ -65.362639999999885, 18.154861 ], [ -65.362358, 18.154861 ], [ -65.362358, 18.154585000000168 ], [ -65.362083, 18.154585000000168 ], [ -65.362083, 18.154306000000133 ], [ -65.36180899999988, 18.154306000000133 ], [ -65.36180899999988, 18.153749 ], [ -65.360969999999895, 18.153749 ], [ -65.360969999999895, 18.153473000000133 ], [ -65.360695, 18.153473000000133 ], [ -65.360695, 18.153194000000155 ], [ -65.360137999999893, 18.153194000000155 ], [ -65.360137999999893, 18.153473000000133 ], [ -65.359581, 18.153473000000133 ], [ -65.359581, 18.153749 ], [ -65.359024, 18.153749 ], [ -65.359024, 18.154028 ], [ -65.358474999999885, 18.154028 ], [ -65.358474999999885, 18.154306000000133 ], [ -65.357918, 18.154306000000133 ], [ -65.357918, 18.154585000000168 ], [ -65.357361, 18.154585000000168 ], [ -65.357361, 18.154861 ], [ -65.357086, 18.154861 ], [ -65.357086, 18.155138 ], [ -65.356803999999897, 18.155138 ], [ -65.356803999999897, 18.155972000000133 ], [ -65.356247, 18.155972000000133 ], [ -65.356247, 18.155693000000156 ], [ -65.355415, 18.155693000000156 ], [ -65.355415, 18.155416000000173 ], [ -65.354308999999887, 18.155416000000173 ], [ -65.354308999999887, 18.155138 ], [ -65.353195, 18.155138 ], [ -65.353195, 18.154861 ], [ -65.352637999999843, 18.154861 ], [ -65.352637999999843, 18.154585000000168 ], [ -65.352081, 18.154585000000168 ], [ -65.352081, 18.154306000000133 ], [ -65.351806999999894, 18.154306000000133 ], [ -65.351806999999894, 18.154028 ], [ -65.351524, 18.154028 ], [ -65.351524, 18.153749 ], [ -65.350974999999892, 18.153749 ], [ -65.350974999999892, 18.153194000000155 ], [ -65.350693, 18.153194000000155 ], [ -65.350693, 18.152916 ], [ -65.350418, 18.152916 ], [ -65.350418, 18.152639 ], [ -65.349861, 18.152639 ], [ -65.349861, 18.15236300000015 ], [ -65.348747, 18.15236300000015 ], [ -65.348747, 18.152082000000178 ], [ -65.347359, 18.152082000000178 ], [ -65.347359, 18.151806 ], [ -65.346527, 18.151806 ], [ -65.346527, 18.151527000000101 ], [ -65.345695, 18.151527000000101 ], [ -65.345695, 18.151253000000168 ], [ -65.344864, 18.151253000000168 ], [ -65.344864, 18.150694000000101 ], [ -65.343474999999842, 18.150694000000101 ], [ -65.343474999999842, 18.150417 ], [ -65.342361, 18.150417 ], [ -65.342361, 18.150141000000133 ], [ -65.341805, 18.150141000000133 ], [ -65.341805, 18.149858 ], [ -65.340973, 18.149858 ], [ -65.340973, 18.149305 ], [ -65.340141, 18.149305 ], [ -65.340141, 18.149584 ], [ -65.338753, 18.149584 ], [ -65.338753, 18.149858 ], [ -65.337914, 18.149858 ], [ -65.337914, 18.150141000000133 ], [ -65.336524999999881, 18.150141000000133 ], [ -65.336524999999881, 18.150417 ], [ -65.334587, 18.150417 ], [ -65.334587, 18.149305 ], [ -65.335419, 18.149305 ], [ -65.335419, 18.148472 ], [ -65.335136, 18.148472 ], [ -65.335136, 18.148195000000101 ], [ -65.33403, 18.148195000000101 ], [ -65.33403, 18.148472 ], [ -65.332916, 18.148472 ], [ -65.332916, 18.148748000000182 ], [ -65.332085, 18.148748000000182 ], [ -65.332085, 18.148472 ], [ -65.331802, 18.148472 ], [ -65.331802, 18.148195000000101 ], [ -65.331527999999878, 18.148195000000101 ], [ -65.331527999999878, 18.147362000000101 ], [ -65.331253, 18.147362000000101 ], [ -65.331253, 18.146805 ], [ -65.329865, 18.146805 ], [ -65.329865, 18.147919000000172 ], [ -65.329582, 18.147919000000172 ], [ -65.329582, 18.148472 ], [ -65.329308, 18.148472 ], [ -65.329308, 18.148748000000182 ], [ -65.328751, 18.148748000000182 ], [ -65.328751, 18.148472 ], [ -65.328193999999883, 18.148472 ], [ -65.328193999999883, 18.148748000000182 ], [ -65.327919, 18.148748000000182 ], [ -65.327919, 18.149029000000155 ], [ -65.327637, 18.149029000000155 ], [ -65.327637, 18.149584 ], [ -65.32708, 18.149584 ], [ -65.32708, 18.149858 ], [ -65.324859999999887, 18.149858 ], [ -65.324859999999887, 18.149584 ], [ -65.324303, 18.149584 ], [ -65.324303, 18.149305 ], [ -65.323471, 18.149305 ], [ -65.323471, 18.149029000000155 ], [ -65.323195999999882, 18.149029000000155 ], [ -65.323195999999882, 18.148748000000182 ], [ -65.322914, 18.148748000000182 ], [ -65.322914, 18.147919000000172 ], [ -65.322639, 18.147919000000172 ], [ -65.322639, 18.147083 ], [ -65.322364999999877, 18.147083 ], [ -65.322364999999877, 18.146805 ], [ -65.322083, 18.146805 ], [ -65.322083, 18.146526 ], [ -65.321525999999892, 18.146526 ], [ -65.321525999999892, 18.14625 ], [ -65.320969, 18.14625 ], [ -65.320969, 18.146526 ], [ -65.320419, 18.146526 ], [ -65.320419, 18.14625 ], [ -65.320137, 18.14625 ], [ -65.320137, 18.145971 ], [ -65.319861999999887, 18.145971 ], [ -65.319861999999887, 18.145695 ], [ -65.319030999999882, 18.145695 ], [ -65.319030999999882, 18.145416000000182 ], [ -65.31819199999984, 18.145416000000182 ], [ -65.31819199999984, 18.145695 ], [ -65.317917, 18.145695 ], [ -65.317917, 18.145416000000182 ], [ -65.317085, 18.145416000000182 ], [ -65.317085, 18.14514 ], [ -65.316803, 18.14514 ], [ -65.316803, 18.144861000000105 ], [ -65.315971, 18.144861000000105 ], [ -65.315971, 18.144583000000182 ], [ -65.315414, 18.144583000000182 ], [ -65.315414, 18.144861000000105 ], [ -65.314026, 18.144861000000105 ], [ -65.314026, 18.144583000000182 ], [ -65.313751, 18.144583000000182 ], [ -65.313751, 18.144304 ], [ -65.31292, 18.144304 ], [ -65.31292, 18.144583000000182 ], [ -65.311806, 18.144583000000182 ], [ -65.311806, 18.144861000000105 ], [ -65.310692, 18.144861000000105 ], [ -65.310692, 18.14514 ], [ -65.30986, 18.14514 ], [ -65.30986, 18.145416000000182 ], [ -65.308472, 18.145416000000182 ], [ -65.308472, 18.14514 ], [ -65.308196999999836, 18.14514 ], [ -65.308196999999836, 18.144861000000105 ], [ -65.307915, 18.144861000000105 ], [ -65.307915, 18.144304 ], [ -65.307358, 18.144304 ], [ -65.307358, 18.144028000000105 ], [ -65.307083, 18.144028000000105 ], [ -65.307083, 18.143749000000128 ], [ -65.306526, 18.143749000000128 ], [ -65.306526, 18.143473 ], [ -65.306252, 18.143473 ], [ -65.306252, 18.143194 ], [ -65.305695, 18.143194 ], [ -65.305695, 18.142916000000127 ], [ -65.30542, 18.142916000000127 ], [ -65.30542, 18.142639 ], [ -65.305138, 18.142639 ], [ -65.305138, 18.142361 ], [ -65.304580999999871, 18.142361 ], [ -65.304580999999871, 18.142084000000182 ], [ -65.303474, 18.142084000000182 ], [ -65.303474, 18.141806 ], [ -65.303192, 18.141806 ], [ -65.303192, 18.14152700000011 ], [ -65.302635, 18.14152700000011 ], [ -65.302635, 18.141806 ], [ -65.302361, 18.141806 ], [ -65.302361, 18.142084000000182 ], [ -65.301804, 18.142084000000182 ], [ -65.301804, 18.143749000000128 ], [ -65.302086, 18.143749000000128 ], [ -65.302086, 18.144028000000105 ], [ -65.301529, 18.144028000000105 ], [ -65.301529, 18.144304 ], [ -65.30014, 18.144304 ], [ -65.30014, 18.144028000000105 ], [ -65.298752, 18.144028000000105 ], [ -65.298752, 18.143749000000128 ], [ -65.29792, 18.143749000000128 ], [ -65.29792, 18.143473 ], [ -65.297080999999878, 18.143473 ], [ -65.297080999999878, 18.143194 ], [ -65.296806, 18.143194 ], [ -65.296806, 18.142916000000127 ], [ -65.29541799999987, 18.142916000000127 ], [ -65.29541799999987, 18.143473 ], [ -65.294861, 18.143473 ], [ -65.294861, 18.14514 ], [ -65.294585999999867, 18.14514 ], [ -65.294585999999867, 18.145416000000182 ], [ -65.294304, 18.145416000000182 ], [ -65.294304, 18.145695 ], [ -65.294029, 18.145695 ], [ -65.294029, 18.145971 ], [ -65.292358, 18.145971 ], [ -65.292358, 18.14625 ], [ -65.292084, 18.14625 ], [ -65.292084, 18.146526 ], [ -65.291527, 18.146526 ], [ -65.291527, 18.147083 ], [ -65.291252, 18.147083 ], [ -65.291252, 18.147362000000101 ], [ -65.29097, 18.147362000000101 ], [ -65.29097, 18.147919000000172 ], [ -65.290695, 18.147919000000172 ], [ -65.290695, 18.148195000000101 ], [ -65.289580999999885, 18.148195000000101 ], [ -65.289580999999885, 18.148472 ], [ -65.288193, 18.148472 ], [ -65.288193, 18.148195000000101 ], [ -65.287917999999877, 18.148195000000101 ], [ -65.287917999999877, 18.147636 ], [ -65.287636, 18.147636 ], [ -65.287636, 18.147362000000101 ], [ -65.287361, 18.147362000000101 ], [ -65.287361, 18.147083 ], [ -65.287086, 18.147083 ], [ -65.287086, 18.146805 ], [ -65.286804, 18.146805 ], [ -65.286804, 18.14514 ], [ -65.28653, 18.14514 ], [ -65.28653, 18.144028000000105 ], [ -65.284859, 18.144028000000105 ], [ -65.284859, 18.144583000000182 ], [ -65.284583999999882, 18.144583000000182 ], [ -65.284583999999882, 18.14514 ], [ -65.284302, 18.14514 ], [ -65.284302, 18.145695 ], [ -65.282913, 18.145695 ], [ -65.282913, 18.145416000000182 ], [ -65.282639, 18.145416000000182 ], [ -65.282639, 18.14514 ], [ -65.282364, 18.14514 ], [ -65.282364, 18.144028000000105 ], [ -65.282081999999832, 18.144028000000105 ], [ -65.282081999999832, 18.143473 ], [ -65.281807, 18.143473 ], [ -65.281807, 18.142916000000127 ], [ -65.281525, 18.142916000000127 ], [ -65.281525, 18.142639 ], [ -65.281249999999886, 18.142639 ], [ -65.281249999999886, 18.142361 ], [ -65.280974999999899, 18.142361 ], [ -65.280974999999899, 18.141806 ], [ -65.280693, 18.141806 ], [ -65.280693, 18.140139 ], [ -65.280417999999884, 18.140139 ], [ -65.280417999999884, 18.139862 ], [ -65.280136, 18.139862 ], [ -65.280136, 18.139584000000127 ], [ -65.279861, 18.139584000000127 ], [ -65.279861, 18.139305 ], [ -65.279586999999879, 18.139305 ], [ -65.279586999999879, 18.139029 ], [ -65.277359, 18.139029 ], [ -65.277359, 18.138750000000186 ], [ -65.277641, 18.138750000000186 ], [ -65.277641, 18.138472 ], [ -65.277915999999834, 18.138472 ], [ -65.277915999999834, 18.13819500000011 ], [ -65.278198, 18.13819500000011 ], [ -65.278198, 18.137917000000186 ], [ -65.278473, 18.137917000000186 ], [ -65.278473, 18.137638 ], [ -65.278198, 18.137638 ], [ -65.278198, 18.13653 ], [ -65.277915999999834, 18.13653 ], [ -65.277915999999834, 18.136251000000186 ], [ -65.277641, 18.136251000000186 ], [ -65.277641, 18.135973 ], [ -65.277359, 18.135973 ], [ -65.277359, 18.135695 ], [ -65.277083999999832, 18.135695 ], [ -65.277083999999832, 18.135418000000186 ], [ -65.276802, 18.135418000000186 ], [ -65.276802, 18.135138 ], [ -65.276527, 18.135138 ], [ -65.276527, 18.13485900000012 ], [ -65.27597, 18.13485900000012 ], [ -65.27597, 18.134308 ], [ -65.275696, 18.134308 ], [ -65.275696, 18.134029 ], [ -65.275414, 18.134029 ], [ -65.275414, 18.133751000000132 ], [ -65.274582, 18.133751000000132 ], [ -65.274582, 18.134029 ], [ -65.274307, 18.134029 ], [ -65.274307, 18.134308 ], [ -65.27375, 18.134308 ], [ -65.27375, 18.134583 ], [ -65.273193, 18.134583 ], [ -65.273193, 18.134308 ], [ -65.272086999999885, 18.134308 ], [ -65.272086999999885, 18.13485900000012 ], [ -65.271805, 18.13485900000012 ], [ -65.271805, 18.135138 ], [ -65.271248, 18.135138 ], [ -65.271248, 18.135418000000186 ], [ -65.269859, 18.135418000000186 ], [ -65.269859, 18.135695 ], [ -65.269585, 18.135695 ], [ -65.269585, 18.135973 ], [ -65.269028, 18.135973 ], [ -65.269028, 18.136251000000186 ], [ -65.267914, 18.136251000000186 ], [ -65.267914, 18.135973 ], [ -65.267639, 18.135973 ], [ -65.267639, 18.135695 ], [ -65.267365, 18.135695 ], [ -65.267365, 18.135418000000186 ], [ -65.267082, 18.135418000000186 ], [ -65.267082, 18.134029 ], [ -65.267365, 18.134029 ], [ -65.267365, 18.133751000000132 ], [ -65.267914, 18.133751000000132 ], [ -65.267914, 18.133472 ], [ -65.269302, 18.133472 ], [ -65.269302, 18.134029 ], [ -65.269859, 18.134029 ], [ -65.269859, 18.133751000000132 ], [ -65.270416, 18.133751000000132 ], [ -65.270416, 18.133472 ], [ -65.270691, 18.133472 ], [ -65.270691, 18.132915 ], [ -65.270973, 18.132915 ], [ -65.270973, 18.132360000000119 ], [ -65.271248, 18.132360000000119 ], [ -65.271248, 18.131250000000136 ], [ -65.27153, 18.131250000000136 ], [ -65.27153, 18.130972 ], [ -65.271805, 18.130972 ], [ -65.271805, 18.130695 ], [ -65.272086999999885, 18.130695 ], [ -65.272086999999885, 18.129028000000119 ], [ -65.272362, 18.129028000000119 ], [ -65.272362, 18.12875 ], [ -65.272918999999831, 18.12875 ], [ -65.272918999999831, 18.129583 ], [ -65.273193, 18.129583 ], [ -65.273193, 18.129862 ], [ -65.273476, 18.129862 ], [ -65.273476, 18.130138000000159 ], [ -65.27375, 18.130138000000159 ], [ -65.27375, 18.130417000000136 ], [ -65.275139, 18.130417000000136 ], [ -65.275139, 18.131250000000136 ], [ -65.275414, 18.131250000000136 ], [ -65.275414, 18.131527000000119 ], [ -65.27597, 18.131527000000119 ], [ -65.27597, 18.131805 ], [ -65.277915999999834, 18.131805 ], [ -65.277915999999834, 18.132084 ], [ -65.280136, 18.132084 ], [ -65.280136, 18.132360000000119 ], [ -65.281807, 18.132360000000119 ], [ -65.281807, 18.132639 ], [ -65.282913, 18.132639 ], [ -65.282913, 18.132915 ], [ -65.28347, 18.132915 ], [ -65.28347, 18.132639 ], [ -65.283751999999879, 18.132639 ], [ -65.283751999999879, 18.132360000000119 ], [ -65.284302, 18.132360000000119 ], [ -65.284302, 18.132084 ], [ -65.284583999999882, 18.132084 ], [ -65.284583999999882, 18.131805 ], [ -65.285141, 18.131805 ], [ -65.285141, 18.131527000000119 ], [ -65.285972999999899, 18.131527000000119 ], [ -65.285972999999899, 18.131250000000136 ], [ -65.286246999999832, 18.131250000000136 ], [ -65.286246999999832, 18.130972 ], [ -65.286804, 18.130972 ], [ -65.286804, 18.130695 ], [ -65.287636, 18.130695 ], [ -65.287636, 18.130417000000136 ], [ -65.288475, 18.130417000000136 ], [ -65.288475, 18.130138000000159 ], [ -65.290137999999899, 18.130138000000159 ], [ -65.290137999999899, 18.129862 ], [ -65.292084, 18.129862 ], [ -65.292084, 18.129583 ], [ -65.292641, 18.129583 ], [ -65.292641, 18.129305000000159 ], [ -65.29291499999988, 18.129305000000159 ], [ -65.29291499999988, 18.129028000000119 ], [ -65.293746999999883, 18.129028000000119 ], [ -65.293746999999883, 18.12875 ], [ -65.294029, 18.12875 ], [ -65.294029, 18.128195000000119 ], [ -65.294304, 18.128195000000119 ], [ -65.294304, 18.127916000000141 ], [ -65.294585999999867, 18.127916000000141 ], [ -65.294585999999867, 18.127361 ], [ -65.294861, 18.127361 ], [ -65.294861, 18.127083000000141 ], [ -65.295135, 18.127083000000141 ], [ -65.295135, 18.126806000000158 ], [ -65.295692, 18.126806000000158 ], [ -65.295692, 18.127083000000141 ], [ -65.296248999999875, 18.127083000000141 ], [ -65.296248999999875, 18.127361 ], [ -65.296524, 18.127361 ], [ -65.296524, 18.128195000000119 ], [ -65.296806, 18.128195000000119 ], [ -65.296806, 18.130138000000159 ], [ -65.297080999999878, 18.130138000000159 ], [ -65.297080999999878, 18.130695 ], [ -65.297363, 18.130695 ], [ -65.297363, 18.130972 ], [ -65.297638, 18.130972 ], [ -65.297638, 18.131527000000119 ], [ -65.29792, 18.131527000000119 ], [ -65.29792, 18.132084 ], [ -65.298195, 18.132084 ], [ -65.298195, 18.134308 ], [ -65.29847, 18.134308 ], [ -65.29847, 18.134583 ], [ -65.298752, 18.134583 ], [ -65.298752, 18.135138 ], [ -65.299858, 18.135138 ], [ -65.299858, 18.135418000000186 ], [ -65.300972, 18.135418000000186 ], [ -65.300972, 18.134029 ], [ -65.302917, 18.134029 ], [ -65.302917, 18.134308 ], [ -65.303474, 18.134308 ], [ -65.303474, 18.135138 ], [ -65.304030999999839, 18.135138 ], [ -65.304030999999839, 18.135418000000186 ], [ -65.304580999999871, 18.135418000000186 ], [ -65.304580999999871, 18.134583 ], [ -65.304306, 18.134583 ], [ -65.304306, 18.133751000000132 ], [ -65.30542, 18.133751000000132 ], [ -65.30542, 18.134308 ], [ -65.305695, 18.134308 ], [ -65.305695, 18.135138 ], [ -65.305969, 18.135138 ], [ -65.305969, 18.135418000000186 ], [ -65.306808, 18.135418000000186 ], [ -65.306808, 18.135138 ], [ -65.30764, 18.135138 ], [ -65.30764, 18.13485900000012 ], [ -65.307915, 18.13485900000012 ], [ -65.307915, 18.134583 ], [ -65.308196999999836, 18.134583 ], [ -65.308196999999836, 18.134308 ], [ -65.308472, 18.134308 ], [ -65.308472, 18.134029 ], [ -65.308745999999871, 18.134029 ], [ -65.308745999999871, 18.133751000000132 ], [ -65.309028999999839, 18.133751000000132 ], [ -65.309028999999839, 18.133472 ], [ -65.309303, 18.133472 ], [ -65.309303, 18.132915 ], [ -65.309586, 18.132915 ], [ -65.309586, 18.132639 ], [ -65.30986, 18.132639 ], [ -65.30986, 18.131805 ], [ -65.310143, 18.131805 ], [ -65.310143, 18.129583 ], [ -65.30986, 18.129583 ], [ -65.30986, 18.129305000000159 ], [ -65.309586, 18.129305000000159 ], [ -65.309586, 18.129028000000119 ], [ -65.309303, 18.129028000000119 ], [ -65.309303, 18.12875 ], [ -65.308196999999836, 18.12875 ], [ -65.308196999999836, 18.129028000000119 ], [ -65.30764, 18.129028000000119 ], [ -65.30764, 18.12875 ], [ -65.307358, 18.12875 ], [ -65.307358, 18.127361 ], [ -65.30764, 18.127361 ], [ -65.30764, 18.125973000000158 ], [ -65.307915, 18.125973000000158 ], [ -65.307915, 18.125694000000124 ], [ -65.308745999999871, 18.125694000000124 ], [ -65.308745999999871, 18.126249 ], [ -65.309303, 18.126249 ], [ -65.309303, 18.126528 ], [ -65.309586, 18.126528 ], [ -65.309586, 18.126806000000158 ], [ -65.310143, 18.126806000000158 ], [ -65.310143, 18.126528 ], [ -65.310417, 18.126528 ], [ -65.310417, 18.126249 ], [ -65.310692, 18.126249 ], [ -65.310692, 18.125973000000158 ], [ -65.312362999999891, 18.125973000000158 ], [ -65.312362999999891, 18.125694000000124 ], [ -65.31292, 18.125694000000124 ], [ -65.31292, 18.125416 ], [ -65.313193999999839, 18.125416 ], [ -65.313193999999839, 18.124863000000119 ], [ -65.31514, 18.124863000000119 ], [ -65.31514, 18.125139 ], [ -65.315696999999886, 18.125139 ], [ -65.315696999999886, 18.124306 ], [ -65.315971, 18.124306 ], [ -65.315971, 18.123472000000163 ], [ -65.316254, 18.123472000000163 ], [ -65.316254, 18.123194 ], [ -65.316803, 18.123194 ], [ -65.316803, 18.123751000000141 ], [ -65.317085, 18.123751000000141 ], [ -65.317085, 18.124027 ], [ -65.317642, 18.124027 ], [ -65.317642, 18.125139 ], [ -65.317917, 18.125139 ], [ -65.317917, 18.125416 ], [ -65.31819199999984, 18.125416 ], [ -65.31819199999984, 18.125694000000124 ], [ -65.319030999999882, 18.125694000000124 ], [ -65.319030999999882, 18.126528 ], [ -65.319305, 18.126528 ], [ -65.319305, 18.126806000000158 ], [ -65.319861999999887, 18.126806000000158 ], [ -65.319861999999887, 18.127083000000141 ], [ -65.320137, 18.127083000000141 ], [ -65.320137, 18.126806000000158 ], [ -65.321251, 18.126806000000158 ], [ -65.321251, 18.126528 ], [ -65.322364999999877, 18.126528 ], [ -65.322364999999877, 18.126249 ], [ -65.322639, 18.126249 ], [ -65.322639, 18.125973000000158 ], [ -65.324027999999885, 18.125973000000158 ], [ -65.324027999999885, 18.125694000000124 ], [ -65.324585, 18.125694000000124 ], [ -65.324585, 18.125416 ], [ -65.325690999999892, 18.125416 ], [ -65.325690999999892, 18.125139 ], [ -65.326248, 18.125139 ], [ -65.326248, 18.124863000000119 ], [ -65.326805, 18.124863000000119 ], [ -65.326805, 18.124584000000141 ], [ -65.32708, 18.124584000000141 ], [ -65.32708, 18.124306 ], [ -65.32736199999988, 18.124306 ], [ -65.32736199999988, 18.123472000000163 ], [ -65.327637, 18.123472000000163 ], [ -65.327637, 18.122641000000158 ], [ -65.32736199999988, 18.122641000000158 ], [ -65.32736199999988, 18.119862 ], [ -65.327919, 18.119862 ], [ -65.327919, 18.120136000000173 ], [ -65.328476, 18.120136000000173 ], [ -65.328476, 18.120972 ], [ -65.328751, 18.120972 ], [ -65.328751, 18.121531000000118 ], [ -65.329024999999888, 18.121531000000118 ], [ -65.329024999999888, 18.121805 ], [ -65.329308, 18.121805 ], [ -65.329308, 18.122084 ], [ -65.330139, 18.122084 ], [ -65.330139, 18.12235800000019 ], [ -65.330414, 18.12235800000019 ], [ -65.330414, 18.124584000000141 ], [ -65.330695999999875, 18.124584000000141 ], [ -65.330695999999875, 18.125139 ], [ -65.331253, 18.125139 ], [ -65.331253, 18.125694000000124 ], [ -65.333473, 18.125694000000124 ], [ -65.333473, 18.125416 ], [ -65.33403, 18.125416 ], [ -65.33403, 18.125139 ], [ -65.334305, 18.125139 ], [ -65.334305, 18.124306 ], [ -65.334587, 18.124306 ], [ -65.334587, 18.123751000000141 ], [ -65.334305, 18.123751000000141 ], [ -65.334305, 18.123472000000163 ], [ -65.33403, 18.123472000000163 ], [ -65.33403, 18.123194 ], [ -65.333748, 18.123194 ], [ -65.333748, 18.121531000000118 ], [ -65.33403, 18.121531000000118 ], [ -65.33403, 18.121248000000151 ], [ -65.334305, 18.121248000000151 ], [ -65.334305, 18.120695 ], [ -65.334861999999873, 18.120695 ], [ -65.334861999999873, 18.120972 ], [ -65.335136, 18.120972 ], [ -65.335136, 18.121248000000151 ], [ -65.335419, 18.121248000000151 ], [ -65.335419, 18.120695 ], [ -65.335136, 18.120695 ], [ -65.335136, 18.120136000000173 ], [ -65.334861999999873, 18.120136000000173 ], [ -65.334861999999873, 18.119583 ], [ -65.334305, 18.119583 ], [ -65.334305, 18.11902600000019 ], [ -65.33403, 18.11902600000019 ], [ -65.33403, 18.11875 ], [ -65.333473, 18.11875 ], [ -65.333473, 18.116804000000172 ], [ -65.33403, 18.116804000000172 ], [ -65.33403, 18.11708300000015 ], [ -65.334587, 18.11708300000015 ], [ -65.334587, 18.117361 ], [ -65.335136, 18.117361 ], [ -65.335136, 18.11764 ], [ -65.335419, 18.11764 ], [ -65.335419, 18.117914 ], [ -65.335692999999878, 18.117914 ], [ -65.335692999999878, 18.118195000000128 ], [ -65.335976, 18.118195000000128 ], [ -65.335976, 18.118473 ], [ -65.33625, 18.118473 ], [ -65.33625, 18.11875 ], [ -65.336807, 18.11875 ], [ -65.336807, 18.120136000000173 ], [ -65.337082, 18.120136000000173 ], [ -65.337082, 18.12041900000014 ], [ -65.337364, 18.12041900000014 ], [ -65.337364, 18.120695 ], [ -65.337914, 18.120695 ], [ -65.337914, 18.119862 ], [ -65.33847, 18.119862 ], [ -65.33847, 18.119305000000168 ], [ -65.338196, 18.119305000000168 ], [ -65.338196, 18.118473 ], [ -65.337639, 18.118473 ], [ -65.337639, 18.118195000000128 ], [ -65.337364, 18.118195000000128 ], [ -65.337364, 18.11764 ], [ -65.337082, 18.11764 ], [ -65.337082, 18.11708300000015 ], [ -65.33625, 18.11708300000015 ], [ -65.33625, 18.116249 ], [ -65.335976, 18.116249 ], [ -65.335976, 18.114305000000172 ], [ -65.336524999999881, 18.114305000000172 ], [ -65.336524999999881, 18.114027 ], [ -65.337364, 18.114027 ], [ -65.337364, 18.11375 ], [ -65.337639, 18.11375 ], [ -65.337639, 18.113474000000167 ], [ -65.337914, 18.113474000000167 ], [ -65.337914, 18.113194 ], [ -65.338196, 18.113194 ], [ -65.338196, 18.112638 ], [ -65.33847, 18.112638 ], [ -65.33847, 18.112083 ], [ -65.339584, 18.112083 ], [ -65.339584, 18.112364000000127 ], [ -65.339858999999876, 18.112364000000127 ], [ -65.339858999999876, 18.112638 ], [ -65.340141, 18.112638 ], [ -65.340141, 18.114305000000172 ], [ -65.339858999999876, 18.114305000000172 ], [ -65.339858999999876, 18.11486100000019 ], [ -65.339584, 18.11486100000019 ], [ -65.339584, 18.115973000000167 ], [ -65.340698, 18.115973000000167 ], [ -65.340698, 18.116249 ], [ -65.340973, 18.116249 ], [ -65.340973, 18.115973000000167 ], [ -65.341248, 18.115973000000167 ], [ -65.341248, 18.11541700000015 ], [ -65.34153, 18.11541700000015 ], [ -65.34153, 18.11486100000019 ], [ -65.341805, 18.11486100000019 ], [ -65.341805, 18.114027 ], [ -65.34153, 18.114027 ], [ -65.34153, 18.112917 ], [ -65.341805, 18.112917 ], [ -65.341805, 18.111805 ], [ -65.342087, 18.111805 ], [ -65.342087, 18.111528 ], [ -65.342636, 18.111528 ], [ -65.342636, 18.110970000000123 ], [ -65.343193, 18.110970000000123 ], [ -65.343193, 18.111528 ], [ -65.34375, 18.111528 ], [ -65.34375, 18.111805 ], [ -65.345413, 18.111805 ], [ -65.345413, 18.112083 ], [ -65.34597, 18.112083 ], [ -65.34597, 18.111528 ], [ -65.346252, 18.111528 ], [ -65.346252, 18.1104160000001 ], [ -65.347359, 18.1104160000001 ], [ -65.347359, 18.110970000000123 ], [ -65.347640999999896, 18.110970000000123 ], [ -65.347640999999896, 18.11125200000015 ], [ -65.347916, 18.11125200000015 ], [ -65.347916, 18.111528 ], [ -65.348198, 18.111528 ], [ -65.348198, 18.111805 ], [ -65.348472999999842, 18.111805 ], [ -65.348472999999842, 18.112083 ], [ -65.348747, 18.112083 ], [ -65.348747, 18.112364000000127 ], [ -65.34903, 18.112364000000127 ], [ -65.34903, 18.112083 ], [ -65.350136, 18.112083 ], [ -65.350136, 18.111805 ], [ -65.350418, 18.111805 ], [ -65.350418, 18.111528 ], [ -65.351806999999894, 18.111528 ], [ -65.351806999999894, 18.111805 ], [ -65.352081, 18.111805 ], [ -65.352081, 18.112083 ], [ -65.354584, 18.112083 ], [ -65.354584, 18.112364000000127 ], [ -65.355415, 18.112364000000127 ], [ -65.355415, 18.112638 ], [ -65.355971999999895, 18.112638 ], [ -65.355971999999895, 18.113474000000167 ], [ -65.35514099999989, 18.113474000000167 ], [ -65.35514099999989, 18.113194 ], [ -65.352637999999843, 18.113194 ], [ -65.352637999999843, 18.113474000000167 ], [ -65.352364, 18.113474000000167 ], [ -65.352364, 18.11375 ], [ -65.35125, 18.11375 ], [ -65.35125, 18.114027 ], [ -65.350974999999892, 18.114027 ], [ -65.350974999999892, 18.114305000000172 ], [ -65.350693, 18.114305000000172 ], [ -65.350693, 18.114582 ], [ -65.349304, 18.114582 ], [ -65.349304, 18.11486100000019 ], [ -65.348198, 18.11486100000019 ], [ -65.348198, 18.11541700000015 ], [ -65.347084, 18.11541700000015 ], [ -65.347084, 18.115696000000128 ], [ -65.345695, 18.115696000000128 ], [ -65.345695, 18.115973000000167 ], [ -65.345139, 18.115973000000167 ], [ -65.345139, 18.115696000000128 ], [ -65.343474999999842, 18.115696000000128 ], [ -65.343474999999842, 18.115973000000167 ], [ -65.34375, 18.115973000000167 ], [ -65.34375, 18.11708300000015 ], [ -65.343474999999842, 18.11708300000015 ], [ -65.343474999999842, 18.117361 ], [ -65.343193, 18.117361 ], [ -65.343193, 18.11764 ], [ -65.342636, 18.11764 ], [ -65.342636, 18.117914 ], [ -65.342361, 18.117914 ], [ -65.342361, 18.118195000000128 ], [ -65.341805, 18.118195000000128 ], [ -65.341805, 18.118473 ], [ -65.340973, 18.118473 ], [ -65.340973, 18.11875 ], [ -65.340698, 18.11875 ], [ -65.340698, 18.11902600000019 ], [ -65.340416, 18.11902600000019 ], [ -65.340416, 18.12041900000014 ], [ -65.340973, 18.12041900000014 ], [ -65.340973, 18.120972 ], [ -65.342636, 18.120972 ], [ -65.342636, 18.120695 ], [ -65.343474999999842, 18.120695 ], [ -65.343474999999842, 18.12041900000014 ], [ -65.34375, 18.12041900000014 ], [ -65.34375, 18.120695 ], [ -65.344306999999844, 18.120695 ], [ -65.344306999999844, 18.120972 ], [ -65.344864, 18.120972 ], [ -65.344864, 18.121248000000151 ], [ -65.345413, 18.121248000000151 ], [ -65.345413, 18.12235800000019 ], [ -65.345695, 18.12235800000019 ], [ -65.345695, 18.121805 ], [ -65.34597, 18.121805 ], [ -65.34597, 18.121531000000118 ], [ -65.347640999999896, 18.121531000000118 ], [ -65.347640999999896, 18.122641000000158 ], [ -65.348472999999842, 18.122641000000158 ], [ -65.348472999999842, 18.12235800000019 ], [ -65.34903, 18.12235800000019 ], [ -65.34903, 18.122084 ], [ -65.349586, 18.122084 ], [ -65.349586, 18.122641000000158 ], [ -65.349861, 18.122641000000158 ], [ -65.349861, 18.122917 ], [ -65.350418, 18.122917 ], [ -65.350418, 18.123194 ], [ -65.350693, 18.123194 ], [ -65.350693, 18.124306 ], [ -65.350418, 18.124306 ], [ -65.350418, 18.125416 ], [ -65.350136, 18.125416 ], [ -65.350136, 18.125694000000124 ], [ -65.349861, 18.125694000000124 ], [ -65.349861, 18.126249 ], [ -65.350136, 18.126249 ], [ -65.350136, 18.126528 ], [ -65.350418, 18.126528 ], [ -65.350418, 18.126249 ], [ -65.350693, 18.126249 ], [ -65.350693, 18.125973000000158 ], [ -65.351806999999894, 18.125973000000158 ], [ -65.351806999999894, 18.125694000000124 ], [ -65.352364, 18.125694000000124 ], [ -65.352364, 18.125139 ], [ -65.352913, 18.125139 ], [ -65.352913, 18.125416 ], [ -65.353752, 18.125416 ], [ -65.353752, 18.125694000000124 ], [ -65.354027, 18.125694000000124 ], [ -65.354027, 18.125416 ], [ -65.354308999999887, 18.125416 ], [ -65.354308999999887, 18.125139 ], [ -65.354858, 18.125139 ], [ -65.354858, 18.125973000000158 ], [ -65.355415, 18.125973000000158 ], [ -65.355415, 18.126249 ], [ -65.356247, 18.126249 ], [ -65.356247, 18.126528 ], [ -65.356803999999897, 18.126528 ], [ -65.356803999999897, 18.126249 ], [ -65.357361, 18.126249 ], [ -65.357361, 18.125973000000158 ], [ -65.357918, 18.125973000000158 ], [ -65.357918, 18.124863000000119 ], [ -65.358192, 18.124863000000119 ], [ -65.358192, 18.123472000000163 ], [ -65.359024, 18.123472000000163 ], [ -65.359024, 18.126806000000158 ], [ -65.35930599999989, 18.126806000000158 ], [ -65.35930599999989, 18.127083000000141 ], [ -65.359581, 18.127083000000141 ], [ -65.359581, 18.127361 ], [ -65.359863, 18.127361 ], [ -65.359863, 18.12764 ], [ -65.36042, 18.12764 ], [ -65.36042, 18.127916000000141 ], [ -65.360695, 18.127916000000141 ], [ -65.360695, 18.12875 ], [ -65.361252, 18.12875 ], [ -65.361252, 18.129583 ], [ -65.361526, 18.129583 ], [ -65.361526, 18.129862 ], [ -65.36180899999988, 18.129862 ], [ -65.36180899999988, 18.130138000000159 ], [ -65.363747, 18.130138000000159 ], [ -65.363747, 18.125973000000158 ], [ -65.364029, 18.125973000000158 ], [ -65.364029, 18.125694000000124 ], [ -65.36430399999989, 18.125694000000124 ], [ -65.36430399999989, 18.125416 ], [ -65.364861, 18.125416 ], [ -65.364861, 18.125139 ], [ -65.365417, 18.125139 ], [ -65.365417, 18.124027 ], [ -65.365134999999896, 18.124027 ], [ -65.365134999999896, 18.122917 ], [ -65.364861, 18.122917 ], [ -65.364861, 18.122641000000158 ], [ -65.364586, 18.122641000000158 ], [ -65.364586, 18.121805 ], [ -65.36430399999989, 18.121805 ], [ -65.36430399999989, 18.120695 ], [ -65.364586, 18.120695 ], [ -65.364586, 18.120136000000173 ], [ -65.365973999999881, 18.120136000000173 ], [ -65.365973999999881, 18.12041900000014 ], [ -65.366249, 18.12041900000014 ], [ -65.366249, 18.12235800000019 ], [ -65.367363, 18.12235800000019 ], [ -65.367363, 18.122641000000158 ], [ -65.367637999999886, 18.122641000000158 ], [ -65.367637999999886, 18.123194 ], [ -65.36792, 18.123194 ], [ -65.36792, 18.124306 ], [ -65.368195, 18.124306 ], [ -65.368195, 18.124863000000119 ], [ -65.368468999999891, 18.124863000000119 ], [ -65.368468999999891, 18.125139 ], [ -65.368752, 18.125139 ], [ -65.368752, 18.124863000000119 ], [ -65.370697, 18.124863000000119 ], [ -65.370697, 18.124584000000141 ], [ -65.372643, 18.124584000000141 ], [ -65.372643, 18.124027 ], [ -65.373749, 18.124027 ], [ -65.373749, 18.123472000000163 ], [ -65.374306, 18.123472000000163 ], [ -65.374306, 18.122641000000158 ], [ -65.37458, 18.122641000000158 ], [ -65.37458, 18.122084 ], [ -65.374306, 18.122084 ], [ -65.374306, 18.120695 ], [ -65.37458, 18.120695 ], [ -65.37458, 18.12041900000014 ], [ -65.374306, 18.12041900000014 ], [ -65.374306, 18.119862 ], [ -65.374031, 18.119862 ], [ -65.374031, 18.119583 ], [ -65.373749, 18.119583 ], [ -65.373749, 18.119305000000168 ], [ -65.373474, 18.119305000000168 ], [ -65.373474, 18.11902600000019 ], [ -65.372917, 18.11902600000019 ], [ -65.372917, 18.11875 ], [ -65.372643, 18.11875 ], [ -65.372643, 18.118195000000128 ], [ -65.372086, 18.118195000000128 ], [ -65.372086, 18.117361 ], [ -65.371802999999886, 18.117361 ], [ -65.371802999999886, 18.116249 ], [ -65.372086, 18.116249 ], [ -65.372086, 18.115696000000128 ], [ -65.372917, 18.115696000000128 ], [ -65.372917, 18.115973000000167 ], [ -65.373192, 18.115973000000167 ], [ -65.373192, 18.116249 ], [ -65.373749, 18.116249 ], [ -65.373749, 18.116528 ], [ -65.374031, 18.116528 ], [ -65.374031, 18.11708300000015 ], [ -65.374306, 18.11708300000015 ], [ -65.374306, 18.11764 ], [ -65.375136999999881, 18.11764 ], [ -65.375136999999881, 18.117914 ], [ -65.375419999999849, 18.117914 ], [ -65.375419999999849, 18.11764 ], [ -65.375694, 18.11764 ], [ -65.375694, 18.117361 ], [ -65.376251, 18.117361 ], [ -65.376251, 18.11708300000015 ], [ -65.376526, 18.11708300000015 ], [ -65.376526, 18.116528 ], [ -65.376251, 18.116528 ], [ -65.376251, 18.116249 ], [ -65.375968999999884, 18.116249 ], [ -65.375968999999884, 18.115696000000128 ], [ -65.375694, 18.115696000000128 ], [ -65.375694, 18.115139 ], [ -65.375968999999884, 18.115139 ], [ -65.375968999999884, 18.113474000000167 ], [ -65.376251, 18.113474000000167 ], [ -65.376251, 18.112917 ], [ -65.376526, 18.112917 ], [ -65.376526, 18.111528 ], [ -65.376808, 18.111528 ], [ -65.376808, 18.11125200000015 ], [ -65.376526, 18.11125200000015 ], [ -65.376526, 18.110970000000123 ], [ -65.375968999999884, 18.110970000000123 ], [ -65.375968999999884, 18.110695 ], [ -65.375136999999881, 18.110695 ], [ -65.375136999999881, 18.109306 ], [ -65.374863, 18.109306 ], [ -65.374863, 18.109030000000189 ], [ -65.374306, 18.109030000000189 ], [ -65.374306, 18.108747 ], [ -65.374031, 18.108747 ], [ -65.374031, 18.107637000000182 ], [ -65.374306, 18.107637000000182 ], [ -65.374306, 18.106808000000171 ], [ -65.375694, 18.106808000000171 ], [ -65.375694, 18.1070840000001 ], [ -65.376251, 18.1070840000001 ], [ -65.376251, 18.107361 ], [ -65.377083, 18.107361 ], [ -65.377083, 18.107637000000182 ], [ -65.377357, 18.107637000000182 ], [ -65.377357, 18.108194 ], [ -65.37764, 18.108194 ], [ -65.37764, 18.107916 ], [ -65.377914, 18.107916 ], [ -65.377914, 18.1070840000001 ], [ -65.378197, 18.1070840000001 ], [ -65.378197, 18.106808000000171 ], [ -65.379028, 18.106808000000171 ], [ -65.379028, 18.107637000000182 ], [ -65.378754, 18.107637000000182 ], [ -65.378754, 18.108473 ], [ -65.378471, 18.108473 ], [ -65.378471, 18.108747 ], [ -65.378197, 18.108747 ], [ -65.378197, 18.109306 ], [ -65.377914, 18.109306 ], [ -65.377914, 18.1104160000001 ], [ -65.378197, 18.1104160000001 ], [ -65.378197, 18.110970000000123 ], [ -65.378471, 18.110970000000123 ], [ -65.378471, 18.11125200000015 ], [ -65.379302999999879, 18.11125200000015 ], [ -65.379302999999879, 18.111528 ], [ -65.37958499999985, 18.111528 ], [ -65.37958499999985, 18.11125200000015 ], [ -65.37986, 18.11125200000015 ], [ -65.37986, 18.110970000000123 ], [ -65.380692, 18.110970000000123 ], [ -65.380692, 18.111805 ], [ -65.380974, 18.111805 ], [ -65.380974, 18.112083 ], [ -65.381248, 18.112083 ], [ -65.381248, 18.112364000000127 ], [ -65.381531, 18.112364000000127 ], [ -65.381531, 18.112638 ], [ -65.38208, 18.112638 ], [ -65.38208, 18.112364000000127 ], [ -65.383194, 18.112364000000127 ], [ -65.383194, 18.112083 ], [ -65.383750999999847, 18.112083 ], [ -65.383750999999847, 18.111805 ], [ -65.384026, 18.111805 ], [ -65.384026, 18.111528 ], [ -65.38458299999985, 18.111528 ], [ -65.38458299999985, 18.111805 ], [ -65.384865, 18.111805 ], [ -65.384865, 18.112083 ], [ -65.385139, 18.112083 ], [ -65.385139, 18.112364000000127 ], [ -65.386252999999897, 18.112364000000127 ], [ -65.386252999999897, 18.112638 ], [ -65.390694, 18.112638 ], [ -65.390694, 18.111805 ], [ -65.390976, 18.111805 ], [ -65.390976, 18.110970000000123 ], [ -65.391250999999897, 18.110970000000123 ], [ -65.391250999999897, 18.109861 ], [ -65.392082, 18.109861 ], [ -65.392082, 18.107637000000182 ], [ -65.392365, 18.107637000000182 ], [ -65.392365, 18.1070840000001 ], [ -65.394028, 18.1070840000001 ], [ -65.394028, 18.107361 ], [ -65.394302, 18.107361 ], [ -65.394302, 18.109861 ], [ -65.394584999999893, 18.109861 ], [ -65.394584999999893, 18.110140000000172 ], [ -65.395415999999898, 18.110140000000172 ], [ -65.395415999999898, 18.1104160000001 ], [ -65.395691, 18.1104160000001 ], [ -65.395691, 18.110695 ], [ -65.395973, 18.110695 ], [ -65.395973, 18.110970000000123 ], [ -65.396248, 18.110970000000123 ], [ -65.396248, 18.11125200000015 ], [ -65.39653, 18.11125200000015 ], [ -65.39653, 18.111528 ], [ -65.397362, 18.111528 ], [ -65.397362, 18.11125200000015 ], [ -65.397918999999888, 18.11125200000015 ], [ -65.397918999999888, 18.1104160000001 ], [ -65.398193, 18.1104160000001 ], [ -65.398193, 18.1095830000001 ], [ -65.398476, 18.1095830000001 ], [ -65.398476, 18.109306 ], [ -65.398749999999893, 18.109306 ], [ -65.398749999999893, 18.109030000000189 ], [ -65.399025, 18.109030000000189 ], [ -65.399025, 18.108747 ], [ -65.399864, 18.108747 ], [ -65.399864, 18.109030000000189 ], [ -65.400139, 18.109030000000189 ], [ -65.400139, 18.11125200000015 ], [ -65.400413999999898, 18.11125200000015 ], [ -65.400413999999898, 18.111528 ], [ -65.401527, 18.111528 ], [ -65.401527, 18.11125200000015 ], [ -65.401802, 18.11125200000015 ], [ -65.401802, 18.110970000000123 ], [ -65.402083999999888, 18.110970000000123 ], [ -65.402083999999888, 18.110695 ], [ -65.402358999999819, 18.110695 ], [ -65.402358999999819, 18.109306 ], [ -65.402641, 18.109306 ], [ -65.402641, 18.108747 ], [ -65.404587, 18.108747 ], [ -65.404587, 18.108473 ], [ -65.405417999999884, 18.108473 ], [ -65.405417999999884, 18.107916 ], [ -65.406249999999886, 18.107916 ], [ -65.406249999999886, 18.108473 ], [ -65.406525, 18.108473 ], [ -65.406525, 18.109306 ], [ -65.406249999999886, 18.109306 ], [ -65.406249999999886, 18.110140000000172 ], [ -65.405975, 18.110140000000172 ], [ -65.405975, 18.1104160000001 ], [ -65.405693, 18.1104160000001 ], [ -65.405693, 18.110970000000123 ], [ -65.405417999999884, 18.110970000000123 ], [ -65.405417999999884, 18.112917 ], [ -65.405975, 18.112917 ], [ -65.405975, 18.113474000000167 ], [ -65.407364, 18.113474000000167 ], [ -65.407364, 18.11375 ], [ -65.40847, 18.11375 ], [ -65.40847, 18.113474000000167 ], [ -65.409859, 18.113474000000167 ], [ -65.409859, 18.112638 ], [ -65.410141, 18.112638 ], [ -65.410141, 18.112364000000127 ], [ -65.410415999999884, 18.112364000000127 ], [ -65.410415999999884, 18.111805 ], [ -65.410697999999854, 18.111805 ], [ -65.410697999999854, 18.11125200000015 ], [ -65.410141, 18.11125200000015 ], [ -65.410141, 18.110970000000123 ], [ -65.409859, 18.110970000000123 ], [ -65.409859, 18.110695 ], [ -65.409584, 18.110695 ], [ -65.409584, 18.110140000000172 ], [ -65.409302, 18.110140000000172 ], [ -65.409302, 18.109030000000189 ], [ -65.407639, 18.109030000000189 ], [ -65.407639, 18.108747 ], [ -65.407912999999894, 18.108747 ], [ -65.407912999999894, 18.108473 ], [ -65.407639, 18.108473 ], [ -65.407639, 18.108194 ], [ -65.407364, 18.108194 ], [ -65.407364, 18.106808000000171 ], [ -65.407912999999894, 18.106808000000171 ], [ -65.407912999999894, 18.106527 ], [ -65.409302, 18.106527 ], [ -65.409302, 18.1062510000001 ], [ -65.409584, 18.1062510000001 ], [ -65.409584, 18.105972000000122 ], [ -65.411804, 18.105972000000122 ], [ -65.411804, 18.107916 ], [ -65.412086, 18.107916 ], [ -65.412086, 18.108473 ], [ -65.412636, 18.108473 ], [ -65.412636, 18.108747 ], [ -65.414863999999852, 18.108747 ], [ -65.414863999999852, 18.108473 ], [ -65.415412999999887, 18.108473 ], [ -65.415412999999887, 18.108194 ], [ -65.416527, 18.108194 ], [ -65.416527, 18.107916 ], [ -65.417084, 18.107916 ], [ -65.417084, 18.107637000000182 ], [ -65.417358, 18.107637000000182 ], [ -65.417358, 18.1070840000001 ], [ -65.417641, 18.1070840000001 ], [ -65.417641, 18.106527 ], [ -65.417915, 18.106527 ], [ -65.417915, 18.1062510000001 ], [ -65.418198, 18.1062510000001 ], [ -65.418198, 18.10486 ], [ -65.418472, 18.10486 ], [ -65.418472, 18.104029 ], [ -65.418198, 18.104029 ], [ -65.418198, 18.103750000000105 ], [ -65.417358, 18.103750000000105 ], [ -65.417358, 18.103472000000181 ], [ -65.417084, 18.103472000000181 ], [ -65.417084, 18.103193 ], [ -65.416809, 18.103193 ], [ -65.416809, 18.102362 ], [ -65.417084, 18.102362 ], [ -65.417084, 18.102083 ], [ -65.417358, 18.102083 ], [ -65.417358, 18.101805000000127 ], [ -65.417915, 18.101805000000127 ], [ -65.417915, 18.101528 ], [ -65.419028999999853, 18.101528 ], [ -65.419028999999853, 18.10125 ], [ -65.419860999999855, 18.10125 ], [ -65.419860999999855, 18.101528 ], [ -65.420692, 18.101528 ], [ -65.420692, 18.101805000000127 ], [ -65.421806, 18.101805000000127 ], [ -65.421806, 18.103472000000181 ], [ -65.422363, 18.103472000000181 ], [ -65.422363, 18.103750000000105 ], [ -65.422638, 18.103750000000105 ], [ -65.422638, 18.104584 ], [ -65.42292, 18.104584 ], [ -65.42292, 18.10486 ], [ -65.423195, 18.10486 ], [ -65.423195, 18.105139000000122 ], [ -65.42347, 18.105139000000122 ], [ -65.42347, 18.105972000000122 ], [ -65.423752, 18.105972000000122 ], [ -65.423752, 18.1062510000001 ], [ -65.424025999999856, 18.1062510000001 ], [ -65.424025999999856, 18.106527 ], [ -65.424308999999823, 18.106527 ], [ -65.424308999999823, 18.106808000000171 ], [ -65.424583, 18.106808000000171 ], [ -65.424583, 18.1070840000001 ], [ -65.424858, 18.1070840000001 ], [ -65.424858, 18.107637000000182 ], [ -65.424308999999823, 18.107637000000182 ], [ -65.424308999999823, 18.107916 ], [ -65.424025999999856, 18.107916 ], [ -65.424025999999856, 18.108194 ], [ -65.424308999999823, 18.108194 ], [ -65.424308999999823, 18.108473 ], [ -65.424025999999856, 18.108473 ], [ -65.424025999999856, 18.108747 ], [ -65.424308999999823, 18.108747 ], [ -65.424308999999823, 18.109030000000189 ], [ -65.424583, 18.109030000000189 ], [ -65.424583, 18.1095830000001 ], [ -65.42514, 18.1095830000001 ], [ -65.42514, 18.110140000000172 ], [ -65.425415, 18.110140000000172 ], [ -65.425415, 18.110695 ], [ -65.425697, 18.110695 ], [ -65.425697, 18.110970000000123 ], [ -65.425972, 18.110970000000123 ], [ -65.425972, 18.11125200000015 ], [ -65.427086, 18.11125200000015 ], [ -65.427086, 18.110970000000123 ], [ -65.427635, 18.110970000000123 ], [ -65.427635, 18.11125200000015 ], [ -65.428473999999824, 18.11125200000015 ], [ -65.428473999999824, 18.110970000000123 ], [ -65.429306, 18.110970000000123 ], [ -65.429306, 18.110695 ], [ -65.429581, 18.110695 ], [ -65.429581, 18.110140000000172 ], [ -65.429862999999898, 18.110140000000172 ], [ -65.429862999999898, 18.109861 ], [ -65.430695, 18.109861 ], [ -65.430695, 18.1095830000001 ], [ -65.430969, 18.1095830000001 ], [ -65.430969, 18.109306 ], [ -65.431807999999876, 18.109306 ], [ -65.431807999999876, 18.109030000000189 ], [ -65.432083, 18.109030000000189 ], [ -65.432083, 18.108747 ], [ -65.432639999999822, 18.108747 ], [ -65.432639999999822, 18.108473 ], [ -65.433471999999824, 18.108473 ], [ -65.433471999999824, 18.108194 ], [ -65.433746, 18.108194 ], [ -65.433746, 18.107637000000182 ], [ -65.434028999999896, 18.107637000000182 ], [ -65.434028999999896, 18.1070840000001 ], [ -65.435974, 18.1070840000001 ], [ -65.435974, 18.106527 ], [ -65.435692, 18.106527 ], [ -65.435692, 18.1062510000001 ], [ -65.43486, 18.1062510000001 ], [ -65.43486, 18.105972000000122 ], [ -65.434303, 18.105972000000122 ], [ -65.434303, 18.105415 ], [ -65.433746, 18.105415 ], [ -65.433746, 18.105694 ], [ -65.432639999999822, 18.105694 ], [ -65.432639999999822, 18.105415 ], [ -65.430695, 18.105415 ], [ -65.430695, 18.105139000000122 ], [ -65.43042, 18.105139000000122 ], [ -65.43042, 18.104584 ], [ -65.430138, 18.104584 ], [ -65.430138, 18.104029 ], [ -65.429862999999898, 18.104029 ], [ -65.429862999999898, 18.103750000000105 ], [ -65.426804, 18.103750000000105 ], [ -65.426804, 18.103472000000181 ], [ -65.426529, 18.103472000000181 ], [ -65.426529, 18.103750000000105 ], [ -65.426247, 18.103750000000105 ], [ -65.426247, 18.103193 ], [ -65.425972, 18.103193 ], [ -65.425972, 18.102638000000127 ], [ -65.425697, 18.102638000000127 ], [ -65.425697, 18.102083 ], [ -65.425415, 18.102083 ], [ -65.425415, 18.101528 ], [ -65.424858, 18.101528 ], [ -65.424858, 18.10125 ], [ -65.424308999999823, 18.10125 ], [ -65.424308999999823, 18.100973000000181 ], [ -65.424025999999856, 18.100973000000181 ], [ -65.424025999999856, 18.100695 ], [ -65.423752, 18.100695 ], [ -65.423752, 18.100416000000109 ], [ -65.42292, 18.100416000000109 ], [ -65.42292, 18.100140000000181 ], [ -65.422363, 18.100140000000181 ], [ -65.422363, 18.099861 ], [ -65.422081, 18.099861 ], [ -65.422081, 18.099028 ], [ -65.422363, 18.099028 ], [ -65.422363, 18.098749 ], [ -65.422638, 18.098749 ], [ -65.422638, 18.098473000000126 ], [ -65.42292, 18.098473000000126 ], [ -65.42292, 18.098194 ], [ -65.423195, 18.098194 ], [ -65.423195, 18.097918 ], [ -65.42347, 18.097918 ], [ -65.42347, 18.097639 ], [ -65.423752, 18.097639 ], [ -65.423752, 18.097359000000154 ], [ -65.424025999999856, 18.097359000000154 ], [ -65.424025999999856, 18.096806 ], [ -65.42347, 18.096806 ], [ -65.42347, 18.096527 ], [ -65.423195, 18.096527 ], [ -65.423195, 18.095972000000131 ], [ -65.42347, 18.095972000000131 ], [ -65.42347, 18.095694 ], [ -65.423752, 18.095694 ], [ -65.423752, 18.095419 ], [ -65.424025999999856, 18.095419 ], [ -65.424025999999856, 18.09514 ], [ -65.424858, 18.09514 ], [ -65.424858, 18.094862 ], [ -65.425415, 18.094862 ], [ -65.425415, 18.094584 ], [ -65.425697, 18.094584 ], [ -65.425697, 18.094305 ], [ -65.425972, 18.094305 ], [ -65.425972, 18.094027000000153 ], [ -65.427635, 18.094027000000153 ], [ -65.427635, 18.093748000000119 ], [ -65.427917, 18.093748000000119 ], [ -65.427917, 18.093472 ], [ -65.429581, 18.093472 ], [ -65.429581, 18.093197 ], [ -65.43042, 18.093197 ], [ -65.43042, 18.093748000000119 ], [ -65.430969, 18.093748000000119 ], [ -65.430969, 18.093197 ], [ -65.431252, 18.093197 ], [ -65.431252, 18.092916 ], [ -65.431526, 18.092916 ], [ -65.431526, 18.092636000000141 ], [ -65.432639999999822, 18.092636000000141 ], [ -65.432639999999822, 18.092361000000153 ], [ -65.432915, 18.092361000000153 ], [ -65.432915, 18.092083 ], [ -65.433471999999824, 18.092083 ], [ -65.433471999999824, 18.091528000000153 ], [ -65.438193999999896, 18.091528000000153 ], [ -65.438193999999896, 18.092083 ], [ -65.438469, 18.092083 ], [ -65.438469, 18.092636000000141 ], [ -65.438751, 18.092636000000141 ], [ -65.438751, 18.093197 ], [ -65.439583, 18.093197 ], [ -65.439583, 18.093472 ], [ -65.439857, 18.093472 ], [ -65.439857, 18.094584 ], [ -65.439583, 18.094584 ], [ -65.439583, 18.094862 ], [ -65.439308, 18.094862 ], [ -65.439308, 18.095694 ], [ -65.439025999999899, 18.095694 ], [ -65.439025999999899, 18.097918 ], [ -65.439308, 18.097918 ], [ -65.439308, 18.098473000000126 ], [ -65.439583, 18.098473000000126 ], [ -65.439583, 18.099306000000126 ], [ -65.439857, 18.099306000000126 ], [ -65.439857, 18.099861 ], [ -65.44014, 18.099861 ], [ -65.44014, 18.100140000000181 ], [ -65.440414, 18.100140000000181 ], [ -65.440414, 18.100416000000109 ], [ -65.440970999999877, 18.100416000000109 ], [ -65.440970999999877, 18.100695 ], [ -65.44014, 18.100695 ], [ -65.44014, 18.100973000000181 ], [ -65.439583, 18.100973000000181 ], [ -65.439583, 18.102083 ], [ -65.439308, 18.102083 ], [ -65.439308, 18.103472000000181 ], [ -65.439583, 18.103472000000181 ], [ -65.439583, 18.103750000000105 ], [ -65.439857, 18.103750000000105 ], [ -65.439857, 18.104029 ], [ -65.441527999999892, 18.104029 ], [ -65.441527999999892, 18.103750000000105 ], [ -65.442085, 18.103750000000105 ], [ -65.442085, 18.104029 ], [ -65.442917, 18.104029 ], [ -65.442917, 18.104305000000181 ], [ -65.443474, 18.104305000000181 ], [ -65.443474, 18.104584 ], [ -65.444031, 18.104584 ], [ -65.444031, 18.10486 ], [ -65.445419, 18.10486 ], [ -65.445419, 18.105139000000122 ], [ -65.445968999999877, 18.105139000000122 ], [ -65.445968999999877, 18.105415 ], [ -65.447083, 18.105415 ], [ -65.447083, 18.105139000000122 ], [ -65.447639, 18.105139000000122 ], [ -65.447639, 18.10486 ], [ -65.449303, 18.10486 ], [ -65.449303, 18.104584 ], [ -65.449585, 18.104584 ], [ -65.449585, 18.104305000000181 ], [ -65.450417, 18.104305000000181 ], [ -65.450417, 18.104029 ], [ -65.450690999999892, 18.104029 ], [ -65.450690999999892, 18.103750000000105 ], [ -65.45097399999986, 18.103750000000105 ], [ -65.45097399999986, 18.100695 ], [ -65.450690999999892, 18.100695 ], [ -65.450690999999892, 18.100416000000109 ], [ -65.450417, 18.100416000000109 ], [ -65.450417, 18.100140000000181 ], [ -65.449585, 18.100140000000181 ], [ -65.449585, 18.099861 ], [ -65.449028, 18.099861 ], [ -65.449028, 18.100140000000181 ], [ -65.448196, 18.100140000000181 ], [ -65.448196, 18.099861 ], [ -65.446251, 18.099861 ], [ -65.446251, 18.099583000000109 ], [ -65.445137, 18.099583000000109 ], [ -65.445137, 18.099306000000126 ], [ -65.442359999999894, 18.099306000000126 ], [ -65.442359999999894, 18.099028 ], [ -65.441802999999823, 18.099028 ], [ -65.441802999999823, 18.098749 ], [ -65.441527999999892, 18.098749 ], [ -65.441527999999892, 18.098473000000126 ], [ -65.440697, 18.098473000000126 ], [ -65.440697, 18.098194 ], [ -65.44014, 18.098194 ], [ -65.44014, 18.096806 ], [ -65.440414, 18.096806 ], [ -65.440414, 18.095694 ], [ -65.440970999999877, 18.095694 ], [ -65.440970999999877, 18.095419 ], [ -65.441254, 18.095419 ], [ -65.441254, 18.09514 ], [ -65.441527999999892, 18.09514 ], [ -65.441527999999892, 18.094862 ], [ -65.441802999999823, 18.094862 ], [ -65.441802999999823, 18.094305 ], [ -65.442359999999894, 18.094305 ], [ -65.442359999999894, 18.092361000000153 ], [ -65.442642, 18.092361000000153 ], [ -65.442642, 18.092083 ], [ -65.44458, 18.092083 ], [ -65.44458, 18.091528000000153 ], [ -65.445137, 18.091528000000153 ], [ -65.445137, 18.090973 ], [ -65.444862, 18.090973 ], [ -65.444862, 18.089306000000136 ], [ -65.445137, 18.089306000000136 ], [ -65.445137, 18.089027000000158 ], [ -65.445968999999877, 18.089027000000158 ], [ -65.445968999999877, 18.089306000000136 ], [ -65.446251, 18.089306000000136 ], [ -65.446251, 18.089027000000158 ], [ -65.446525999999892, 18.089027000000158 ], [ -65.446525999999892, 18.088751 ], [ -65.446808, 18.088751 ], [ -65.446808, 18.088194000000158 ], [ -65.447083, 18.088194000000158 ], [ -65.447083, 18.087639 ], [ -65.447639, 18.087639 ], [ -65.447639, 18.08736 ], [ -65.448196, 18.08736 ], [ -65.448196, 18.087084000000118 ], [ -65.449028, 18.087084000000118 ], [ -65.449028, 18.088472 ], [ -65.449303, 18.088472 ], [ -65.449303, 18.088751 ], [ -65.449028, 18.088751 ], [ -65.449028, 18.090139000000136 ], [ -65.449303, 18.090139000000136 ], [ -65.449303, 18.090694 ], [ -65.44986, 18.090694 ], [ -65.44986, 18.090973 ], [ -65.450690999999892, 18.090973 ], [ -65.450690999999892, 18.090694 ], [ -65.45097399999986, 18.090694 ], [ -65.45097399999986, 18.090414000000123 ], [ -65.451248, 18.090414000000123 ], [ -65.451248, 18.089861 ], [ -65.45097399999986, 18.089861 ], [ -65.45097399999986, 18.088472 ], [ -65.450690999999892, 18.088472 ], [ -65.450690999999892, 18.086527 ], [ -65.45097399999986, 18.086527 ], [ -65.45097399999986, 18.085974000000135 ], [ -65.451805, 18.085974000000135 ], [ -65.451805, 18.086527 ], [ -65.453476, 18.086527 ], [ -65.453476, 18.08680500000014 ], [ -65.453751, 18.08680500000014 ], [ -65.453751, 18.087084000000118 ], [ -65.455696, 18.087084000000118 ], [ -65.455696, 18.08736 ], [ -65.456528, 18.08736 ], [ -65.456528, 18.087639 ], [ -65.456802, 18.087639 ], [ -65.456802, 18.087917000000118 ], [ -65.457085, 18.087917000000118 ], [ -65.457085, 18.088472 ], [ -65.456802, 18.088472 ], [ -65.456802, 18.088751 ], [ -65.456528, 18.088751 ], [ -65.456528, 18.089027000000158 ], [ -65.456253, 18.089027000000158 ], [ -65.456253, 18.089306000000136 ], [ -65.455971, 18.089306000000136 ], [ -65.455971, 18.089582 ], [ -65.455414, 18.089582 ], [ -65.455414, 18.089861 ], [ -65.455138999999861, 18.089861 ], [ -65.455138999999861, 18.090694 ], [ -65.454865, 18.090694 ], [ -65.454865, 18.091808 ], [ -65.454582, 18.091808 ], [ -65.454582, 18.092361000000153 ], [ -65.454308, 18.092361000000153 ], [ -65.454308, 18.094305 ], [ -65.454865, 18.094305 ], [ -65.454865, 18.094584 ], [ -65.455138999999861, 18.094584 ], [ -65.455138999999861, 18.094862 ], [ -65.455971, 18.094862 ], [ -65.455971, 18.095419 ], [ -65.456253, 18.095419 ], [ -65.456253, 18.095694 ], [ -65.456528, 18.095694 ], [ -65.456528, 18.095972000000131 ], [ -65.457916, 18.095972000000131 ], [ -65.457916, 18.096251000000109 ], [ -65.458473, 18.096251000000109 ], [ -65.458473, 18.096527 ], [ -65.460419, 18.096527 ], [ -65.460419, 18.096806 ], [ -65.464027, 18.096806 ], [ -65.464027, 18.096527 ], [ -65.464584, 18.096527 ], [ -65.464584, 18.096251000000109 ], [ -65.465416, 18.096251000000109 ], [ -65.465416, 18.095972000000131 ], [ -65.465698, 18.095972000000131 ], [ -65.465698, 18.095694 ], [ -65.465973, 18.095694 ], [ -65.465973, 18.09514 ], [ -65.46653, 18.09514 ], [ -65.46653, 18.094584 ], [ -65.466805, 18.094584 ], [ -65.466805, 18.094305 ], [ -65.467086999999879, 18.094305 ], [ -65.467086999999879, 18.094027000000153 ], [ -65.467636, 18.094027000000153 ], [ -65.467636, 18.092916 ], [ -65.467361, 18.092916 ], [ -65.467361, 18.092083 ], [ -65.467086999999879, 18.092083 ], [ -65.467086999999879, 18.091808 ], [ -65.46653, 18.091808 ], [ -65.46653, 18.091249000000118 ], [ -65.465973, 18.091249000000118 ], [ -65.465973, 18.090973 ], [ -65.465698, 18.090973 ], [ -65.465698, 18.090414000000123 ], [ -65.465416, 18.090414000000123 ], [ -65.465416, 18.089861 ], [ -65.465141, 18.089861 ], [ -65.465141, 18.088194000000158 ], [ -65.465416, 18.088194000000158 ], [ -65.465416, 18.087639 ], [ -65.465698, 18.087639 ], [ -65.465698, 18.08736 ], [ -65.465973, 18.08736 ], [ -65.465973, 18.087084000000118 ], [ -65.467361, 18.087084000000118 ], [ -65.467361, 18.087639 ], [ -65.467636, 18.087639 ], [ -65.467636, 18.088194000000158 ], [ -65.468193, 18.088194000000158 ], [ -65.468193, 18.088472 ], [ -65.468749999999829, 18.088472 ], [ -65.468749999999829, 18.089027000000158 ], [ -65.469025, 18.089027000000158 ], [ -65.469025, 18.089306000000136 ], [ -65.469307, 18.089306000000136 ], [ -65.469307, 18.090694 ], [ -65.469025, 18.090694 ], [ -65.469025, 18.090973 ], [ -65.468474999999899, 18.090973 ], [ -65.468474999999899, 18.092083 ], [ -65.468749999999829, 18.092083 ], [ -65.468749999999829, 18.092916 ], [ -65.469864, 18.092916 ], [ -65.469864, 18.093197 ], [ -65.471251999999879, 18.093197 ], [ -65.471251999999879, 18.093748000000119 ], [ -65.471802, 18.093748000000119 ], [ -65.471802, 18.094027000000153 ], [ -65.472359, 18.094027000000153 ], [ -65.472359, 18.094305 ], [ -65.473198, 18.094305 ], [ -65.473198, 18.094584 ], [ -65.473747, 18.094584 ], [ -65.473747, 18.094862 ], [ -65.474861, 18.094862 ], [ -65.474861, 18.09514 ], [ -65.477364, 18.09514 ], [ -65.477364, 18.095419 ], [ -65.47791299999983, 18.095419 ], [ -65.47791299999983, 18.095694 ], [ -65.478195, 18.095694 ], [ -65.478195, 18.095972000000131 ], [ -65.47847, 18.095972000000131 ], [ -65.47847, 18.095694 ], [ -65.478752, 18.095694 ], [ -65.478752, 18.095972000000131 ], [ -65.479309, 18.095972000000131 ], [ -65.479309, 18.096251000000109 ], [ -65.48041499999988, 18.096251000000109 ], [ -65.48041499999988, 18.095972000000131 ], [ -65.481246999999883, 18.095972000000131 ], [ -65.481246999999883, 18.095694 ], [ -65.482086, 18.095694 ], [ -65.482086, 18.095419 ], [ -65.482361, 18.095419 ], [ -65.482361, 18.09514 ], [ -65.483748999999875, 18.09514 ], [ -65.483748999999875, 18.094862 ], [ -65.484580999999878, 18.094862 ], [ -65.484580999999878, 18.094584 ], [ -65.484863, 18.094584 ], [ -65.484863, 18.094305 ], [ -65.485969999999895, 18.094305 ], [ -65.485969999999895, 18.094027000000153 ], [ -65.487083, 18.094027000000153 ], [ -65.487083, 18.093748000000119 ], [ -65.488197, 18.093748000000119 ], [ -65.488197, 18.093472 ], [ -65.488472, 18.093472 ], [ -65.488472, 18.093197 ], [ -65.489029, 18.093197 ], [ -65.489029, 18.093472 ], [ -65.489586, 18.093472 ], [ -65.489586, 18.094027000000153 ], [ -65.489861, 18.094027000000153 ], [ -65.489861, 18.094584 ], [ -65.490134999999896, 18.094584 ], [ -65.490134999999896, 18.094862 ], [ -65.490416999999866, 18.094862 ], [ -65.490416999999866, 18.09514 ], [ -65.492638, 18.09514 ], [ -65.492638, 18.094862 ], [ -65.493195, 18.094862 ], [ -65.493195, 18.094584 ], [ -65.493752, 18.094584 ], [ -65.493752, 18.094305 ], [ -65.494582999999864, 18.094305 ], [ -65.494582999999864, 18.094027000000153 ], [ -65.49514, 18.094027000000153 ], [ -65.49514, 18.093748000000119 ], [ -65.495414999999866, 18.093748000000119 ], [ -65.495414999999866, 18.093472 ], [ -65.497643, 18.093472 ], [ -65.497643, 18.093197 ], [ -65.502357, 18.093197 ], [ -65.502357, 18.092916 ], [ -65.503196999999886, 18.092916 ], [ -65.503196999999886, 18.092636000000141 ], [ -65.50486, 18.092636000000141 ], [ -65.50486, 18.092083 ], [ -65.505974, 18.092083 ], [ -65.505974, 18.091808 ], [ -65.506805, 18.091808 ], [ -65.506805, 18.091528000000153 ], [ -65.50708, 18.091528000000153 ], [ -65.50708, 18.091249000000118 ], [ -65.507637, 18.091249000000118 ], [ -65.507637, 18.090973 ], [ -65.509308, 18.090973 ], [ -65.509308, 18.090694 ], [ -65.510971, 18.090694 ], [ -65.510971, 18.090139000000136 ], [ -65.511253, 18.090139000000136 ], [ -65.511253, 18.089861 ], [ -65.511527999999885, 18.089861 ], [ -65.511527999999885, 18.089582 ], [ -65.511803, 18.089582 ], [ -65.511803, 18.089306000000136 ], [ -65.512917, 18.089306000000136 ], [ -65.512917, 18.089027000000158 ], [ -65.513748, 18.089027000000158 ], [ -65.513748, 18.088751 ], [ -65.51458, 18.088751 ], [ -65.51458, 18.088472 ], [ -65.51486199999988, 18.088472 ], [ -65.51486199999988, 18.087917000000118 ], [ -65.515137, 18.087917000000118 ], [ -65.515137, 18.087639 ], [ -65.515693999999883, 18.087639 ], [ -65.515693999999883, 18.08736 ], [ -65.516808, 18.08736 ], [ -65.516808, 18.087084000000118 ], [ -65.517082, 18.087084000000118 ], [ -65.517082, 18.08680500000014 ], [ -65.51736499999987, 18.08680500000014 ], [ -65.51736499999987, 18.086527 ], [ -65.517639, 18.086527 ], [ -65.517639, 18.08625 ], [ -65.518195999999875, 18.08625 ], [ -65.518195999999875, 18.085974000000135 ], [ -65.518753, 18.085974000000135 ], [ -65.518753, 18.085695000000158 ], [ -65.519027999999878, 18.085695000000158 ], [ -65.519027999999878, 18.085138 ], [ -65.519302, 18.085138 ], [ -65.519302, 18.084862000000157 ], [ -65.519585, 18.084862000000157 ], [ -65.519585, 18.084305 ], [ -65.519858999999883, 18.084305 ], [ -65.519858999999883, 18.084028 ], [ -65.520416, 18.084028 ], [ -65.520416, 18.083752000000118 ], [ -65.520690999999886, 18.083752000000118 ], [ -65.520690999999886, 18.083469 ], [ -65.520973, 18.083469 ], [ -65.520973, 18.083195 ], [ -65.521529999999871, 18.083195 ], [ -65.521529999999871, 18.082916 ], [ -65.522087, 18.082916 ], [ -65.522087, 18.08264000000014 ], [ -65.522919, 18.08264000000014 ], [ -65.522919, 18.082361000000162 ], [ -65.52375, 18.082361000000162 ], [ -65.52375, 18.082083 ], [ -65.524024999999881, 18.082083 ], [ -65.524024999999881, 18.081806 ], [ -65.524864, 18.081806 ], [ -65.524864, 18.081247000000189 ], [ -65.530418, 18.081247000000189 ], [ -65.530418, 18.081530000000157 ], [ -65.530692999999872, 18.081530000000157 ], [ -65.530692999999872, 18.080973 ], [ -65.53125, 18.080973 ], [ -65.53125, 18.079861 ], [ -65.53347, 18.079861 ], [ -65.53347, 18.080137 ], [ -65.533752, 18.080137 ], [ -65.533752, 18.080973 ], [ -65.534027, 18.080973 ], [ -65.534027, 18.081247000000189 ], [ -65.534584, 18.081247000000189 ], [ -65.534584, 18.081530000000157 ], [ -65.534858999999869, 18.081530000000157 ], [ -65.534858999999869, 18.081806 ], [ -65.538474999999892, 18.081806 ], [ -65.538474999999892, 18.081530000000157 ], [ -65.53902399999987, 18.081530000000157 ], [ -65.53902399999987, 18.081247000000189 ], [ -65.539306999999837, 18.081247000000189 ], [ -65.539306999999837, 18.080973 ], [ -65.54264099999989, 18.080973 ], [ -65.54264099999989, 18.081247000000189 ], [ -65.543198, 18.081247000000189 ], [ -65.543198, 18.081530000000157 ], [ -65.54430399999984, 18.081530000000157 ], [ -65.54430399999984, 18.081806 ], [ -65.544861, 18.081806 ], [ -65.544861, 18.082083 ], [ -65.546249, 18.082083 ], [ -65.546249, 18.082361000000162 ], [ -65.546524, 18.082361000000162 ], [ -65.546524, 18.08264000000014 ], [ -65.547081, 18.08264000000014 ], [ -65.547081, 18.082916 ], [ -65.548469999999838, 18.082916 ], [ -65.548469999999838, 18.083195 ], [ -65.550139999999885, 18.083195 ], [ -65.550139999999885, 18.083469 ], [ -65.550415, 18.083469 ], [ -65.550415, 18.083752000000118 ], [ -65.550697, 18.083752000000118 ], [ -65.550697, 18.084028 ], [ -65.551247, 18.084028 ], [ -65.551247, 18.084305 ], [ -65.553192, 18.084305 ], [ -65.553192, 18.084583000000123 ], [ -65.554031, 18.084583000000123 ], [ -65.554031, 18.084862000000157 ], [ -65.556807999999876, 18.084862000000157 ], [ -65.556807999999876, 18.084583000000123 ], [ -65.557083, 18.084583000000123 ], [ -65.557083, 18.084305 ], [ -65.558471999999881, 18.084305 ], [ -65.558471999999881, 18.084862000000157 ], [ -65.558746, 18.084862000000157 ], [ -65.558746, 18.085417 ], [ -65.559029, 18.085417 ], [ -65.559029, 18.085695000000158 ], [ -65.559302999999886, 18.085695000000158 ], [ -65.559302999999886, 18.085974000000135 ], [ -65.559586, 18.085974000000135 ], [ -65.559586, 18.08625 ], [ -65.55986, 18.08625 ], [ -65.55986, 18.086527 ], [ -65.560143, 18.086527 ], [ -65.560143, 18.08680500000014 ], [ -65.560692, 18.08680500000014 ], [ -65.560692, 18.08736 ], [ -65.561249, 18.08736 ], [ -65.561249, 18.087917000000118 ], [ -65.561805999999876, 18.087917000000118 ], [ -65.561805999999876, 18.088194000000158 ], [ -65.562363, 18.088194000000158 ], [ -65.562363, 18.088472 ], [ -65.563194, 18.088472 ], [ -65.563194, 18.088751 ], [ -65.563751, 18.088751 ], [ -65.563751, 18.089027000000158 ], [ -65.56514, 18.089027000000158 ], [ -65.56514, 18.088472 ], [ -65.565697, 18.088472 ], [ -65.565697, 18.089582 ], [ -65.565970999999877, 18.089582 ], [ -65.565970999999877, 18.089861 ], [ -65.566253999999844, 18.089861 ], [ -65.566253999999844, 18.090139000000136 ], [ -65.566802999999879, 18.090139000000136 ], [ -65.566802999999879, 18.090414000000123 ], [ -65.567085, 18.090414000000123 ], [ -65.567085, 18.090694 ], [ -65.568192, 18.090694 ], [ -65.568192, 18.090973 ], [ -65.569031, 18.090973 ], [ -65.569031, 18.091249000000118 ], [ -65.56958, 18.091249000000118 ], [ -65.56958, 18.092083 ], [ -65.569862, 18.092083 ], [ -65.569862, 18.094027000000153 ], [ -65.570136999999875, 18.094027000000153 ], [ -65.570136999999875, 18.09514 ], [ -65.570418999999845, 18.09514 ], [ -65.570418999999845, 18.095419 ], [ -65.570968999999877, 18.095419 ], [ -65.570968999999877, 18.095694 ], [ -65.571251, 18.095694 ], [ -65.571251, 18.098194 ], [ -65.571526, 18.098194 ], [ -65.571526, 18.098473000000126 ], [ -65.571808, 18.098473000000126 ], [ -65.571808, 18.099028 ], [ -65.572083, 18.099028 ], [ -65.572083, 18.099306000000126 ], [ -65.572914, 18.099306000000126 ], [ -65.572914, 18.099583000000109 ], [ -65.573471, 18.099583000000109 ], [ -65.573471, 18.100140000000181 ], [ -65.573752999999897, 18.100140000000181 ], [ -65.573752999999897, 18.100416000000109 ], [ -65.574303, 18.100416000000109 ], [ -65.574303, 18.100695 ], [ -65.57486, 18.100695 ], [ -65.57486, 18.100973000000181 ], [ -65.575416999999845, 18.100973000000181 ], [ -65.575416999999845, 18.10125 ], [ -65.575974, 18.10125 ], [ -65.575974, 18.101528 ], [ -65.576248, 18.101528 ], [ -65.576248, 18.101805000000127 ], [ -65.577362, 18.101805000000127 ], [ -65.577362, 18.102083 ], [ -65.577637, 18.102083 ], [ -65.577637, 18.103472000000181 ], [ -65.577362, 18.103472000000181 ], [ -65.577362, 18.103750000000105 ], [ -65.57708, 18.103750000000105 ], [ -65.57708, 18.104029 ], [ -65.57653, 18.104029 ], [ -65.57653, 18.104305000000181 ], [ -65.576248, 18.104305000000181 ], [ -65.576248, 18.105415 ], [ -65.57653, 18.105415 ], [ -65.57653, 18.105694 ], [ -65.576248, 18.105694 ], [ -65.576248, 18.107916 ], [ -65.575974, 18.107916 ], [ -65.575974, 18.108473 ], [ -65.575691, 18.108473 ], [ -65.575691, 18.109306 ], [ -65.575416999999845, 18.109306 ], [ -65.575416999999845, 18.110695 ], [ -65.575691, 18.110695 ], [ -65.575691, 18.111528 ], [ -65.575974, 18.111528 ], [ -65.575974, 18.111805 ], [ -65.576248, 18.111805 ], [ -65.576248, 18.112364000000127 ], [ -65.575974, 18.112364000000127 ], [ -65.575974, 18.113474000000167 ], [ -65.576248, 18.113474000000167 ], [ -65.576248, 18.114582 ], [ -65.575974, 18.114582 ], [ -65.575974, 18.116249 ], [ -65.576248, 18.116249 ], [ -65.576248, 18.116528 ], [ -65.57653, 18.116528 ], [ -65.57653, 18.117361 ], [ -65.576805, 18.117361 ], [ -65.576805, 18.117914 ], [ -65.57708, 18.117914 ], [ -65.57708, 18.118195000000128 ], [ -65.577362, 18.118195000000128 ], [ -65.577362, 18.119305000000168 ], [ -65.57708, 18.119305000000168 ], [ -65.57708, 18.119583 ], [ -65.575142, 18.119583 ], [ -65.575142, 18.119305000000168 ], [ -65.574584999999843, 18.119305000000168 ], [ -65.574584999999843, 18.11902600000019 ], [ -65.573471, 18.11902600000019 ], [ -65.573471, 18.11875 ], [ -65.572914, 18.11875 ], [ -65.572914, 18.118473 ], [ -65.571251, 18.118473 ], [ -65.571251, 18.11902600000019 ], [ -65.570418999999845, 18.11902600000019 ], [ -65.570418999999845, 18.119305000000168 ], [ -65.569862, 18.119305000000168 ], [ -65.569862, 18.119583 ], [ -65.56958, 18.119583 ], [ -65.56958, 18.119862 ], [ -65.569305, 18.119862 ], [ -65.569305, 18.120136000000173 ], [ -65.569031, 18.120136000000173 ], [ -65.569031, 18.12041900000014 ], [ -65.568474, 18.12041900000014 ], [ -65.568474, 18.120695 ], [ -65.566802999999879, 18.120695 ], [ -65.566802999999879, 18.12041900000014 ], [ -65.566528, 18.12041900000014 ], [ -65.566528, 18.120136000000173 ], [ -65.565414, 18.120136000000173 ], [ -65.565414, 18.119862 ], [ -65.56514, 18.119862 ], [ -65.56514, 18.119583 ], [ -65.564026, 18.119583 ], [ -65.564026, 18.119862 ], [ -65.56292, 18.119862 ], [ -65.56292, 18.119583 ], [ -65.562636999999881, 18.119583 ], [ -65.562636999999881, 18.119862 ], [ -65.562363, 18.119862 ], [ -65.562363, 18.120136000000173 ], [ -65.56208, 18.120136000000173 ], [ -65.56208, 18.12041900000014 ], [ -65.561249, 18.12041900000014 ], [ -65.561249, 18.120695 ], [ -65.560973999999874, 18.120695 ], [ -65.560973999999874, 18.120972 ], [ -65.559586, 18.120972 ], [ -65.559586, 18.120695 ], [ -65.558471999999881, 18.120695 ], [ -65.558471999999881, 18.12041900000014 ], [ -65.557639999999878, 18.12041900000014 ], [ -65.557639999999878, 18.120136000000173 ], [ -65.557358, 18.120136000000173 ], [ -65.557358, 18.119862 ], [ -65.555695, 18.119862 ], [ -65.555695, 18.12041900000014 ], [ -65.553749, 18.12041900000014 ], [ -65.553749, 18.120136000000173 ], [ -65.553192, 18.120136000000173 ], [ -65.553192, 18.119862 ], [ -65.551529, 18.119862 ], [ -65.551529, 18.119583 ], [ -65.551247, 18.119583 ], [ -65.551247, 18.119305000000168 ], [ -65.548195, 18.119305000000168 ], [ -65.548195, 18.119583 ], [ -65.547637999999893, 18.119583 ], [ -65.547637999999893, 18.119862 ], [ -65.545418, 18.119862 ], [ -65.545418, 18.120136000000173 ], [ -65.54430399999984, 18.120136000000173 ], [ -65.54430399999984, 18.12041900000014 ], [ -65.543747, 18.12041900000014 ], [ -65.543747, 18.120695 ], [ -65.542358, 18.120695 ], [ -65.542358, 18.120972 ], [ -65.541527, 18.120972 ], [ -65.541527, 18.121248000000151 ], [ -65.540413, 18.121248000000151 ], [ -65.540413, 18.121531000000118 ], [ -65.540138, 18.121531000000118 ], [ -65.540138, 18.121805 ], [ -65.539306999999837, 18.121805 ], [ -65.539306999999837, 18.122084 ], [ -65.538193, 18.122084 ], [ -65.538193, 18.12235800000019 ], [ -65.537361, 18.12235800000019 ], [ -65.537361, 18.122641000000158 ], [ -65.53653, 18.122641000000158 ], [ -65.53653, 18.122917 ], [ -65.535698, 18.122917 ], [ -65.535698, 18.123194 ], [ -65.53514099999984, 18.123194 ], [ -65.53514099999984, 18.123472000000163 ], [ -65.534858999999869, 18.123472000000163 ], [ -65.534858999999869, 18.123751000000141 ], [ -65.534302, 18.123751000000141 ], [ -65.534302, 18.124027 ], [ -65.533752, 18.124027 ], [ -65.533752, 18.124306 ], [ -65.532913, 18.124306 ], [ -65.532913, 18.124584000000141 ], [ -65.531807, 18.124584000000141 ], [ -65.531807, 18.124863000000119 ], [ -65.53125, 18.124863000000119 ], [ -65.53125, 18.125139 ], [ -65.530692999999872, 18.125139 ], [ -65.530692999999872, 18.125416 ], [ -65.530136, 18.125416 ], [ -65.530136, 18.125694000000124 ], [ -65.529587, 18.125694000000124 ], [ -65.529587, 18.125973000000158 ], [ -65.529305, 18.125973000000158 ], [ -65.529305, 18.126249 ], [ -65.528198, 18.126249 ], [ -65.528198, 18.126528 ], [ -65.527084, 18.126528 ], [ -65.527084, 18.126806000000158 ], [ -65.52597, 18.126806000000158 ], [ -65.52597, 18.127083000000141 ], [ -65.525695999999868, 18.127083000000141 ], [ -65.525695999999868, 18.127361 ], [ -65.525139, 18.127361 ], [ -65.525139, 18.12764 ], [ -65.524582, 18.12764 ], [ -65.524582, 18.127916000000141 ], [ -65.523476, 18.127916000000141 ], [ -65.523476, 18.128195000000119 ], [ -65.522362, 18.128195000000119 ], [ -65.522362, 18.128471 ], [ -65.521805, 18.128471 ], [ -65.521805, 18.12875 ], [ -65.519027999999878, 18.12875 ], [ -65.519027999999878, 18.129028000000119 ], [ -65.516808, 18.129028000000119 ], [ -65.516808, 18.129305000000159 ], [ -65.515976, 18.129305000000159 ], [ -65.515976, 18.129583 ], [ -65.515693999999883, 18.129583 ], [ -65.515693999999883, 18.129862 ], [ -65.515137, 18.129862 ], [ -65.515137, 18.130138000000159 ], [ -65.51486199999988, 18.130138000000159 ], [ -65.51486199999988, 18.130417000000136 ], [ -65.51458, 18.130417000000136 ], [ -65.51458, 18.130695 ], [ -65.514305, 18.130695 ], [ -65.514305, 18.131250000000136 ], [ -65.514029999999877, 18.131250000000136 ], [ -65.514029999999877, 18.131805 ], [ -65.513748, 18.131805 ], [ -65.513748, 18.132084 ], [ -65.512642, 18.132084 ], [ -65.512642, 18.132360000000119 ], [ -65.512359999999887, 18.132360000000119 ], [ -65.512359999999887, 18.134583 ], [ -65.512642, 18.134583 ], [ -65.512642, 18.137083000000132 ], [ -65.512917, 18.137083000000132 ], [ -65.512917, 18.139305 ], [ -65.513190999999836, 18.139305 ], [ -65.513190999999836, 18.141806 ], [ -65.513474, 18.141806 ], [ -65.513474, 18.144304 ], [ -65.513748, 18.144304 ], [ -65.513748, 18.146526 ], [ -65.514029999999877, 18.146526 ], [ -65.514029999999877, 18.147919000000172 ], [ -65.51458, 18.147919000000172 ], [ -65.51458, 18.148195000000101 ], [ -65.515137, 18.148195000000101 ], [ -65.515137, 18.148472 ], [ -65.515693999999883, 18.148472 ], [ -65.515693999999883, 18.149029000000155 ], [ -65.51458, 18.149029000000155 ], [ -65.51458, 18.148748000000182 ], [ -65.514305, 18.148748000000182 ], [ -65.514305, 18.148472 ], [ -65.514029999999877, 18.148472 ], [ -65.514029999999877, 18.151253000000168 ], [ -65.513190999999836, 18.151253000000168 ], [ -65.513190999999836, 18.149584 ], [ -65.512917, 18.149584 ], [ -65.512917, 18.146805 ], [ -65.512642, 18.146805 ], [ -65.512642, 18.144028000000105 ], [ -65.512359999999887, 18.144028000000105 ], [ -65.512359999999887, 18.141251000000182 ], [ -65.512085, 18.141251000000182 ], [ -65.512085, 18.138472 ], [ -65.511803, 18.138472 ], [ -65.511803, 18.135695 ], [ -65.511527999999885, 18.135695 ], [ -65.511527999999885, 18.134029 ], [ -65.510971, 18.134029 ], [ -65.510971, 18.133751000000132 ], [ -65.510139, 18.133751000000132 ], [ -65.510139, 18.133472 ], [ -65.508193999999833, 18.133472 ], [ -65.508193999999833, 18.133751000000132 ], [ -65.507637, 18.133751000000132 ], [ -65.507637, 18.133472 ], [ -65.505974, 18.133472 ], [ -65.505974, 18.133751000000132 ], [ -65.504585, 18.133751000000132 ], [ -65.504585, 18.134029 ], [ -65.504027999999835, 18.134029 ], [ -65.504027999999835, 18.134308 ], [ -65.503754, 18.134308 ], [ -65.503754, 18.135138 ], [ -65.503471, 18.135138 ], [ -65.503471, 18.135973 ], [ -65.503196999999886, 18.135973 ], [ -65.503196999999886, 18.136251000000186 ], [ -65.502914, 18.136251000000186 ], [ -65.502914, 18.13653 ], [ -65.499862999999834, 18.13653 ], [ -65.499862999999834, 18.135973 ], [ -65.498749, 18.135973 ], [ -65.498749, 18.135695 ], [ -65.497643, 18.135695 ], [ -65.497643, 18.135138 ], [ -65.496529, 18.135138 ], [ -65.496529, 18.135418000000186 ], [ -65.496246, 18.135418000000186 ], [ -65.496246, 18.135695 ], [ -65.495697, 18.135695 ], [ -65.495697, 18.135973 ], [ -65.493469, 18.135973 ], [ -65.493469, 18.136251000000186 ], [ -65.491531, 18.136251000000186 ], [ -65.491531, 18.13653 ], [ -65.490416999999866, 18.13653 ], [ -65.490416999999866, 18.136806 ], [ -65.489861, 18.136806 ], [ -65.489861, 18.137083000000132 ], [ -65.489029, 18.137083000000132 ], [ -65.489029, 18.13736200000011 ], [ -65.488197, 18.13736200000011 ], [ -65.488197, 18.136806 ], [ -65.48764, 18.136806 ], [ -65.48764, 18.137083000000132 ], [ -65.487083, 18.137083000000132 ], [ -65.487083, 18.137638 ], [ -65.486809, 18.137638 ], [ -65.486809, 18.137917000000186 ], [ -65.486526, 18.137917000000186 ], [ -65.486526, 18.13819500000011 ], [ -65.485969999999895, 18.13819500000011 ], [ -65.485969999999895, 18.138472 ], [ -65.485138, 18.138472 ], [ -65.485138, 18.138750000000186 ], [ -65.484863, 18.138750000000186 ], [ -65.484863, 18.139029 ], [ -65.484580999999878, 18.139029 ], [ -65.484580999999878, 18.139305 ], [ -65.484306, 18.139305 ], [ -65.484306, 18.139584000000127 ], [ -65.484024, 18.139584000000127 ], [ -65.484024, 18.139862 ], [ -65.482635, 18.139862 ], [ -65.482635, 18.140139 ], [ -65.482086, 18.140139 ], [ -65.482086, 18.140417000000127 ], [ -65.481803999999897, 18.140417000000127 ], [ -65.481803999999897, 18.14069400000011 ], [ -65.480971999999895, 18.14069400000011 ], [ -65.480971999999895, 18.140972 ], [ -65.480141, 18.140972 ], [ -65.480141, 18.14152700000011 ], [ -65.47847, 18.14152700000011 ], [ -65.47847, 18.141806 ], [ -65.477364, 18.141806 ], [ -65.477364, 18.14152700000011 ], [ -65.476249999999879, 18.14152700000011 ], [ -65.476249999999879, 18.142361 ], [ -65.473747, 18.142361 ], [ -65.473747, 18.142916000000127 ], [ -65.473472999999899, 18.142916000000127 ], [ -65.473472999999899, 18.143194 ], [ -65.473198, 18.143194 ], [ -65.473198, 18.143473 ], [ -65.472083999999882, 18.143473 ], [ -65.472083999999882, 18.143749000000128 ], [ -65.471251999999879, 18.143749000000128 ], [ -65.471251999999879, 18.144028000000105 ], [ -65.469582, 18.144028000000105 ], [ -65.469582, 18.144304 ], [ -65.467086999999879, 18.144304 ], [ -65.467086999999879, 18.144583000000182 ], [ -65.464301999999861, 18.144583000000182 ], [ -65.464301999999861, 18.144861000000105 ], [ -65.463752999999826, 18.144861000000105 ], [ -65.463752999999826, 18.145416000000182 ], [ -65.462082, 18.145416000000182 ], [ -65.462082, 18.145695 ], [ -65.460693, 18.145695 ], [ -65.460693, 18.145971 ], [ -65.459304999999858, 18.145971 ], [ -65.459304999999858, 18.14625 ], [ -65.450690999999892, 18.14625 ], [ -65.450690999999892, 18.146526 ], [ -65.449585, 18.146526 ], [ -65.449585, 18.146805 ], [ -65.448471, 18.146805 ], [ -65.448471, 18.147083 ], [ -65.446808, 18.147083 ], [ -65.446808, 18.147362000000101 ], [ -65.445419, 18.147362000000101 ], [ -65.445419, 18.147636 ], [ -65.445137, 18.147636 ], [ -65.445137, 18.147919000000172 ], [ -65.444862, 18.147919000000172 ], [ -65.444862, 18.149858 ], [ -65.444305, 18.149858 ], [ -65.444305, 18.150141000000133 ], [ -65.444031, 18.150141000000133 ], [ -65.444031, 18.150694000000101 ], [ -65.443748, 18.150694000000101 ], [ -65.443748, 18.151253000000168 ], [ -65.443474, 18.151253000000168 ], [ -65.443474, 18.151806 ], [ -65.444031, 18.151806 ], [ -65.444031, 18.15236300000015 ], [ -65.444305, 18.15236300000015 ], [ -65.444305, 18.154585000000168 ], [ -65.444031, 18.154585000000168 ], [ -65.444031, 18.155416000000173 ], [ -65.443748, 18.155416000000173 ], [ -65.443748, 18.155693000000156 ], [ -65.443474, 18.155693000000156 ], [ -65.443474, 18.155972000000133 ], [ -65.443191999999897, 18.155972000000133 ], [ -65.443191999999897, 18.15625 ], [ -65.442917, 18.15625 ], [ -65.442917, 18.156528000000151 ], [ -65.442085, 18.156528000000151 ], [ -65.442085, 18.156803 ], [ -65.441802999999823, 18.156803 ], [ -65.441802999999823, 18.157084000000168 ], [ -65.440970999999877, 18.157084000000168 ], [ -65.440970999999877, 18.157362 ], [ -65.440697, 18.157362 ], [ -65.440697, 18.157639 ], [ -65.439857, 18.157639 ], [ -65.439857, 18.157915000000173 ], [ -65.439583, 18.157915000000173 ], [ -65.439583, 18.158194000000151 ], [ -65.438469, 18.158194000000151 ], [ -65.438469, 18.158472 ], [ -65.435692, 18.158472 ], [ -65.435692, 18.158194000000151 ], [ -65.432083, 18.158194000000151 ], [ -65.432083, 18.158472 ], [ -65.431526, 18.158472 ], [ -65.431526, 18.158751 ], [ -65.428749, 18.158751 ], [ -65.428749, 18.159025000000156 ], [ -65.425415, 18.159025000000156 ], [ -65.425415, 18.159306000000129 ], [ -65.420135, 18.159306000000129 ], [ -65.420135, 18.159584 ], [ -65.417915, 18.159584 ], [ -65.417915, 18.159861 ], [ -65.412918, 18.159861 ], [ -65.412918, 18.160137000000134 ], [ -65.412086, 18.160137000000134 ], [ -65.412086, 18.160419 ], [ -65.41153, 18.160419 ], [ -65.41153, 18.160694 ], [ -65.410697999999854, 18.160694 ], [ -65.410697999999854, 18.160973 ], [ -65.40847, 18.160973 ], [ -65.40847, 18.161247000000174 ], [ -65.407912999999894, 18.161247000000174 ], [ -65.407912999999894, 18.161530000000141 ], [ -65.406525, 18.161530000000141 ], [ -65.406525, 18.161806 ], [ -65.405136, 18.161806 ], [ -65.405136, 18.162083 ], [ -65.403198, 18.162083 ], [ -65.403198, 18.162359000000151 ], [ -65.399581999999896, 18.162359000000151 ], [ -65.399581999999896, 18.162638000000129 ], [ -65.398476, 18.162638000000129 ], [ -65.398476, 18.162916 ], [ -65.397086999999885, 18.162916 ], [ -65.397086999999885, 18.162638000000129 ], [ -65.39653, 18.162638000000129 ], [ -65.39653, 18.162359000000151 ], [ -65.396248, 18.162359000000151 ], [ -65.396248, 18.162638000000129 ], [ -65.395691, 18.162638000000129 ], [ -65.395691, 18.162916 ], [ -65.39375299999989, 18.162916 ], [ -65.39375299999989, 18.162638000000129 ], [ -65.392082, 18.162638000000129 ], [ -65.392082, 18.162359000000151 ], [ -65.391808, 18.162359000000151 ], [ -65.391808, 18.162083 ], [ -65.390976, 18.162083 ], [ -65.390976, 18.161806 ] ] ], [ [ [ -65.729027, 18.156803 ], [ -65.729857999999865, 18.156803 ], [ -65.729857999999865, 18.156528000000151 ], [ -65.730140999999833, 18.156528000000151 ], [ -65.730140999999833, 18.15625 ], [ -65.731804, 18.15625 ], [ -65.731804, 18.156803 ], [ -65.732086, 18.156803 ], [ -65.732086, 18.157362 ], [ -65.732361, 18.157362 ], [ -65.732361, 18.157915000000173 ], [ -65.732918, 18.157915000000173 ], [ -65.732918, 18.15625 ], [ -65.732635, 18.15625 ], [ -65.732635, 18.154306000000133 ], [ -65.732361, 18.154306000000133 ], [ -65.732361, 18.153749 ], [ -65.732635, 18.153749 ], [ -65.732635, 18.153473000000133 ], [ -65.732918, 18.153473000000133 ], [ -65.732918, 18.153194000000155 ], [ -65.734863, 18.153194000000155 ], [ -65.734863, 18.158751 ], [ -65.734581, 18.158751 ], [ -65.734581, 18.159025000000156 ], [ -65.733192, 18.159025000000156 ], [ -65.733192, 18.158751 ], [ -65.732361, 18.158751 ], [ -65.732361, 18.158472 ], [ -65.732086, 18.158472 ], [ -65.732086, 18.158194000000151 ], [ -65.731529, 18.158194000000151 ], [ -65.731529, 18.158472 ], [ -65.731247, 18.158472 ], [ -65.731247, 18.159025000000156 ], [ -65.730972, 18.159025000000156 ], [ -65.730972, 18.159306000000129 ], [ -65.730140999999833, 18.159306000000129 ], [ -65.730140999999833, 18.159025000000156 ], [ -65.729584, 18.159025000000156 ], [ -65.729584, 18.158472 ], [ -65.729308999999887, 18.158472 ], [ -65.729308999999887, 18.158194000000151 ], [ -65.729027, 18.158194000000151 ], [ -65.729027, 18.156803 ] ] ], [ [ [ -65.677086000999964, 18.192083001000071 ], [ -65.677361, 18.192083001000071 ], [ -65.677361, 18.192362000000173 ], [ -65.677634999999896, 18.192362000000173 ], [ -65.677634999999896, 18.192916999000147 ], [ -65.677917, 18.192916999000147 ], [ -65.677917, 18.194027 ], [ -65.677634999999896, 18.194027 ], [ -65.677634999999896, 18.194584001000067 ], [ -65.677361, 18.194584001000067 ], [ -65.677361, 18.194860001000166 ], [ -65.676529, 18.194860001000166 ], [ -65.676529, 18.194027 ], [ -65.676246999999876, 18.194027 ], [ -65.676246999999876, 18.193474000000151 ], [ -65.674858, 18.193474000000151 ], [ -65.674858, 18.191804999000169 ], [ -65.677086000999964, 18.191804999000169 ], [ -65.677086000999964, 18.192083001000071 ] ] ], [ [ [ -65.575974000999906, 18.247360001000118 ], [ -65.57653, 18.247360001000118 ], [ -65.57653, 18.24708399900004 ], [ -65.576804998999933, 18.24708399900004 ], [ -65.576804998999933, 18.246805000000109 ], [ -65.577079998999864, 18.246805000000109 ], [ -65.577079998999864, 18.24625 ], [ -65.580139, 18.24625 ], [ -65.580139, 18.246529 ], [ -65.580414, 18.246529 ], [ -65.580414, 18.246805000000109 ], [ -65.580695998999829, 18.246805000000109 ], [ -65.580695998999829, 18.247639 ], [ -65.580139, 18.247639 ], [ -65.580139, 18.247917000000143 ], [ -65.579581998999913, 18.247917000000143 ], [ -65.579581998999913, 18.248193999000023 ], [ -65.579025, 18.248193999000023 ], [ -65.579025, 18.248472001000096 ], [ -65.578750999999897, 18.248472001000096 ], [ -65.578750999999897, 18.249027000000126 ], [ -65.578476000999899, 18.249027000000126 ], [ -65.578476000999899, 18.249583999000095 ], [ -65.577918999999895, 18.249583999000095 ], [ -65.577918999999895, 18.249861001000113 ], [ -65.577362, 18.249861001000113 ], [ -65.577362, 18.249583999000095 ], [ -65.57653, 18.249583999000095 ], [ -65.57653, 18.249861001000113 ], [ -65.575974000999906, 18.249861001000113 ], [ -65.575974000999906, 18.250139000000104 ], [ -65.57569099899996, 18.250139000000104 ], [ -65.57569099899996, 18.249861001000113 ], [ -65.575416998999913, 18.249861001000113 ], [ -65.575416998999913, 18.248193999000023 ], [ -65.57569099899996, 18.248193999000023 ], [ -65.57569099899996, 18.247639 ], [ -65.575974000999906, 18.247639 ], [ -65.575974000999906, 18.247360001000118 ] ] ], [ [ [ -65.584862, 18.252083 ], [ -65.584586999999885, 18.252083 ], [ -65.584586999999885, 18.251804 ], [ -65.584305, 18.251804 ], [ -65.584305, 18.250973 ], [ -65.58403, 18.250973 ], [ -65.58403, 18.250416000000143 ], [ -65.583747999999844, 18.250416000000143 ], [ -65.583747999999844, 18.250139000000104 ], [ -65.583473, 18.250139000000104 ], [ -65.583473, 18.249584 ], [ -65.583191, 18.249584 ], [ -65.583191, 18.249027000000126 ], [ -65.582915999999898, 18.249027000000126 ], [ -65.582915999999898, 18.247917000000143 ], [ -65.583473, 18.247917000000143 ], [ -65.583473, 18.248194000000126 ], [ -65.583747999999844, 18.248194000000126 ], [ -65.583747999999844, 18.248472 ], [ -65.58403, 18.248472 ], [ -65.58403, 18.248194000000126 ], [ -65.584862, 18.248194000000126 ], [ -65.584862, 18.247917000000143 ], [ -65.585136, 18.247917000000143 ], [ -65.585136, 18.247639 ], [ -65.587081999999896, 18.247639 ], [ -65.587081999999896, 18.24736 ], [ -65.588196, 18.24736 ], [ -65.588196, 18.247639 ], [ -65.588752999999883, 18.247639 ], [ -65.588752999999883, 18.247917000000143 ], [ -65.589859, 18.247917000000143 ], [ -65.589859, 18.248194000000126 ], [ -65.590141, 18.248194000000126 ], [ -65.590141, 18.248472 ], [ -65.590698, 18.248472 ], [ -65.590698, 18.248751 ], [ -65.591247999999894, 18.248751 ], [ -65.591247999999894, 18.249027000000126 ], [ -65.59153, 18.249027000000126 ], [ -65.59153, 18.249306000000104 ], [ -65.592917999999884, 18.249306000000104 ], [ -65.592917999999884, 18.249027000000126 ], [ -65.595139, 18.249027000000126 ], [ -65.595139, 18.249584 ], [ -65.595695, 18.249584 ], [ -65.595695, 18.249861 ], [ -65.597083999999882, 18.249861 ], [ -65.597083999999882, 18.249027000000126 ], [ -65.596802, 18.249027000000126 ], [ -65.596802, 18.248751 ], [ -65.596527, 18.248751 ], [ -65.596527, 18.248472 ], [ -65.59597, 18.248472 ], [ -65.59597, 18.247639 ], [ -65.597083999999882, 18.247639 ], [ -65.597083999999882, 18.24736 ], [ -65.597641, 18.24736 ], [ -65.597641, 18.247084000000143 ], [ -65.598473, 18.247084000000143 ], [ -65.598473, 18.247639 ], [ -65.598746999999889, 18.247639 ], [ -65.598746999999889, 18.248194000000126 ], [ -65.59903, 18.248194000000126 ], [ -65.59903, 18.249027000000126 ], [ -65.598746999999889, 18.249027000000126 ], [ -65.598746999999889, 18.249584 ], [ -65.598473, 18.249584 ], [ -65.598473, 18.251804 ], [ -65.598198, 18.251804 ], [ -65.598198, 18.252083 ], [ -65.598746999999889, 18.252083 ], [ -65.598746999999889, 18.252361000000121 ], [ -65.59903, 18.252361000000121 ], [ -65.59903, 18.25264 ], [ -65.599304, 18.25264 ], [ -65.599304, 18.252916 ], [ -65.599586, 18.252916 ], [ -65.599586, 18.25375 ], [ -65.599861, 18.25375 ], [ -65.599861, 18.255138 ], [ -65.598473, 18.255138 ], [ -65.598473, 18.254862000000116 ], [ -65.596527, 18.254862000000116 ], [ -65.596527, 18.255138 ], [ -65.594581999999889, 18.255138 ], [ -65.594581999999889, 18.255419000000188 ], [ -65.594025, 18.255419000000188 ], [ -65.594025, 18.255695000000117 ], [ -65.591805, 18.255695000000117 ], [ -65.591805, 18.255419000000188 ], [ -65.591247999999894, 18.255419000000188 ], [ -65.591247999999894, 18.255138 ], [ -65.590973, 18.255138 ], [ -65.590973, 18.254583 ], [ -65.590698, 18.254583 ], [ -65.590698, 18.254305 ], [ -65.590415999999891, 18.254305 ], [ -65.590415999999891, 18.254026 ], [ -65.589859, 18.254026 ], [ -65.589859, 18.25375 ], [ -65.589302, 18.25375 ], [ -65.589302, 18.253471000000104 ], [ -65.588196, 18.253471000000104 ], [ -65.588196, 18.253195 ], [ -65.587913999999898, 18.253195 ], [ -65.587913999999898, 18.252916 ], [ -65.587639, 18.252916 ], [ -65.587639, 18.25264 ], [ -65.587364, 18.25264 ], [ -65.587364, 18.252916 ], [ -65.587081999999896, 18.252916 ], [ -65.587081999999896, 18.253195 ], [ -65.587364, 18.253195 ], [ -65.587364, 18.255419000000188 ], [ -65.587081999999896, 18.255419000000188 ], [ -65.587081999999896, 18.255695000000117 ], [ -65.586807, 18.255695000000117 ], [ -65.586807, 18.255972 ], [ -65.586249999999893, 18.255972 ], [ -65.586249999999893, 18.256527 ], [ -65.585976, 18.256527 ], [ -65.585976, 18.256805 ], [ -65.585136, 18.256805 ], [ -65.585136, 18.255419000000188 ], [ -65.585418999999888, 18.255419000000188 ], [ -65.585418999999888, 18.254862000000116 ], [ -65.585693, 18.254862000000116 ], [ -65.585693, 18.253471000000104 ], [ -65.585418999999888, 18.253471000000104 ], [ -65.585418999999888, 18.252916 ], [ -65.585136, 18.252916 ], [ -65.585136, 18.252361000000121 ], [ -65.584862, 18.252361000000121 ], [ -65.584862, 18.252083 ] ] ], [ [ [ -65.248749, 18.296247 ], [ -65.250419998999973, 18.296247 ], [ -65.250419998999973, 18.296530000000189 ], [ -65.250968998999895, 18.296530000000189 ], [ -65.250968998999895, 18.296805999000185 ], [ -65.251251, 18.296805999000185 ], [ -65.251251, 18.297082999 ], [ -65.251525999999899, 18.297082999 ], [ -65.251525999999899, 18.297359001000132 ], [ -65.25180799899988, 18.297359001000132 ], [ -65.25180799899988, 18.297640000000172 ], [ -65.251525999999899, 18.297640000000172 ], [ -65.251525999999899, 18.298194998999975 ], [ -65.251251, 18.298194998999975 ], [ -65.251251, 18.29846999900019 ], [ -65.250136999999881, 18.29846999900019 ], [ -65.250136999999881, 18.298194998999975 ], [ -65.248749, 18.298194998999975 ], [ -65.248749, 18.2979160000001 ], [ -65.248474000999977, 18.2979160000001 ], [ -65.248474000999977, 18.296805999000185 ], [ -65.248749, 18.296805999000185 ], [ -65.248749, 18.296247 ] ] ], [ [ [ -65.329308, 18.312916 ], [ -65.329582, 18.312916 ], [ -65.329582, 18.312363000000119 ], [ -65.329865, 18.312363000000119 ], [ -65.329865, 18.310970000000168 ], [ -65.329582, 18.310970000000168 ], [ -65.329582, 18.310694 ], [ -65.329308, 18.310694 ], [ -65.329308, 18.310417 ], [ -65.329024999999888, 18.310417 ], [ -65.329024999999888, 18.310141000000158 ], [ -65.328476, 18.310141000000158 ], [ -65.328476, 18.30985800000019 ], [ -65.328193999999883, 18.30985800000019 ], [ -65.328193999999883, 18.309584 ], [ -65.327919, 18.309584 ], [ -65.327919, 18.308748 ], [ -65.327637, 18.308748 ], [ -65.327637, 18.308472 ], [ -65.32736199999988, 18.308472 ], [ -65.32736199999988, 18.307636000000173 ], [ -65.32708, 18.307636000000173 ], [ -65.32708, 18.306805000000168 ], [ -65.32736199999988, 18.306805000000168 ], [ -65.32736199999988, 18.30652600000019 ], [ -65.327637, 18.30652600000019 ], [ -65.327637, 18.30625 ], [ -65.327919, 18.30625 ], [ -65.327919, 18.305973 ], [ -65.328193999999883, 18.305973 ], [ -65.328193999999883, 18.303749 ], [ -65.327919, 18.303749 ], [ -65.327919, 18.303196000000185 ], [ -65.327637, 18.303196000000185 ], [ -65.327637, 18.30125 ], [ -65.328193999999883, 18.30125 ], [ -65.328193999999883, 18.300694 ], [ -65.328476, 18.300694 ], [ -65.328476, 18.300417 ], [ -65.329024999999888, 18.300417 ], [ -65.329024999999888, 18.299583 ], [ -65.329308, 18.299583 ], [ -65.329308, 18.299028 ], [ -65.329582, 18.299028 ], [ -65.329582, 18.298752 ], [ -65.329024999999888, 18.298752 ], [ -65.329024999999888, 18.298470000000123 ], [ -65.328476, 18.298470000000123 ], [ -65.328476, 18.298195 ], [ -65.327919, 18.298195 ], [ -65.327919, 18.297359 ], [ -65.327637, 18.297359 ], [ -65.327637, 18.296806000000117 ], [ -65.32736199999988, 18.296806000000117 ], [ -65.32736199999988, 18.295137 ], [ -65.327637, 18.295137 ], [ -65.327637, 18.2945840000001 ], [ -65.327919, 18.2945840000001 ], [ -65.327919, 18.294306000000176 ], [ -65.329865, 18.294306000000176 ], [ -65.329865, 18.2945840000001 ], [ -65.330139, 18.2945840000001 ], [ -65.330139, 18.294861 ], [ -65.330695999999875, 18.294861 ], [ -65.330695999999875, 18.295137 ], [ -65.330971, 18.295137 ], [ -65.330971, 18.295416 ], [ -65.331253, 18.295416 ], [ -65.331253, 18.295694 ], [ -65.331527999999878, 18.295694 ], [ -65.331527999999878, 18.296247 ], [ -65.331802, 18.296247 ], [ -65.331802, 18.2970830000001 ], [ -65.332085, 18.2970830000001 ], [ -65.332085, 18.298752 ], [ -65.331802, 18.298752 ], [ -65.331802, 18.300138000000118 ], [ -65.332085, 18.300138000000118 ], [ -65.332085, 18.300417 ], [ -65.332358999999883, 18.300417 ], [ -65.332358999999883, 18.300694 ], [ -65.332642, 18.300694 ], [ -65.332642, 18.300974000000167 ], [ -65.332916, 18.300974000000167 ], [ -65.332916, 18.30125 ], [ -65.333473, 18.30125 ], [ -65.333473, 18.301527 ], [ -65.333748, 18.301527 ], [ -65.333748, 18.301805000000172 ], [ -65.33625, 18.301805000000172 ], [ -65.33625, 18.301527 ], [ -65.336807, 18.301527 ], [ -65.336807, 18.30125 ], [ -65.337364, 18.30125 ], [ -65.337364, 18.300974000000167 ], [ -65.337639, 18.300974000000167 ], [ -65.337639, 18.300694 ], [ -65.33847, 18.300694 ], [ -65.33847, 18.300974000000167 ], [ -65.338753, 18.300974000000167 ], [ -65.338753, 18.302082 ], [ -65.338196, 18.302082 ], [ -65.338196, 18.302639 ], [ -65.337639, 18.302639 ], [ -65.337639, 18.303473000000167 ], [ -65.337364, 18.303473000000167 ], [ -65.337364, 18.304304000000172 ], [ -65.337082, 18.304304000000172 ], [ -65.337082, 18.30625 ], [ -65.337364, 18.30625 ], [ -65.337364, 18.306805000000168 ], [ -65.337639, 18.306805000000168 ], [ -65.337639, 18.307636000000173 ], [ -65.337914, 18.307636000000173 ], [ -65.337914, 18.308195 ], [ -65.338196, 18.308195 ], [ -65.338196, 18.308472 ], [ -65.339026999999874, 18.308472 ], [ -65.339026999999874, 18.309031000000118 ], [ -65.339584, 18.309031000000118 ], [ -65.339584, 18.309305 ], [ -65.340416, 18.309305 ], [ -65.340416, 18.309584 ], [ -65.340698, 18.309584 ], [ -65.340698, 18.30985800000019 ], [ -65.340416, 18.30985800000019 ], [ -65.340416, 18.310141000000158 ], [ -65.340141, 18.310141000000158 ], [ -65.340141, 18.310417 ], [ -65.338753, 18.310417 ], [ -65.338753, 18.310141000000158 ], [ -65.338196, 18.310141000000158 ], [ -65.338196, 18.30985800000019 ], [ -65.337914, 18.30985800000019 ], [ -65.337914, 18.309584 ], [ -65.337364, 18.309584 ], [ -65.337364, 18.309305 ], [ -65.336807, 18.309305 ], [ -65.336807, 18.30985800000019 ], [ -65.336524999999881, 18.30985800000019 ], [ -65.336524999999881, 18.310694 ], [ -65.335136, 18.310694 ], [ -65.335136, 18.310970000000168 ], [ -65.334305, 18.310970000000168 ], [ -65.334305, 18.311253000000136 ], [ -65.333190999999886, 18.311253000000136 ], [ -65.333190999999886, 18.311527 ], [ -65.332916, 18.311527 ], [ -65.332916, 18.311806 ], [ -65.332642, 18.311806 ], [ -65.332642, 18.313473000000158 ], [ -65.332085, 18.313473000000158 ], [ -65.332085, 18.313749 ], [ -65.331802, 18.313749 ], [ -65.331802, 18.314306000000158 ], [ -65.331527999999878, 18.314306000000158 ], [ -65.331527999999878, 18.315416000000141 ], [ -65.331253, 18.315416000000141 ], [ -65.331253, 18.315695000000119 ], [ -65.330971, 18.315695000000119 ], [ -65.330971, 18.315971 ], [ -65.330414, 18.315971 ], [ -65.330414, 18.31625 ], [ -65.329582, 18.31625 ], [ -65.329582, 18.315971 ], [ -65.329308, 18.315971 ], [ -65.329308, 18.315695000000119 ], [ -65.329024999999888, 18.315695000000119 ], [ -65.329024999999888, 18.313194000000124 ], [ -65.329308, 18.313194000000124 ], [ -65.329308, 18.312916 ] ] ], [ [ [ -65.607918, 18.311526998999966 ], [ -65.608192, 18.311526998999966 ], [ -65.608192, 18.310970000000168 ], [ -65.609306, 18.310970000000168 ], [ -65.609306, 18.311526998999966 ], [ -65.610138000999939, 18.311526998999966 ], [ -65.610138000999939, 18.31180600100015 ], [ -65.610694999999851, 18.31180600100015 ], [ -65.610694999999851, 18.312363000000119 ], [ -65.61097, 18.312363000000119 ], [ -65.61097, 18.312638999000171 ], [ -65.611252000999912, 18.312638999000171 ], [ -65.611252000999912, 18.313473000000158 ], [ -65.610694999999851, 18.313473000000158 ], [ -65.610694999999851, 18.313749 ], [ -65.61042, 18.313749 ], [ -65.61042, 18.314306001000034 ], [ -65.610138000999939, 18.314306001000034 ], [ -65.610138000999939, 18.314861 ], [ -65.609024000999966, 18.314861 ], [ -65.609024000999966, 18.314585000000136 ], [ -65.608474998999952, 18.314585000000136 ], [ -65.608474998999952, 18.314027999000132 ], [ -65.608192, 18.314027999000132 ], [ -65.608192, 18.312363000000119 ], [ -65.607918, 18.312363000000119 ], [ -65.607918, 18.311526998999966 ] ] ], [ [ [ -65.337082, 18.349028000000146 ], [ -65.336807, 18.349028000000146 ], [ -65.336807, 18.348747000000174 ], [ -65.336524999999881, 18.348747000000174 ], [ -65.336524999999881, 18.346806000000129 ], [ -65.33625, 18.346806000000129 ], [ -65.33625, 18.346525 ], [ -65.335976, 18.346525 ], [ -65.335976, 18.346251 ], [ -65.335692999999878, 18.346251 ], [ -65.335692999999878, 18.345972 ], [ -65.335419, 18.345972 ], [ -65.335419, 18.345694000000151 ], [ -65.335136, 18.345694000000151 ], [ -65.335136, 18.344584000000168 ], [ -65.334861999999873, 18.344584000000168 ], [ -65.334861999999873, 18.34375 ], [ -65.335136, 18.34375 ], [ -65.335136, 18.343193 ], [ -65.334861999999873, 18.343193 ], [ -65.334861999999873, 18.342916000000173 ], [ -65.334587, 18.342916000000173 ], [ -65.334587, 18.342638 ], [ -65.33403, 18.342638 ], [ -65.33403, 18.342361 ], [ -65.333748, 18.342361 ], [ -65.333748, 18.34180600000019 ], [ -65.333473, 18.34180600000019 ], [ -65.333473, 18.341249 ], [ -65.333190999999886, 18.341249 ], [ -65.333190999999886, 18.340975000000128 ], [ -65.332916, 18.340975000000128 ], [ -65.332916, 18.340694 ], [ -65.332642, 18.340694 ], [ -65.332642, 18.340416 ], [ -65.332358999999883, 18.340416 ], [ -65.332358999999883, 18.340139 ], [ -65.332085, 18.340139 ], [ -65.332085, 18.339581000000123 ], [ -65.331802, 18.339581000000123 ], [ -65.331802, 18.339027000000101 ], [ -65.331527999999878, 18.339027000000101 ], [ -65.331527999999878, 18.338753000000168 ], [ -65.330695999999875, 18.338753000000168 ], [ -65.330695999999875, 18.338472 ], [ -65.330414, 18.338472 ], [ -65.330414, 18.338194000000101 ], [ -65.330139, 18.338194000000101 ], [ -65.330139, 18.337917 ], [ -65.329582, 18.337917 ], [ -65.329582, 18.33764100000019 ], [ -65.328751, 18.33764100000019 ], [ -65.328751, 18.337358 ], [ -65.32736199999988, 18.337358 ], [ -65.32736199999988, 18.337084 ], [ -65.325142, 18.337084 ], [ -65.325142, 18.336805 ], [ -65.324859999999887, 18.336805 ], [ -65.324859999999887, 18.336527 ], [ -65.324585, 18.336527 ], [ -65.324585, 18.336248000000182 ], [ -65.324303, 18.336248000000182 ], [ -65.324303, 18.335972 ], [ -65.324027999999885, 18.335972 ], [ -65.324027999999885, 18.335695000000101 ], [ -65.323753, 18.335695000000101 ], [ -65.323753, 18.335138 ], [ -65.323471, 18.335138 ], [ -65.323471, 18.334862000000101 ], [ -65.323195999999882, 18.334862000000101 ], [ -65.323195999999882, 18.334583000000123 ], [ -65.322914, 18.334583000000123 ], [ -65.322914, 18.334305 ], [ -65.322639, 18.334305 ], [ -65.322639, 18.334026 ], [ -65.322364999999877, 18.334026 ], [ -65.322364999999877, 18.333471 ], [ -65.322083, 18.333471 ], [ -65.322083, 18.33264 ], [ -65.321808, 18.33264 ], [ -65.321808, 18.331804 ], [ -65.321525999999892, 18.331804 ], [ -65.321525999999892, 18.331528000000105 ], [ -65.321251, 18.331528000000105 ], [ -65.321251, 18.331249000000128 ], [ -65.320969, 18.331249000000128 ], [ -65.320969, 18.330694 ], [ -65.320693999999889, 18.330694 ], [ -65.320693999999889, 18.330416000000127 ], [ -65.320419, 18.330416000000127 ], [ -65.320419, 18.329861 ], [ -65.320137, 18.329861 ], [ -65.320137, 18.329584000000182 ], [ -65.319861999999887, 18.329584000000182 ], [ -65.319861999999887, 18.329306 ], [ -65.31958, 18.329306 ], [ -65.31958, 18.32902700000011 ], [ -65.319305, 18.32902700000011 ], [ -65.319305, 18.328751000000182 ], [ -65.319030999999882, 18.328751000000182 ], [ -65.319030999999882, 18.328472 ], [ -65.318474, 18.328472 ], [ -65.318474, 18.32819400000011 ], [ -65.317085, 18.32819400000011 ], [ -65.317085, 18.328472 ], [ -65.314857, 18.328472 ], [ -65.314857, 18.328751000000182 ], [ -65.314308, 18.328751000000182 ], [ -65.314308, 18.32902700000011 ], [ -65.314026, 18.32902700000011 ], [ -65.314026, 18.329306 ], [ -65.313751, 18.329306 ], [ -65.313751, 18.329861 ], [ -65.313193999999839, 18.329861 ], [ -65.313193999999839, 18.330973 ], [ -65.31292, 18.330973 ], [ -65.31292, 18.334583000000123 ], [ -65.312637, 18.334583000000123 ], [ -65.312637, 18.335138 ], [ -65.312362999999891, 18.335138 ], [ -65.312362999999891, 18.335417000000177 ], [ -65.311806, 18.335417000000177 ], [ -65.311806, 18.336248000000182 ], [ -65.311530999999889, 18.336248000000182 ], [ -65.311530999999889, 18.336805 ], [ -65.311249, 18.336805 ], [ -65.311249, 18.337358 ], [ -65.310974, 18.337358 ], [ -65.310974, 18.337917 ], [ -65.310692, 18.337917 ], [ -65.310692, 18.338194000000101 ], [ -65.309303, 18.338194000000101 ], [ -65.309303, 18.33764100000019 ], [ -65.309028999999839, 18.33764100000019 ], [ -65.309028999999839, 18.337084 ], [ -65.308745999999871, 18.337084 ], [ -65.308745999999871, 18.336805 ], [ -65.308472, 18.336805 ], [ -65.308472, 18.336527 ], [ -65.308196999999836, 18.336527 ], [ -65.308196999999836, 18.335972 ], [ -65.307915, 18.335972 ], [ -65.307915, 18.335695000000101 ], [ -65.30764, 18.335695000000101 ], [ -65.30764, 18.335417000000177 ], [ -65.307083, 18.335417000000177 ], [ -65.307083, 18.335138 ], [ -65.306808, 18.335138 ], [ -65.306808, 18.334862000000101 ], [ -65.306252, 18.334862000000101 ], [ -65.306252, 18.334583000000123 ], [ -65.305969, 18.334583000000123 ], [ -65.305969, 18.334305 ], [ -65.305695, 18.334305 ], [ -65.305695, 18.333750000000123 ], [ -65.30542, 18.333750000000123 ], [ -65.30542, 18.332916000000182 ], [ -65.305138, 18.332916000000182 ], [ -65.305138, 18.33264 ], [ -65.304863, 18.33264 ], [ -65.304863, 18.332361000000105 ], [ -65.304580999999871, 18.332361000000105 ], [ -65.304580999999871, 18.332083000000182 ], [ -65.303474, 18.332083000000182 ], [ -65.303474, 18.331804 ], [ -65.302635, 18.331804 ], [ -65.302635, 18.331528000000105 ], [ -65.300972, 18.331528000000105 ], [ -65.300972, 18.331249000000128 ], [ -65.299858, 18.331249000000128 ], [ -65.299858, 18.330973 ], [ -65.29958299999987, 18.330973 ], [ -65.29958299999987, 18.330694 ], [ -65.296806, 18.330694 ], [ -65.296806, 18.331249000000128 ], [ -65.296248999999875, 18.331249000000128 ], [ -65.296248999999875, 18.330694 ], [ -65.295975, 18.330694 ], [ -65.295975, 18.331249000000128 ], [ -65.295135, 18.331249000000128 ], [ -65.295135, 18.331804 ], [ -65.294861, 18.331804 ], [ -65.294861, 18.33264 ], [ -65.294585999999867, 18.33264 ], [ -65.294585999999867, 18.333195 ], [ -65.294304, 18.333195 ], [ -65.294304, 18.333471 ], [ -65.294029, 18.333471 ], [ -65.294029, 18.334026 ], [ -65.293746999999883, 18.334026 ], [ -65.293746999999883, 18.334305 ], [ -65.293472, 18.334305 ], [ -65.293472, 18.335138 ], [ -65.293198, 18.335138 ], [ -65.293198, 18.335417000000177 ], [ -65.29291499999988, 18.335417000000177 ], [ -65.29291499999988, 18.335695000000101 ], [ -65.291527, 18.335695000000101 ], [ -65.291527, 18.335972 ], [ -65.29097, 18.335972 ], [ -65.29097, 18.336527 ], [ -65.290695, 18.336527 ], [ -65.290695, 18.336805 ], [ -65.290412999999887, 18.336805 ], [ -65.290412999999887, 18.337917 ], [ -65.289024, 18.337917 ], [ -65.289024, 18.33764100000019 ], [ -65.288749999999879, 18.33764100000019 ], [ -65.288749999999879, 18.337358 ], [ -65.289024, 18.337358 ], [ -65.289024, 18.335695000000101 ], [ -65.289307, 18.335695000000101 ], [ -65.289307, 18.335138 ], [ -65.289580999999885, 18.335138 ], [ -65.289580999999885, 18.334583000000123 ], [ -65.289864, 18.334583000000123 ], [ -65.289864, 18.333750000000123 ], [ -65.290412999999887, 18.333750000000123 ], [ -65.290412999999887, 18.333471 ], [ -65.290137999999899, 18.333471 ], [ -65.290137999999899, 18.333195 ], [ -65.289864, 18.333195 ], [ -65.289864, 18.332916000000182 ], [ -65.289580999999885, 18.332916000000182 ], [ -65.289580999999885, 18.33264 ], [ -65.289307, 18.33264 ], [ -65.289307, 18.332083000000182 ], [ -65.289024, 18.332083000000182 ], [ -65.289024, 18.331804 ], [ -65.288749999999879, 18.331804 ], [ -65.288749999999879, 18.331528000000105 ], [ -65.288193, 18.331528000000105 ], [ -65.288193, 18.331249000000128 ], [ -65.287636, 18.331249000000128 ], [ -65.287636, 18.330973 ], [ -65.287086, 18.330973 ], [ -65.287086, 18.330694 ], [ -65.286246999999832, 18.330694 ], [ -65.286246999999832, 18.330416000000127 ], [ -65.285698, 18.330416000000127 ], [ -65.285698, 18.330139 ], [ -65.285141, 18.330139 ], [ -65.285141, 18.329861 ], [ -65.283751999999879, 18.329861 ], [ -65.283751999999879, 18.329584000000182 ], [ -65.281807, 18.329584000000182 ], [ -65.281807, 18.329861 ], [ -65.281525, 18.329861 ], [ -65.281525, 18.330416000000127 ], [ -65.281249999999886, 18.330416000000127 ], [ -65.281249999999886, 18.330694 ], [ -65.280974999999899, 18.330694 ], [ -65.280974999999899, 18.330973 ], [ -65.280136, 18.330973 ], [ -65.280136, 18.331249000000128 ], [ -65.279305, 18.331249000000128 ], [ -65.279305, 18.332083000000182 ], [ -65.27903, 18.332083000000182 ], [ -65.27903, 18.332361000000105 ], [ -65.278748, 18.332361000000105 ], [ -65.278748, 18.33264 ], [ -65.277359, 18.33264 ], [ -65.277359, 18.332361000000105 ], [ -65.276802, 18.332361000000105 ], [ -65.276802, 18.332083000000182 ], [ -65.27597, 18.332083000000182 ], [ -65.27597, 18.331804 ], [ -65.275139, 18.331804 ], [ -65.275139, 18.331528000000105 ], [ -65.274025, 18.331528000000105 ], [ -65.274025, 18.331249000000128 ], [ -65.272635999999864, 18.331249000000128 ], [ -65.272635999999864, 18.330973 ], [ -65.272362, 18.330973 ], [ -65.272362, 18.330694 ], [ -65.271805, 18.330694 ], [ -65.271805, 18.330416000000127 ], [ -65.27153, 18.330416000000127 ], [ -65.27153, 18.330139 ], [ -65.270973, 18.330139 ], [ -65.270973, 18.329861 ], [ -65.270691, 18.329861 ], [ -65.270691, 18.329584000000182 ], [ -65.270142, 18.329584000000182 ], [ -65.270142, 18.329306 ], [ -65.269859, 18.329306 ], [ -65.269859, 18.32902700000011 ], [ -65.269302, 18.32902700000011 ], [ -65.269302, 18.328751000000182 ], [ -65.268752999999833, 18.328751000000182 ], [ -65.268752999999833, 18.328472 ], [ -65.268196, 18.328472 ], [ -65.268196, 18.32819400000011 ], [ -65.267914, 18.32819400000011 ], [ -65.267914, 18.327917000000127 ], [ -65.267365, 18.327917000000127 ], [ -65.267365, 18.327639 ], [ -65.266808, 18.327639 ], [ -65.266808, 18.327362 ], [ -65.266251, 18.327362 ], [ -65.266251, 18.327084000000127 ], [ -65.265694, 18.327084000000127 ], [ -65.265694, 18.326805 ], [ -65.265137, 18.326805 ], [ -65.265137, 18.326529 ], [ -65.264862, 18.326529 ], [ -65.264862, 18.32625 ], [ -65.264304999999865, 18.32625 ], [ -65.264304999999865, 18.325970000000154 ], [ -65.263748, 18.325970000000154 ], [ -65.263748, 18.32569500000011 ], [ -65.263191, 18.32569500000011 ], [ -65.263191, 18.325138 ], [ -65.262642, 18.325138 ], [ -65.262642, 18.32486200000011 ], [ -65.26236, 18.32486200000011 ], [ -65.26236, 18.324581000000137 ], [ -65.261803, 18.324581000000137 ], [ -65.261803, 18.324306 ], [ -65.261528, 18.324306 ], [ -65.261528, 18.32403 ], [ -65.260971, 18.32403 ], [ -65.260971, 18.323751 ], [ -65.260696, 18.323751 ], [ -65.260696, 18.323473 ], [ -65.260139, 18.323473 ], [ -65.260139, 18.323195 ], [ -65.259865, 18.323195 ], [ -65.259865, 18.322916 ], [ -65.259307999999862, 18.322916 ], [ -65.259307999999862, 18.322638000000154 ], [ -65.259026, 18.322638000000154 ], [ -65.259026, 18.32235900000012 ], [ -65.258468999999877, 18.32235900000012 ], [ -65.258468999999877, 18.322083 ], [ -65.258194, 18.322083 ], [ -65.258194, 18.321806 ], [ -65.257637, 18.321806 ], [ -65.257637, 18.321527 ], [ -65.257362, 18.321527 ], [ -65.257362, 18.321251000000132 ], [ -65.256805, 18.321251000000132 ], [ -65.256805, 18.320972000000154 ], [ -65.256531, 18.320972000000154 ], [ -65.256531, 18.320694 ], [ -65.255974, 18.320694 ], [ -65.255974, 18.320419 ], [ -65.255691999999897, 18.320419 ], [ -65.255691999999897, 18.320139000000154 ], [ -65.255141999999864, 18.320139000000154 ], [ -65.255141999999864, 18.319860000000119 ], [ -65.254859999999894, 18.319860000000119 ], [ -65.254859999999894, 18.319584 ], [ -65.254302999999879, 18.319584 ], [ -65.254302999999879, 18.319305 ], [ -65.254028, 18.319305 ], [ -65.254028, 18.319027000000119 ], [ -65.251808, 18.319027000000119 ], [ -65.251808, 18.318750000000136 ], [ -65.251251, 18.318750000000136 ], [ -65.251251, 18.318472 ], [ -65.250968999999827, 18.318472 ], [ -65.250968999999827, 18.318195 ], [ -65.250693999999896, 18.318195 ], [ -65.250693999999896, 18.317638000000159 ], [ -65.25042, 18.317638000000159 ], [ -65.25042, 18.316805000000159 ], [ -65.250136999999881, 18.316805000000159 ], [ -65.250136999999881, 18.315695000000119 ], [ -65.249863, 18.315695000000119 ], [ -65.249863, 18.31514 ], [ -65.24958, 18.31514 ], [ -65.24958, 18.314585000000136 ], [ -65.249305999999876, 18.314585000000136 ], [ -65.249305999999876, 18.314306000000158 ], [ -65.249031, 18.314306000000158 ], [ -65.249031, 18.314028 ], [ -65.248192, 18.314028 ], [ -65.248192, 18.313749 ], [ -65.247917, 18.313749 ], [ -65.247917, 18.313194000000124 ], [ -65.247643, 18.313194000000124 ], [ -65.247643, 18.312916 ], [ -65.247086, 18.312916 ], [ -65.247086, 18.312363000000119 ], [ -65.246528999999896, 18.312363000000119 ], [ -65.246528999999896, 18.312084000000141 ], [ -65.246246, 18.312084000000141 ], [ -65.246246, 18.311806 ], [ -65.245415, 18.311806 ], [ -65.245415, 18.310417 ], [ -65.245139999999878, 18.310417 ], [ -65.245139999999878, 18.308195 ], [ -65.244858, 18.308195 ], [ -65.244858, 18.307636000000173 ], [ -65.244583, 18.307636000000173 ], [ -65.244583, 18.307362 ], [ -65.244307999999876, 18.307362 ], [ -65.244307999999876, 18.304861 ], [ -65.244026, 18.304861 ], [ -65.244026, 18.304583 ], [ -65.244307999999876, 18.304583 ], [ -65.244307999999876, 18.303473000000167 ], [ -65.244858, 18.303473000000167 ], [ -65.244858, 18.303196000000185 ], [ -65.245139999999878, 18.303196000000185 ], [ -65.245139999999878, 18.302917 ], [ -65.247086, 18.302917 ], [ -65.247086, 18.303473000000167 ], [ -65.24736, 18.303473000000167 ], [ -65.24736, 18.303749 ], [ -65.248474, 18.303749 ], [ -65.248474, 18.304028 ], [ -65.249305999999876, 18.304028 ], [ -65.249305999999876, 18.304304000000172 ], [ -65.250136999999881, 18.304304000000172 ], [ -65.250136999999881, 18.304583 ], [ -65.25042, 18.304583 ], [ -65.25042, 18.304861 ], [ -65.250693999999896, 18.304861 ], [ -65.250693999999896, 18.30514 ], [ -65.250968999999827, 18.30514 ], [ -65.250968999999827, 18.305416 ], [ -65.251251, 18.305416 ], [ -65.251251, 18.305973 ], [ -65.252083, 18.305973 ], [ -65.252083, 18.30625 ], [ -65.253197, 18.30625 ], [ -65.253197, 18.30652600000019 ], [ -65.254585, 18.30652600000019 ], [ -65.254585, 18.30625 ], [ -65.254859999999894, 18.30625 ], [ -65.254859999999894, 18.305973 ], [ -65.255417, 18.305973 ], [ -65.255417, 18.30625 ], [ -65.256248, 18.30625 ], [ -65.256248, 18.30652600000019 ], [ -65.256531, 18.30652600000019 ], [ -65.256531, 18.306805000000168 ], [ -65.256805, 18.306805000000168 ], [ -65.256805, 18.307362 ], [ -65.25708, 18.307362 ], [ -65.25708, 18.308748 ], [ -65.257362, 18.308748 ], [ -65.257362, 18.309031000000118 ], [ -65.257637, 18.309031000000118 ], [ -65.257637, 18.308748 ], [ -65.258194, 18.308748 ], [ -65.258194, 18.308472 ], [ -65.258468999999877, 18.308472 ], [ -65.258468999999877, 18.308195 ], [ -65.258751, 18.308195 ], [ -65.258751, 18.30625 ], [ -65.258468999999877, 18.30625 ], [ -65.258468999999877, 18.305973 ], [ -65.258194, 18.305973 ], [ -65.258194, 18.305416 ], [ -65.257919, 18.305416 ], [ -65.257919, 18.304583 ], [ -65.257637, 18.304583 ], [ -65.257637, 18.302639 ], [ -65.256805, 18.302639 ], [ -65.256805, 18.30236100000019 ], [ -65.256531, 18.30236100000019 ], [ -65.256531, 18.301805000000172 ], [ -65.256248, 18.301805000000172 ], [ -65.256248, 18.301527 ], [ -65.255691999999897, 18.301527 ], [ -65.255691999999897, 18.30125 ], [ -65.255141999999864, 18.30125 ], [ -65.255141999999864, 18.300974000000167 ], [ -65.254859999999894, 18.300974000000167 ], [ -65.254859999999894, 18.299305000000118 ], [ -65.256248, 18.299305000000118 ], [ -65.256248, 18.297359 ], [ -65.256531, 18.297359 ], [ -65.256531, 18.2970830000001 ], [ -65.256805, 18.2970830000001 ], [ -65.256805, 18.296806000000117 ], [ -65.257637, 18.296806000000117 ], [ -65.257637, 18.296530000000189 ], [ -65.257362, 18.296530000000189 ], [ -65.257362, 18.295973000000117 ], [ -65.25708, 18.295973000000117 ], [ -65.25708, 18.295694 ], [ -65.256805, 18.295694 ], [ -65.256805, 18.295416 ], [ -65.256531, 18.295416 ], [ -65.256531, 18.294861 ], [ -65.256248, 18.294861 ], [ -65.256248, 18.294306000000176 ], [ -65.254585, 18.294306000000176 ], [ -65.254585, 18.292639000000122 ], [ -65.256248, 18.292639000000122 ], [ -65.256248, 18.293194 ], [ -65.25708, 18.293194 ], [ -65.25708, 18.293472000000122 ], [ -65.257637, 18.293472000000122 ], [ -65.257637, 18.293194 ], [ -65.258468999999877, 18.293194 ], [ -65.258468999999877, 18.292915 ], [ -65.258751, 18.292915 ], [ -65.258751, 18.29236 ], [ -65.259026, 18.29236 ], [ -65.259026, 18.292084 ], [ -65.259307999999862, 18.292084 ], [ -65.259307999999862, 18.291250000000105 ], [ -65.259583, 18.291250000000105 ], [ -65.259583, 18.290972 ], [ -65.259865, 18.290972 ], [ -65.259865, 18.290417000000105 ], [ -65.260139, 18.290417000000105 ], [ -65.260139, 18.290138000000127 ], [ -65.260414, 18.290138000000127 ], [ -65.260414, 18.289862 ], [ -65.261253, 18.289862 ], [ -65.261253, 18.289583 ], [ -65.262085, 18.289583 ], [ -65.262085, 18.289305000000127 ], [ -65.262917, 18.289305000000127 ], [ -65.262917, 18.289862 ], [ -65.26403, 18.289862 ], [ -65.26403, 18.290695 ], [ -65.263748, 18.290695 ], [ -65.263748, 18.290972 ], [ -65.263474, 18.290972 ], [ -65.263474, 18.292915 ], [ -65.263748, 18.292915 ], [ -65.263748, 18.293194 ], [ -65.26403, 18.293194 ], [ -65.26403, 18.2937510000001 ], [ -65.263748, 18.2937510000001 ], [ -65.263748, 18.294861 ], [ -65.26403, 18.294861 ], [ -65.26403, 18.295694 ], [ -65.26458, 18.295694 ], [ -65.26458, 18.295973000000117 ], [ -65.264862, 18.295973000000117 ], [ -65.264862, 18.296247 ], [ -65.265137, 18.296247 ], [ -65.265137, 18.296530000000189 ], [ -65.265694, 18.296530000000189 ], [ -65.265694, 18.296806000000117 ], [ -65.266525, 18.296806000000117 ], [ -65.266525, 18.2970830000001 ], [ -65.268470999999863, 18.2970830000001 ], [ -65.268470999999863, 18.296806000000117 ], [ -65.269302, 18.296806000000117 ], [ -65.269302, 18.296530000000189 ], [ -65.270142, 18.296530000000189 ], [ -65.270142, 18.296247 ], [ -65.270691, 18.296247 ], [ -65.270691, 18.295973000000117 ], [ -65.271248, 18.295973000000117 ], [ -65.271248, 18.295694 ], [ -65.27153, 18.295694 ], [ -65.27153, 18.295416 ], [ -65.272086999999885, 18.295416 ], [ -65.272086999999885, 18.294861 ], [ -65.275414, 18.294861 ], [ -65.275414, 18.295137 ], [ -65.27597, 18.295137 ], [ -65.27597, 18.295416 ], [ -65.276252999999883, 18.295416 ], [ -65.276252999999883, 18.295694 ], [ -65.276527, 18.295694 ], [ -65.276527, 18.296247 ], [ -65.276802, 18.296247 ], [ -65.276802, 18.296530000000189 ], [ -65.277083999999832, 18.296530000000189 ], [ -65.277083999999832, 18.2970830000001 ], [ -65.277359, 18.2970830000001 ], [ -65.277359, 18.297359 ], [ -65.277641, 18.297359 ], [ -65.277641, 18.298752 ], [ -65.277359, 18.298752 ], [ -65.277359, 18.299305000000118 ], [ -65.277083999999832, 18.299305000000118 ], [ -65.277083999999832, 18.299583 ], [ -65.277359, 18.299583 ], [ -65.277359, 18.299864000000184 ], [ -65.277641, 18.299864000000184 ], [ -65.277641, 18.299305000000118 ], [ -65.278473, 18.299305000000118 ], [ -65.278473, 18.299864000000184 ], [ -65.27903, 18.299864000000184 ], [ -65.27903, 18.300138000000118 ], [ -65.279861, 18.300138000000118 ], [ -65.279861, 18.300417 ], [ -65.280136, 18.300417 ], [ -65.280136, 18.300694 ], [ -65.280417999999884, 18.300694 ], [ -65.280417999999884, 18.30125 ], [ -65.280136, 18.30125 ], [ -65.280136, 18.301805000000172 ], [ -65.279861, 18.301805000000172 ], [ -65.279861, 18.302082 ], [ -65.279586999999879, 18.302082 ], [ -65.279586999999879, 18.302639 ], [ -65.279861, 18.302639 ], [ -65.279861, 18.30236100000019 ], [ -65.280136, 18.30236100000019 ], [ -65.280136, 18.302082 ], [ -65.281249999999886, 18.302082 ], [ -65.281249999999886, 18.302639 ], [ -65.281525, 18.302639 ], [ -65.281525, 18.302917 ], [ -65.281807, 18.302917 ], [ -65.281807, 18.303473000000167 ], [ -65.280974999999899, 18.303473000000167 ], [ -65.280974999999899, 18.303749 ], [ -65.280417999999884, 18.303749 ], [ -65.280417999999884, 18.304028 ], [ -65.279586999999879, 18.304028 ], [ -65.279586999999879, 18.304304000000172 ], [ -65.279305, 18.304304000000172 ], [ -65.279305, 18.304583 ], [ -65.27903, 18.304583 ], [ -65.27903, 18.304861 ], [ -65.279305, 18.304861 ], [ -65.279305, 18.30514 ], [ -65.279586999999879, 18.30514 ], [ -65.279586999999879, 18.305695000000185 ], [ -65.284027, 18.305695000000185 ], [ -65.284027, 18.30625 ], [ -65.284859, 18.30625 ], [ -65.284859, 18.306805000000168 ], [ -65.285141, 18.306805000000168 ], [ -65.285141, 18.307083 ], [ -65.285415999999884, 18.307083 ], [ -65.285415999999884, 18.306805000000168 ], [ -65.28653, 18.306805000000168 ], [ -65.28653, 18.30625 ], [ -65.287636, 18.30625 ], [ -65.287636, 18.30652600000019 ], [ -65.287917999999877, 18.30652600000019 ], [ -65.287917999999877, 18.307083 ], [ -65.288193, 18.307083 ], [ -65.288193, 18.307362 ], [ -65.288475, 18.307362 ], [ -65.288475, 18.307636000000173 ], [ -65.289024, 18.307636000000173 ], [ -65.289024, 18.307917000000145 ], [ -65.289307, 18.307917000000145 ], [ -65.289307, 18.308195 ], [ -65.289580999999885, 18.308195 ], [ -65.289580999999885, 18.308472 ], [ -65.289864, 18.308472 ], [ -65.289864, 18.308748 ], [ -65.290137999999899, 18.308748 ], [ -65.290137999999899, 18.309031000000118 ], [ -65.290412999999887, 18.309031000000118 ], [ -65.290412999999887, 18.309305 ], [ -65.290695, 18.309305 ], [ -65.290695, 18.30985800000019 ], [ -65.29097, 18.30985800000019 ], [ -65.29097, 18.310141000000158 ], [ -65.291252, 18.310141000000158 ], [ -65.291252, 18.311253000000136 ], [ -65.291809, 18.311253000000136 ], [ -65.291809, 18.310970000000168 ], [ -65.292358, 18.310970000000168 ], [ -65.292358, 18.310141000000158 ], [ -65.292641, 18.310141000000158 ], [ -65.292641, 18.30985800000019 ], [ -65.292358, 18.30985800000019 ], [ -65.292358, 18.309305 ], [ -65.292084, 18.309305 ], [ -65.292084, 18.309031000000118 ], [ -65.291809, 18.309031000000118 ], [ -65.291809, 18.308748 ], [ -65.291527, 18.308748 ], [ -65.291527, 18.308472 ], [ -65.291252, 18.308472 ], [ -65.291252, 18.307636000000173 ], [ -65.291527, 18.307636000000173 ], [ -65.291527, 18.307362 ], [ -65.292358, 18.307362 ], [ -65.292358, 18.307636000000173 ], [ -65.294029, 18.307636000000173 ], [ -65.294029, 18.307917000000145 ], [ -65.294585999999867, 18.307917000000145 ], [ -65.294585999999867, 18.308195 ], [ -65.295692, 18.308195 ], [ -65.295692, 18.308472 ], [ -65.296248999999875, 18.308472 ], [ -65.296248999999875, 18.308748 ], [ -65.296524, 18.308748 ], [ -65.296524, 18.309031000000118 ], [ -65.297363, 18.309031000000118 ], [ -65.297363, 18.309305 ], [ -65.298195, 18.309305 ], [ -65.298195, 18.30985800000019 ], [ -65.30014, 18.30985800000019 ], [ -65.30014, 18.309305 ], [ -65.300972, 18.309305 ], [ -65.300972, 18.30985800000019 ], [ -65.301529, 18.30985800000019 ], [ -65.301529, 18.309584 ], [ -65.301804, 18.309584 ], [ -65.301804, 18.307917000000145 ], [ -65.301246999999876, 18.307917000000145 ], [ -65.301246999999876, 18.30625 ], [ -65.300972, 18.30625 ], [ -65.300972, 18.305695000000185 ], [ -65.300697, 18.305695000000185 ], [ -65.300697, 18.30514 ], [ -65.299858, 18.30514 ], [ -65.299858, 18.304583 ], [ -65.29958299999987, 18.304583 ], [ -65.29958299999987, 18.304304000000172 ], [ -65.299026, 18.304304000000172 ], [ -65.299026, 18.304028 ], [ -65.29847, 18.304028 ], [ -65.29847, 18.303196000000185 ], [ -65.298195, 18.303196000000185 ], [ -65.298195, 18.30236100000019 ], [ -65.296524, 18.30236100000019 ], [ -65.296524, 18.302917 ], [ -65.295692, 18.302917 ], [ -65.295692, 18.302639 ], [ -65.295135, 18.302639 ], [ -65.295135, 18.302082 ], [ -65.294585999999867, 18.302082 ], [ -65.294585999999867, 18.301805000000172 ], [ -65.294304, 18.301805000000172 ], [ -65.294304, 18.301527 ], [ -65.293472, 18.301527 ], [ -65.293472, 18.30125 ], [ -65.293198, 18.30125 ], [ -65.293198, 18.300974000000167 ], [ -65.291252, 18.300974000000167 ], [ -65.291252, 18.300694 ], [ -65.289864, 18.300694 ], [ -65.289864, 18.300417 ], [ -65.289580999999885, 18.300417 ], [ -65.289580999999885, 18.300138000000118 ], [ -65.288749999999879, 18.300138000000118 ], [ -65.288749999999879, 18.299864000000184 ], [ -65.288475, 18.299864000000184 ], [ -65.288475, 18.299305000000118 ], [ -65.287361, 18.299305000000118 ], [ -65.287361, 18.299028 ], [ -65.286804, 18.299028 ], [ -65.286804, 18.298752 ], [ -65.286246999999832, 18.298752 ], [ -65.286246999999832, 18.297640000000172 ], [ -65.285972999999899, 18.297640000000172 ], [ -65.285972999999899, 18.295973000000117 ], [ -65.286246999999832, 18.295973000000117 ], [ -65.286246999999832, 18.295694 ], [ -65.287361, 18.295694 ], [ -65.287361, 18.294306000000176 ], [ -65.287086, 18.294306000000176 ], [ -65.287086, 18.292915 ], [ -65.287917999999877, 18.292915 ], [ -65.287917999999877, 18.292639000000122 ], [ -65.288193, 18.292639000000122 ], [ -65.288193, 18.29236 ], [ -65.288475, 18.29236 ], [ -65.288475, 18.292084 ], [ -65.288749999999879, 18.292084 ], [ -65.288749999999879, 18.291250000000105 ], [ -65.287636, 18.291250000000105 ], [ -65.287636, 18.291529 ], [ -65.287361, 18.291529 ], [ -65.287361, 18.291805 ], [ -65.286804, 18.291805 ], [ -65.286804, 18.292084 ], [ -65.285972999999899, 18.292084 ], [ -65.285972999999899, 18.29236 ], [ -65.284583999999882, 18.29236 ], [ -65.284583999999882, 18.292639000000122 ], [ -65.284302, 18.292639000000122 ], [ -65.284302, 18.292915 ], [ -65.284027, 18.292915 ], [ -65.284027, 18.293194 ], [ -65.283195, 18.293194 ], [ -65.283195, 18.292915 ], [ -65.282639, 18.292915 ], [ -65.282639, 18.291529 ], [ -65.282364, 18.291529 ], [ -65.282364, 18.291250000000105 ], [ -65.281807, 18.291250000000105 ], [ -65.281807, 18.290695 ], [ -65.281525, 18.290695 ], [ -65.281525, 18.290138000000127 ], [ -65.280974999999899, 18.290138000000127 ], [ -65.280974999999899, 18.289862 ], [ -65.280693, 18.289862 ], [ -65.280693, 18.289305000000127 ], [ -65.280417999999884, 18.289305000000127 ], [ -65.280417999999884, 18.28764 ], [ -65.280693, 18.28764 ], [ -65.280693, 18.287361 ], [ -65.280974999999899, 18.287361 ], [ -65.280974999999899, 18.287083000000109 ], [ -65.282364, 18.287083000000109 ], [ -65.282364, 18.28764 ], [ -65.28347, 18.28764 ], [ -65.28347, 18.286806000000126 ], [ -65.283195, 18.286806000000126 ], [ -65.283195, 18.286528 ], [ -65.282913, 18.286528 ], [ -65.282913, 18.286249 ], [ -65.282639, 18.286249 ], [ -65.282639, 18.285973000000126 ], [ -65.282364, 18.285973000000126 ], [ -65.282364, 18.285418 ], [ -65.282081999999832, 18.285418 ], [ -65.282081999999832, 18.285139 ], [ -65.281525, 18.285139 ], [ -65.281525, 18.284306 ], [ -65.281249999999886, 18.284306 ], [ -65.281249999999886, 18.284027 ], [ -65.281525, 18.284027 ], [ -65.281525, 18.283470000000136 ], [ -65.284859, 18.283470000000136 ], [ -65.284859, 18.283194 ], [ -65.285415999999884, 18.283194 ], [ -65.285415999999884, 18.282084 ], [ -65.285141, 18.282084 ], [ -65.285141, 18.28153 ], [ -65.284027, 18.28153 ], [ -65.284027, 18.280972 ], [ -65.283195, 18.280972 ], [ -65.283195, 18.280695 ], [ -65.282913, 18.280695 ], [ -65.282913, 18.280416 ], [ -65.282639, 18.280416 ], [ -65.282639, 18.279306 ], [ -65.283195, 18.279306 ], [ -65.283195, 18.279028000000153 ], [ -65.284302, 18.279028000000153 ], [ -65.284302, 18.278473 ], [ -65.285141, 18.278473 ], [ -65.285141, 18.276527000000158 ], [ -65.286246999999832, 18.276527000000158 ], [ -65.286246999999832, 18.276806000000136 ], [ -65.28653, 18.276806000000136 ], [ -65.28653, 18.277082 ], [ -65.287636, 18.277082 ], [ -65.287636, 18.277361 ], [ -65.287917999999877, 18.277361 ], [ -65.287917999999877, 18.278194 ], [ -65.287636, 18.278194 ], [ -65.287636, 18.278749000000118 ], [ -65.287361, 18.278749000000118 ], [ -65.287361, 18.279028000000153 ], [ -65.287086, 18.279028000000153 ], [ -65.287086, 18.279306 ], [ -65.286804, 18.279306 ], [ -65.286804, 18.279583 ], [ -65.28653, 18.279583 ], [ -65.28653, 18.280972 ], [ -65.286804, 18.280972 ], [ -65.286804, 18.28153 ], [ -65.287086, 18.28153 ], [ -65.287086, 18.282084 ], [ -65.287917999999877, 18.282084 ], [ -65.287917999999877, 18.282360000000153 ], [ -65.288749999999879, 18.282360000000153 ], [ -65.288749999999879, 18.28264 ], [ -65.289864, 18.28264 ], [ -65.289864, 18.282919 ], [ -65.290137999999899, 18.282919 ], [ -65.290137999999899, 18.283470000000136 ], [ -65.290412999999887, 18.283470000000136 ], [ -65.290412999999887, 18.284027 ], [ -65.290695, 18.284027 ], [ -65.290695, 18.284584000000109 ], [ -65.29097, 18.284584000000109 ], [ -65.29097, 18.284863 ], [ -65.291252, 18.284863 ], [ -65.291252, 18.285139 ], [ -65.291527, 18.285139 ], [ -65.291527, 18.285418 ], [ -65.291809, 18.285418 ], [ -65.291809, 18.285694000000149 ], [ -65.292641, 18.285694000000149 ], [ -65.292641, 18.285973000000126 ], [ -65.293198, 18.285973000000126 ], [ -65.293198, 18.286806000000126 ], [ -65.293472, 18.286806000000126 ], [ -65.293472, 18.287361 ], [ -65.293746999999883, 18.287361 ], [ -65.293746999999883, 18.28764 ], [ -65.294029, 18.28764 ], [ -65.294029, 18.288473 ], [ -65.294304, 18.288473 ], [ -65.294304, 18.289583 ], [ -65.294585999999867, 18.289583 ], [ -65.294585999999867, 18.290695 ], [ -65.294861, 18.290695 ], [ -65.294861, 18.290972 ], [ -65.295135, 18.290972 ], [ -65.295135, 18.291250000000105 ], [ -65.29541799999987, 18.291250000000105 ], [ -65.29541799999987, 18.291529 ], [ -65.295692, 18.291529 ], [ -65.295692, 18.291805 ], [ -65.296248999999875, 18.291805 ], [ -65.296248999999875, 18.292084 ], [ -65.296806, 18.292084 ], [ -65.296806, 18.292915 ], [ -65.297638, 18.292915 ], [ -65.297638, 18.293194 ], [ -65.29792, 18.293194 ], [ -65.29792, 18.293472000000122 ], [ -65.298195, 18.293472000000122 ], [ -65.298195, 18.2937510000001 ], [ -65.298752, 18.2937510000001 ], [ -65.298752, 18.294027 ], [ -65.300415, 18.294027 ], [ -65.300415, 18.2937510000001 ], [ -65.300972, 18.2937510000001 ], [ -65.300972, 18.294027 ], [ -65.301529, 18.294027 ], [ -65.301529, 18.2945840000001 ], [ -65.301246999999876, 18.2945840000001 ], [ -65.301246999999876, 18.296530000000189 ], [ -65.300972, 18.296530000000189 ], [ -65.300972, 18.2979160000001 ], [ -65.301246999999876, 18.2979160000001 ], [ -65.301246999999876, 18.298195 ], [ -65.301529, 18.298195 ], [ -65.301529, 18.2979160000001 ], [ -65.302086, 18.2979160000001 ], [ -65.302086, 18.298195 ], [ -65.302361, 18.298195 ], [ -65.302361, 18.298470000000123 ], [ -65.302917, 18.298470000000123 ], [ -65.302917, 18.298752 ], [ -65.302635, 18.298752 ], [ -65.302635, 18.299028 ], [ -65.302361, 18.299028 ], [ -65.302361, 18.299583 ], [ -65.302086, 18.299583 ], [ -65.302086, 18.300138000000118 ], [ -65.302635, 18.300138000000118 ], [ -65.302635, 18.300417 ], [ -65.302917, 18.300417 ], [ -65.302917, 18.300974000000167 ], [ -65.303192, 18.300974000000167 ], [ -65.303192, 18.301805000000172 ], [ -65.304580999999871, 18.301805000000172 ], [ -65.304580999999871, 18.302082 ], [ -65.30542, 18.302082 ], [ -65.30542, 18.301805000000172 ], [ -65.305969, 18.301805000000172 ], [ -65.305969, 18.30125 ], [ -65.308472, 18.30125 ], [ -65.308472, 18.301805000000172 ], [ -65.309028999999839, 18.301805000000172 ], [ -65.309028999999839, 18.302082 ], [ -65.309303, 18.302082 ], [ -65.309303, 18.302639 ], [ -65.310143, 18.302639 ], [ -65.310143, 18.302917 ], [ -65.310692, 18.302917 ], [ -65.310692, 18.303196000000185 ], [ -65.310974, 18.303196000000185 ], [ -65.310974, 18.303749 ], [ -65.311249, 18.303749 ], [ -65.311249, 18.304304000000172 ], [ -65.311530999999889, 18.304304000000172 ], [ -65.311530999999889, 18.304583 ], [ -65.311806, 18.304583 ], [ -65.311806, 18.304861 ], [ -65.31208, 18.304861 ], [ -65.31208, 18.30514 ], [ -65.312362999999891, 18.30514 ], [ -65.312362999999891, 18.305416 ], [ -65.312637, 18.305416 ], [ -65.312637, 18.305695000000185 ], [ -65.31292, 18.305695000000185 ], [ -65.31292, 18.306805000000168 ], [ -65.313193999999839, 18.306805000000168 ], [ -65.313193999999839, 18.307083 ], [ -65.313469, 18.307083 ], [ -65.313469, 18.307917000000145 ], [ -65.313751, 18.307917000000145 ], [ -65.313751, 18.308195 ], [ -65.314026, 18.308195 ], [ -65.314026, 18.308472 ], [ -65.314308, 18.308472 ], [ -65.314308, 18.308748 ], [ -65.315414, 18.308748 ], [ -65.315414, 18.309031000000118 ], [ -65.316254, 18.309031000000118 ], [ -65.316254, 18.309305 ], [ -65.316803, 18.309305 ], [ -65.316803, 18.312916 ], [ -65.317085, 18.312916 ], [ -65.317085, 18.313749 ], [ -65.317359999999837, 18.313749 ], [ -65.317359999999837, 18.314028 ], [ -65.317642, 18.314028 ], [ -65.317642, 18.314306000000158 ], [ -65.317917, 18.314306000000158 ], [ -65.317917, 18.314861 ], [ -65.317642, 18.314861 ], [ -65.317642, 18.317917000000136 ], [ -65.317917, 18.317917000000136 ], [ -65.317917, 18.318195 ], [ -65.31819199999984, 18.318195 ], [ -65.31819199999984, 18.318472 ], [ -65.318748, 18.318472 ], [ -65.318748, 18.319027000000119 ], [ -65.320137, 18.319027000000119 ], [ -65.320137, 18.319305 ], [ -65.320969, 18.319305 ], [ -65.320969, 18.319584 ], [ -65.321251, 18.319584 ], [ -65.321251, 18.319305 ], [ -65.321808, 18.319305 ], [ -65.321808, 18.318750000000136 ], [ -65.322083, 18.318750000000136 ], [ -65.322083, 18.318472 ], [ -65.322364999999877, 18.318472 ], [ -65.322364999999877, 18.317638000000159 ], [ -65.322914, 18.317638000000159 ], [ -65.322914, 18.320139000000154 ], [ -65.323195999999882, 18.320139000000154 ], [ -65.323195999999882, 18.320972000000154 ], [ -65.323753, 18.320972000000154 ], [ -65.323753, 18.321527 ], [ -65.324027999999885, 18.321527 ], [ -65.324027999999885, 18.321806 ], [ -65.324303, 18.321806 ], [ -65.324303, 18.322083 ], [ -65.324859999999887, 18.322083 ], [ -65.324859999999887, 18.32235900000012 ], [ -65.325690999999892, 18.32235900000012 ], [ -65.325690999999892, 18.322638000000154 ], [ -65.326248, 18.322638000000154 ], [ -65.326248, 18.322916 ], [ -65.326529999999877, 18.322916 ], [ -65.326529999999877, 18.323195 ], [ -65.32736199999988, 18.323195 ], [ -65.32736199999988, 18.323473 ], [ -65.328751, 18.323473 ], [ -65.328751, 18.323195 ], [ -65.329308, 18.323195 ], [ -65.329308, 18.322916 ], [ -65.329582, 18.322916 ], [ -65.329582, 18.322638000000154 ], [ -65.329865, 18.322638000000154 ], [ -65.329865, 18.321806 ], [ -65.330139, 18.321806 ], [ -65.330139, 18.321527 ], [ -65.330695999999875, 18.321527 ], [ -65.330695999999875, 18.321251000000132 ], [ -65.331253, 18.321251000000132 ], [ -65.331253, 18.320972000000154 ], [ -65.331802, 18.320972000000154 ], [ -65.331802, 18.32235900000012 ], [ -65.331527999999878, 18.32235900000012 ], [ -65.331527999999878, 18.322638000000154 ], [ -65.331253, 18.322638000000154 ], [ -65.331253, 18.323473 ], [ -65.330971, 18.323473 ], [ -65.330971, 18.323751 ], [ -65.330414, 18.323751 ], [ -65.330414, 18.324306 ], [ -65.330139, 18.324306 ], [ -65.330139, 18.32486200000011 ], [ -65.329865, 18.32486200000011 ], [ -65.329865, 18.32625 ], [ -65.330139, 18.32625 ], [ -65.330139, 18.326805 ], [ -65.330414, 18.326805 ], [ -65.330414, 18.327639 ], [ -65.330695999999875, 18.327639 ], [ -65.330695999999875, 18.327917000000127 ], [ -65.330971, 18.327917000000127 ], [ -65.330971, 18.328472 ], [ -65.331253, 18.328472 ], [ -65.331253, 18.32902700000011 ], [ -65.331527999999878, 18.32902700000011 ], [ -65.331527999999878, 18.329861 ], [ -65.331802, 18.329861 ], [ -65.331802, 18.330139 ], [ -65.332085, 18.330139 ], [ -65.332085, 18.330694 ], [ -65.332642, 18.330694 ], [ -65.332642, 18.331249000000128 ], [ -65.332916, 18.331249000000128 ], [ -65.332916, 18.331804 ], [ -65.333190999999886, 18.331804 ], [ -65.333190999999886, 18.332361000000105 ], [ -65.333473, 18.332361000000105 ], [ -65.333473, 18.332916000000182 ], [ -65.33403, 18.332916000000182 ], [ -65.33403, 18.333195 ], [ -65.334305, 18.333195 ], [ -65.334305, 18.333471 ], [ -65.334587, 18.333471 ], [ -65.334587, 18.334305 ], [ -65.334861999999873, 18.334305 ], [ -65.334861999999873, 18.335138 ], [ -65.335419, 18.335138 ], [ -65.335419, 18.335695000000101 ], [ -65.335692999999878, 18.335695000000101 ], [ -65.335692999999878, 18.337084 ], [ -65.335976, 18.337084 ], [ -65.335976, 18.337917 ], [ -65.33625, 18.337917 ], [ -65.33625, 18.338472 ], [ -65.336524999999881, 18.338472 ], [ -65.336524999999881, 18.338753000000168 ], [ -65.337639, 18.338753000000168 ], [ -65.337639, 18.339027000000101 ], [ -65.338196, 18.339027000000101 ], [ -65.338196, 18.339306 ], [ -65.33847, 18.339306 ], [ -65.33847, 18.339581000000123 ], [ -65.338753, 18.339581000000123 ], [ -65.338753, 18.340139 ], [ -65.339026999999874, 18.340139 ], [ -65.339026999999874, 18.340416 ], [ -65.339302, 18.340416 ], [ -65.339302, 18.34180600000019 ], [ -65.339584, 18.34180600000019 ], [ -65.339584, 18.342916000000173 ], [ -65.339858999999876, 18.342916000000173 ], [ -65.339858999999876, 18.34347200000019 ], [ -65.340141, 18.34347200000019 ], [ -65.340141, 18.344307000000128 ], [ -65.340698, 18.344307000000128 ], [ -65.340698, 18.344584000000168 ], [ -65.340973, 18.344584000000168 ], [ -65.340973, 18.344862 ], [ -65.341248, 18.344862 ], [ -65.341248, 18.345415000000173 ], [ -65.341805, 18.345415000000173 ], [ -65.341805, 18.345972 ], [ -65.342361, 18.345972 ], [ -65.342361, 18.346251 ], [ -65.342918, 18.346251 ], [ -65.342918, 18.346525 ], [ -65.343474999999842, 18.346525 ], [ -65.343474999999842, 18.346806000000129 ], [ -65.344024999999874, 18.346806000000129 ], [ -65.344024999999874, 18.347084 ], [ -65.344306999999844, 18.347084 ], [ -65.344306999999844, 18.348194 ], [ -65.34597, 18.348194 ], [ -65.34597, 18.348473 ], [ -65.346527, 18.348473 ], [ -65.346527, 18.348747000000174 ], [ -65.346802, 18.348747000000174 ], [ -65.346802, 18.349583 ], [ -65.344024999999874, 18.349583 ], [ -65.344024999999874, 18.349859000000151 ], [ -65.343474999999842, 18.349859000000151 ], [ -65.343474999999842, 18.349583 ], [ -65.343193, 18.349583 ], [ -65.343193, 18.349028000000146 ], [ -65.342087, 18.349028000000146 ], [ -65.342087, 18.348473 ], [ -65.341805, 18.348473 ], [ -65.341805, 18.347919 ], [ -65.340973, 18.347919 ], [ -65.340973, 18.348473 ], [ -65.340698, 18.348473 ], [ -65.340698, 18.349583 ], [ -65.340416, 18.349583 ], [ -65.340416, 18.349859000000151 ], [ -65.339584, 18.349859000000151 ], [ -65.339584, 18.350695 ], [ -65.339302, 18.350695 ], [ -65.339302, 18.350973000000124 ], [ -65.33847, 18.350973000000124 ], [ -65.33847, 18.350695 ], [ -65.337914, 18.350695 ], [ -65.337914, 18.350142000000119 ], [ -65.337364, 18.350142000000119 ], [ -65.337364, 18.349583 ], [ -65.337082, 18.349583 ], [ -65.337082, 18.349028000000146 ] ] ], [ [ [ -65.224586, 18.322638000000154 ], [ -65.223746999999889, 18.322638000000154 ], [ -65.223746999999889, 18.32235900000012 ], [ -65.222916, 18.32235900000012 ], [ -65.222916, 18.322083 ], [ -65.222084, 18.322083 ], [ -65.222084, 18.321806 ], [ -65.221802, 18.321806 ], [ -65.221802, 18.321527 ], [ -65.221527, 18.321527 ], [ -65.221527, 18.320139000000154 ], [ -65.221802, 18.320139000000154 ], [ -65.221802, 18.319860000000119 ], [ -65.222084, 18.319860000000119 ], [ -65.222084, 18.319027000000119 ], [ -65.222359, 18.319027000000119 ], [ -65.222359, 18.317917000000136 ], [ -65.222641, 18.317917000000136 ], [ -65.222641, 18.317638000000159 ], [ -65.225136, 18.317638000000159 ], [ -65.225136, 18.317362 ], [ -65.225418, 18.317362 ], [ -65.225418, 18.315971 ], [ -65.225136, 18.315971 ], [ -65.225136, 18.314861 ], [ -65.224861, 18.314861 ], [ -65.224861, 18.314028 ], [ -65.224029999999857, 18.314028 ], [ -65.224029999999857, 18.314585000000136 ], [ -65.223198, 18.314585000000136 ], [ -65.223198, 18.314306000000158 ], [ -65.222916, 18.314306000000158 ], [ -65.222916, 18.313749 ], [ -65.223473, 18.313749 ], [ -65.223473, 18.312916 ], [ -65.223746999999889, 18.312916 ], [ -65.223746999999889, 18.312084000000141 ], [ -65.222084, 18.312084000000141 ], [ -65.222084, 18.312639 ], [ -65.22097, 18.312639 ], [ -65.22097, 18.312084000000141 ], [ -65.220695, 18.312084000000141 ], [ -65.220695, 18.310694 ], [ -65.221802, 18.310694 ], [ -65.221802, 18.310417 ], [ -65.222084, 18.310417 ], [ -65.222084, 18.30985800000019 ], [ -65.225136, 18.30985800000019 ], [ -65.225136, 18.310141000000158 ], [ -65.226807, 18.310141000000158 ], [ -65.226807, 18.310417 ], [ -65.22902699999986, 18.310417 ], [ -65.22902699999986, 18.310694 ], [ -65.229858, 18.310694 ], [ -65.229858, 18.310970000000168 ], [ -65.230141, 18.310970000000168 ], [ -65.230141, 18.311253000000136 ], [ -65.230415, 18.311253000000136 ], [ -65.230415, 18.311527 ], [ -65.230698, 18.311527 ], [ -65.230698, 18.312639 ], [ -65.230972, 18.312639 ], [ -65.230972, 18.313749 ], [ -65.231247, 18.313749 ], [ -65.231247, 18.314306000000158 ], [ -65.231529, 18.314306000000158 ], [ -65.231529, 18.315416000000141 ], [ -65.232086, 18.315416000000141 ], [ -65.232086, 18.315695000000119 ], [ -65.232635, 18.315695000000119 ], [ -65.232635, 18.315971 ], [ -65.233474999999828, 18.315971 ], [ -65.233474999999828, 18.31625 ], [ -65.233749, 18.31625 ], [ -65.233749, 18.316528000000119 ], [ -65.234024, 18.316528000000119 ], [ -65.234024, 18.316805000000159 ], [ -65.234306, 18.316805000000159 ], [ -65.234306, 18.317083 ], [ -65.235695, 18.317083 ], [ -65.235695, 18.317362 ], [ -65.236526, 18.317362 ], [ -65.236526, 18.317638000000159 ], [ -65.23680899999988, 18.317638000000159 ], [ -65.23680899999988, 18.317917000000136 ], [ -65.237357999999858, 18.317917000000136 ], [ -65.237357999999858, 18.318195 ], [ -65.237915, 18.318195 ], [ -65.237915, 18.318472 ], [ -65.238197, 18.318472 ], [ -65.238197, 18.319027000000119 ], [ -65.238472, 18.319027000000119 ], [ -65.238472, 18.319860000000119 ], [ -65.238197, 18.319860000000119 ], [ -65.238197, 18.320419 ], [ -65.237915, 18.320419 ], [ -65.237915, 18.320972000000154 ], [ -65.237083, 18.320972000000154 ], [ -65.237083, 18.321251000000132 ], [ -65.234024, 18.321251000000132 ], [ -65.234024, 18.320972000000154 ], [ -65.23319199999986, 18.320972000000154 ], [ -65.23319199999986, 18.320694 ], [ -65.230972, 18.320694 ], [ -65.230972, 18.320419 ], [ -65.230698, 18.320419 ], [ -65.230698, 18.320139000000154 ], [ -65.230415, 18.320139000000154 ], [ -65.230415, 18.319305 ], [ -65.230141, 18.319305 ], [ -65.230141, 18.318750000000136 ], [ -65.229858, 18.318750000000136 ], [ -65.229858, 18.318472 ], [ -65.229309, 18.318472 ], [ -65.229309, 18.317917000000136 ], [ -65.228194999999857, 18.317917000000136 ], [ -65.228194999999857, 18.318472 ], [ -65.227081, 18.318472 ], [ -65.227081, 18.318750000000136 ], [ -65.226807, 18.318750000000136 ], [ -65.226807, 18.319305 ], [ -65.22625, 18.319305 ], [ -65.22625, 18.319860000000119 ], [ -65.226524, 18.319860000000119 ], [ -65.226524, 18.320139000000154 ], [ -65.226807, 18.320139000000154 ], [ -65.226807, 18.321527 ], [ -65.227364, 18.321527 ], [ -65.227364, 18.321806 ], [ -65.227913, 18.321806 ], [ -65.227913, 18.32235900000012 ], [ -65.22902699999986, 18.32235900000012 ], [ -65.22902699999986, 18.323473 ], [ -65.228194999999857, 18.323473 ], [ -65.228194999999857, 18.323751 ], [ -65.227081, 18.323751 ], [ -65.227081, 18.323473 ], [ -65.225136, 18.323473 ], [ -65.225136, 18.323195 ], [ -65.224861, 18.323195 ], [ -65.224861, 18.322916 ], [ -65.224586, 18.322916 ], [ -65.224586, 18.322638000000154 ] ] ], [ [ [ -65.377357, 18.32569500000011 ], [ -65.376808, 18.32569500000011 ], [ -65.376808, 18.325970000000154 ], [ -65.376251, 18.325970000000154 ], [ -65.376251, 18.32625 ], [ -65.375694, 18.32625 ], [ -65.375694, 18.325970000000154 ], [ -65.375136999999881, 18.325970000000154 ], [ -65.375136999999881, 18.32486200000011 ], [ -65.375419999999849, 18.32486200000011 ], [ -65.375419999999849, 18.32403 ], [ -65.375136999999881, 18.32403 ], [ -65.375136999999881, 18.323473 ], [ -65.374863, 18.323473 ], [ -65.374863, 18.322916 ], [ -65.37458, 18.322916 ], [ -65.37458, 18.322083 ], [ -65.374306, 18.322083 ], [ -65.374306, 18.321527 ], [ -65.37458, 18.321527 ], [ -65.37458, 18.321251000000132 ], [ -65.374863, 18.321251000000132 ], [ -65.374863, 18.320972000000154 ], [ -65.375694, 18.320972000000154 ], [ -65.375694, 18.321251000000132 ], [ -65.375968999999884, 18.321251000000132 ], [ -65.375968999999884, 18.321527 ], [ -65.376808, 18.321527 ], [ -65.376808, 18.321806 ], [ -65.377083, 18.321806 ], [ -65.377083, 18.322083 ], [ -65.377357, 18.322083 ], [ -65.377357, 18.32235900000012 ], [ -65.377914, 18.32235900000012 ], [ -65.377914, 18.322638000000154 ], [ -65.378754, 18.322638000000154 ], [ -65.378754, 18.323751 ], [ -65.379028, 18.323751 ], [ -65.379028, 18.32403 ], [ -65.37958499999985, 18.32403 ], [ -65.37958499999985, 18.324306 ], [ -65.37986, 18.324306 ], [ -65.37986, 18.324581000000137 ], [ -65.380142, 18.324581000000137 ], [ -65.380142, 18.325138 ], [ -65.380692, 18.325138 ], [ -65.380692, 18.325970000000154 ], [ -65.380974, 18.325970000000154 ], [ -65.380974, 18.326529 ], [ -65.37986, 18.326529 ], [ -65.37986, 18.325970000000154 ], [ -65.379302999999879, 18.325970000000154 ], [ -65.379302999999879, 18.32569500000011 ], [ -65.379028, 18.32569500000011 ], [ -65.379028, 18.325417 ], [ -65.377357, 18.325417 ], [ -65.377357, 18.32569500000011 ] ] ], [ [ [ -65.390418999999895, 18.334583000000123 ], [ -65.389862, 18.334583000000123 ], [ -65.389862, 18.333195 ], [ -65.390694, 18.333195 ], [ -65.390694, 18.332916000000182 ], [ -65.390976, 18.332916000000182 ], [ -65.390976, 18.33264 ], [ -65.391250999999897, 18.33264 ], [ -65.391250999999897, 18.332361000000105 ], [ -65.390976, 18.332361000000105 ], [ -65.390976, 18.330973 ], [ -65.391525, 18.330973 ], [ -65.391525, 18.330694 ], [ -65.392082, 18.330694 ], [ -65.392082, 18.331249000000128 ], [ -65.392365, 18.331249000000128 ], [ -65.392365, 18.33264 ], [ -65.392639, 18.33264 ], [ -65.392639, 18.333195 ], [ -65.393195999999818, 18.333195 ], [ -65.393195999999818, 18.333471 ], [ -65.393471, 18.333471 ], [ -65.393471, 18.334026 ], [ -65.392913999999848, 18.334026 ], [ -65.392913999999848, 18.334305 ], [ -65.392639, 18.334305 ], [ -65.392639, 18.335138 ], [ -65.392913999999848, 18.335138 ], [ -65.392913999999848, 18.335417000000177 ], [ -65.393195999999818, 18.335417000000177 ], [ -65.393195999999818, 18.336527 ], [ -65.392365, 18.336527 ], [ -65.392365, 18.336248000000182 ], [ -65.391250999999897, 18.336248000000182 ], [ -65.391250999999897, 18.335138 ], [ -65.390976, 18.335138 ], [ -65.390976, 18.334862000000101 ], [ -65.390418999999895, 18.334862000000101 ], [ -65.390418999999895, 18.334583000000123 ] ] ], [ [ [ -65.253470999999877, 18.341528 ], [ -65.253197, 18.341528 ], [ -65.253197, 18.341249 ], [ -65.252914, 18.341249 ], [ -65.252914, 18.340975000000128 ], [ -65.252083, 18.340975000000128 ], [ -65.252083, 18.340694 ], [ -65.251525999999899, 18.340694 ], [ -65.251525999999899, 18.340416 ], [ -65.251251, 18.340416 ], [ -65.251251, 18.33986300000015 ], [ -65.250968999999827, 18.33986300000015 ], [ -65.250968999999827, 18.338753000000168 ], [ -65.250693999999896, 18.338753000000168 ], [ -65.250693999999896, 18.338472 ], [ -65.250136999999881, 18.338472 ], [ -65.250136999999881, 18.338194000000101 ], [ -65.249863, 18.338194000000101 ], [ -65.249863, 18.33764100000019 ], [ -65.249305999999876, 18.33764100000019 ], [ -65.249305999999876, 18.337358 ], [ -65.248749, 18.337358 ], [ -65.248749, 18.337084 ], [ -65.247643, 18.337084 ], [ -65.247643, 18.336805 ], [ -65.24736, 18.336805 ], [ -65.24736, 18.336248000000182 ], [ -65.246246, 18.336248000000182 ], [ -65.246246, 18.337084 ], [ -65.245971999999881, 18.337084 ], [ -65.245971999999881, 18.337917 ], [ -65.244858, 18.337917 ], [ -65.244858, 18.33764100000019 ], [ -65.244583, 18.33764100000019 ], [ -65.244583, 18.337084 ], [ -65.244858, 18.337084 ], [ -65.244858, 18.336527 ], [ -65.245139999999878, 18.336527 ], [ -65.245139999999878, 18.336248000000182 ], [ -65.245415, 18.336248000000182 ], [ -65.245415, 18.335972 ], [ -65.245971999999881, 18.335972 ], [ -65.245971999999881, 18.335695000000101 ], [ -65.246246, 18.335695000000101 ], [ -65.246246, 18.335138 ], [ -65.245971999999881, 18.335138 ], [ -65.245971999999881, 18.334862000000101 ], [ -65.245696999999893, 18.334862000000101 ], [ -65.245696999999893, 18.334026 ], [ -65.245971999999881, 18.334026 ], [ -65.245971999999881, 18.333750000000123 ], [ -65.246802999999829, 18.333750000000123 ], [ -65.246802999999829, 18.333195 ], [ -65.248192, 18.333195 ], [ -65.248192, 18.333471 ], [ -65.248749, 18.333471 ], [ -65.248749, 18.333750000000123 ], [ -65.24958, 18.333750000000123 ], [ -65.24958, 18.334026 ], [ -65.25042, 18.334026 ], [ -65.25042, 18.334305 ], [ -65.252083, 18.334305 ], [ -65.252083, 18.334026 ], [ -65.25264, 18.334026 ], [ -65.25264, 18.333750000000123 ], [ -65.253197, 18.333750000000123 ], [ -65.253197, 18.333471 ], [ -65.253470999999877, 18.333471 ], [ -65.253470999999877, 18.333195 ], [ -65.253754, 18.333195 ], [ -65.253754, 18.332916000000182 ], [ -65.257919, 18.332916000000182 ], [ -65.257919, 18.333471 ], [ -65.259583, 18.333471 ], [ -65.259583, 18.333750000000123 ], [ -65.259865, 18.333750000000123 ], [ -65.259865, 18.334026 ], [ -65.260139, 18.334026 ], [ -65.260139, 18.334305 ], [ -65.260414, 18.334305 ], [ -65.260414, 18.334583000000123 ], [ -65.260696, 18.334583000000123 ], [ -65.260696, 18.335138 ], [ -65.261253, 18.335138 ], [ -65.261253, 18.335417000000177 ], [ -65.261528, 18.335417000000177 ], [ -65.261528, 18.335972 ], [ -65.261803, 18.335972 ], [ -65.261803, 18.336527 ], [ -65.262642, 18.336527 ], [ -65.262642, 18.337084 ], [ -65.262917, 18.337084 ], [ -65.262917, 18.337358 ], [ -65.263191, 18.337358 ], [ -65.263191, 18.33764100000019 ], [ -65.263474, 18.33764100000019 ], [ -65.263474, 18.337917 ], [ -65.263748, 18.337917 ], [ -65.263748, 18.338194000000101 ], [ -65.264304999999865, 18.338194000000101 ], [ -65.264304999999865, 18.338472 ], [ -65.264862, 18.338472 ], [ -65.264862, 18.338753000000168 ], [ -65.265976, 18.338753000000168 ], [ -65.265976, 18.339027000000101 ], [ -65.266251, 18.339027000000101 ], [ -65.266251, 18.33986300000015 ], [ -65.266525, 18.33986300000015 ], [ -65.266525, 18.340416 ], [ -65.266808, 18.340416 ], [ -65.266808, 18.341249 ], [ -65.266251, 18.341249 ], [ -65.266251, 18.341528 ], [ -65.265976, 18.341528 ], [ -65.265976, 18.34180600000019 ], [ -65.265419, 18.34180600000019 ], [ -65.265419, 18.342085000000168 ], [ -65.262917, 18.342085000000168 ], [ -65.262917, 18.341528 ], [ -65.261528, 18.341528 ], [ -65.261528, 18.342085000000168 ], [ -65.261253, 18.342085000000168 ], [ -65.261253, 18.342361 ], [ -65.260971, 18.342361 ], [ -65.260971, 18.342638 ], [ -65.255974, 18.342638 ], [ -65.255974, 18.342361 ], [ -65.255141999999864, 18.342361 ], [ -65.255141999999864, 18.342085000000168 ], [ -65.254028, 18.342085000000168 ], [ -65.254028, 18.34180600000019 ], [ -65.253470999999877, 18.34180600000019 ], [ -65.253470999999877, 18.341528 ] ] ], [ [ [ -65.231247, 18.339306 ], [ -65.230972, 18.339306 ], [ -65.230972, 18.338472 ], [ -65.230415, 18.338472 ], [ -65.230415, 18.338194000000101 ], [ -65.229309, 18.338194000000101 ], [ -65.229309, 18.337917 ], [ -65.22902699999986, 18.337917 ], [ -65.22902699999986, 18.337358 ], [ -65.228752, 18.337358 ], [ -65.228752, 18.336805 ], [ -65.229309, 18.336805 ], [ -65.229309, 18.336527 ], [ -65.231529, 18.336527 ], [ -65.231529, 18.337084 ], [ -65.231804, 18.337084 ], [ -65.231804, 18.33764100000019 ], [ -65.232086, 18.33764100000019 ], [ -65.232086, 18.337917 ], [ -65.232361, 18.337917 ], [ -65.232361, 18.338194000000101 ], [ -65.23319199999986, 18.338194000000101 ], [ -65.23319199999986, 18.338472 ], [ -65.233474999999828, 18.338472 ], [ -65.233474999999828, 18.340139 ], [ -65.232918, 18.340139 ], [ -65.232918, 18.340416 ], [ -65.232361, 18.340416 ], [ -65.232361, 18.340139 ], [ -65.232086, 18.340139 ], [ -65.232086, 18.33986300000015 ], [ -65.231804, 18.33986300000015 ], [ -65.231804, 18.339581000000123 ], [ -65.231247, 18.339581000000123 ], [ -65.231247, 18.339306 ] ] ], [ [ [ -65.567085, 18.350973000000124 ], [ -65.566802999999879, 18.350973000000124 ], [ -65.566802999999879, 18.350695 ], [ -65.566253999999844, 18.350695 ], [ -65.566253999999844, 18.350416 ], [ -65.565970999999877, 18.350416 ], [ -65.565970999999877, 18.350142000000119 ], [ -65.565697, 18.350142000000119 ], [ -65.565697, 18.349859000000151 ], [ -65.565414, 18.349859000000151 ], [ -65.565414, 18.349583 ], [ -65.56514, 18.349583 ], [ -65.56514, 18.349028000000146 ], [ -65.564857, 18.349028000000146 ], [ -65.564857, 18.347919 ], [ -65.564583, 18.347919 ], [ -65.564583, 18.346525 ], [ -65.564857, 18.346525 ], [ -65.564857, 18.345972 ], [ -65.56514, 18.345972 ], [ -65.56514, 18.345415000000173 ], [ -65.565970999999877, 18.345415000000173 ], [ -65.565970999999877, 18.345139 ], [ -65.566802999999879, 18.345139 ], [ -65.566802999999879, 18.344307000000128 ], [ -65.567085, 18.344307000000128 ], [ -65.567085, 18.34375 ], [ -65.567642, 18.34375 ], [ -65.567642, 18.34347200000019 ], [ -65.568748, 18.34347200000019 ], [ -65.568748, 18.34375 ], [ -65.569031, 18.34375 ], [ -65.569031, 18.345972 ], [ -65.569305, 18.345972 ], [ -65.569305, 18.347361 ], [ -65.56958, 18.347361 ], [ -65.56958, 18.347637000000191 ], [ -65.570418999999845, 18.347637000000191 ], [ -65.570418999999845, 18.347919 ], [ -65.570694, 18.347919 ], [ -65.570694, 18.348194 ], [ -65.570968999999877, 18.348194 ], [ -65.570968999999877, 18.349028000000146 ], [ -65.571251, 18.349028000000146 ], [ -65.571251, 18.349859000000151 ], [ -65.571526, 18.349859000000151 ], [ -65.571526, 18.350416 ], [ -65.571808, 18.350416 ], [ -65.571808, 18.350695 ], [ -65.572083, 18.350695 ], [ -65.572083, 18.350973000000124 ], [ -65.572365, 18.350973000000124 ], [ -65.572365, 18.351252000000159 ], [ -65.572639, 18.351252000000159 ], [ -65.572639, 18.351528 ], [ -65.574584999999843, 18.351528 ], [ -65.574584999999843, 18.352083000000164 ], [ -65.574303, 18.352083000000164 ], [ -65.574303, 18.352362000000142 ], [ -65.572914, 18.352362000000142 ], [ -65.572914, 18.352083000000164 ], [ -65.571526, 18.352083000000164 ], [ -65.571526, 18.351805 ], [ -65.571251, 18.351805 ], [ -65.571251, 18.351528 ], [ -65.570968999999877, 18.351528 ], [ -65.570968999999877, 18.352083000000164 ], [ -65.570418999999845, 18.352083000000164 ], [ -65.570418999999845, 18.352362000000142 ], [ -65.569862, 18.352362000000142 ], [ -65.569862, 18.352638 ], [ -65.568192, 18.352638 ], [ -65.568192, 18.352362000000142 ], [ -65.567642, 18.352362000000142 ], [ -65.567642, 18.351528 ], [ -65.56736, 18.351528 ], [ -65.56736, 18.351252000000159 ], [ -65.567085, 18.351252000000159 ], [ -65.567085, 18.350973000000124 ] ] ], [ [ [ -65.619025999999849, 18.340975000000128 ], [ -65.618752, 18.340975000000128 ], [ -65.618752, 18.340416 ], [ -65.618469, 18.340416 ], [ -65.618469, 18.339027000000101 ], [ -65.618195, 18.339027000000101 ], [ -65.618195, 18.338753000000168 ], [ -65.61792, 18.338753000000168 ], [ -65.61792, 18.338472 ], [ -65.617362999999898, 18.338472 ], [ -65.617362999999898, 18.338753000000168 ], [ -65.616530999999895, 18.338753000000168 ], [ -65.616530999999895, 18.338472 ], [ -65.616249, 18.338472 ], [ -65.616249, 18.337358 ], [ -65.616530999999895, 18.337358 ], [ -65.616530999999895, 18.336805 ], [ -65.616806, 18.336805 ], [ -65.616806, 18.336527 ], [ -65.617081, 18.336527 ], [ -65.617081, 18.336248000000182 ], [ -65.617362999999898, 18.336248000000182 ], [ -65.617362999999898, 18.335695000000101 ], [ -65.617638, 18.335695000000101 ], [ -65.617638, 18.335417000000177 ], [ -65.618752, 18.335417000000177 ], [ -65.618752, 18.335695000000101 ], [ -65.619307999999819, 18.335695000000101 ], [ -65.619307999999819, 18.336527 ], [ -65.619025999999849, 18.336527 ], [ -65.619025999999849, 18.337084 ], [ -65.618469, 18.337084 ], [ -65.618469, 18.33764100000019 ], [ -65.618195, 18.33764100000019 ], [ -65.618195, 18.338194000000101 ], [ -65.619857999999851, 18.338194000000101 ], [ -65.619857999999851, 18.338472 ], [ -65.620696999999893, 18.338472 ], [ -65.620696999999893, 18.338194000000101 ], [ -65.620972, 18.338194000000101 ], [ -65.620972, 18.338472 ], [ -65.621528999999896, 18.338472 ], [ -65.621528999999896, 18.339027000000101 ], [ -65.621803, 18.339027000000101 ], [ -65.621803, 18.339306 ], [ -65.622086, 18.339306 ], [ -65.622086, 18.33986300000015 ], [ -65.62236, 18.33986300000015 ], [ -65.62236, 18.341528 ], [ -65.622086, 18.341528 ], [ -65.622086, 18.342085000000168 ], [ -65.620696999999893, 18.342085000000168 ], [ -65.620696999999893, 18.34180600000019 ], [ -65.619857999999851, 18.34180600000019 ], [ -65.619857999999851, 18.341528 ], [ -65.619307999999819, 18.341528 ], [ -65.619307999999819, 18.341249 ], [ -65.619025999999849, 18.341249 ], [ -65.619025999999849, 18.340975000000128 ] ] ], [ [ [ -65.528748, 18.364584 ], [ -65.528198, 18.364584 ], [ -65.528198, 18.364305000000115 ], [ -65.527358999999876, 18.364305000000115 ], [ -65.527358999999876, 18.36347000000012 ], [ -65.527641, 18.36347000000012 ], [ -65.527641, 18.362083 ], [ -65.527916, 18.362083 ], [ -65.527916, 18.361805 ], [ -65.529305, 18.361805 ], [ -65.529305, 18.36125 ], [ -65.530418, 18.36125 ], [ -65.530418, 18.36097100000012 ], [ -65.530975, 18.36097100000012 ], [ -65.530975, 18.36125 ], [ -65.532364, 18.36125 ], [ -65.532364, 18.362638 ], [ -65.532082, 18.362638 ], [ -65.532082, 18.363194 ], [ -65.530692999999872, 18.363194 ], [ -65.530692999999872, 18.362638 ], [ -65.529587, 18.362638 ], [ -65.529587, 18.363194 ], [ -65.529860999999869, 18.363194 ], [ -65.529860999999869, 18.36347000000012 ], [ -65.530136, 18.36347000000012 ], [ -65.530136, 18.363749 ], [ -65.532082, 18.363749 ], [ -65.532082, 18.364584 ], [ -65.531807, 18.364584 ], [ -65.531807, 18.364862000000187 ], [ -65.53125, 18.364862000000187 ], [ -65.53125, 18.365141 ], [ -65.530418, 18.365141 ], [ -65.530418, 18.365417 ], [ -65.530136, 18.365417 ], [ -65.530136, 18.365694000000133 ], [ -65.529587, 18.365694000000133 ], [ -65.529587, 18.365417 ], [ -65.529305, 18.365417 ], [ -65.529305, 18.365141 ], [ -65.52903, 18.365141 ], [ -65.52903, 18.364862000000187 ], [ -65.528748, 18.364862000000187 ], [ -65.528748, 18.364584 ] ] ], [ [ [ -65.545418, 18.370417 ], [ -65.545135, 18.370417 ], [ -65.545135, 18.36875 ], [ -65.545418, 18.36875 ], [ -65.545418, 18.368195000000128 ], [ -65.545692, 18.368195000000128 ], [ -65.545692, 18.367916 ], [ -65.545974999999885, 18.367916 ], [ -65.545974999999885, 18.36764 ], [ -65.546524, 18.36764 ], [ -65.546524, 18.367361000000187 ], [ -65.54792, 18.367361000000187 ], [ -65.54792, 18.367083 ], [ -65.548195, 18.367083 ], [ -65.548195, 18.366806000000111 ], [ -65.548469999999838, 18.366806000000111 ], [ -65.548469999999838, 18.366528000000187 ], [ -65.548752, 18.366528000000187 ], [ -65.548752, 18.366249 ], [ -65.54930899999988, 18.366249 ], [ -65.54930899999988, 18.366528000000187 ], [ -65.549583, 18.366528000000187 ], [ -65.549583, 18.367083 ], [ -65.549026, 18.367083 ], [ -65.549026, 18.368473 ], [ -65.548752, 18.368473 ], [ -65.548752, 18.36875 ], [ -65.548195, 18.36875 ], [ -65.548195, 18.369028000000128 ], [ -65.54792, 18.369028000000128 ], [ -65.54792, 18.369305000000111 ], [ -65.547637999999893, 18.369305000000111 ], [ -65.547637999999893, 18.369862000000182 ], [ -65.547363, 18.369862000000182 ], [ -65.547363, 18.370138000000111 ], [ -65.547081, 18.370138000000111 ], [ -65.547081, 18.370417 ], [ -65.54680599999989, 18.370417 ], [ -65.54680599999989, 18.372360000000128 ], [ -65.546249, 18.372360000000128 ], [ -65.546249, 18.372084 ], [ -65.545974999999885, 18.372084 ], [ -65.545974999999885, 18.371529 ], [ -65.545692, 18.371529 ], [ -65.545692, 18.37125 ], [ -65.545418, 18.37125 ], [ -65.545418, 18.370417 ] ] ], [ [ [ -65.55180399999989, 18.370972 ], [ -65.552361, 18.370972 ], [ -65.552361, 18.370695000000183 ], [ -65.552917, 18.370695000000183 ], [ -65.552917, 18.370417 ], [ -65.553473999999881, 18.370417 ], [ -65.553473999999881, 18.370138000000111 ], [ -65.554581, 18.370138000000111 ], [ -65.554581, 18.370417 ], [ -65.55542, 18.370417 ], [ -65.55542, 18.369862000000182 ], [ -65.556526, 18.369862000000182 ], [ -65.556526, 18.370695000000183 ], [ -65.556252, 18.370695000000183 ], [ -65.556252, 18.370972 ], [ -65.555968999999891, 18.370972 ], [ -65.555968999999891, 18.37125 ], [ -65.554863, 18.37125 ], [ -65.554863, 18.371529 ], [ -65.554581, 18.371529 ], [ -65.554581, 18.372084 ], [ -65.554305999999883, 18.372084 ], [ -65.554305999999883, 18.372360000000128 ], [ -65.554031, 18.372360000000128 ], [ -65.554031, 18.372915 ], [ -65.553192, 18.372915 ], [ -65.553192, 18.373194000000183 ], [ -65.552917, 18.373194000000183 ], [ -65.552917, 18.373472000000106 ], [ -65.552634999999839, 18.373472000000106 ], [ -65.552634999999839, 18.373751 ], [ -65.552086, 18.373751 ], [ -65.552086, 18.374027000000183 ], [ -65.55180399999989, 18.374027000000183 ], [ -65.55180399999989, 18.374306 ], [ -65.550971999999888, 18.374306 ], [ -65.550971999999888, 18.372639000000106 ], [ -65.552086, 18.372639000000106 ], [ -65.552086, 18.372084 ], [ -65.55180399999989, 18.372084 ], [ -65.55180399999989, 18.371805 ], [ -65.551529, 18.371805 ], [ -65.551529, 18.371529 ], [ -65.55180399999989, 18.371529 ], [ -65.55180399999989, 18.370972 ] ] ], [ [ [ -65.568192, 18.381527 ], [ -65.567917, 18.381527 ], [ -65.567917, 18.379583 ], [ -65.56736, 18.379583 ], [ -65.56736, 18.379028 ], [ -65.566802999999879, 18.379028 ], [ -65.566802999999879, 18.378752000000134 ], [ -65.566253999999844, 18.378752000000134 ], [ -65.566253999999844, 18.378469 ], [ -65.565970999999877, 18.378469 ], [ -65.565970999999877, 18.378195 ], [ -65.565697, 18.378195 ], [ -65.565697, 18.377916 ], [ -65.56514, 18.377916 ], [ -65.56514, 18.377642000000151 ], [ -65.564857, 18.377642000000151 ], [ -65.564857, 18.377359000000183 ], [ -65.56514, 18.377359000000183 ], [ -65.56514, 18.377083 ], [ -65.565414, 18.377083 ], [ -65.565414, 18.376806000000101 ], [ -65.565970999999877, 18.376806000000101 ], [ -65.565970999999877, 18.376530000000173 ], [ -65.566253999999844, 18.376530000000173 ], [ -65.566253999999844, 18.376247 ], [ -65.566802999999879, 18.376247 ], [ -65.566802999999879, 18.376806000000101 ], [ -65.567085, 18.376806000000101 ], [ -65.567085, 18.377359000000183 ], [ -65.567642, 18.377359000000183 ], [ -65.567642, 18.377083 ], [ -65.568192, 18.377083 ], [ -65.568192, 18.376806000000101 ], [ -65.569031, 18.376806000000101 ], [ -65.569031, 18.376530000000173 ], [ -65.569305, 18.376530000000173 ], [ -65.569305, 18.376247 ], [ -65.56958, 18.376247 ], [ -65.56958, 18.375973000000101 ], [ -65.570694, 18.375973000000101 ], [ -65.570694, 18.375694 ], [ -65.571251, 18.375694 ], [ -65.571251, 18.375416 ], [ -65.571526, 18.375416 ], [ -65.571526, 18.375137 ], [ -65.572083, 18.375137 ], [ -65.572083, 18.375694 ], [ -65.572365, 18.375694 ], [ -65.572365, 18.375973000000101 ], [ -65.572083, 18.375973000000101 ], [ -65.572083, 18.376806000000101 ], [ -65.571808, 18.376806000000101 ], [ -65.571808, 18.377083 ], [ -65.571526, 18.377083 ], [ -65.571526, 18.377642000000151 ], [ -65.571251, 18.377642000000151 ], [ -65.571251, 18.378469 ], [ -65.571526, 18.378469 ], [ -65.571526, 18.378752000000134 ], [ -65.572083, 18.378752000000134 ], [ -65.572083, 18.380417 ], [ -65.570968999999877, 18.380417 ], [ -65.570968999999877, 18.380138000000102 ], [ -65.570418999999845, 18.380138000000102 ], [ -65.570418999999845, 18.379583 ], [ -65.569862, 18.379583 ], [ -65.569862, 18.380695000000173 ], [ -65.570418999999845, 18.380695000000173 ], [ -65.570418999999845, 18.380974000000151 ], [ -65.571251, 18.380974000000151 ], [ -65.571251, 18.38125 ], [ -65.572083, 18.38125 ], [ -65.572083, 18.382084000000134 ], [ -65.571808, 18.382084000000134 ], [ -65.571808, 18.38236 ], [ -65.571526, 18.38236 ], [ -65.571526, 18.382639 ], [ -65.570136999999875, 18.382639 ], [ -65.570136999999875, 18.38236 ], [ -65.56958, 18.38236 ], [ -65.56958, 18.382084000000134 ], [ -65.569031, 18.382084000000134 ], [ -65.569031, 18.381805000000156 ], [ -65.568192, 18.381805000000156 ], [ -65.568192, 18.381527 ] ] ], [ [ [ -65.589859, 18.390970000000152 ], [ -65.589859, 18.390694 ], [ -65.589027, 18.390694 ], [ -65.589027, 18.390417 ], [ -65.58847, 18.390417 ], [ -65.58847, 18.390141000000142 ], [ -65.587913999999898, 18.390141000000142 ], [ -65.587913999999898, 18.389860000000169 ], [ -65.587639, 18.389860000000169 ], [ -65.587639, 18.389584 ], [ -65.587364, 18.389584 ], [ -65.587364, 18.389305 ], [ -65.586249999999893, 18.389305 ], [ -65.586249999999893, 18.38903 ], [ -65.585693, 18.38903 ], [ -65.585693, 18.388748000000135 ], [ -65.584586999999885, 18.388748000000135 ], [ -65.584586999999885, 18.388195 ], [ -65.584305, 18.388195 ], [ -65.584305, 18.38791700000013 ], [ -65.58403, 18.38791700000013 ], [ -65.58403, 18.387636000000157 ], [ -65.583747999999844, 18.387636000000157 ], [ -65.583747999999844, 18.387362 ], [ -65.583473, 18.387362 ], [ -65.583473, 18.387083 ], [ -65.582915999999898, 18.387083 ], [ -65.582915999999898, 18.386806 ], [ -65.582642, 18.386806 ], [ -65.582642, 18.386526000000174 ], [ -65.582084999999893, 18.386526000000174 ], [ -65.582084999999893, 18.38625 ], [ -65.581528, 18.38625 ], [ -65.581528, 18.385973 ], [ -65.580971, 18.385973 ], [ -65.580971, 18.385695000000169 ], [ -65.579865, 18.385695000000169 ], [ -65.579865, 18.385139000000152 ], [ -65.579581999999846, 18.385139000000152 ], [ -65.579581999999846, 18.384304000000157 ], [ -65.579308, 18.384304000000157 ], [ -65.579308, 18.384027000000174 ], [ -65.579025, 18.384027000000174 ], [ -65.579025, 18.383751 ], [ -65.578476, 18.383751 ], [ -65.578476, 18.383196000000169 ], [ -65.578194, 18.383196000000169 ], [ -65.578194, 18.382084000000134 ], [ -65.578476, 18.382084000000134 ], [ -65.578476, 18.380974000000151 ], [ -65.578750999999897, 18.380974000000151 ], [ -65.578750999999897, 18.380695000000173 ], [ -65.579025, 18.380695000000173 ], [ -65.579025, 18.380417 ], [ -65.579865, 18.380417 ], [ -65.579865, 18.380974000000151 ], [ -65.580414, 18.380974000000151 ], [ -65.580414, 18.38125 ], [ -65.581528, 18.38125 ], [ -65.581528, 18.381527 ], [ -65.581802, 18.381527 ], [ -65.581802, 18.381805000000156 ], [ -65.581528, 18.381805000000156 ], [ -65.581528, 18.382639 ], [ -65.580139, 18.382639 ], [ -65.580139, 18.382917000000134 ], [ -65.579865, 18.382917000000134 ], [ -65.579865, 18.383196000000169 ], [ -65.580139, 18.383196000000169 ], [ -65.580139, 18.383472 ], [ -65.580696, 18.383472 ], [ -65.580696, 18.384027000000174 ], [ -65.580971, 18.384027000000174 ], [ -65.580971, 18.384861 ], [ -65.58125299999989, 18.384861 ], [ -65.58125299999989, 18.384583000000134 ], [ -65.582642, 18.384583000000134 ], [ -65.582642, 18.385139000000152 ], [ -65.582915999999898, 18.385139000000152 ], [ -65.582915999999898, 18.385414 ], [ -65.583473, 18.385414 ], [ -65.583473, 18.385139000000152 ], [ -65.583747999999844, 18.385139000000152 ], [ -65.583747999999844, 18.384583000000134 ], [ -65.584305, 18.384583000000134 ], [ -65.584305, 18.384304000000157 ], [ -65.58403, 18.384304000000157 ], [ -65.58403, 18.383196000000169 ], [ -65.584305, 18.383196000000169 ], [ -65.584305, 18.382917000000134 ], [ -65.584586999999885, 18.382917000000134 ], [ -65.584586999999885, 18.38236 ], [ -65.585136, 18.38236 ], [ -65.585136, 18.381805000000156 ], [ -65.587639, 18.381805000000156 ], [ -65.587639, 18.382084000000134 ], [ -65.587913999999898, 18.382084000000134 ], [ -65.587913999999898, 18.38236 ], [ -65.588196, 18.38236 ], [ -65.588196, 18.382639 ], [ -65.589302, 18.382639 ], [ -65.589302, 18.382917000000134 ], [ -65.589859, 18.382917000000134 ], [ -65.589859, 18.383196000000169 ], [ -65.590141, 18.383196000000169 ], [ -65.590141, 18.383472 ], [ -65.590698, 18.383472 ], [ -65.590698, 18.384027000000174 ], [ -65.590973, 18.384027000000174 ], [ -65.590973, 18.384304000000157 ], [ -65.591247999999894, 18.384304000000157 ], [ -65.591247999999894, 18.385139000000152 ], [ -65.59153, 18.385139000000152 ], [ -65.59153, 18.386806 ], [ -65.591805, 18.386806 ], [ -65.591805, 18.387636000000157 ], [ -65.592086999999879, 18.387636000000157 ], [ -65.592086999999879, 18.38791700000013 ], [ -65.592361, 18.38791700000013 ], [ -65.592361, 18.388472 ], [ -65.592636, 18.388472 ], [ -65.592636, 18.38903 ], [ -65.592917999999884, 18.38903 ], [ -65.592917999999884, 18.389305 ], [ -65.593193, 18.389305 ], [ -65.593193, 18.389860000000169 ], [ -65.593475, 18.389860000000169 ], [ -65.593475, 18.390694 ], [ -65.594025, 18.390694 ], [ -65.594025, 18.390970000000152 ], [ -65.594307, 18.390970000000152 ], [ -65.594307, 18.39124900000013 ], [ -65.594025, 18.39124900000013 ], [ -65.594025, 18.391527 ], [ -65.593193, 18.391527 ], [ -65.593193, 18.392084000000125 ], [ -65.592636, 18.392084000000125 ], [ -65.592636, 18.392363000000103 ], [ -65.59153, 18.392363000000103 ], [ -65.59153, 18.391806 ], [ -65.592086999999879, 18.391806 ], [ -65.592086999999879, 18.390970000000152 ], [ -65.590698, 18.390970000000152 ], [ -65.590698, 18.390694 ], [ -65.590415999999891, 18.390694 ], [ -65.590415999999891, 18.390970000000152 ], [ -65.589859, 18.390970000000152 ] ] ], [ [ [ -65.597083999999882, 18.396805000000143 ], [ -65.597083999999882, 18.396528000000103 ], [ -65.597359, 18.396528000000103 ], [ -65.597359, 18.395695000000103 ], [ -65.59903, 18.395695000000103 ], [ -65.59903, 18.397362 ], [ -65.599586, 18.397362 ], [ -65.599586, 18.397638000000143 ], [ -65.599861, 18.397638000000143 ], [ -65.599861, 18.398195 ], [ -65.599304, 18.398195 ], [ -65.599304, 18.398472 ], [ -65.597641, 18.398472 ], [ -65.597641, 18.398195 ], [ -65.596527, 18.398195 ], [ -65.596527, 18.397362 ], [ -65.596802, 18.397362 ], [ -65.596802, 18.396805000000143 ], [ -65.597083999999882, 18.396805000000143 ] ] ], [ [ [ -67.098198, 17.92069399899998 ], [ -67.098198, 17.920137000000182 ], [ -67.098473, 17.920137000000182 ], [ -67.098473, 17.919861001000186 ], [ -67.098746998999957, 17.919861001000186 ], [ -67.098746998999957, 17.919583999000167 ], [ -67.099030000999903, 17.919583999000167 ], [ -67.099030000999903, 17.919307999000068 ], [ -67.099586, 17.919307999000068 ], [ -67.099586, 17.919025 ], [ -67.100693, 17.919025 ], [ -67.100693, 17.919307999000068 ], [ -67.102081, 17.919307999000068 ], [ -67.102081, 17.9187510000001 ], [ -67.102912998999955, 17.9187510000001 ], [ -67.102912998999955, 17.918472001000168 ], [ -67.103195, 17.918472001000168 ], [ -67.103195, 17.918193999000096 ], [ -67.10347, 17.918193999000096 ], [ -67.10347, 17.917915 ], [ -67.104026998999927, 17.917915 ], [ -67.104026998999927, 17.917639 ], [ -67.104858, 17.917639 ], [ -67.104858, 17.917084001000092 ], [ -67.105698, 17.917084001000092 ], [ -67.105698, 17.916804999000078 ], [ -67.106247, 17.916804999000078 ], [ -67.106247, 17.916529 ], [ -67.106528998999977, 17.916529 ], [ -67.106528998999977, 17.916250000000105 ], [ -67.109581000999924, 17.916250000000105 ], [ -67.109581000999924, 17.915972001000114 ], [ -67.110137999999893, 17.915972001000114 ], [ -67.110137999999893, 17.9156929990001 ], [ -67.110419998999987, 17.9156929990001 ], [ -67.110419998999987, 17.915416999000172 ], [ -67.110970000999941, 17.915416999000172 ], [ -67.110970000999941, 17.915972001000114 ], [ -67.112358000999905, 17.915972001000114 ], [ -67.112358000999905, 17.9156929990001 ], [ -67.112639999999885, 17.9156929990001 ], [ -67.112639999999885, 17.915138000000127 ], [ -67.115134999999839, 17.915138000000127 ], [ -67.115134999999839, 17.9156929990001 ], [ -67.114586000999964, 17.9156929990001 ], [ -67.114586000999964, 17.916250000000105 ], [ -67.116531, 17.916250000000105 ], [ -67.116531, 17.916529 ], [ -67.119026, 17.916529 ], [ -67.119026, 17.916804999000078 ], [ -67.120971998999892, 17.916804999000078 ], [ -67.120971998999892, 17.917084001000092 ], [ -67.121245998999825, 17.917084001000092 ], [ -67.121245998999825, 17.916804999000078 ], [ -67.122085998999978, 17.916804999000078 ], [ -67.122085998999978, 17.916529 ], [ -67.122917, 17.916529 ], [ -67.122917, 17.915972001000114 ], [ -67.123473998999941, 17.915972001000114 ], [ -67.123473998999941, 17.916250000000105 ], [ -67.123748998999986, 17.916250000000105 ], [ -67.123748998999986, 17.916804999000078 ], [ -67.124031, 17.916804999000078 ], [ -67.124031, 17.917084001000092 ], [ -67.12458, 17.917084001000092 ], [ -67.12458, 17.916804999000078 ], [ -67.12542, 17.916804999000078 ], [ -67.12542, 17.91736 ], [ -67.125694, 17.91736 ], [ -67.125694, 17.917639 ], [ -67.125968999999884, 17.917639 ], [ -67.125968999999884, 17.918193999000096 ], [ -67.126250998999978, 17.918193999000096 ], [ -67.126250998999978, 17.9187510000001 ], [ -67.126525998999966, 17.9187510000001 ], [ -67.126525998999966, 17.919307999000068 ], [ -67.126250998999978, 17.919307999000068 ], [ -67.126250998999978, 17.919583999000167 ], [ -67.125968999999884, 17.919583999000167 ], [ -67.125968999999884, 17.919861001000186 ], [ -67.125694, 17.919861001000186 ], [ -67.125694, 17.920137000000182 ], [ -67.12458, 17.920137000000182 ], [ -67.12458, 17.918472001000168 ], [ -67.124305999999876, 17.918472001000168 ], [ -67.124305999999876, 17.917915 ], [ -67.123748998999986, 17.917915 ], [ -67.123748998999986, 17.919583999000167 ], [ -67.123192, 17.919583999000167 ], [ -67.123192, 17.919307999000068 ], [ -67.122643000999858, 17.919307999000068 ], [ -67.122643000999858, 17.9187510000001 ], [ -67.121529, 17.9187510000001 ], [ -67.121529, 17.918472001000168 ], [ -67.120971998999892, 17.918472001000168 ], [ -67.120971998999892, 17.917915 ], [ -67.120697, 17.917915 ], [ -67.120697, 17.917639 ], [ -67.117637999999886, 17.917639 ], [ -67.117637999999886, 17.917915 ], [ -67.117080998999825, 17.917915 ], [ -67.117080998999825, 17.918193999000096 ], [ -67.114861000999895, 17.918193999000096 ], [ -67.114861000999895, 17.917915 ], [ -67.114586000999964, 17.917915 ], [ -67.114586000999964, 17.917639 ], [ -67.113747000999922, 17.917639 ], [ -67.113747000999922, 17.91736 ], [ -67.11347200099982, 17.91736 ], [ -67.11347200099982, 17.917084001000092 ], [ -67.113196998999967, 17.917084001000092 ], [ -67.113196998999967, 17.917639 ], [ -67.107086, 17.917639 ], [ -67.107086, 17.917915 ], [ -67.105971999999838, 17.917915 ], [ -67.105971999999838, 17.918193999000096 ], [ -67.105698, 17.918193999000096 ], [ -67.105698, 17.918472001000168 ], [ -67.104858, 17.918472001000168 ], [ -67.104858, 17.9187510000001 ], [ -67.104584, 17.9187510000001 ], [ -67.104584, 17.919025 ], [ -67.104026998999927, 17.919025 ], [ -67.104026998999927, 17.919307999000068 ], [ -67.103751998999826, 17.919307999000068 ], [ -67.103751998999826, 17.919583999000167 ], [ -67.103195, 17.919583999000167 ], [ -67.103195, 17.919861001000186 ], [ -67.102912998999955, 17.919861001000186 ], [ -67.102912998999955, 17.920137000000182 ], [ -67.10263799899991, 17.920137000000182 ], [ -67.10263799899991, 17.92069399899998 ], [ -67.101249998999947, 17.92069399899998 ], [ -67.101249998999947, 17.920973001000164 ], [ -67.099586, 17.920973001000164 ], [ -67.099586, 17.921247001000097 ], [ -67.099030000999903, 17.921247001000097 ], [ -67.099030000999903, 17.921530000000132 ], [ -67.098746998999957, 17.921530000000132 ], [ -67.098746998999957, 17.92236100100007 ], [ -67.098473, 17.92236100100007 ], [ -67.098473, 17.9229160000001 ], [ -67.097916, 17.9229160000001 ], [ -67.097916, 17.923195 ], [ -67.097358998999937, 17.923195 ], [ -67.097358998999937, 17.9229160000001 ], [ -67.097084, 17.9229160000001 ], [ -67.097084, 17.922082999000168 ], [ -67.097641000999943, 17.922082999000168 ], [ -67.097641000999943, 17.921247001000097 ], [ -67.097916, 17.921247001000097 ], [ -67.097916, 17.92069399899998 ], [ -67.098198, 17.92069399899998 ] ] ], [ [ [ -67.090416, 17.931525999000087 ], [ -67.090416, 17.931249999000158 ], [ -67.090697998999929, 17.931249999000158 ], [ -67.090697998999929, 17.930973 ], [ -67.092361000999972, 17.930973 ], [ -67.092361000999972, 17.931525999000087 ], [ -67.095413, 17.931525999000087 ], [ -67.095413, 17.931805000000168 ], [ -67.09597, 17.931805000000168 ], [ -67.09597, 17.932083 ], [ -67.097084, 17.932083 ], [ -67.097084, 17.932362 ], [ -67.097358998999937, 17.932362 ], [ -67.097358998999937, 17.93263599900007 ], [ -67.097641000999943, 17.93263599900007 ], [ -67.097641000999943, 17.933195 ], [ -67.097084, 17.933195 ], [ -67.097084, 17.932919001000016 ], [ -67.09513900099995, 17.932919001000016 ], [ -67.09513900099995, 17.93263599900007 ], [ -67.094582, 17.93263599900007 ], [ -67.094582, 17.932362 ], [ -67.089027, 17.932362 ], [ -67.089027, 17.931525999000087 ], [ -67.090416, 17.931525999000087 ] ] ], [ [ [ -67.020142, 17.935972000000163 ], [ -67.020142, 17.936251000000141 ], [ -67.020416, 17.936251000000141 ], [ -67.020416, 17.937084000000141 ], [ -67.019302, 17.937084000000141 ], [ -67.019302, 17.937363000000119 ], [ -67.017914, 17.937363000000119 ], [ -67.017914, 17.937084000000141 ], [ -67.017082, 17.937084000000141 ], [ -67.017082, 17.936806 ], [ -67.016808, 17.936806 ], [ -67.016808, 17.935694 ], [ -67.019585, 17.935694 ], [ -67.019585, 17.935972000000163 ], [ -67.020142, 17.935972000000163 ] ] ], [ [ [ -67.049858, 17.937084000000141 ], [ -67.049858, 17.937363000000119 ], [ -67.050697, 17.937363000000119 ], [ -67.050697, 17.937084000000141 ], [ -67.051529, 17.937084000000141 ], [ -67.051529, 17.937363000000119 ], [ -67.051804, 17.937363000000119 ], [ -67.051804, 17.938194000000124 ], [ -67.051529, 17.938194000000124 ], [ -67.051529, 17.938473000000101 ], [ -67.050415, 17.938473000000101 ], [ -67.050415, 17.938194000000124 ], [ -67.049583, 17.938194000000124 ], [ -67.049583, 17.937916 ], [ -67.049026, 17.937916 ], [ -67.049026, 17.937639 ], [ -67.048751999999865, 17.937639 ], [ -67.048751999999865, 17.937084000000141 ], [ -67.049858, 17.937084000000141 ] ] ], [ [ [ -67.042358, 17.938749 ], [ -67.042358, 17.939028 ], [ -67.04291499999988, 17.939028 ], [ -67.04291499999988, 17.94014 ], [ -67.041527, 17.94014 ], [ -67.041527, 17.939861 ], [ -67.041252, 17.939861 ], [ -67.041252, 17.94014 ], [ -67.04097, 17.94014 ], [ -67.04097, 17.940416000000141 ], [ -67.039864, 17.940416000000141 ], [ -67.039864, 17.94014 ], [ -67.039580999999828, 17.94014 ], [ -67.039580999999828, 17.939861 ], [ -67.039864, 17.939861 ], [ -67.039864, 17.939028 ], [ -67.04041299999983, 17.939028 ], [ -67.04041299999983, 17.938749 ], [ -67.042358, 17.938749 ] ] ], [ [ [ -67.000693999999896, 17.943750000000136 ], [ -67.000693999999896, 17.942638000000102 ], [ -67.001251, 17.942638000000102 ], [ -67.001251, 17.943195 ], [ -67.003197, 17.943195 ], [ -67.003197, 17.942917000000136 ], [ -67.004585, 17.942917000000136 ], [ -67.004585, 17.942638000000102 ], [ -67.004859999999894, 17.942638000000102 ], [ -67.004859999999894, 17.942362 ], [ -67.006531, 17.942362 ], [ -67.006531, 17.942638000000102 ], [ -67.006805, 17.942638000000102 ], [ -67.006805, 17.942917000000136 ], [ -67.009025999999892, 17.942917000000136 ], [ -67.009025999999892, 17.943195 ], [ -67.009308, 17.943195 ], [ -67.009308, 17.942917000000136 ], [ -67.010414, 17.942917000000136 ], [ -67.010414, 17.943195 ], [ -67.010696, 17.943195 ], [ -67.010696, 17.943472 ], [ -67.011253, 17.943472 ], [ -67.011253, 17.943750000000136 ], [ -67.011528, 17.943750000000136 ], [ -67.011528, 17.944027000000119 ], [ -67.012085, 17.944027000000119 ], [ -67.012085, 17.943472 ], [ -67.01347399999986, 17.943472 ], [ -67.01347399999986, 17.944584000000191 ], [ -67.012917, 17.944584000000191 ], [ -67.012917, 17.944860000000119 ], [ -67.01236, 17.944860000000119 ], [ -67.01236, 17.944584000000191 ], [ -67.011253, 17.944584000000191 ], [ -67.011253, 17.944305 ], [ -67.008751, 17.944305 ], [ -67.008751, 17.944027000000119 ], [ -67.008468999999877, 17.944027000000119 ], [ -67.008468999999877, 17.943750000000136 ], [ -67.007919, 17.943750000000136 ], [ -67.007919, 17.943472 ], [ -67.007637, 17.943472 ], [ -67.007637, 17.943750000000136 ], [ -67.007362, 17.943750000000136 ], [ -67.007362, 17.944027000000119 ], [ -67.004585, 17.944027000000119 ], [ -67.004585, 17.944305 ], [ -67.004302999999823, 17.944305 ], [ -67.004302999999823, 17.944584000000191 ], [ -67.003470999999877, 17.944584000000191 ], [ -67.003470999999877, 17.944027000000119 ], [ -67.003197, 17.944027000000119 ], [ -67.003197, 17.944305 ], [ -67.002914, 17.944305 ], [ -67.002914, 17.944584000000191 ], [ -67.002357, 17.944584000000191 ], [ -67.002357, 17.944860000000119 ], [ -67.00264, 17.944860000000119 ], [ -67.00264, 17.946251000000132 ], [ -67.001808, 17.946251000000132 ], [ -67.001808, 17.945694 ], [ -67.001525999999899, 17.945694 ], [ -67.001525999999899, 17.945415 ], [ -67.001251, 17.945415 ], [ -67.001251, 17.944305 ], [ -67.000969, 17.944305 ], [ -67.000969, 17.943750000000136 ], [ -67.000693999999896, 17.943750000000136 ] ] ], [ [ [ -66.983192, 17.949583000000132 ], [ -66.983192, 17.949306 ], [ -66.982635, 17.949306 ], [ -66.982635, 17.94903 ], [ -66.982086, 17.94903 ], [ -66.982086, 17.948748000000137 ], [ -66.980972, 17.948748000000137 ], [ -66.980972, 17.94903 ], [ -66.980698, 17.94903 ], [ -66.980698, 17.948748000000137 ], [ -66.980141, 17.948748000000137 ], [ -66.980141, 17.948473 ], [ -66.979858, 17.948473 ], [ -66.979858, 17.948195 ], [ -66.979584, 17.948195 ], [ -66.979584, 17.947918000000186 ], [ -66.978752, 17.947918000000186 ], [ -66.978752, 17.947639 ], [ -66.97847, 17.947639 ], [ -66.97847, 17.947918000000186 ], [ -66.978195, 17.947918000000186 ], [ -66.978195, 17.947639 ], [ -66.977363999999852, 17.947639 ], [ -66.977363999999852, 17.94735900000012 ], [ -66.977080999999885, 17.94735900000012 ], [ -66.977080999999885, 17.947083000000191 ], [ -66.976807, 17.947083000000191 ], [ -66.976807, 17.946808 ], [ -66.976524, 17.946808 ], [ -66.976524, 17.946251000000132 ], [ -66.977638, 17.946251000000132 ], [ -66.977638, 17.945972 ], [ -66.979584, 17.945972 ], [ -66.979584, 17.946251000000132 ], [ -66.980141, 17.946251000000132 ], [ -66.980141, 17.946529 ], [ -66.980698, 17.946529 ], [ -66.980698, 17.946808 ], [ -66.981804, 17.946808 ], [ -66.981804, 17.947083000000191 ], [ -66.982086, 17.947083000000191 ], [ -66.982086, 17.94735900000012 ], [ -66.982360999999855, 17.94735900000012 ], [ -66.982360999999855, 17.947639 ], [ -66.983475, 17.947639 ], [ -66.983475, 17.947918000000186 ], [ -66.984306, 17.947918000000186 ], [ -66.984306, 17.948195 ], [ -66.984863, 17.948195 ], [ -66.984863, 17.948473 ], [ -66.98542, 17.948473 ], [ -66.98542, 17.948748000000137 ], [ -66.986252, 17.948748000000137 ], [ -66.986252, 17.94903 ], [ -66.988472, 17.94903 ], [ -66.988472, 17.948748000000137 ], [ -66.989861, 17.948748000000137 ], [ -66.989861, 17.948473 ], [ -66.990691999999854, 17.948473 ], [ -66.990691999999854, 17.948195 ], [ -66.990973999999824, 17.948195 ], [ -66.990973999999824, 17.947918000000186 ], [ -66.991530999999895, 17.947918000000186 ], [ -66.991530999999895, 17.947639 ], [ -66.992081, 17.947639 ], [ -66.992081, 17.94735900000012 ], [ -66.992638, 17.94735900000012 ], [ -66.992638, 17.947083000000191 ], [ -66.993752, 17.947083000000191 ], [ -66.993752, 17.94735900000012 ], [ -66.994307999999876, 17.94735900000012 ], [ -66.994307999999876, 17.947639 ], [ -66.994583, 17.947639 ], [ -66.994583, 17.948473 ], [ -66.994026, 17.948473 ], [ -66.994026, 17.948748000000137 ], [ -66.993469, 17.948748000000137 ], [ -66.993469, 17.948473 ], [ -66.993195, 17.948473 ], [ -66.993195, 17.948195 ], [ -66.992362999999898, 17.948195 ], [ -66.992362999999898, 17.948473 ], [ -66.992081, 17.948473 ], [ -66.992081, 17.948748000000137 ], [ -66.991530999999895, 17.948748000000137 ], [ -66.991530999999895, 17.94903 ], [ -66.991249, 17.94903 ], [ -66.991249, 17.949306 ], [ -66.990691999999854, 17.949306 ], [ -66.990691999999854, 17.949583000000132 ], [ -66.990417, 17.949583000000132 ], [ -66.990417, 17.94986200000011 ], [ -66.990135, 17.94986200000011 ], [ -66.990135, 17.950138 ], [ -66.989861, 17.950138 ], [ -66.989861, 17.950417000000186 ], [ -66.989586, 17.950417000000186 ], [ -66.989586, 17.95069500000011 ], [ -66.989029, 17.95069500000011 ], [ -66.989029, 17.950417000000186 ], [ -66.98597, 17.950417000000186 ], [ -66.98597, 17.95069500000011 ], [ -66.985695, 17.95069500000011 ], [ -66.985695, 17.950417000000186 ], [ -66.984863, 17.950417000000186 ], [ -66.984863, 17.950138 ], [ -66.984024, 17.950138 ], [ -66.984024, 17.94986200000011 ], [ -66.983475, 17.94986200000011 ], [ -66.983475, 17.949583000000132 ], [ -66.983192, 17.949583000000132 ] ] ], [ [ [ -67.036804, 17.960419000000172 ], [ -67.036804, 17.960136 ], [ -67.037086, 17.960136 ], [ -67.037086, 17.959862000000101 ], [ -67.039306999999894, 17.959862000000101 ], [ -67.039306999999894, 17.959583 ], [ -67.039580999999828, 17.959583 ], [ -67.039580999999828, 17.959305 ], [ -67.040695, 17.959305 ], [ -67.040695, 17.959862000000101 ], [ -67.04097, 17.959862000000101 ], [ -67.04097, 17.960419000000172 ], [ -67.039580999999828, 17.960419000000172 ], [ -67.039580999999828, 17.960695000000101 ], [ -67.037636, 17.960695000000101 ], [ -67.037636, 17.960972 ], [ -67.037361, 17.960972 ], [ -67.037361, 17.962084 ], [ -67.036804, 17.962084 ], [ -67.036804, 17.962358 ], [ -67.03653, 17.962358 ], [ -67.03653, 17.963194000000101 ], [ -67.036247, 17.963194000000101 ], [ -67.036247, 17.963472 ], [ -67.034583999999882, 17.963472 ], [ -67.034583999999882, 17.963751000000173 ], [ -67.03347, 17.963751000000173 ], [ -67.03347, 17.964027000000101 ], [ -67.032082, 17.964027000000101 ], [ -67.032082, 17.963751000000173 ], [ -67.032364, 17.963751000000173 ], [ -67.032364, 17.963472 ], [ -67.033195, 17.963472 ], [ -67.033195, 17.962917 ], [ -67.03347, 17.962917 ], [ -67.03347, 17.962641000000133 ], [ -67.035140999999896, 17.962641000000133 ], [ -67.035140999999896, 17.962358 ], [ -67.035698, 17.962358 ], [ -67.035698, 17.962084 ], [ -67.035415999999827, 17.962084 ], [ -67.035415999999827, 17.961250000000177 ], [ -67.036247, 17.961250000000177 ], [ -67.036247, 17.960972 ], [ -67.03653, 17.960972 ], [ -67.03653, 17.960419000000172 ], [ -67.036804, 17.960419000000172 ] ] ], [ [ [ -66.870696999999836, 17.943194999000127 ], [ -66.870696999999836, 17.94097100100015 ], [ -66.871803, 17.94097100100015 ], [ -66.871803, 17.940695001000051 ], [ -66.872643000999972, 17.940695001000051 ], [ -66.872643000999972, 17.940415999000038 ], [ -66.874306, 17.940415999000038 ], [ -66.874306, 17.940695001000051 ], [ -66.87458, 17.940695001000051 ], [ -66.87458, 17.94097100100015 ], [ -66.875136998999949, 17.94097100100015 ], [ -66.875136998999949, 17.942083001000128 ], [ -66.874862998999902, 17.942083001000128 ], [ -66.874862998999902, 17.942362 ], [ -66.87458, 17.942362 ], [ -66.87458, 17.942638000000102 ], [ -66.874031000999821, 17.942638000000102 ], [ -66.874031000999821, 17.943194999000127 ], [ -66.873748998999929, 17.943194999000127 ], [ -66.873748998999929, 17.943472001000146 ], [ -66.873192, 17.943472001000146 ], [ -66.873192, 17.943750000000136 ], [ -66.872917000999905, 17.943750000000136 ], [ -66.872917000999905, 17.943472001000146 ], [ -66.872359998999855, 17.943472001000146 ], [ -66.872359998999855, 17.943194999000127 ], [ -66.871529000999942, 17.943194999000127 ], [ -66.871529000999942, 17.943472001000146 ], [ -66.870972, 17.943472001000146 ], [ -66.870972, 17.943194999000127 ], [ -66.870696999999836, 17.943194999000127 ] ] ], [ [ [ -66.969864, 17.944860000000119 ], [ -66.969864, 17.944584000000191 ], [ -66.969307, 17.944584000000191 ], [ -66.969307, 17.944305 ], [ -66.968749999999886, 17.944305 ], [ -66.968749999999886, 17.943750000000136 ], [ -66.968475, 17.943750000000136 ], [ -66.968475, 17.943472 ], [ -66.968749999999886, 17.943472 ], [ -66.968749999999886, 17.943195 ], [ -66.972084, 17.943195 ], [ -66.972084, 17.943472 ], [ -66.972641, 17.943472 ], [ -66.972641, 17.943750000000136 ], [ -66.973197999999854, 17.943750000000136 ], [ -66.973197999999854, 17.944305 ], [ -66.973473, 17.944305 ], [ -66.973473, 17.944584000000191 ], [ -66.973746999999889, 17.944584000000191 ], [ -66.973746999999889, 17.944860000000119 ], [ -66.97403, 17.944860000000119 ], [ -66.97403, 17.945694 ], [ -66.973746999999889, 17.945694 ], [ -66.973746999999889, 17.945972 ], [ -66.971802, 17.945972 ], [ -66.971802, 17.945694 ], [ -66.971527, 17.945694 ], [ -66.971527, 17.945415 ], [ -66.970695, 17.945415 ], [ -66.970695, 17.945139 ], [ -66.970139, 17.945139 ], [ -66.970139, 17.944860000000119 ], [ -66.969864, 17.944860000000119 ] ] ], [ [ [ -66.679306, 17.952362 ], [ -66.679306, 17.951805 ], [ -66.679581, 17.951805 ], [ -66.679581, 17.951529 ], [ -66.68042, 17.951529 ], [ -66.68042, 17.952084 ], [ -66.680969, 17.952084 ], [ -66.680969, 17.951805 ], [ -66.681526, 17.951805 ], [ -66.681526, 17.950972 ], [ -66.68264, 17.950972 ], [ -66.68264, 17.951250000000186 ], [ -66.682915, 17.951250000000186 ], [ -66.682915, 17.951529 ], [ -66.683196999999893, 17.951529 ], [ -66.683196999999893, 17.952084 ], [ -66.683472, 17.952084 ], [ -66.683472, 17.952639 ], [ -66.683196999999893, 17.952639 ], [ -66.683196999999893, 17.952917 ], [ -66.68264, 17.952917 ], [ -66.68264, 17.953472 ], [ -66.681808, 17.953472 ], [ -66.681808, 17.95402700000011 ], [ -66.681252, 17.95402700000011 ], [ -66.681252, 17.953751000000182 ], [ -66.680694999999844, 17.953751000000182 ], [ -66.680694999999844, 17.95402700000011 ], [ -66.680138, 17.95402700000011 ], [ -66.680138, 17.953751000000182 ], [ -66.679581, 17.953751000000182 ], [ -66.679581, 17.953472 ], [ -66.679306, 17.953472 ], [ -66.679306, 17.95319400000011 ], [ -66.679030999999895, 17.95319400000011 ], [ -66.679030999999895, 17.952362 ], [ -66.679306, 17.952362 ] ] ], [ [ [ -66.749031000999935, 17.966249 ], [ -66.749031000999935, 17.965139 ], [ -66.749306, 17.965139 ], [ -66.749306, 17.96486300000015 ], [ -66.749863, 17.96486300000015 ], [ -66.749863, 17.964582001000053 ], [ -66.752357, 17.964582001000053 ], [ -66.752357, 17.96486300000015 ], [ -66.752639998999939, 17.96486300000015 ], [ -66.752639998999939, 17.965139 ], [ -66.752913998999873, 17.965139 ], [ -66.752913998999873, 17.965415999000186 ], [ -66.753471, 17.965415999000186 ], [ -66.753471, 17.965694001000088 ], [ -66.754302998999947, 17.965694001000088 ], [ -66.754302998999947, 17.965973000000133 ], [ -66.75486, 17.965973000000133 ], [ -66.75486, 17.966805999000087 ], [ -66.754302998999947, 17.966805999000087 ], [ -66.754302998999947, 17.967085001000044 ], [ -66.753471, 17.967085001000044 ], [ -66.753471, 17.967361 ], [ -66.752357, 17.967361 ], [ -66.752357, 17.967085001000044 ], [ -66.750694, 17.967085001000044 ], [ -66.750694, 17.966805999000087 ], [ -66.74958, 17.966805999000087 ], [ -66.74958, 17.966528 ], [ -66.749306, 17.966528 ], [ -66.749306, 17.966249 ], [ -66.749031000999935, 17.966249 ] ] ], [ [ [ -66.731247, 17.969584000000168 ], [ -66.731247, 17.969303 ], [ -66.731529, 17.969303 ], [ -66.731529, 17.968472000000133 ], [ -66.731247, 17.968472000000133 ], [ -66.731247, 17.967361 ], [ -66.730971999999895, 17.967361 ], [ -66.730971999999895, 17.967085000000168 ], [ -66.731247, 17.967085000000168 ], [ -66.731247, 17.966806000000133 ], [ -66.731529, 17.966806000000133 ], [ -66.731529, 17.966528 ], [ -66.731803999999897, 17.966528 ], [ -66.731803999999897, 17.966806000000133 ], [ -66.732918, 17.966806000000133 ], [ -66.732918, 17.967085000000168 ], [ -66.733748999999818, 17.967085000000168 ], [ -66.733748999999818, 17.967361 ], [ -66.734024, 17.967361 ], [ -66.734024, 17.967638 ], [ -66.73430599999989, 17.967638 ], [ -66.73430599999989, 17.96875 ], [ -66.734024, 17.96875 ], [ -66.734024, 17.969303 ], [ -66.733748999999818, 17.969303 ], [ -66.733748999999818, 17.970972 ], [ -66.734024, 17.970972 ], [ -66.734024, 17.971525000000156 ], [ -66.733748999999818, 17.971525000000156 ], [ -66.733748999999818, 17.971806000000129 ], [ -66.733474999999885, 17.971806000000129 ], [ -66.733474999999885, 17.972086 ], [ -66.732918, 17.972086 ], [ -66.732918, 17.972361 ], [ -66.731529, 17.972361 ], [ -66.731529, 17.972086 ], [ -66.730971999999895, 17.972086 ], [ -66.730971999999895, 17.971525000000156 ], [ -66.730698, 17.971525000000156 ], [ -66.730698, 17.971251 ], [ -66.730971999999895, 17.971251 ], [ -66.730971999999895, 17.969584000000168 ], [ -66.731247, 17.969584000000168 ] ] ], [ [ [ -66.745972, 17.975140000000124 ], [ -66.745972, 17.974861000000146 ], [ -66.745697, 17.974861000000146 ], [ -66.745697, 17.974583 ], [ -66.74514, 17.974583 ], [ -66.74514, 17.974306 ], [ -66.744858, 17.974306 ], [ -66.744858, 17.974030000000141 ], [ -66.744583, 17.974030000000141 ], [ -66.744583, 17.973747000000174 ], [ -66.744026, 17.973747000000174 ], [ -66.744026, 17.973473 ], [ -66.743752, 17.973473 ], [ -66.743752, 17.973194 ], [ -66.743468999999891, 17.973194 ], [ -66.743468999999891, 17.972919 ], [ -66.743752, 17.972919 ], [ -66.743752, 17.972637000000134 ], [ -66.744026, 17.972637000000134 ], [ -66.744026, 17.972361 ], [ -66.744308, 17.972361 ], [ -66.744308, 17.972086 ], [ -66.745415, 17.972086 ], [ -66.745415, 17.972361 ], [ -66.745697, 17.972361 ], [ -66.745697, 17.972637000000134 ], [ -66.746802999999886, 17.972637000000134 ], [ -66.746802999999886, 17.972919 ], [ -66.748192, 17.972919 ], [ -66.748192, 17.973194 ], [ -66.748474, 17.973194 ], [ -66.748474, 17.973473 ], [ -66.749031, 17.973473 ], [ -66.749031, 17.973747000000174 ], [ -66.75042, 17.973747000000174 ], [ -66.75042, 17.974030000000141 ], [ -66.750968999999884, 17.974030000000141 ], [ -66.750968999999884, 17.975416 ], [ -66.750694, 17.975416 ], [ -66.750694, 17.975973000000124 ], [ -66.750137, 17.975973000000124 ], [ -66.750137, 17.976252000000102 ], [ -66.74958, 17.976252000000102 ], [ -66.74958, 17.976528 ], [ -66.749306, 17.976528 ], [ -66.749306, 17.976252000000102 ], [ -66.748749, 17.976252000000102 ], [ -66.748749, 17.975695 ], [ -66.748474, 17.975695 ], [ -66.748474, 17.975416 ], [ -66.748192, 17.975416 ], [ -66.748192, 17.975140000000124 ], [ -66.745972, 17.975140000000124 ] ] ], [ [ [ -66.717361, 17.977638 ], [ -66.717361, 17.977362000000142 ], [ -66.718474999999899, 17.977362000000142 ], [ -66.718474999999899, 17.977638 ], [ -66.71875, 17.977638 ], [ -66.71875, 17.978195000000142 ], [ -66.718474999999899, 17.978195000000142 ], [ -66.718474999999899, 17.97986 ], [ -66.718193, 17.97986 ], [ -66.718193, 17.980139 ], [ -66.717918, 17.980139 ], [ -66.717918, 17.980417000000102 ], [ -66.716248, 17.980417000000102 ], [ -66.716248, 17.980139 ], [ -66.715698, 17.980139 ], [ -66.715698, 17.978472000000124 ], [ -66.715972999999849, 17.978472000000124 ], [ -66.715972999999849, 17.977917 ], [ -66.716805, 17.977917 ], [ -66.716805, 17.977638 ], [ -66.717361, 17.977638 ] ] ], [ [ [ -67.859863, 18.121248001000083 ], [ -67.859863, 18.120972001000155 ], [ -67.859581, 18.120972001000155 ], [ -67.859581, 18.120694999000136 ], [ -67.859306000999936, 18.120694999000136 ], [ -67.859306000999936, 18.12041900000014 ], [ -67.859023998999987, 18.12041900000014 ], [ -67.859023998999987, 18.120136000000173 ], [ -67.858749, 18.120136000000173 ], [ -67.858749, 18.119583000999967 ], [ -67.858475, 18.119583000999967 ], [ -67.858475, 18.119304999000065 ], [ -67.858192, 18.119304999000065 ], [ -67.858192, 18.11902600000019 ], [ -67.857918000999916, 18.11902600000019 ], [ -67.857918000999916, 18.11875 ], [ -67.85763499899997, 18.11875 ], [ -67.85763499899997, 18.118473001000154 ], [ -67.857361, 18.118473001000154 ], [ -67.857361, 18.118194999000082 ], [ -67.857086, 18.118194999000082 ], [ -67.857086, 18.117914 ], [ -67.856804000999944, 18.117914 ], [ -67.856804000999944, 18.117361 ], [ -67.856529000999956, 18.117361 ], [ -67.856529000999956, 18.117083001000083 ], [ -67.85624699899995, 18.117083001000083 ], [ -67.85624699899995, 18.115973000000167 ], [ -67.855972, 18.115973000000167 ], [ -67.855972, 18.115416999000047 ], [ -67.855698, 18.115416999000047 ], [ -67.855698, 18.115139 ], [ -67.855415000999983, 18.115139 ], [ -67.855415000999983, 18.11486100000019 ], [ -67.855141000999936, 18.11486100000019 ], [ -67.855141000999936, 18.114582001000088 ], [ -67.854858, 18.114582001000088 ], [ -67.854858, 18.114305001000105 ], [ -67.854584, 18.114305001000105 ], [ -67.854584, 18.114026998999975 ], [ -67.854309, 18.114026998999975 ], [ -67.854309, 18.11375 ], [ -67.854027000999963, 18.11375 ], [ -67.854027000999963, 18.113474000000167 ], [ -67.853752000999918, 18.113474000000167 ], [ -67.853752000999918, 18.113194001000181 ], [ -67.852080999999885, 18.113194001000181 ], [ -67.852080999999885, 18.112916999000163 ], [ -67.851524000999973, 18.112916999000163 ], [ -67.851524000999973, 18.112638 ], [ -67.850974998999959, 18.112638 ], [ -67.850974998999959, 18.112364000000127 ], [ -67.850136000999896, 18.112364000000127 ], [ -67.850136000999896, 18.112083 ], [ -67.849860998999986, 18.112083 ], [ -67.849860998999986, 18.111805001000164 ], [ -67.849585998999942, 18.111805001000164 ], [ -67.849585998999942, 18.111527998999975 ], [ -67.849304, 18.111527998999975 ], [ -67.849304, 18.111251999000046 ], [ -67.84903, 18.111251999000046 ], [ -67.84903, 18.110970000000123 ], [ -67.848747000999879, 18.110970000000123 ], [ -67.848747000999879, 18.110695 ], [ -67.848472998999966, 18.110695 ], [ -67.848472998999966, 18.110139999000069 ], [ -67.848197998999922, 18.110139999000069 ], [ -67.848197998999922, 18.1095830000001 ], [ -67.847915999999884, 18.1095830000001 ], [ -67.847915999999884, 18.108473 ], [ -67.847641, 18.108473 ], [ -67.847641, 18.107361 ], [ -67.847359000999973, 18.107361 ], [ -67.847359000999973, 18.106527001000075 ], [ -67.847083998999949, 18.106527001000075 ], [ -67.847083998999949, 18.105972000000122 ], [ -67.846802, 18.105972000000122 ], [ -67.846802, 18.105139001 ], [ -67.846527, 18.105139001 ], [ -67.846527, 18.104305000000181 ], [ -67.846252, 18.104305000000181 ], [ -67.846252, 18.103749999 ], [ -67.845969998999976, 18.103749999 ], [ -67.845969998999976, 18.103471999000078 ], [ -67.845694998999988, 18.103471999000078 ], [ -67.845694998999988, 18.103193 ], [ -67.845412999999894, 18.103193 ], [ -67.845412999999894, 18.102361999000095 ], [ -67.845139, 18.102361999000095 ], [ -67.845139, 18.102083 ], [ -67.844864, 18.102083 ], [ -67.844864, 18.101805000000127 ], [ -67.844581998999899, 18.101805000000127 ], [ -67.844581998999899, 18.101250001000096 ], [ -67.844864, 18.101250001000096 ], [ -67.844864, 18.099028 ], [ -67.844581998999899, 18.099028 ], [ -67.844581998999899, 18.098473001 ], [ -67.844306998999969, 18.098473001 ], [ -67.844306998999969, 18.097918 ], [ -67.844025, 18.097918 ], [ -67.844025, 18.096806 ], [ -67.843749999999886, 18.096806 ], [ -67.843749999999886, 18.096251000000109 ], [ -67.843475000999945, 18.096251000000109 ], [ -67.843475000999945, 18.094862 ], [ -67.843192998999882, 18.094862 ], [ -67.843192998999882, 18.093472001000123 ], [ -67.842917998999951, 18.093472001000123 ], [ -67.842917998999951, 18.090413999000077 ], [ -67.842636, 18.090413999000077 ], [ -67.842636, 18.090139000000136 ], [ -67.842917998999951, 18.090139000000136 ], [ -67.842917998999951, 18.089026999000055 ], [ -67.843192998999882, 18.089026999000055 ], [ -67.843192998999882, 18.088194001000033 ], [ -67.843475000999945, 18.088194001000033 ], [ -67.843475000999945, 18.085137999000153 ], [ -67.843749999999886, 18.085137999000153 ], [ -67.843749999999886, 18.084583000000123 ], [ -67.844025, 18.084583000000123 ], [ -67.844025, 18.083195 ], [ -67.844306998999969, 18.083195 ], [ -67.844306998999969, 18.082916001000171 ], [ -67.844864, 18.082916001000171 ], [ -67.844864, 18.082361000000162 ], [ -67.845139, 18.082361000000162 ], [ -67.845139, 18.081246999000086 ], [ -67.847641, 18.081246999000086 ], [ -67.847641, 18.080973 ], [ -67.848747000999879, 18.080973 ], [ -67.848747000999879, 18.080694 ], [ -67.849860998999986, 18.080694 ], [ -67.849860998999986, 18.08041600100006 ], [ -67.850136000999896, 18.08041600100006 ], [ -67.850136000999896, 18.079860999000175 ], [ -67.850693, 18.079860999000175 ], [ -67.850693, 18.079584 ], [ -67.851250000999983, 18.079584 ], [ -67.851250000999983, 18.079025001000105 ], [ -67.852080999999885, 18.079025001000105 ], [ -67.852080999999885, 18.078751001000171 ], [ -67.852913000999877, 18.078751001000171 ], [ -67.852913000999877, 18.078471999000158 ], [ -67.853195, 18.078471999000158 ], [ -67.853195, 18.078194000000167 ], [ -67.85347, 18.078194000000167 ], [ -67.85347, 18.077915000000189 ], [ -67.854027000999963, 18.077915000000189 ], [ -67.854027000999963, 18.077639000999966 ], [ -67.854309, 18.077639000999966 ], [ -67.854309, 18.077361999000175 ], [ -67.854858, 18.077361999000175 ], [ -67.854858, 18.077084000000184 ], [ -67.855141000999936, 18.077084000000184 ], [ -67.855141000999936, 18.076805 ], [ -67.855415000999983, 18.076805 ], [ -67.855415000999983, 18.076529 ], [ -67.855698, 18.076529 ], [ -67.855698, 18.076250001000176 ], [ -67.855972, 18.076250001000176 ], [ -67.855972, 18.075971999000103 ], [ -67.856529000999956, 18.075971999000103 ], [ -67.856529000999956, 18.075693000000172 ], [ -67.856804000999944, 18.075693000000172 ], [ -67.856804000999944, 18.075138000999971 ], [ -67.857086, 18.075138000999971 ], [ -67.857086, 18.074582999000086 ], [ -67.857361, 18.074582999000086 ], [ -67.857361, 18.074306 ], [ -67.85763499899997, 18.074306 ], [ -67.85763499899997, 18.074028 ], [ -67.857918000999916, 18.074028 ], [ -67.857918000999916, 18.073470999000108 ], [ -67.858192, 18.073470999000108 ], [ -67.858192, 18.072916 ], [ -67.858749, 18.072916 ], [ -67.858749, 18.072639 ], [ -67.859023998999987, 18.072639 ], [ -67.859023998999987, 18.072363001000099 ], [ -67.859306000999936, 18.072363001000099 ], [ -67.859306000999936, 18.071806 ], [ -67.859581, 18.071806 ], [ -67.859581, 18.071527000000117 ], [ -67.86013799899996, 18.071527000000117 ], [ -67.86013799899996, 18.071253000000183 ], [ -67.860420000999909, 18.071253000000183 ], [ -67.860420000999909, 18.070972001000086 ], [ -67.860694999999851, 18.070972001000086 ], [ -67.860694999999851, 18.070417 ], [ -67.86097, 18.070417 ], [ -67.86097, 18.070141 ], [ -67.861525998999923, 18.070141 ], [ -67.861525998999923, 18.06958400100018 ], [ -67.861809000999983, 18.06958400100018 ], [ -67.861809000999983, 18.069029000000171 ], [ -67.862083, 18.069029000000171 ], [ -67.862083, 18.068194999000184 ], [ -67.862358, 18.068194999000184 ], [ -67.862358, 18.068472001000032 ], [ -67.862914998999941, 18.068472001000032 ], [ -67.862914998999941, 18.068194999000184 ], [ -67.863197000999833, 18.068194999000184 ], [ -67.863197000999833, 18.067918999000085 ], [ -67.863472, 18.067918999000085 ], [ -67.863472, 18.067636 ], [ -67.864028998999913, 18.067636 ], [ -67.864028998999913, 18.067362000000116 ], [ -67.864303998999958, 18.067362000000116 ], [ -67.864303998999958, 18.067083001000185 ], [ -67.864586, 18.067083001000185 ], [ -67.864586, 18.066804999000112 ], [ -67.864861, 18.066804999000112 ], [ -67.864861, 18.06625 ], [ -67.865416998999933, 18.06625 ], [ -67.865416998999933, 18.065695001000108 ], [ -67.865691998999921, 18.065695001000108 ], [ -67.865691998999921, 18.065415999000095 ], [ -67.865974, 18.065415999000095 ], [ -67.865974, 18.06514 ], [ -67.866249, 18.06514 ], [ -67.866249, 18.06458300100013 ], [ -67.866530998999906, 18.06458300100013 ], [ -67.866530998999906, 18.064027999000189 ], [ -67.866805998999837, 18.064027999000189 ], [ -67.866805998999837, 18.063749 ], [ -67.867081000999917, 18.063749 ], [ -67.867081000999917, 18.063473 ], [ -67.866805998999837, 18.063473 ], [ -67.866805998999837, 18.063194001000113 ], [ -67.867362999999898, 18.063194001000113 ], [ -67.867362999999898, 18.06291599900004 ], [ -67.867638, 18.06291599900004 ], [ -67.867638, 18.062361 ], [ -67.86791999899998, 18.062361 ], [ -67.86791999899998, 18.062084 ], [ -67.868194998999911, 18.062084 ], [ -67.868194998999911, 18.061526999000023 ], [ -67.868469000999937, 18.061526999000023 ], [ -67.868469000999937, 18.060972 ], [ -67.868752, 18.060972 ], [ -67.868752, 18.060417001000189 ], [ -67.869026, 18.060417001000189 ], [ -67.869026, 18.060138999000117 ], [ -67.869307998999886, 18.060138999000117 ], [ -67.869307998999886, 18.059584 ], [ -67.869858000999955, 18.059584 ], [ -67.869858000999955, 18.059029001000113 ], [ -67.870139999999822, 18.059029001000113 ], [ -67.870139999999822, 18.059305001000041 ], [ -67.870415, 18.059305001000041 ], [ -67.870415, 18.059029001000113 ], [ -67.870696998999904, 18.059029001000113 ], [ -67.870696998999904, 18.058749999000099 ], [ -67.870972000999984, 18.058749999000099 ], [ -67.870972000999984, 18.058472000000108 ], [ -67.871246000999918, 18.058472000000108 ], [ -67.871246000999918, 18.058195000000126 ], [ -67.871528999999896, 18.058195000000126 ], [ -67.871528999999896, 18.057917001000135 ], [ -67.873238000999891, 18.057917001000135 ], [ -67.873749000999908, 18.057917001000135 ], [ -67.873749000999908, 18.057718 ], [ -67.873749000999908, 18.057637999000121 ], [ -67.87401599899988, 18.057602 ], [ -67.874030999999889, 18.057362000000126 ], [ -67.87458, 18.057362000000126 ], [ -67.87458, 18.057083000000148 ], [ -67.875220998999851, 18.057083000000148 ], [ -67.875693999999896, 18.057083000000148 ], [ -67.875693999999896, 18.056875000000161 ], [ -67.876808, 18.056805 ], [ -67.876808, 18.056391 ], [ -67.876808, 18.05625199900004 ], [ -67.877028998999947, 18.056227001000082 ], [ -67.877342, 18.056196000999989 ], [ -67.877356998999915, 18.056528001000117 ], [ -67.877914000999908, 18.056528001000117 ], [ -67.877914000999908, 18.05625199900004 ], [ -67.87847099999982, 18.05625199900004 ], [ -67.87847099999982, 18.055973000000108 ], [ -67.879302999999823, 18.055973000000108 ], [ -67.879302999999823, 18.055695 ], [ -67.879859998999905, 18.055695 ], [ -67.879859998999905, 18.055434999000113 ], [ -67.880142000999967, 18.05541600100014 ], [ -67.880142000999967, 18.0553 ], [ -67.880142000999967, 18.055140001000041 ], [ -67.880432, 18.055185000000108 ], [ -67.880417000999955, 18.054859000000135 ], [ -67.880691999999897, 18.054859000000135 ], [ -67.880691999999897, 18.054583 ], [ -67.881247998999982, 18.054583 ], [ -67.881247998999982, 18.054308 ], [ -67.881531000999871, 18.054308 ], [ -67.881531000999871, 18.054029001000117 ], [ -67.882919000999948, 18.054029001000117 ], [ -67.882935, 18.054373 ], [ -67.883300998999971, 18.054308 ], [ -67.885971, 18.054308 ], [ -67.885971, 18.054029001000117 ], [ -67.886527998999952, 18.054029001000117 ], [ -67.88652, 18.053714999000078 ], [ -67.887359999999887, 18.053746999000055 ], [ -67.887359999999887, 18.053591 ], [ -67.887359999999887, 18.053472999000121 ], [ -67.88791699899997, 18.053541001000042 ], [ -67.88791699899997, 18.053746999000055 ], [ -67.888748, 18.053746999000055 ], [ -67.888748, 18.053467 ], [ -67.889580000999956, 18.053472999000121 ], [ -67.889580000999956, 18.05339100100008 ], [ -67.889580000999956, 18.053194 ], [ -67.889862, 18.053194 ], [ -67.889862, 18.052916000000153 ], [ -67.892372, 18.052960999000049 ], [ -67.892365, 18.052637001000051 ], [ -67.893471000999966, 18.052637001000051 ], [ -67.893471000999966, 18.052360999000143 ], [ -67.893753, 18.052360999000143 ], [ -67.893753, 18.052637001000051 ], [ -67.894859000999872, 18.052637001000051 ], [ -67.894859000999872, 18.052360999000143 ], [ -67.895142, 18.052360999000143 ], [ -67.895142, 18.052637001000051 ], [ -67.895973000999959, 18.052637001000051 ], [ -67.895973000999959, 18.052360999000143 ], [ -67.89653, 18.052360999000143 ], [ -67.89653, 18.052084 ], [ -67.896804999999858, 18.052084 ], [ -67.896804999999858, 18.052360999000143 ], [ -67.897362000999919, 18.052360999000143 ], [ -67.897362000999919, 18.052637001000051 ], [ -67.897636000999967, 18.052637001000051 ], [ -67.897636000999967, 18.052776000000108 ], [ -67.897636000999967, 18.053194 ], [ -67.898193, 18.053194 ], [ -67.898193, 18.053472999000121 ], [ -67.898476000999892, 18.053472999000121 ], [ -67.898476000999892, 18.054029001000117 ], [ -67.899025, 18.054029001000117 ], [ -67.899025, 18.054308 ], [ -67.899581998999963, 18.054308 ], [ -67.899581998999963, 18.054583 ], [ -67.899864000999912, 18.054583 ], [ -67.899864000999912, 18.055140001000041 ], [ -67.900139000999957, 18.055140001000041 ], [ -67.900139000999957, 18.05541600100014 ], [ -67.900414, 18.05541600100014 ], [ -67.900414, 18.055695 ], [ -67.900969998999926, 18.055695 ], [ -67.900969998999926, 18.055973000000108 ], [ -67.901253000999986, 18.055973000000108 ], [ -67.901253000999986, 18.05625199900004 ], [ -67.901527, 18.05625199900004 ], [ -67.901527, 18.056528001000117 ], [ -67.902084, 18.056528001000117 ], [ -67.902084, 18.056805 ], [ -67.902358998999944, 18.056805 ], [ -67.902358998999944, 18.057083000000148 ], [ -67.902641000999893, 18.057083000000148 ], [ -67.902641000999893, 18.057362000000126 ], [ -67.903472998999916, 18.057362000000126 ], [ -67.903472998999916, 18.057637999000121 ], [ -67.904305, 18.057637999000121 ], [ -67.904305, 18.058195000000126 ], [ -67.904586999999879, 18.058195000000126 ], [ -67.904586999999879, 18.059029001000113 ], [ -67.904860998999936, 18.059029001000113 ], [ -67.904860998999936, 18.059305001000041 ], [ -67.906807, 18.059305001000041 ], [ -67.906807, 18.059029001000113 ], [ -67.90847, 18.059029001000113 ], [ -67.90847, 18.059305001000041 ], [ -67.909302000999958, 18.059305001000041 ], [ -67.909302000999958, 18.059584 ], [ -67.909583999999825, 18.059584 ], [ -67.909583999999825, 18.05986 ], [ -67.910140998999964, 18.05986 ], [ -67.910118000999944, 18.060136999000122 ], [ -67.910698, 18.060138999000117 ], [ -67.910698, 18.060450001000106 ], [ -67.910698, 18.060694001 ], [ -67.91125499899988, 18.060671000000184 ], [ -67.911247, 18.060972 ], [ -67.911529998999981, 18.060972 ], [ -67.911529998999981, 18.061251 ], [ -67.912361, 18.061251 ], [ -67.912361, 18.061526999000023 ], [ -67.912917998999887, 18.061526999000023 ], [ -67.912917998999887, 18.061313999000163 ], [ -67.913193000999911, 18.061251 ], [ -67.913193000999911, 18.061419 ], [ -67.913193000999911, 18.061526999000023 ], [ -67.913474999999892, 18.061526999000023 ], [ -67.913474999999892, 18.061251 ], [ -67.914024, 18.061251 ], [ -67.914000998999882, 18.061524999000028 ], [ -67.915137999999899, 18.061526999000023 ], [ -67.915137999999899, 18.061806001000036 ], [ -67.916252, 18.061806001000036 ], [ -67.916252, 18.062084 ], [ -67.917084000999978, 18.062084 ], [ -67.917084000999978, 18.062361 ], [ -67.91791499999988, 18.062361 ], [ -67.91791499999988, 18.062639000000104 ], [ -67.918746999999826, 18.062639000000104 ], [ -67.918724, 18.06291599900004 ], [ -67.919303999999897, 18.06291599900004 ], [ -67.919357, 18.063194001000113 ], [ -67.919861000999958, 18.063194001000113 ], [ -67.919861000999958, 18.063341001000026 ], [ -67.919861000999958, 18.063473 ], [ -67.920418, 18.063503 ], [ -67.920418, 18.064027999000189 ], [ -67.921249000999978, 18.064027999000189 ], [ -67.921249000999978, 18.064303999000117 ], [ -67.921806, 18.064303999000117 ], [ -67.921806, 18.06458300100013 ], [ -67.922363000999951, 18.06458300100013 ], [ -67.922363000999951, 18.064861000000121 ], [ -67.922919999999863, 18.064861000000121 ], [ -67.922919999999863, 18.06514 ], [ -67.923469998999963, 18.06514 ], [ -67.923469998999963, 18.065415999000095 ], [ -67.923752000999968, 18.065415999000095 ], [ -67.923752000999968, 18.065695001000108 ], [ -67.924309, 18.065695001000108 ], [ -67.924309, 18.065971001000037 ], [ -67.924857998999983, 18.065971001000037 ], [ -67.924857998999983, 18.06625 ], [ -67.92514, 18.06625 ], [ -67.92514, 18.066804999000112 ], [ -67.925415, 18.066804999000112 ], [ -67.925415, 18.067362000000116 ], [ -67.925697, 18.067362000000116 ], [ -67.925697, 18.067636 ], [ -67.925971998999955, 18.067636 ], [ -67.925971998999955, 18.067918999000085 ], [ -67.926529, 18.067918999000085 ], [ -67.926529, 18.068194999000184 ], [ -67.926804, 18.068194999000184 ], [ -67.926804, 18.068472001000032 ], [ -67.92793299899995, 18.068451000000152 ], [ -67.927917, 18.069029000000171 ], [ -67.928192, 18.069029000000171 ], [ -67.928192, 18.06958400100018 ], [ -67.928748998999879, 18.06958400100018 ], [ -67.928748998999879, 18.069859001 ], [ -67.929306, 18.069859001 ], [ -67.929306, 18.070141 ], [ -67.929862998999965, 18.070141 ], [ -67.929862998999965, 18.070693999000184 ], [ -67.930138000999875, 18.070693999000184 ], [ -67.930138000999875, 18.070972001000086 ], [ -67.930695, 18.070972001000086 ], [ -67.930695, 18.071527000000117 ], [ -67.930969, 18.071527000000117 ], [ -67.930969, 18.071806 ], [ -67.931251998999926, 18.071806 ], [ -67.931251998999926, 18.072363001000099 ], [ -67.931808, 18.072363001000099 ], [ -67.931808, 18.073194999000179 ], [ -67.932082999999864, 18.073194999000179 ], [ -67.932082999999864, 18.073750001000064 ], [ -67.932358, 18.073750001000064 ], [ -67.932358, 18.074306 ], [ -67.932639998999946, 18.074306 ], [ -67.932639998999946, 18.074582999000086 ], [ -67.932915000999969, 18.074582999000086 ], [ -67.932915000999969, 18.074862001000099 ], [ -67.933197, 18.074862001000099 ], [ -67.933197, 18.075417 ], [ -67.933746, 18.075417 ], [ -67.933746, 18.075971999000103 ], [ -67.934303000999876, 18.075971999000103 ], [ -67.934303000999876, 18.076529 ], [ -67.934586, 18.076529 ], [ -67.934586, 18.077084000000184 ], [ -67.93486, 18.077084000000184 ], [ -67.93486, 18.077361999000175 ], [ -67.935142998999936, 18.077361999000175 ], [ -67.935142998999936, 18.077915000000189 ], [ -67.93569200099995, 18.077915000000189 ], [ -67.93569200099995, 18.078194000000167 ], [ -67.935974, 18.078194000000167 ], [ -67.935974, 18.078471999000158 ], [ -67.936530998999899, 18.078471999000158 ], [ -67.936530998999899, 18.078751001000171 ], [ -67.936806000999923, 18.078751001000171 ], [ -67.936806000999923, 18.079025001000105 ], [ -67.937363, 18.079025001000105 ], [ -67.937363, 18.079306000000145 ], [ -67.937920000999895, 18.079306000000145 ], [ -67.937920000999895, 18.079025001000105 ], [ -67.938492000999986, 18.078966001000026 ], [ -67.938469, 18.079306000000145 ], [ -67.939316, 18.079306000000145 ], [ -67.939583000999846, 18.079306000000145 ], [ -67.939583000999846, 18.079414001000146 ], [ -67.939583000999846, 18.079584 ], [ -67.940146998999978, 18.079584 ], [ -67.940422000999888, 18.079584 ], [ -67.940413998999929, 18.079306000000145 ], [ -67.941528, 18.079306000000145 ], [ -67.941528, 18.079584 ], [ -67.94236, 18.079584 ], [ -67.94236, 18.079306000000145 ], [ -67.94291699899992, 18.079306000000145 ], [ -67.94291699899992, 18.079477000999987 ], [ -67.94291699899992, 18.079584 ], [ -67.943474000999913, 18.07963200100005 ], [ -67.943474000999913, 18.079860999000175 ], [ -67.944030999999882, 18.079912 ], [ -67.944030999999882, 18.080136999000104 ], [ -67.944344000999934, 18.080136999000104 ], [ -67.944304998999939, 18.081806 ], [ -67.94486199999983, 18.081806 ], [ -67.94486199999983, 18.082083 ], [ -67.945419, 18.082083 ], [ -67.945419, 18.082361000000162 ], [ -67.9456939989999, 18.082361000000162 ], [ -67.9456939989999, 18.082639999000037 ], [ -67.945968998999945, 18.082639999000037 ], [ -67.945968998999945, 18.083441000000164 ], [ -67.945968998999945, 18.084028001000149 ], [ -67.9456939989999, 18.084028001000149 ], [ -67.9456939989999, 18.084305001000132 ], [ -67.945419, 18.084305001000132 ], [ -67.945419, 18.084583000000123 ], [ -67.945137, 18.084583000000123 ], [ -67.945137, 18.084862000000157 ], [ -67.94486199999983, 18.084862000000157 ], [ -67.94486199999983, 18.085137999000153 ], [ -67.944579998999927, 18.085137999000153 ], [ -67.944579998999927, 18.085417001000167 ], [ -67.944304998999939, 18.085417001000167 ], [ -67.944304998999939, 18.085974000000135 ], [ -67.944030999999882, 18.085974000000135 ], [ -67.944030999999882, 18.086526999000171 ], [ -67.943748, 18.086526999000171 ], [ -67.943748, 18.086805001000073 ], [ -67.943474000999913, 18.086805001000073 ], [ -67.943474000999913, 18.087084000000118 ], [ -67.943191998999851, 18.087084000000118 ], [ -67.943191998999851, 18.08736 ], [ -67.94291699899992, 18.08736 ], [ -67.94291699899992, 18.087639 ], [ -67.942642, 18.087639 ], [ -67.942642, 18.087916999000072 ], [ -67.94123099899997, 18.087916999000072 ], [ -67.940413998999929, 18.087916999000072 ], [ -67.940413998999929, 18.088194001000033 ], [ -67.939583000999846, 18.088194001000033 ], [ -67.939583000999846, 18.088472 ], [ -67.939308000999915, 18.088472 ], [ -67.939308000999915, 18.088751 ], [ -67.939026, 18.088751 ], [ -67.939026, 18.089306001000068 ], [ -67.938751, 18.089306001000068 ], [ -67.938751, 18.089861 ], [ -67.938469, 18.089861 ], [ -67.938469, 18.091528000000153 ], [ -67.938751, 18.091528000000153 ], [ -67.938751, 18.092636000000141 ], [ -67.938469, 18.092636000000141 ], [ -67.938469, 18.094027000000153 ], [ -67.938194000999943, 18.094027000000153 ], [ -67.938194000999943, 18.094862 ], [ -67.937920000999895, 18.094862 ], [ -67.937920000999895, 18.095693999000105 ], [ -67.937637, 18.095693999000105 ], [ -67.937637, 18.096806 ], [ -67.937363, 18.096806 ], [ -67.937363, 18.097639 ], [ -67.93708000099997, 18.097639 ], [ -67.93708000099997, 18.099028 ], [ -67.936806000999923, 18.099028 ], [ -67.936806000999923, 18.099306000000126 ], [ -67.936530998999899, 18.099306000000126 ], [ -67.936530998999899, 18.099582999 ], [ -67.936248999999862, 18.099582999 ], [ -67.936248999999862, 18.100416000000109 ], [ -67.935974, 18.100416000000109 ], [ -67.935974, 18.102638001 ], [ -67.93569200099995, 18.102638001 ], [ -67.93569200099995, 18.103749999 ], [ -67.935417000999962, 18.103749999 ], [ -67.935417000999962, 18.104029 ], [ -67.93569200099995, 18.104029 ], [ -67.93569200099995, 18.104584 ], [ -67.935142998999936, 18.104584 ], [ -67.935142998999936, 18.105139001 ], [ -67.93486, 18.105139001 ], [ -67.93486, 18.105694 ], [ -67.935417000999962, 18.105694 ], [ -67.935417000999962, 18.106527001000075 ], [ -67.93569200099995, 18.106527001000075 ], [ -67.93569200099995, 18.107361 ], [ -67.935974, 18.107364998999969 ], [ -67.935974, 18.108478999000113 ], [ -67.935974, 18.108622 ], [ -67.935974, 18.109030001000065 ], [ -67.93569200099995, 18.109060001000046 ], [ -67.93569200099995, 18.109194 ], [ -67.93569200099995, 18.109861 ], [ -67.935371, 18.109839999000144 ], [ -67.935417000999962, 18.110139999000069 ], [ -67.935142998999936, 18.110171999000045 ], [ -67.935142998999936, 18.11031 ], [ -67.935142998999936, 18.111251999000046 ], [ -67.93486, 18.111251999000046 ], [ -67.93486, 18.111805001000164 ], [ -67.934586, 18.111805001000164 ], [ -67.934586, 18.112638 ], [ -67.934303000999876, 18.112638 ], [ -67.934303000999876, 18.113194001000181 ], [ -67.934029000999942, 18.113194001000181 ], [ -67.934029000999942, 18.113474000000167 ], [ -67.933746, 18.113474000000167 ], [ -67.933746, 18.11375 ], [ -67.933472, 18.11375 ], [ -67.933472, 18.114026998999975 ], [ -67.933197, 18.114026998999975 ], [ -67.933197, 18.114305001000105 ], [ -67.930138000999875, 18.114305001000105 ], [ -67.930138000999875, 18.114582001000088 ], [ -67.929581, 18.114582001000088 ], [ -67.929581, 18.11486100000019 ], [ -67.929306, 18.11486100000019 ], [ -67.929306, 18.115139 ], [ -67.927360998999973, 18.115139 ], [ -67.927360998999973, 18.115416999000047 ], [ -67.926804, 18.115416999000047 ], [ -67.926804, 18.11569600100006 ], [ -67.92514, 18.11569600100006 ], [ -67.92514, 18.115973000000167 ], [ -67.924582998999881, 18.115973000000167 ], [ -67.924582998999881, 18.116249 ], [ -67.923194998999975, 18.116249 ], [ -67.923194998999975, 18.116803999000069 ], [ -67.922919999999863, 18.116803999000069 ], [ -67.922919999999863, 18.117083001000083 ], [ -67.921806, 18.117083001000083 ], [ -67.921806, 18.117361 ], [ -67.920975000999874, 18.117361 ], [ -67.920975000999874, 18.11764 ], [ -67.919861000999958, 18.11764 ], [ -67.919861000999958, 18.117914 ], [ -67.918472000999884, 18.117914 ], [ -67.918472000999884, 18.118194999000082 ], [ -67.918198000999951, 18.118194999000082 ], [ -67.918198000999951, 18.118473001000154 ], [ -67.917358000999911, 18.118473001000154 ], [ -67.917358000999911, 18.11875 ], [ -67.916527, 18.11875 ], [ -67.916527, 18.11902600000019 ], [ -67.915970000999891, 18.11902600000019 ], [ -67.915970000999891, 18.119304999000065 ], [ -67.91569500099996, 18.119304999000065 ], [ -67.91569500099996, 18.119583000999967 ], [ -67.914581000999988, 18.119583000999967 ], [ -67.914581000999988, 18.119862 ], [ -67.912917998999887, 18.119862 ], [ -67.912917998999887, 18.120136000000173 ], [ -67.912086, 18.120136000000173 ], [ -67.912086, 18.12041900000014 ], [ -67.910698, 18.12041900000014 ], [ -67.910698, 18.120694999000136 ], [ -67.910416000999987, 18.120694999000136 ], [ -67.910416000999987, 18.12041900000014 ], [ -67.907638998999914, 18.12041900000014 ], [ -67.907638998999914, 18.120136000000173 ], [ -67.907082, 18.120136000000173 ], [ -67.907082, 18.119862 ], [ -67.906807, 18.119862 ], [ -67.906807, 18.119583000999967 ], [ -67.905693, 18.119583000999967 ], [ -67.905693, 18.119304999000065 ], [ -67.905417999999827, 18.119304999000065 ], [ -67.905417999999827, 18.11902600000019 ], [ -67.904586999999879, 18.11902600000019 ], [ -67.904586999999879, 18.11875 ], [ -67.90403, 18.11875 ], [ -67.90403, 18.118473001000154 ], [ -67.903747998999961, 18.118473001000154 ], [ -67.903747998999961, 18.118194999000082 ], [ -67.903472998999916, 18.118194999000082 ], [ -67.903472998999916, 18.117914 ], [ -67.903198, 18.117914 ], [ -67.903198, 18.11764 ], [ -67.902641000999893, 18.11764 ], [ -67.902641000999893, 18.117361 ], [ -67.902358998999944, 18.117361 ], [ -67.902358998999944, 18.117083001000083 ], [ -67.902084, 18.117083001000083 ], [ -67.902084, 18.116803999000069 ], [ -67.901802, 18.116803999000069 ], [ -67.901802, 18.116528 ], [ -67.901527, 18.116528 ], [ -67.901527, 18.116249 ], [ -67.900969998999926, 18.116249 ], [ -67.900969998999926, 18.115973000000167 ], [ -67.899864000999912, 18.115973000000167 ], [ -67.899864000999912, 18.11569600100006 ], [ -67.898750000999939, 18.11569600100006 ], [ -67.898750000999939, 18.115973000000167 ], [ -67.896248000999947, 18.115973000000167 ], [ -67.896248000999947, 18.11569600100006 ], [ -67.893471000999966, 18.11569600100006 ], [ -67.893471000999966, 18.115416999000047 ], [ -67.892639, 18.115416999000047 ], [ -67.892639, 18.115139 ], [ -67.892082000999949, 18.115139 ], [ -67.892082000999949, 18.11486100000019 ], [ -67.891807998999923, 18.11486100000019 ], [ -67.891807998999923, 18.114582001000088 ], [ -67.890694000999872, 18.114582001000088 ], [ -67.890694000999872, 18.114305001000105 ], [ -67.889862, 18.114305001000105 ], [ -67.889862, 18.114026998999975 ], [ -67.889580000999956, 18.114026998999975 ], [ -67.889580000999956, 18.11375 ], [ -67.884025998999959, 18.11375 ], [ -67.884025998999959, 18.114305001000105 ], [ -67.881531000999871, 18.114305001000105 ], [ -67.881531000999871, 18.114582001000088 ], [ -67.880417000999955, 18.114582001000088 ], [ -67.880417000999955, 18.11486100000019 ], [ -67.879028000999881, 18.11486100000019 ], [ -67.879028000999881, 18.115139 ], [ -67.878754000999947, 18.115139 ], [ -67.878754000999947, 18.11486100000019 ], [ -67.877914000999908, 18.11486100000019 ], [ -67.877914000999908, 18.115139 ], [ -67.877356998999915, 18.115139 ], [ -67.877356998999915, 18.11486100000019 ], [ -67.876526000999888, 18.11486100000019 ], [ -67.876526000999888, 18.115139 ], [ -67.875969, 18.115139 ], [ -67.875969, 18.115416999000047 ], [ -67.875693999999896, 18.115416999000047 ], [ -67.875693999999896, 18.11569600100006 ], [ -67.87542, 18.11569600100006 ], [ -67.87542, 18.115973000000167 ], [ -67.875137000999985, 18.115973000000167 ], [ -67.875137000999985, 18.11569600100006 ], [ -67.874863000999881, 18.11569600100006 ], [ -67.874863000999881, 18.115973000000167 ], [ -67.874030999999889, 18.115973000000167 ], [ -67.874030999999889, 18.116249 ], [ -67.873749000999908, 18.116249 ], [ -67.873749000999908, 18.116528 ], [ -67.873474000999977, 18.116528 ], [ -67.873474000999977, 18.116803999000069 ], [ -67.873192, 18.116803999000069 ], [ -67.873192, 18.117083001000083 ], [ -67.872643, 18.117083001000083 ], [ -67.872643, 18.117361 ], [ -67.871803, 18.117361 ], [ -67.871803, 18.117914 ], [ -67.871246000999918, 18.117914 ], [ -67.871246000999918, 18.118473001000154 ], [ -67.870696998999904, 18.118473001000154 ], [ -67.870696998999904, 18.11875 ], [ -67.870415, 18.11875 ], [ -67.870415, 18.11902600000019 ], [ -67.870139999999822, 18.11902600000019 ], [ -67.870139999999822, 18.119304999000065 ], [ -67.869858000999955, 18.119304999000065 ], [ -67.869858000999955, 18.119583000999967 ], [ -67.869307998999886, 18.119583000999967 ], [ -67.869307998999886, 18.119862 ], [ -67.869026, 18.119862 ], [ -67.869026, 18.120136000000173 ], [ -67.868194998999911, 18.120136000000173 ], [ -67.868194998999911, 18.12041900000014 ], [ -67.86791999899998, 18.12041900000014 ], [ -67.86791999899998, 18.120694999000136 ], [ -67.867362999999898, 18.120694999000136 ], [ -67.867362999999898, 18.120972001000155 ], [ -67.866530998999906, 18.120972001000155 ], [ -67.866530998999906, 18.121248001000083 ], [ -67.865135, 18.121248001000083 ], [ -67.865135, 18.121531000000118 ], [ -67.864028998999913, 18.121531000000118 ], [ -67.864028998999913, 18.121805 ], [ -67.863472, 18.121805 ], [ -67.863472, 18.122083999000154 ], [ -67.862914998999941, 18.122083999000154 ], [ -67.862914998999941, 18.122358001000066 ], [ -67.862358, 18.122358001000066 ], [ -67.862358, 18.122641000000158 ], [ -67.86097, 18.122641000000158 ], [ -67.86097, 18.122358001000066 ], [ -67.860694999999851, 18.122358001000066 ], [ -67.860694999999851, 18.122083999000154 ], [ -67.860420000999909, 18.122083999000154 ], [ -67.860420000999909, 18.121531000000118 ], [ -67.86013799899996, 18.121531000000118 ], [ -67.86013799899996, 18.121248001000083 ], [ -67.859863, 18.121248001000083 ] ] ], [ [ [ -66.735137999999893, 17.983749000000103 ], [ -66.735137999999893, 17.982916000000102 ], [ -66.73542, 17.982916000000102 ], [ -66.73542, 17.982361 ], [ -66.735695, 17.982361 ], [ -66.735695, 17.982084 ], [ -66.735969999999895, 17.982084 ], [ -66.735969999999895, 17.981527000000142 ], [ -66.736252, 17.981527000000142 ], [ -66.736252, 17.981251 ], [ -66.736526, 17.981251 ], [ -66.736526, 17.980972 ], [ -66.737358, 17.980972 ], [ -66.737358, 17.980694000000142 ], [ -66.738471999999888, 17.980694000000142 ], [ -66.738471999999888, 17.980417000000102 ], [ -66.740417, 17.980417000000102 ], [ -66.740417, 17.980139 ], [ -66.740974, 17.980139 ], [ -66.740974, 17.97986 ], [ -66.741805999999883, 17.97986 ], [ -66.741805999999883, 17.980139 ], [ -66.742363, 17.980139 ], [ -66.742363, 17.980694000000142 ], [ -66.742637999999886, 17.980694000000142 ], [ -66.742637999999886, 17.980972 ], [ -66.742363, 17.980972 ], [ -66.742363, 17.981251 ], [ -66.742081, 17.981251 ], [ -66.742081, 17.981527000000142 ], [ -66.741531, 17.981527000000142 ], [ -66.741531, 17.981251 ], [ -66.741249, 17.981251 ], [ -66.741249, 17.981527000000142 ], [ -66.740974, 17.981527000000142 ], [ -66.740974, 17.98180600000012 ], [ -66.740692, 17.98180600000012 ], [ -66.740692, 17.982361 ], [ -66.740417, 17.982361 ], [ -66.740417, 17.982916000000102 ], [ -66.739861, 17.982916000000102 ], [ -66.739861, 17.983194 ], [ -66.73930399999989, 17.983194 ], [ -66.73930399999989, 17.983473 ], [ -66.739029, 17.983473 ], [ -66.739029, 17.983749000000103 ], [ -66.738746999999819, 17.983749000000103 ], [ -66.738746999999819, 17.984028000000137 ], [ -66.738471999999888, 17.984028000000137 ], [ -66.738471999999888, 17.984304 ], [ -66.738197, 17.984304 ], [ -66.738197, 17.984583 ], [ -66.737915, 17.984583 ], [ -66.737915, 17.984861000000137 ], [ -66.737639999999885, 17.984861000000137 ], [ -66.737639999999885, 17.98513800000012 ], [ -66.736526, 17.98513800000012 ], [ -66.736526, 17.984861000000137 ], [ -66.735969999999895, 17.984861000000137 ], [ -66.735969999999895, 17.984583 ], [ -66.735695, 17.984583 ], [ -66.735695, 17.984028000000137 ], [ -66.73542, 17.984028000000137 ], [ -66.73542, 17.983749000000103 ], [ -66.735137999999893, 17.983749000000103 ] ] ], [ [ [ -67.947364999999877, 18.160694 ], [ -67.947083, 18.160694 ], [ -67.947083, 18.160137000000134 ], [ -67.946808, 18.160137000000134 ], [ -67.946808, 18.159306000000129 ], [ -67.946526, 18.159306000000129 ], [ -67.946526, 18.157915000000173 ], [ -67.946808, 18.157915000000173 ], [ -67.946808, 18.157639 ], [ -67.947083, 18.157639 ], [ -67.947083, 18.157362 ], [ -67.947914, 18.157362 ], [ -67.947914, 18.157639 ], [ -67.951248, 18.157639 ], [ -67.951248, 18.157915000000173 ], [ -67.951529999999877, 18.157915000000173 ], [ -67.951529999999877, 18.158194000000151 ], [ -67.951805, 18.158194000000151 ], [ -67.951805, 18.158598 ], [ -67.951805, 18.160137000000134 ], [ -67.951529999999877, 18.160137000000134 ], [ -67.951529999999877, 18.160694 ], [ -67.950974, 18.160694 ], [ -67.950974, 18.161247000000174 ], [ -67.950691, 18.161247000000174 ], [ -67.950691, 18.161530000000141 ], [ -67.950142, 18.161530000000141 ], [ -67.950142, 18.161806 ], [ -67.94911999999988, 18.161806 ], [ -67.949027999999885, 18.161806 ], [ -67.949027999999885, 18.161530000000141 ], [ -67.94873, 18.161530000000141 ], [ -67.948195999999882, 18.161530000000141 ], [ -67.948195999999882, 18.161247000000174 ], [ -67.947639, 18.161247000000174 ], [ -67.947639, 18.160973 ], [ -67.947364999999877, 18.160973 ], [ -67.947364999999877, 18.160694 ] ] ], [ [ [ -67.478195, 18.388748000000135 ], [ -67.478195, 18.388195 ], [ -67.477638, 18.388195 ], [ -67.477638, 18.387636000000157 ], [ -67.477081, 18.387636000000157 ], [ -67.477081, 18.387362 ], [ -67.476807, 18.387362 ], [ -67.476807, 18.387083 ], [ -67.476524, 18.387083 ], [ -67.476524, 18.386806 ], [ -67.47625, 18.386806 ], [ -67.47625, 18.38625 ], [ -67.475975, 18.38625 ], [ -67.475975, 18.385973 ], [ -67.475693, 18.385973 ], [ -67.475693, 18.385695000000169 ], [ -67.475418, 18.385695000000169 ], [ -67.475418, 18.385414 ], [ -67.475136, 18.385414 ], [ -67.475136, 18.385139000000152 ], [ -67.474860999999862, 18.385139000000152 ], [ -67.474860999999862, 18.384583000000134 ], [ -67.47403, 18.384583000000134 ], [ -67.47403, 18.384304000000157 ], [ -67.472916, 18.384304000000157 ], [ -67.472916, 18.384027000000174 ], [ -67.472084, 18.384027000000174 ], [ -67.472084, 18.383196000000169 ], [ -67.472359, 18.383196000000169 ], [ -67.472359, 18.38236 ], [ -67.473198, 18.38236 ], [ -67.473198, 18.382084000000134 ], [ -67.473473, 18.382084000000134 ], [ -67.473473, 18.381805000000156 ], [ -67.473747, 18.381805000000156 ], [ -67.473747, 18.381527 ], [ -67.47403, 18.381527 ], [ -67.47403, 18.38125 ], [ -67.474586, 18.38125 ], [ -67.474586, 18.380974000000151 ], [ -67.474860999999862, 18.380974000000151 ], [ -67.474860999999862, 18.380695000000173 ], [ -67.475136, 18.380695000000173 ], [ -67.475136, 18.380417 ], [ -67.475418, 18.380417 ], [ -67.475418, 18.380138000000102 ], [ -67.47625, 18.380138000000102 ], [ -67.47625, 18.378469 ], [ -67.476524, 18.378469 ], [ -67.476524, 18.378195 ], [ -67.476807, 18.378195 ], [ -67.476807, 18.377916 ], [ -67.477913, 18.377916 ], [ -67.477913, 18.377359000000183 ], [ -67.479858, 18.377359000000183 ], [ -67.479858, 18.377916 ], [ -67.480972, 18.377916 ], [ -67.480972, 18.378469 ], [ -67.481529, 18.378469 ], [ -67.481529, 18.378752000000134 ], [ -67.482086, 18.378752000000134 ], [ -67.482086, 18.379028 ], [ -67.482361, 18.379028 ], [ -67.482361, 18.379305000000102 ], [ -67.48319199999986, 18.379305000000102 ], [ -67.48319199999986, 18.379583 ], [ -67.483749, 18.379583 ], [ -67.483749, 18.379864000000168 ], [ -67.484581, 18.379864000000168 ], [ -67.484581, 18.380138000000102 ], [ -67.485695, 18.380138000000102 ], [ -67.485695, 18.380417 ], [ -67.48597, 18.380417 ], [ -67.48597, 18.380695000000173 ], [ -67.486252, 18.380695000000173 ], [ -67.486252, 18.38125 ], [ -67.486526, 18.38125 ], [ -67.486526, 18.381805000000156 ], [ -67.48680899999988, 18.381805000000156 ], [ -67.48680899999988, 18.382084000000134 ], [ -67.487083, 18.382084000000134 ], [ -67.487083, 18.38236 ], [ -67.487639999999828, 18.38236 ], [ -67.487639999999828, 18.382917000000134 ], [ -67.487915, 18.382917000000134 ], [ -67.487915, 18.383472 ], [ -67.488471999999831, 18.383472 ], [ -67.488471999999831, 18.385414 ], [ -67.488197, 18.385414 ], [ -67.488197, 18.385695000000169 ], [ -67.487639999999828, 18.385695000000169 ], [ -67.487639999999828, 18.385973 ], [ -67.487083, 18.385973 ], [ -67.487083, 18.38625 ], [ -67.486252, 18.38625 ], [ -67.486252, 18.386526000000174 ], [ -67.48597, 18.386526000000174 ], [ -67.48597, 18.386806 ], [ -67.485695, 18.386806 ], [ -67.485695, 18.389305 ], [ -67.485138, 18.389305 ], [ -67.485138, 18.389584 ], [ -67.484863, 18.389584 ], [ -67.484863, 18.389860000000169 ], [ -67.482361, 18.389860000000169 ], [ -67.482361, 18.389584 ], [ -67.479584, 18.389584 ], [ -67.479584, 18.389305 ], [ -67.47930899999983, 18.389305 ], [ -67.47930899999983, 18.38903 ], [ -67.47847, 18.38903 ], [ -67.47847, 18.388748000000135 ], [ -67.478195, 18.388748000000135 ] ] ], [ [ [ -66.13736, 18.47514 ], [ -66.13736, 18.474861 ], [ -66.137085, 18.474861 ], [ -66.137085, 18.474585000000104 ], [ -66.136803, 18.474585000000104 ], [ -66.136803, 18.474028 ], [ -66.136528, 18.474028 ], [ -66.136528, 18.473473000000126 ], [ -66.135696, 18.473473000000126 ], [ -66.135696, 18.473749 ], [ -66.135971, 18.473749 ], [ -66.135971, 18.474028 ], [ -66.135696, 18.474028 ], [ -66.135696, 18.474306000000126 ], [ -66.134025999999892, 18.474306000000126 ], [ -66.134025999999892, 18.474028 ], [ -66.133751, 18.474028 ], [ -66.133751, 18.473473000000126 ], [ -66.134025999999892, 18.473473000000126 ], [ -66.134025999999892, 18.473194000000149 ], [ -66.134583, 18.473194000000149 ], [ -66.134583, 18.472363000000144 ], [ -66.133705, 18.472363000000144 ], [ -66.133468999999877, 18.472363000000144 ], [ -66.133468999999877, 18.471527 ], [ -66.133835, 18.471527 ], [ -66.134025999999892, 18.471527 ], [ -66.134025999999892, 18.471249000000114 ], [ -66.134583, 18.471249000000114 ], [ -66.134583, 18.470970000000136 ], [ -66.135139, 18.470970000000136 ], [ -66.135139, 18.470419 ], [ -66.135696, 18.470419 ], [ -66.135696, 18.467636 ], [ -66.135971, 18.467636 ], [ -66.135971, 18.467083 ], [ -66.136253, 18.467083 ], [ -66.136253, 18.466806 ], [ -66.136803, 18.466806 ], [ -66.136803, 18.467083 ], [ -66.137085, 18.467083 ], [ -66.137085, 18.468195 ], [ -66.136803, 18.468195 ], [ -66.136803, 18.468748000000176 ], [ -66.137085, 18.468748000000176 ], [ -66.137085, 18.469305 ], [ -66.13736, 18.469305 ], [ -66.13736, 18.471806 ], [ -66.137642, 18.471806 ], [ -66.137642, 18.472363000000144 ], [ -66.137917, 18.472363000000144 ], [ -66.137917, 18.472918 ], [ -66.138190999999892, 18.472918 ], [ -66.138190999999892, 18.473194000000149 ], [ -66.138748, 18.473194000000149 ], [ -66.138748, 18.473749 ], [ -66.139305, 18.473749 ], [ -66.139305, 18.474028 ], [ -66.139862, 18.474028 ], [ -66.139862, 18.474306000000126 ], [ -66.140137, 18.474306000000126 ], [ -66.140137, 18.474861 ], [ -66.140419, 18.474861 ], [ -66.140419, 18.475695000000144 ], [ -66.139862, 18.475695000000144 ], [ -66.139862, 18.47625 ], [ -66.139305, 18.47625 ], [ -66.139305, 18.475973 ], [ -66.13903, 18.475973 ], [ -66.13903, 18.475416000000109 ], [ -66.138748, 18.475416000000109 ], [ -66.138748, 18.47514 ], [ -66.13736, 18.47514 ] ] ], [ [ [ -66.179031, 18.475416000000109 ], [ -66.179031, 18.47514 ], [ -66.178748999999868, 18.47514 ], [ -66.178748999999868, 18.474028 ], [ -66.179031, 18.474028 ], [ -66.179031, 18.473473000000126 ], [ -66.179306, 18.473473000000126 ], [ -66.179306, 18.473194000000149 ], [ -66.180138, 18.473194000000149 ], [ -66.180138, 18.473473000000126 ], [ -66.18042, 18.473473000000126 ], [ -66.18042, 18.474306000000126 ], [ -66.180695, 18.474306000000126 ], [ -66.180695, 18.474861 ], [ -66.181808, 18.474861 ], [ -66.181808, 18.474585000000104 ], [ -66.182083, 18.474585000000104 ], [ -66.182083, 18.474306000000126 ], [ -66.18264, 18.474306000000126 ], [ -66.18264, 18.474028 ], [ -66.183196999999836, 18.474028 ], [ -66.183196999999836, 18.473749 ], [ -66.183746, 18.473749 ], [ -66.183746, 18.473473000000126 ], [ -66.184029, 18.473473000000126 ], [ -66.184029, 18.473194000000149 ], [ -66.184303, 18.473194000000149 ], [ -66.184303, 18.472639 ], [ -66.184586, 18.472639 ], [ -66.184586, 18.472363000000144 ], [ -66.18486, 18.472363000000144 ], [ -66.18486, 18.472084000000109 ], [ -66.185143, 18.472084000000109 ], [ -66.185143, 18.471806 ], [ -66.185417, 18.471806 ], [ -66.185417, 18.472084000000109 ], [ -66.185692, 18.472084000000109 ], [ -66.185692, 18.474306000000126 ], [ -66.185417, 18.474306000000126 ], [ -66.185417, 18.474585000000104 ], [ -66.185692, 18.474585000000104 ], [ -66.185692, 18.47514 ], [ -66.186249, 18.47514 ], [ -66.186249, 18.474861 ], [ -66.186806, 18.474861 ], [ -66.186806, 18.475695000000144 ], [ -66.186249, 18.475695000000144 ], [ -66.186249, 18.475973 ], [ -66.18264, 18.475973 ], [ -66.18264, 18.47625 ], [ -66.182358, 18.47625 ], [ -66.182358, 18.475973 ], [ -66.181808, 18.475973 ], [ -66.181808, 18.475695000000144 ], [ -66.181252, 18.475695000000144 ], [ -66.181252, 18.475416000000109 ], [ -66.179031, 18.475416000000109 ] ] ] ] } }
]
}
