{
"type": "FeatureCollection",
"name": "roads_pak_treat_n5_m2",
"crs": { "type": "name", "properties": { "name": "urn:ogc:def:crs:OGC:1.3:CRS84" } },
"features": [
{ "type": "Feature", "properties": { "ref": "M-2" }, "geometry": { "type": "MultiLineString", "coordinates": [ [ [ 74.2294172, 31.4657349 ], [ 74.2289753, 31.4663514 ] ], [ [ 72.8695241, 33.591181299999988 ], [ 72.8699318, 33.5906622 ], [ 72.8707121, 33.5896001 ], [ 72.8714545, 33.588574 ], [ 72.8722227, 33.5876195 ], [ 72.8728063, 33.586833 ], [ 72.873291, 33.5861889 ], [ 72.8746517, 33.5844091 ], [ 72.8770562, 33.5813135 ], [ 72.8770975, 33.5812534 ], [ 72.8771147, 33.5812284 ], [ 72.8771614, 33.5811605 ], [ 72.8806341, 33.5765577 ], [ 72.8844193, 33.5719166 ], [ 72.8860672, 33.5698212 ], [ 72.8869255, 33.5687199 ], [ 72.8886851, 33.5664099 ], [ 72.8911227, 33.5632273 ], [ 72.8918409, 33.5623083 ], [ 72.8926075, 33.5614705 ], [ 72.8936289, 33.5605452 ], [ 72.8946589, 33.5596297 ], [ 72.8966659, 33.5582395 ], [ 72.8974316, 33.5577206 ], [ 72.899468, 33.5563426 ], [ 72.900861, 33.5553846 ], [ 72.9015462, 33.5548043 ], [ 72.9022113, 33.5541271 ], [ 72.9027409, 33.5534316 ], [ 72.9031337, 33.552768 ], [ 72.903437, 33.5520893 ], [ 72.9036851, 33.5513484 ], [ 72.9038188, 33.5506153 ], [ 72.9038662, 33.5499672 ], [ 72.9038526, 33.5492713 ], [ 72.9037445, 33.5484791 ], [ 72.9035608, 33.5477953 ], [ 72.9032749, 33.5470314 ], [ 72.902759, 33.5460751 ], [ 72.9019062, 33.5446988 ], [ 72.9014226, 33.5437309 ], [ 72.9010749, 33.5428546 ], [ 72.900793, 33.5418485 ], [ 72.9006161, 33.5409431 ], [ 72.9004857, 33.5396992 ], [ 72.9003352, 33.5380954 ], [ 72.9001569, 33.5363107 ], [ 72.9000755, 33.5356778 ], [ 72.8999542, 33.5349182 ], [ 72.8998166, 33.5343069 ], [ 72.8996027, 33.5336101 ], [ 72.8994, 33.5330639 ], [ 72.8991534, 33.5324812 ], [ 72.8988472, 33.5318486 ], [ 72.8983526, 33.5310045 ], [ 72.8977454, 33.5301304 ], [ 72.8970986, 33.5293422 ], [ 72.8963811, 33.5285918 ], [ 72.8939877, 33.526389 ], [ 72.8900721, 33.5228141 ], [ 72.8892837, 33.5220926 ], [ 72.87578, 33.5097212 ], [ 72.8747562, 33.5088098 ], [ 72.8733369, 33.5076264 ], [ 72.8711499, 33.5057914 ], [ 72.8707601, 33.5054641 ], [ 72.8678234, 33.5031968 ], [ 72.8636485, 33.5000508 ], [ 72.8587848, 33.4963292 ], [ 72.8562698, 33.4942911 ], [ 72.8539609, 33.4923888 ], [ 72.8488032, 33.4881312 ], [ 72.8460512, 33.4859146 ], [ 72.843425, 33.483746 ], [ 72.8418575, 33.4824279 ], [ 72.8408774, 33.4814915 ], [ 72.8399987, 33.4804544 ], [ 72.839547, 33.4798539 ], [ 72.8390267, 33.4791281 ], [ 72.838377, 33.4779961 ], [ 72.8379591, 33.4771236 ], [ 72.8373074, 33.4754205 ], [ 72.8370107, 33.4742254 ], [ 72.8368343, 33.4729626 ], [ 72.8366596, 33.4702587 ], [ 72.8365644, 33.467911 ], [ 72.8364515, 33.4650612 ], [ 72.836335, 33.4626379 ], [ 72.8362348, 33.4604043 ], [ 72.8360062, 33.4553994 ], [ 72.8359913, 33.4549975 ], [ 72.8358649, 33.4515797 ], [ 72.8357986, 33.4502192 ], [ 72.8357224, 33.4489117 ], [ 72.8355729, 33.4481196 ], [ 72.8354183, 33.4473719 ], [ 72.8351614, 33.4466462 ], [ 72.8348262, 33.4458584 ], [ 72.8347957, 33.4457952 ], [ 72.8343992, 33.4450015 ], [ 72.8337546, 33.4440082 ], [ 72.832861, 33.4429072 ], [ 72.8317367, 33.4418653 ], [ 72.8311363, 33.4413907 ], [ 72.8304763, 33.4409448 ], [ 72.8290465, 33.4400395 ], [ 72.8281491, 33.4393108 ], [ 72.8278518, 33.439021 ], [ 72.8276847, 33.438858 ], [ 72.8272777, 33.438366 ], [ 72.8270575, 33.4381161 ], [ 72.8267137, 33.4376164 ], [ 72.8264235, 33.4371303 ], [ 72.8261575, 33.4366292 ], [ 72.8259104, 33.4360201 ], [ 72.82572, 33.4354586 ], [ 72.8255723, 33.434651599999988 ], [ 72.8254978, 33.4340043 ], [ 72.8255063, 33.433057 ], [ 72.8256424, 33.4321522 ], [ 72.8258162, 33.4314989 ], [ 72.825849, 33.4313756 ], [ 72.8259386, 33.431039 ], [ 72.8267718, 33.4284495 ], [ 72.8278115, 33.4252141 ], [ 72.8284023, 33.4231349 ], [ 72.8285172, 33.4226603 ], [ 72.828621, 33.4221497 ], [ 72.8288029, 33.421204 ], [ 72.8289105, 33.4203152 ], [ 72.829011, 33.4194087 ], [ 72.8290582, 33.4180471 ], [ 72.8290458, 33.4171141 ], [ 72.828966, 33.4161735 ], [ 72.8288221, 33.4148431 ], [ 72.8286796, 33.4139334 ], [ 72.8284923, 33.4130693 ], [ 72.8280055, 33.4114065 ], [ 72.8275092, 33.4100233 ], [ 72.8269787, 33.4088611 ], [ 72.8264129, 33.407731 ], [ 72.8258997, 33.406832 ], [ 72.8251925, 33.4057019 ], [ 72.8244874, 33.4046908 ], [ 72.8224885, 33.4019348 ], [ 72.8200033, 33.3984012 ], [ 72.8193339, 33.3973264 ], [ 72.8189194, 33.3964297 ], [ 72.8185707, 33.3955429 ], [ 72.8182696, 33.3946177 ], [ 72.8181109, 33.3939097 ], [ 72.8179699, 33.392625 ], [ 72.8179485, 33.392354 ], [ 72.8179377, 33.3920674 ], [ 72.8179404, 33.3915008 ], [ 72.8179677, 33.3903622 ], [ 72.8180057, 33.3890587 ], [ 72.8181322, 33.3866272 ], [ 72.8182438, 33.3835475 ], [ 72.8182085, 33.3811077 ], [ 72.8181708, 33.3794598 ], [ 72.8179628, 33.3777713 ], [ 72.8177117, 33.3761991 ], [ 72.8172482, 33.3738696 ], [ 72.816613, 33.3713895 ], [ 72.8159607, 33.3690886 ], [ 72.8153962, 33.3670446 ], [ 72.8149285, 33.3653702 ], [ 72.8147013, 33.3642131 ], [ 72.8144653, 33.3627723 ], [ 72.8140207, 33.3597556 ], [ 72.8135403, 33.3561707 ], [ 72.8132622, 33.3540233 ], [ 72.8132101, 33.353726 ], [ 72.8130295, 33.353001 ], [ 72.8129318, 33.3526321 ], [ 72.8126247, 33.351574 ], [ 72.8120568, 33.3502357 ], [ 72.8114574, 33.3487973 ], [ 72.8103472, 33.3470203 ], [ 72.8094719, 33.345825 ], [ 72.8085859, 33.3447367 ], [ 72.8075626, 33.3435918 ], [ 72.8061082, 33.3422315 ], [ 72.8037261, 33.340155 ], [ 72.7997028, 33.3366072 ], [ 72.7947317, 33.3322028 ], [ 72.7930268, 33.3306304 ], [ 72.7920057, 33.329557699999988 ], [ 72.7906238, 33.3281141 ], [ 72.7891527, 33.3264057 ], [ 72.7864312, 33.3230504 ], [ 72.7845688, 33.320836 ], [ 72.7818602, 33.317506 ], [ 72.7817041, 33.3173007 ], [ 72.7815839, 33.3170697 ], [ 72.7811192, 33.316425 ], [ 72.7805077, 33.315302 ], [ 72.7801929, 33.3146208 ], [ 72.7798784, 33.3137544 ], [ 72.7796801, 33.3129299 ], [ 72.7793797, 33.3113447 ], [ 72.7792302, 33.3097667 ], [ 72.7791837, 33.3094188 ], [ 72.7787789, 33.3065531 ], [ 72.7785041, 33.3046976 ], [ 72.77814, 33.3019497 ], [ 72.7780783, 33.3014218 ], [ 72.7775008, 33.2974057 ], [ 72.7774596, 33.296967 ], [ 72.7773712, 33.2962876 ], [ 72.777191, 33.295233 ], [ 72.7770623, 33.294307499999988 ], [ 72.7767018, 33.2930735 ], [ 72.7764014, 33.2921122 ], [ 72.7760237, 33.291086199999988 ], [ 72.7756975, 33.2903042 ], [ 72.7754057, 33.2897374 ], [ 72.7750881, 33.2890773 ], [ 72.7747019, 33.288367 ], [ 72.7741097, 33.2874343 ], [ 72.7736891, 33.2867814 ], [ 72.7731226, 33.2859276 ], [ 72.7725733, 33.2850953 ], [ 72.7717837, 33.2839042 ], [ 72.7713116, 33.2831795 ], [ 72.7706679, 33.2821965 ], [ 72.7698868, 33.2810485 ], [ 72.7690886, 33.2798215 ], [ 72.7680157, 33.278207 ], [ 72.7671145, 33.2768006 ], [ 72.7663077, 33.2755879 ], [ 72.7636727, 33.2715621 ], [ 72.762514, 33.269804 ], [ 72.761003300000013, 33.2677444 ], [ 72.7602137, 33.2668545 ], [ 72.759527, 33.2661081 ], [ 72.7588576, 33.265455 ], [ 72.7579478, 33.2645938 ], [ 72.7569607, 33.2637255 ], [ 72.7554922, 33.2623745 ], [ 72.7553272, 33.2622242 ], [ 72.7541884, 33.2612064 ], [ 72.7530897, 33.2602518 ], [ 72.7523516, 33.2596418 ], [ 72.7514075, 33.2588667 ], [ 72.7505835, 33.2582781 ], [ 72.749587800000015, 33.2576035 ], [ 72.7483605, 33.2568211 ], [ 72.7471073, 33.2560101 ], [ 72.7457169, 33.2550698 ], [ 72.7441805, 33.2539573 ], [ 72.7424725, 33.2525936 ], [ 72.7410649, 33.2513949 ], [ 72.7367819, 33.2477988 ], [ 72.7357348, 33.2470738 ], [ 72.7347563, 33.2464062 ], [ 72.7338894, 33.2458965 ], [ 72.7329453, 33.2453653 ], [ 72.7316063, 33.2446978 ], [ 72.7304991, 33.2441809 ], [ 72.729755, 33.2438242 ], [ 72.7287428, 33.2433878 ], [ 72.7281731, 33.2431329 ], [ 72.7252291, 33.2418336 ], [ 72.723667, 33.2410655 ], [ 72.7223023, 33.240405 ], [ 72.7210234, 33.2397015 ], [ 72.7197188, 33.2389334 ], [ 72.7180193, 33.2379355 ], [ 72.7110928, 33.2338219 ], [ 72.7078055, 33.2318548 ], [ 72.7056425, 33.2305768 ], [ 72.7048357, 33.2300671 ], [ 72.7040289, 33.2294999 ], [ 72.7032564, 33.2289399 ], [ 72.7024496, 33.2283081 ], [ 72.7020119, 33.2279347 ], [ 72.7014883, 33.2274681 ], [ 72.7004154, 33.2263265 ], [ 72.6991403, 33.2249506 ], [ 72.6980808, 33.2238772 ], [ 72.6974028, 33.2233181 ], [ 72.6970251, 33.2230596 ], [ 72.6964072, 33.2227006 ], [ 72.6955231, 33.222198 ], [ 72.6946991, 33.2217887 ], [ 72.6939352, 33.2214799 ], [ 72.692725, 33.221006 ], [ 72.6917122, 33.2206686 ], [ 72.6903733, 33.2202521 ], [ 72.6886566, 33.2197136 ], [ 72.6875494, 33.2193043 ], [ 72.6862706, 33.2188017 ], [ 72.685435, 33.2183909 ], [ 72.6848369, 33.2180678 ], [ 72.6834725, 33.217265 ], [ 72.6818074, 33.2162454 ], [ 72.6790264, 33.2145292 ], [ 72.6757906, 33.2125185 ], [ 72.6747349, 33.2118579 ], [ 72.6739968, 33.2113121 ], [ 72.6731127, 33.2106156 ], [ 72.6725033, 33.2101631 ], [ 72.6720398, 33.2097969 ], [ 72.6713618, 33.2090716 ], [ 72.6699198, 33.207463 ], [ 72.6688813, 33.2061344 ], [ 72.66749080000001, 33.2043749 ], [ 72.6661347, 33.2026441 ], [ 72.664933, 33.2011575 ], [ 72.6646841, 33.2008487 ], [ 72.6642464, 33.2000874 ], [ 72.6636436, 33.1990625 ], [ 72.663469, 33.1986849 ], [ 72.6633452, 33.1983421 ], [ 72.6632078, 33.1979328 ], [ 72.6629504, 33.1966184 ], [ 72.6627615, 33.1956416 ], [ 72.66271, 33.1944421 ], [ 72.6626757, 33.1928261 ], [ 72.6626156, 33.1921509 ], [ 72.6624954, 33.1913536 ], [ 72.6624096, 33.1905492 ], [ 72.6623495, 33.1901326 ], [ 72.6622637, 33.1897662 ], [ 72.6621857, 33.1895403 ], [ 72.6621253, 33.1894156 ], [ 72.6616876, 33.1883746 ], [ 72.65999, 33.1844748 ], [ 72.6590001, 33.1822742 ], [ 72.6568029, 33.1773319 ], [ 72.6554382, 33.1741134 ], [ 72.6550004, 33.1730142 ], [ 72.6538331, 33.1693287 ], [ 72.6534172, 33.1679035 ], [ 72.6531551, 33.1670511 ], [ 72.6523053, 33.1642634 ], [ 72.6517989, 33.1627618 ], [ 72.6511895, 33.1607643 ], [ 72.6508806, 33.1601248 ], [ 72.6506402, 33.1597368 ], [ 72.650213, 33.1590899 ], [ 72.6498286, 33.158698099999988 ], [ 72.649327, 33.158271 ], [ 72.6479623, 33.1573872 ], [ 72.6473958, 33.1571141 ], [ 72.6449239, 33.1559429 ], [ 72.6420793, 33.1545578 ], [ 72.6408642, 33.1539508 ], [ 72.6384028, 33.1526734 ], [ 72.6371411, 33.1520123 ], [ 72.6360768, 33.1514015 ], [ 72.6352549, 33.1509003 ], [ 72.6345833, 33.1504745 ], [ 72.6334106, 33.1497015 ], [ 72.6324032, 33.1490229 ], [ 72.6311501, 33.1481533 ], [ 72.629382, 33.1469173 ], [ 72.6275041, 33.1456306 ], [ 72.6269036, 33.1452197 ], [ 72.625599, 33.1442854 ], [ 72.6249552, 33.1436171 ], [ 72.6244832, 33.1431571 ], [ 72.6241742, 33.142840899999989 ], [ 72.6237021, 33.1423019 ], [ 72.6234532, 33.1419354 ], [ 72.6232644, 33.1415042 ], [ 72.6230326, 33.1408286 ], [ 72.6228781, 33.1401746 ], [ 72.6228095, 33.1394991 ], [ 72.6227751, 33.1391397 ], [ 72.6228695, 33.1384641 ], [ 72.6229811, 33.1378317 ], [ 72.6232129, 33.1370123 ], [ 72.6234103, 33.136538 ], [ 72.6238051, 33.1359127 ], [ 72.624569, 33.1348705 ], [ 72.6252556, 33.1340655 ], [ 72.6259509, 33.1332534 ], [ 72.6263199, 33.1327502 ], [ 72.6266375, 33.1322327 ], [ 72.6269207, 33.1317727 ], [ 72.6272126, 33.1311546 ], [ 72.6273882, 33.1306484 ], [ 72.6275466, 33.1301538 ], [ 72.6276859, 33.1295869 ], [ 72.6278563, 33.1287539 ], [ 72.628019400000014, 33.1277116 ], [ 72.6285258, 33.1240457 ], [ 72.6289206, 33.1212998 ], [ 72.6289893, 33.1205162 ], [ 72.6290493, 33.1197614 ], [ 72.629100800000018, 33.1189491 ], [ 72.629118, 33.1186472 ], [ 72.629015, 33.1181584 ], [ 72.628688900000014, 33.1171663 ], [ 72.6285172, 33.1164762 ], [ 72.6283799, 33.1160233 ], [ 72.6280966, 33.1155848 ], [ 72.6272297, 33.1143842 ], [ 72.6266547, 33.1135503 ], [ 72.6252814, 33.1118824 ], [ 72.6242686, 33.1106315 ], [ 72.6241141, 33.1103583 ], [ 72.6239253, 33.1099916 ], [ 72.6236506, 33.1094668 ], [ 72.6236163, 33.1091289 ], [ 72.6236334, 33.1084531 ], [ 72.6236163, 33.107655 ], [ 72.6236849, 33.107008 ], [ 72.6237708, 33.1062315 ], [ 72.6239253, 33.1054766 ], [ 72.6242257, 33.1039236 ], [ 72.6245089, 33.1024712 ], [ 72.6246634, 33.1017306 ], [ 72.6251698, 33.0989193 ], [ 72.6256676, 33.0962229 ], [ 72.6262341, 33.0933179 ], [ 72.6265431, 33.091664 ], [ 72.6270581, 33.0886294 ], [ 72.6275301, 33.0861843 ], [ 72.6281481, 33.0838759 ], [ 72.6286631, 33.0821859 ], [ 72.6295643, 33.0793379 ], [ 72.6299506, 33.0781657 ], [ 72.6303454, 33.0769933 ], [ 72.6310235, 33.0749364 ], [ 72.6317015, 33.0728434 ], [ 72.6322165, 33.0713402 ], [ 72.6330233, 33.0688228 ], [ 72.633813, 33.0663916 ], [ 72.6342679, 33.0647947 ], [ 72.634594, 33.0634496 ], [ 72.6349717, 33.0614139 ], [ 72.6353407, 33.0596803 ], [ 72.6356154, 33.0581481 ], [ 72.6358386, 33.0570115 ], [ 72.6362935, 33.0549541 ], [ 72.6370574, 33.0509758 ], [ 72.6377697, 33.0474721 ], [ 72.63809590000001, 33.0459037 ], [ 72.6386281, 33.0432488 ], [ 72.6388646, 33.041924099999989 ], [ 72.6391774, 33.0402126 ], [ 72.6393834, 33.0389102 ], [ 72.6394526, 33.0382299 ], [ 72.6395201, 33.0373637 ], [ 72.6395872, 33.0367423 ], [ 72.6396318, 33.0361855 ], [ 72.6397524, 33.0351255 ], [ 72.6398898, 33.0333266 ], [ 72.6399627, 33.0324992 ], [ 72.6400781, 33.0316428 ], [ 72.6402014, 33.0307924 ], [ 72.6403532, 33.029959 ], [ 72.6405249, 33.028965899999989 ], [ 72.6406794, 33.0283615 ], [ 72.6410227, 33.0268746 ], [ 72.6413231, 33.0258716 ], [ 72.6418553, 33.0241948 ], [ 72.6424475, 33.0225397 ], [ 72.6430859, 33.0207459 ], [ 72.643838, 33.0187182 ], [ 72.6442585, 33.0174804 ], [ 72.6445933, 33.0161633 ], [ 72.6448578, 33.01523 ], [ 72.6450831, 33.0142944 ], [ 72.6454398, 33.012401 ], [ 72.6456195, 33.011285 ], [ 72.6457514, 33.010179 ], [ 72.6459837, 33.0083038 ], [ 72.6460867, 33.0070514 ], [ 72.6461881, 33.0063681 ], [ 72.6463206, 33.0056541 ], [ 72.6464507, 33.0050966 ], [ 72.6465517, 33.0047758 ], [ 72.646669500000016, 33.0043986 ], [ 72.6469365, 33.0036324 ], [ 72.6474257, 33.0024807 ], [ 72.6478752, 33.0015404 ], [ 72.6482615, 33.0008575 ], [ 72.6490651, 32.9996661 ], [ 72.6501551, 32.9981185 ], [ 72.6521636, 32.995203 ], [ 72.6530047, 32.994044 ], [ 72.6539231, 32.9928706 ], [ 72.6544981, 32.9922083 ], [ 72.6555624, 32.9910924 ], [ 72.6565924, 32.9901205 ], [ 72.6585494, 32.9884719 ], [ 72.6609183, 32.9864921 ], [ 72.6618968, 32.9856281 ], [ 72.6623635, 32.9851719 ], [ 72.6627722, 32.9847498 ], [ 72.6632185, 32.9842242 ], [ 72.6638966, 32.9833747 ], [ 72.664325800000015, 32.9828203 ], [ 72.6647635, 32.9822083 ], [ 72.665639, 32.9806819 ], [ 72.6660338, 32.9798395 ], [ 72.6663184, 32.9790776 ], [ 72.6665939, 32.9783246 ], [ 72.6670208, 32.9768947 ], [ 72.6679306, 32.9737481 ], [ 72.6690636, 32.9698597 ], [ 72.6702996, 32.9657408 ], [ 72.6709176, 32.9636668 ], [ 72.6715098, 32.9617872 ], [ 72.6716814, 32.9612903 ], [ 72.6721589, 32.9602047 ], [ 72.672823, 32.9589354 ], [ 72.6735354, 32.9577471 ], [ 72.6745997, 32.9559106 ], [ 72.675973, 32.9537284 ], [ 72.6774421, 32.9513673 ], [ 72.6785383, 32.9495404 ], [ 72.680007, 32.9470446 ], [ 72.6814747, 32.9446605 ], [ 72.6827193, 32.9426292 ], [ 72.6829122, 32.9422762 ], [ 72.683121, 32.9419084 ], [ 72.6833558, 32.9414946 ], [ 72.6835776, 32.9410734 ], [ 72.6836975, 32.940783 ], [ 72.6838645, 32.9403539 ], [ 72.6839375, 32.9401218 ], [ 72.6840001, 32.9398941 ], [ 72.6841034, 32.9394347 ], [ 72.684141, 32.9390863 ], [ 72.6841697, 32.9383067 ], [ 72.6841296, 32.937595099999989 ], [ 72.6840129, 32.9369758 ], [ 72.6838497, 32.936412 ], [ 72.6835694, 32.9357979 ], [ 72.6831313, 32.9350513 ], [ 72.6828756, 32.9346751 ], [ 72.6819768, 32.9336835 ], [ 72.6817722, 32.9335181 ], [ 72.6816209, 32.9333846 ], [ 72.6814617, 32.9332598 ], [ 72.6806696, 32.9326787 ], [ 72.6790172, 32.9316438 ], [ 72.6778954, 32.9309541 ], [ 72.6768232, 32.9302753 ], [ 72.6747472, 32.9289576 ], [ 72.673191, 32.9278815 ], [ 72.6722072, 32.9271251 ], [ 72.6712448, 32.926383 ], [ 72.6695357, 32.9249872 ], [ 72.6675187, 32.9233734 ], [ 72.6652904, 32.9215673 ], [ 72.6621231, 32.9190283 ], [ 72.6600934, 32.9173494 ], [ 72.6583148, 32.9159377 ], [ 72.6575128, 32.9152825 ], [ 72.6569239, 32.9148144 ], [ 72.6558771, 32.9141281 ], [ 72.6552337, 32.9135194 ], [ 72.6549938, 32.913288 ], [ 72.6547621, 32.9130718 ], [ 72.654187, 32.9124017 ], [ 72.653732100000013, 32.9119117 ], [ 72.6532172, 32.9112992 ], [ 72.652891, 32.9107516 ], [ 72.6522387, 32.9093681 ], [ 72.6517494, 32.908172 ], [ 72.65114, 32.9064497 ], [ 72.6507538, 32.9052896 ], [ 72.6504191, 32.9042231 ], [ 72.6502388, 32.9035745 ], [ 72.6501702, 32.9030196 ], [ 72.650256, 32.9021188 ], [ 72.6504362, 32.9003893 ], [ 72.6506422, 32.8991858 ], [ 72.6509684, 32.8973409 ], [ 72.6511486, 32.8961085 ], [ 72.6513203, 32.8944293 ], [ 72.6513804, 32.8921591 ], [ 72.6514662, 32.8901843 ], [ 72.6514748, 32.8883392 ], [ 72.651552, 32.8867031 ], [ 72.6517065, 32.8847715 ], [ 72.6518524, 32.8836182 ], [ 72.6520413, 32.8826668 ], [ 72.6522215, 32.8815928 ], [ 72.6524018, 32.8804107 ], [ 72.6524962, 32.8794664 ], [ 72.6525563, 32.8784356 ], [ 72.6526078, 32.8770588 ], [ 72.6524533, 32.8750837 ], [ 72.6523505, 32.8736917 ], [ 72.6523196, 32.8732726 ], [ 72.6522197, 32.8719773 ], [ 72.652082, 32.8701558 ], [ 72.6520373, 32.8695776 ], [ 72.6519306, 32.8682678 ], [ 72.6518204, 32.8668597 ], [ 72.651744, 32.8651891 ], [ 72.6517397, 32.8650338 ], [ 72.6515864, 32.8637007 ], [ 72.6515091, 32.8626265 ], [ 72.651389, 32.8610764 ], [ 72.6513375, 32.8603122 ], [ 72.6513375, 32.859547899999988 ], [ 72.6513375, 32.8590865 ], [ 72.6513718, 32.858827 ], [ 72.6515692, 32.8581637 ], [ 72.6523245, 32.8560511 ], [ 72.6535691, 32.8529507 ], [ 72.6546162, 32.8504127 ], [ 72.65516550000001, 32.8490715 ], [ 72.6559208, 32.8465982 ], [ 72.6561011, 32.8447306 ], [ 72.6561955, 32.8433172 ], [ 72.6562813, 32.8417524 ], [ 72.65635, 32.8402885 ], [ 72.6564701, 32.8390193 ], [ 72.6566075, 32.8382765 ], [ 72.6567963, 32.8376274 ], [ 72.6574915, 32.835738 ], [ 72.6585558, 32.8330696 ], [ 72.659688800000012, 32.8301271 ], [ 72.6605213, 32.8280211 ], [ 72.6607188, 32.8270618 ], [ 72.6608904, 32.8261314 ], [ 72.6609677, 32.8249413 ], [ 72.6610621, 32.8238162 ], [ 72.6611565, 32.8225179 ], [ 72.6612423, 32.8211114 ], [ 72.6613882, 32.8196471 ], [ 72.6614826, 32.8180602 ], [ 72.6616457, 32.816192 ], [ 72.6617058, 32.8151966 ], [ 72.6617401, 32.8138981 ], [ 72.6616939, 32.8133758 ], [ 72.66162, 32.812686299999989 ], [ 72.6614569, 32.8119144 ], [ 72.6612643, 32.8112233 ], [ 72.6609732, 32.8105244 ], [ 72.6607188, 32.8098441 ], [ 72.6602592, 32.8091245 ], [ 72.6595296, 32.8080232 ], [ 72.6593927, 32.8077772 ], [ 72.6592259, 32.8073917 ], [ 72.6589004, 32.8065857 ], [ 72.6587828, 32.8060927 ], [ 72.6587414, 32.8057301 ], [ 72.6587216, 32.8052059 ], [ 72.6587343, 32.8047967 ], [ 72.6587452, 32.8045671 ], [ 72.6587981, 32.8042029 ], [ 72.6589255, 32.8037349 ], [ 72.6594696, 32.8023269 ], [ 72.6596521, 32.8019265 ], [ 72.6598347, 32.8017065 ], [ 72.6602209, 32.8012159 ], [ 72.6607531, 32.8006099 ], [ 72.6614826, 32.799924499999989 ], [ 72.662444, 32.7991669 ], [ 72.6674994, 32.7952348 ], [ 72.6680144, 32.7949102 ], [ 72.6690529, 32.7942752 ], [ 72.6700915, 32.7937269 ], [ 72.6711214, 32.7932146 ], [ 72.6720656, 32.7929043 ], [ 72.6735161, 32.7924859 ], [ 72.6743744, 32.7922405 ], [ 72.6762455, 32.7919736 ], [ 72.6770352, 32.791887 ], [ 72.6782282, 32.7918942 ], [ 72.6799019, 32.7920169 ], [ 72.6809233, 32.7921035 ], [ 72.6870835, 32.7927828 ], [ 72.6885007, 32.7929355 ], [ 72.6912144, 32.7932002 ], [ 72.6944931, 32.7935321 ], [ 72.6973427, 32.7938712 ], [ 72.7000893, 32.7941381 ], [ 72.7017201, 32.7942536 ], [ 72.7024582, 32.7942536 ], [ 72.7030161, 32.7942392 ], [ 72.704089, 32.7940083 ], [ 72.7051876, 32.7936692 ], [ 72.7058399, 32.7934527 ], [ 72.7063549, 32.793229 ], [ 72.7070416, 32.7928033 ], [ 72.7078055, 32.7922333 ], [ 72.7087088, 32.791255 ], [ 72.70979, 32.7898975 ], [ 72.7117108, 32.7874856 ], [ 72.7125674, 32.7863306 ], [ 72.7131922, 32.785488 ], [ 72.7140284, 32.7844439 ], [ 72.7141775, 32.7842579 ], [ 72.7150869, 32.7829737 ], [ 72.7156815, 32.7819347 ], [ 72.7160905, 32.7809722 ], [ 72.7162496, 32.7803853 ], [ 72.7165881, 32.7791345 ], [ 72.7170268, 32.7775929 ], [ 72.717266, 32.7766869 ], [ 72.7175606, 32.7758092 ], [ 72.7180622, 32.7740779 ], [ 72.7185515, 32.7723963 ], [ 72.7189549, 32.7710468 ], [ 72.7191232, 32.7705729 ], [ 72.719224, 32.770338 ], [ 72.7193418, 32.7700663 ], [ 72.7195226, 32.7697547 ], [ 72.719647, 32.7695595 ], [ 72.7198116, 32.7693619 ], [ 72.7199433, 32.7691885 ], [ 72.7202058, 32.7689275 ], [ 72.7204723, 32.7686663 ], [ 72.7206827, 32.7685087 ], [ 72.7208998, 32.7683546 ], [ 72.7212189, 32.7681614 ], [ 72.7215688, 32.7679713 ], [ 72.7219673, 32.7677983 ], [ 72.7223967, 32.7676475 ], [ 72.7227961, 32.7675378 ], [ 72.7231197, 32.7674596 ], [ 72.723687, 32.7673713 ], [ 72.7259249, 32.7671151 ], [ 72.7279242, 32.7668536 ], [ 72.7299326, 32.7666443 ], [ 72.731563400000013, 32.7664133 ], [ 72.7320231, 32.7663328 ], [ 72.7324734, 32.7662126 ], [ 72.7327221, 32.7661391 ], [ 72.7332886, 32.7659514 ], [ 72.7339205, 32.765642 ], [ 72.7342059, 32.7654656 ], [ 72.7344819, 32.7652746 ], [ 72.7347444, 32.7650577 ], [ 72.7349948, 32.764842 ], [ 72.7355459, 32.7642842 ], [ 72.7359837, 32.7635841 ], [ 72.7363013, 32.7630933 ], [ 72.7365588, 32.7625736 ], [ 72.7367047, 32.7617508 ], [ 72.736996500000018, 32.7599247 ], [ 72.7371252, 32.7587337 ], [ 72.7372454, 32.7582862 ], [ 72.737357, 32.7579975 ], [ 72.7377003, 32.7573262 ], [ 72.7381037, 32.7566838 ], [ 72.7393912, 32.7548792 ], [ 72.7397173, 32.7543234 ], [ 72.7401465, 32.7535944 ], [ 72.7417768, 32.7492031 ], [ 72.742163, 32.748120299999989 ], [ 72.744541, 32.7414233 ], [ 72.7448586, 32.7404559 ], [ 72.7451676, 32.7393513 ], [ 72.7455796, 32.737698 ], [ 72.7459181, 32.7360279 ], [ 72.7461975, 32.7343914 ], [ 72.7463692, 32.7331856 ], [ 72.7464722, 32.7323336 ], [ 72.7466181, 32.7305936 ], [ 72.7466954, 32.7289112 ], [ 72.7467125, 32.7271928 ], [ 72.7467297, 32.7259725 ], [ 72.7468069, 32.7245283 ], [ 72.7468327, 32.7235463 ], [ 72.7468498, 32.7230192 ], [ 72.7469443, 32.7222321 ], [ 72.7470387, 32.72151 ], [ 72.7471588, 32.7207157 ], [ 72.7474163, 32.7197697 ], [ 72.7480086, 32.7176467 ], [ 72.7486265, 32.7156175 ], [ 72.7490729, 32.7141226 ], [ 72.7494934, 32.7126133 ], [ 72.7499998, 32.7104612 ], [ 72.7503861, 32.7084029 ], [ 72.7506436, 32.7063518 ], [ 72.7511414, 32.7025384 ], [ 72.7513817, 32.7007978 ], [ 72.7515448, 32.699866 ], [ 72.7515791, 32.699476 ], [ 72.7517594, 32.6988982 ], [ 72.7521799, 32.6975547 ], [ 72.7524117, 32.6970708 ], [ 72.7526949, 32.6965363 ], [ 72.7529593, 32.6960459 ], [ 72.7534588, 32.6953661 ], [ 72.7539418, 32.6947489 ], [ 72.754304, 32.6943681 ], [ 72.7547267, 32.6940115 ], [ 72.756008, 32.6930764 ], [ 72.7568148, 32.6923829 ], [ 72.7572268, 32.6920001 ], [ 72.7580078, 32.6914945 ], [ 72.7593725, 32.6907288 ], [ 72.760042, 32.6903532 ], [ 72.7603939, 32.6900425 ], [ 72.7606943, 32.6897392 ], [ 72.7610205, 32.6892913 ], [ 72.7611922, 32.6886123 ], [ 72.7612179, 32.687861 ], [ 72.7609518, 32.687182 ], [ 72.7605698, 32.6865501 ], [ 72.7604652, 32.6864313 ], [ 72.7599302, 32.6860067 ], [ 72.7592387, 32.685594 ], [ 72.7580937, 32.6848848 ], [ 72.7576903, 32.6845525 ], [ 72.7572354, 32.6841263 ], [ 72.7570294, 32.6838084 ], [ 72.7569693, 32.6835122 ], [ 72.756995, 32.6832377 ], [ 72.7571924, 32.6828693 ], [ 72.7575186, 32.6823997 ], [ 72.7578448, 32.6820818 ], [ 72.7584198, 32.6815111 ], [ 72.7586671, 32.6812714 ], [ 72.7587712, 32.6811346 ], [ 72.7588275, 32.6808971 ], [ 72.7588073, 32.6806279 ], [ 72.7586763, 32.6803938 ], [ 72.7584955, 32.6802085 ], [ 72.7583528, 32.6801047 ], [ 72.7581758, 32.6800249 ], [ 72.7579555, 32.6799698 ], [ 72.7576955, 32.6799588 ], [ 72.7574883, 32.6799922 ], [ 72.757236, 32.6800894 ], [ 72.7570358, 32.6802266 ], [ 72.7568453, 32.6804758 ], [ 72.7567238, 32.6807353 ], [ 72.7565563, 32.6809617 ], [ 72.756243, 32.681127 ], [ 72.755928, 32.6811906 ], [ 72.7555981, 32.6811409 ], [ 72.755369700000017, 32.6810282 ], [ 72.7551692, 32.6808496 ], [ 72.7550189, 32.6805477 ], [ 72.7550134, 32.6802898 ], [ 72.7550447, 32.6800091 ], [ 72.755167, 32.6787877 ], [ 72.7553129, 32.6771601 ], [ 72.7553317, 32.6767942 ], [ 72.7552957, 32.6764635 ], [ 72.755213, 32.6760497 ], [ 72.7550653, 32.6756773 ], [ 72.7547518, 32.6751829 ], [ 72.7542107, 32.6746598 ], [ 72.7533948, 32.6740265 ], [ 72.7513707, 32.6724869 ], [ 72.7510135, 32.6721856 ], [ 72.7508364, 32.6719988 ], [ 72.7505927, 32.6717249 ], [ 72.750348, 32.671534 ], [ 72.7494891, 32.6708546 ], [ 72.7490776, 32.6705774 ], [ 72.7489035, 32.670482 ], [ 72.7485785, 32.670313 ], [ 72.7483495, 32.6701787 ], [ 72.7480601, 32.6698649 ], [ 72.7475504, 32.6691747 ], [ 72.7470558, 32.6683837 ], [ 72.7467374, 32.6678863 ], [ 72.7466366, 32.6677671 ], [ 72.7465023, 32.6676548 ], [ 72.7453478, 32.6667725 ], [ 72.7445339, 32.6661378 ], [ 72.7444104, 32.6660356 ], [ 72.7443231, 32.6659048 ], [ 72.744238, 32.6657489 ], [ 72.7441911, 32.6655643 ], [ 72.7441954, 32.6653904 ], [ 72.7442444, 32.6651987 ], [ 72.7443082, 32.6650661 ], [ 72.7443806, 32.6649424 ], [ 72.7444977, 32.6648313 ], [ 72.7446212, 32.6647417 ], [ 72.7447468, 32.6646664 ], [ 72.7449086, 32.6646091 ], [ 72.7450746, 32.6645696 ], [ 72.7452832, 32.6645571 ], [ 72.7454514, 32.6645517 ], [ 72.745606, 32.6645352 ], [ 72.7457391, 32.6645162 ], [ 72.7458847, 32.664481 ], [ 72.7460284, 32.6644299 ], [ 72.7461956, 32.664346 ], [ 72.7463117, 32.6642685 ], [ 72.7463948, 32.6642001 ], [ 72.7464903, 32.6641032 ], [ 72.7465987, 32.6639555 ], [ 72.7466883, 32.6637649 ], [ 72.74675, 32.6635553 ], [ 72.7467607, 32.663419 ], [ 72.7467564, 32.663281 ], [ 72.7467224, 32.6630642 ], [ 72.7466287, 32.6626269 ], [ 72.7464371, 32.661505 ], [ 72.7463328, 32.660978 ], [ 72.7462966, 32.6608221 ], [ 72.7462455, 32.6606501 ], [ 72.7461646, 32.6604637 ], [ 72.7459773, 32.660144599999988 ], [ 72.7458214, 32.659897 ], [ 72.7457133, 32.6597252 ], [ 72.7451172, 32.6587825 ], [ 72.7445324, 32.6578558 ], [ 72.7441379, 32.657259 ], [ 72.7440442, 32.6571479 ], [ 72.7439421, 32.6570332 ], [ 72.743825, 32.6569203 ], [ 72.7437079, 32.6568235 ], [ 72.743305, 32.6565623 ], [ 72.7425669, 32.6561721 ], [ 72.7419832, 32.6558501 ], [ 72.7414087, 32.6555384 ], [ 72.7412363, 32.655438 ], [ 72.7410872, 32.6553215 ], [ 72.7409318, 32.6551943 ], [ 72.7407551, 32.6550401 ], [ 72.7397463, 32.6541316 ], [ 72.739405600000012, 32.6538155 ], [ 72.739132, 32.6535738 ], [ 72.738955, 32.6533977 ], [ 72.7388546, 32.653281 ], [ 72.7387433, 32.6531086 ], [ 72.738686, 32.6529165 ], [ 72.7386816, 32.6527675 ], [ 72.7387352, 32.6525547 ], [ 72.7388417, 32.6523796 ], [ 72.738949, 32.652270099999988 ], [ 72.7390865, 32.6521736 ], [ 72.7392544, 32.6520971 ], [ 72.7394117, 32.6520554 ], [ 72.7395904, 32.6520372 ], [ 72.739803, 32.6520551 ], [ 72.7400467, 32.6520698 ], [ 72.740288, 32.6520663 ], [ 72.7404625, 32.6520525 ], [ 72.7406321, 32.6520299 ], [ 72.740805, 32.6519973 ], [ 72.7410063, 32.6519464 ], [ 72.741192, 32.6518778 ], [ 72.7414629, 32.6517717 ], [ 72.7421549, 32.6514939 ], [ 72.7427101, 32.6512387 ], [ 72.7430483, 32.6510733 ], [ 72.7432489, 32.6509501 ], [ 72.7434152, 32.6508091 ], [ 72.7435832, 32.6506064 ], [ 72.7436777, 32.650438 ], [ 72.7437343, 32.6502879 ], [ 72.7437785, 32.650043599999989 ], [ 72.7437769, 32.6498801 ], [ 72.7437464, 32.649698 ], [ 72.7437042, 32.6495486 ], [ 72.743648800000017, 32.6493273 ], [ 72.7436417, 32.6491242 ], [ 72.743672500000017, 32.6489232 ], [ 72.7437534, 32.648701 ], [ 72.7438955, 32.6484752 ], [ 72.7440531, 32.6483076 ], [ 72.7442103, 32.6481849 ], [ 72.744340800000018, 32.6481055 ], [ 72.7444795, 32.6480387 ], [ 72.7446573, 32.6479745 ], [ 72.744824200000011, 32.6479335 ], [ 72.7450156, 32.6479041 ], [ 72.7452247, 32.6478992 ], [ 72.7454178, 32.6479167 ], [ 72.7455748, 32.6479472 ], [ 72.745708, 32.6479853 ], [ 72.7458671, 32.6480473 ], [ 72.7460156, 32.6481241 ], [ 72.7461985, 32.6482509 ], [ 72.7463236, 32.6483661 ], [ 72.7464338, 32.6484977 ], [ 72.7465072, 32.6486111 ], [ 72.7465639, 32.6487246 ], [ 72.7466018, 32.6488253 ], [ 72.7466679, 32.649072 ], [ 72.7467034, 32.6492413 ], [ 72.7467558, 32.6493964 ], [ 72.7468216, 32.649496 ], [ 72.7469011, 32.6495913 ], [ 72.7469957, 32.6496795 ], [ 72.7471444, 32.6497819 ], [ 72.7473015, 32.6498517 ], [ 72.7474401, 32.6498929 ], [ 72.7475617, 32.6499143 ], [ 72.7476885, 32.6499185 ], [ 72.747827, 32.6499128 ], [ 72.7479385, 32.6499014 ], [ 72.7480669, 32.6498716 ], [ 72.7481818, 32.6498275 ], [ 72.748842, 32.6495886 ], [ 72.7499933, 32.6491599 ], [ 72.7508925, 32.6487938 ], [ 72.7511586, 32.6485697 ], [ 72.7513989, 32.6482662 ], [ 72.7518023, 32.6477459 ], [ 72.7520169, 32.6474929 ], [ 72.7523001, 32.6472111 ], [ 72.7529009, 32.6468642 ], [ 72.7537592, 32.6463511 ], [ 72.7548836, 32.6458018 ], [ 72.7553728, 32.6456356 ], [ 72.7557028, 32.6454977 ], [ 72.7560986, 32.6454336 ], [ 72.7570208, 32.6454043 ], [ 72.7578343, 32.6453652 ], [ 72.758626, 32.6452456 ], [ 72.7592604, 32.6450832 ], [ 72.759641, 32.6449165 ], [ 72.7599252, 32.6447157 ], [ 72.7604025, 32.6442913 ], [ 72.7628058, 32.6417762 ], [ 72.7635611, 32.6410679 ], [ 72.7653549, 32.6396947 ], [ 72.7702902, 32.6359434 ], [ 72.7737749, 32.6332618 ], [ 72.774735100000015, 32.63242 ], [ 72.7757061, 32.6315271 ], [ 72.7765068, 32.6306757 ], [ 72.7774313, 32.6296043 ], [ 72.778118, 32.6287586 ], [ 72.7782896, 32.628549 ], [ 72.7795771, 32.6264744 ], [ 72.7800148, 32.6256286 ], [ 72.7812165, 32.6231347 ], [ 72.7825897, 32.6202286 ], [ 72.7834824, 32.61832 ], [ 72.7851046, 32.6147342 ], [ 72.7867869, 32.6107217 ], [ 72.7885378, 32.6062534 ], [ 72.7898081, 32.6028985 ], [ 72.7911557, 32.599529 ], [ 72.7920311, 32.5972512 ], [ 72.7927092, 32.595523 ], [ 72.7934216, 32.593679 ], [ 72.7949837, 32.5898463 ], [ 72.7956789, 32.5882915 ], [ 72.7965029, 32.586498 ], [ 72.7972925, 32.5847985 ], [ 72.7984598, 32.582477 ], [ 72.7990407, 32.5813544 ], [ 72.8001936, 32.5791429 ], [ 72.8007429, 32.5780724 ], [ 72.8013317, 32.5769255 ], [ 72.8019274, 32.5757652 ], [ 72.8035582, 32.5726044 ], [ 72.8040987, 32.571573 ], [ 72.8044114, 32.5709764 ], [ 72.8056696, 32.5685755 ], [ 72.8070858, 32.565826799999989 ], [ 72.8090513, 32.5620291 ], [ 72.8105877, 32.5590559 ], [ 72.8131197, 32.5541872 ], [ 72.8148621, 32.5509244 ], [ 72.8162182, 32.5481028 ], [ 72.817368300000012, 32.5455488 ], [ 72.818261, 32.5433131 ], [ 72.8191865, 32.5410156 ], [ 72.8194969, 32.5402452 ], [ 72.8207329, 32.5372062 ], [ 72.8223551, 32.5332915 ], [ 72.822364, 32.5332708 ], [ 72.8228529, 32.5321337 ], [ 72.8233991, 32.5308021 ], [ 72.8236404, 32.5301914 ], [ 72.8237551, 32.5299188 ], [ 72.8239601, 32.5294345 ], [ 72.8252905, 32.526170799999989 ], [ 72.8267496, 32.5227188 ], [ 72.8288868, 32.5175803 ], [ 72.8305262, 32.5136069 ], [ 72.8323887, 32.5091845 ], [ 72.8342598, 32.5046895 ], [ 72.835161, 32.5026482 ], [ 72.8362339, 32.5006937 ], [ 72.8370751, 32.4992677 ], [ 72.8381565, 32.497552 ], [ 72.8389977, 32.4963793 ], [ 72.8398474, 32.495221 ], [ 72.8412808, 32.493498 ], [ 72.8423708, 32.4922963 ], [ 72.8434094, 32.4912031 ], [ 72.8449543, 32.4897335 ], [ 72.8463448, 32.4884375 ], [ 72.8478983, 32.487062 ], [ 72.8497694, 32.4854257 ], [ 72.8516062, 32.483753299999989 ], [ 72.8547734, 32.4809657 ], [ 72.8562731, 32.479693 ], [ 72.8621919, 32.4743666 ], [ 72.8653219, 32.4715961 ], [ 72.8697594, 32.4677076 ], [ 72.8727287, 32.4652233 ], [ 72.8728407, 32.465129499999989 ], [ 72.8755389, 32.4630236 ], [ 72.876222400000017, 32.4624863 ], [ 72.8766011, 32.4621965 ], [ 72.8773081, 32.4616583 ], [ 72.8786944, 32.4606323 ], [ 72.87962, 32.4599727 ], [ 72.8797585, 32.4598638 ], [ 72.8816448, 32.4584758 ], [ 72.883395900000011, 32.4572096 ], [ 72.8841179, 32.4566745 ], [ 72.8855881, 32.4556186 ], [ 72.8861642, 32.4551956 ], [ 72.886746, 32.4547695 ], [ 72.888377, 32.4536173 ], [ 72.8889887, 32.453199 ], [ 72.890497, 32.4522204 ], [ 72.8912657, 32.4517283 ], [ 72.893174, 32.4505943 ], [ 72.894779, 32.4496962 ], [ 72.8992766, 32.447306 ], [ 72.9034222, 32.4451837 ], [ 72.905937, 32.4438582 ], [ 72.9087265, 32.4424095 ], [ 72.910735, 32.4413954 ], [ 72.9150694, 32.4391571 ], [ 72.9173611, 32.4379691 ], [ 72.921069, 32.4360639 ], [ 72.9257041, 32.4336604 ], [ 72.9264334, 32.4332822 ], [ 72.9323214, 32.4302613 ], [ 72.938278, 32.4271461 ], [ 72.9429129, 32.4247481 ], [ 72.9458826, 32.4230817 ], [ 72.9467324, 32.4225891 ], [ 72.9471701, 32.4222848 ], [ 72.9479683, 32.4217051 ], [ 72.9485863, 32.4212777 ], [ 72.9495133, 32.4205532 ], [ 72.9506977, 32.4194881 ], [ 72.9514788, 32.4187201 ], [ 72.9522856, 32.4179013 ], [ 72.9529293, 32.4171768 ], [ 72.954131, 32.4156697 ], [ 72.9561909, 32.412967 ], [ 72.9586714, 32.4096628 ], [ 72.9600619, 32.4077788 ], [ 72.961418, 32.4059962 ], [ 72.9646366, 32.4016917 ], [ 72.9660443, 32.3998003 ], [ 72.9683874, 32.3966768 ], [ 72.9701813, 32.3942635 ], [ 72.9720953, 32.3917341 ], [ 72.9736231, 32.3897047 ], [ 72.9750222, 32.3878421 ], [ 72.9769448, 32.3852763 ], [ 72.9783953, 32.3832468 ], [ 72.9788161, 32.3826249 ], [ 72.9789789, 32.3823842 ], [ 72.979399500000014, 32.3817101 ], [ 72.9808672, 32.3792021 ], [ 72.9814595, 32.3780351 ], [ 72.9821265, 32.3766529 ], [ 72.9821976, 32.3765056 ], [ 72.9822596, 32.3763503 ], [ 72.982704, 32.3752371 ], [ 72.9835022, 32.3732001 ], [ 72.9840945, 32.371627 ], [ 72.9844721, 32.3706411 ], [ 72.9849871, 32.3693363 ], [ 72.9853648, 32.3685678 ], [ 72.9862402, 32.3666902 ], [ 72.9870384, 32.3651678 ], [ 72.987845300000018, 32.3638338 ], [ 72.9884804, 32.3628551 ], [ 72.9893387, 32.3615646 ], [ 72.9903515, 32.3601871 ], [ 72.9913815, 32.3588966 ], [ 72.9925059, 32.3575625 ], [ 72.994274, 32.3556701 ], [ 72.9956558, 32.3542418 ], [ 72.9980419, 32.351733 ], [ 73.0007862, 32.3488301 ], [ 73.0014342, 32.3481446 ], [ 73.0020245, 32.3475202 ], [ 73.0041273, 32.3451346 ], [ 73.0052552, 32.3437653 ], [ 73.00559, 32.3433354 ], [ 73.0059731, 32.3428578 ], [ 73.0069157, 32.3415817 ], [ 73.0078519, 32.3402742 ], [ 73.0087418, 32.3389212 ], [ 73.0090725, 32.3384086 ], [ 73.0094009, 32.3378961 ], [ 73.0101655, 32.3366382 ], [ 73.0108599, 32.335451 ], [ 73.011611800000011, 32.3342787 ], [ 73.0127095, 32.3323376 ], [ 73.0129916, 32.331886 ], [ 73.0131207, 32.3316795 ], [ 73.0141139, 32.3300265 ], [ 73.0149687, 32.3285719 ], [ 73.0155874, 32.3275214 ], [ 73.0159842, 32.3268492 ], [ 73.0161946, 32.3264822 ], [ 73.0163873, 32.3261151 ], [ 73.016728, 32.3254822 ], [ 73.0168695, 32.3251986 ], [ 73.017186, 32.3246089 ], [ 73.0173505, 32.324286 ], [ 73.0175061, 32.3239819 ], [ 73.0178444, 32.3232249 ], [ 73.0181091, 32.3226023 ], [ 73.0183989, 32.3220606 ], [ 73.0187629, 32.3211729 ], [ 73.0192571, 32.319844 ], [ 73.0198199, 32.3185506 ], [ 73.0200445, 32.3180393 ], [ 73.0205819, 32.3170361 ], [ 73.0208895, 32.3164417 ], [ 73.0211195, 32.3160225 ], [ 73.0214158, 32.3154646 ], [ 73.0219724, 32.314474 ], [ 73.0226579, 32.3133211 ], [ 73.0232175, 32.3123761 ], [ 73.0238888, 32.3113028 ], [ 73.0250486, 32.3093057 ], [ 73.0256268, 32.3082632 ], [ 73.0259488, 32.3076515 ], [ 73.0262169, 32.3071456 ], [ 73.0264374, 32.306698 ], [ 73.026638, 32.3062682 ], [ 73.0268086, 32.3058714 ], [ 73.0269974, 32.3054022 ], [ 73.0272024, 32.3048395 ], [ 73.0273767, 32.304319 ], [ 73.0275312, 32.3037836 ], [ 73.027786, 32.3027742 ], [ 73.0279067, 32.3022034 ], [ 73.0280511, 32.3014249 ], [ 73.028132, 32.3007955 ], [ 73.0282035, 32.3002085 ], [ 73.0283336, 32.2989404 ], [ 73.0284649, 32.2981259 ], [ 73.0288266, 32.2964351 ], [ 73.0289392, 32.2959499 ], [ 73.0292114, 32.2948397 ], [ 73.0300868, 32.2912991 ], [ 73.0305477, 32.2894495 ], [ 73.0310051, 32.2874898 ], [ 73.0311812, 32.2865247 ], [ 73.0312885, 32.2857934 ], [ 73.031370200000012, 32.2850587 ], [ 73.031429, 32.2841764 ], [ 73.0314602, 32.2834916 ], [ 73.0314503, 32.2822542 ], [ 73.0314172, 32.2802546 ], [ 73.0313787, 32.2776717 ], [ 73.0313443, 32.274976 ], [ 73.0313786, 32.2733035 ], [ 73.0314301, 32.2714239 ], [ 73.0315245, 32.2692902 ], [ 73.031581, 32.2676645 ], [ 73.0315944, 32.267281 ], [ 73.031653, 32.2656182 ], [ 73.0317047, 32.2635785 ], [ 73.0316845, 32.2628178 ], [ 73.0316674, 32.2620653 ], [ 73.0316102, 32.2607467 ], [ 73.0314971, 32.2589653 ], [ 73.0314042, 32.2572927 ], [ 73.0313949, 32.2566033 ], [ 73.0314091, 32.255996 ], [ 73.0314504, 32.2552225 ], [ 73.0315224, 32.25464 ], [ 73.0316061, 32.2539722 ], [ 73.0320051, 32.2518998 ], [ 73.0321071, 32.2512075 ], [ 73.0321741, 32.2506368 ], [ 73.0322176, 32.250086 ], [ 73.0322487, 32.2488338 ], [ 73.0322025, 32.2480081 ], [ 73.0320974, 32.2470989 ], [ 73.0319461, 32.2460236 ], [ 73.0317841, 32.2450627 ], [ 73.0316371, 32.2440473 ], [ 73.0315835, 32.2435119 ], [ 73.0315465, 32.2429285 ], [ 73.0315256, 32.2407233 ], [ 73.0315159, 32.2377078 ], [ 73.0315155, 32.2374652 ], [ 73.0315107, 32.2344787 ], [ 73.0315073, 32.2341867 ], [ 73.0315077, 32.2339523 ], [ 73.0315202, 32.2271267 ], [ 73.0315492, 32.2260476 ], [ 73.0316071, 32.2252716 ], [ 73.0317005, 32.2245273 ], [ 73.0318367, 32.2236796 ], [ 73.0320137, 32.2228083 ], [ 73.0322294, 32.221946 ], [ 73.0324526, 32.2211446 ], [ 73.0329214, 32.2198394 ], [ 73.0336209, 32.2179596 ], [ 73.033858, 32.2172634 ], [ 73.0340726, 32.2165499 ], [ 73.0343055, 32.215605 ], [ 73.0346627, 32.2139759 ], [ 73.0347077, 32.2137508 ], [ 73.0348509, 32.2128782 ], [ 73.0349663, 32.2119605 ], [ 73.0350682, 32.2107531 ], [ 73.0351336, 32.2088078 ], [ 73.0351508, 32.207556 ], [ 73.035198, 32.2044295 ], [ 73.0352579, 32.2001325 ], [ 73.035301, 32.1986846 ], [ 73.0353749, 32.1975642 ], [ 73.0354347, 32.1967522 ], [ 73.0356031, 32.1952896 ], [ 73.0357559, 32.1942032 ], [ 73.0360017, 32.192865 ], [ 73.0363575, 32.1912831 ], [ 73.0365498, 32.1904938 ], [ 73.0367325, 32.1898835 ], [ 73.0367827, 32.1897087 ], [ 73.0370595, 32.1887637 ], [ 73.0372036, 32.188284 ], [ 73.0374125, 32.1876877 ], [ 73.0379103, 32.1863439 ], [ 73.0381935, 32.1856029 ], [ 73.03869, 32.1844436 ], [ 73.0393645, 32.1829969 ], [ 73.0400952, 32.181612 ], [ 73.040408, 32.1810192 ], [ 73.0411139, 32.179786 ], [ 73.0415841, 32.1790467 ], [ 73.042036, 32.1783425 ], [ 73.0423099, 32.1779296 ], [ 73.0427168, 32.1773142 ], [ 73.0431552, 32.1766621 ], [ 73.0435935, 32.1759224 ], [ 73.0442618, 32.1747279 ], [ 73.0449742, 32.1733912 ], [ 73.0458411, 32.1718074 ], [ 73.046725100000018, 32.169824 ], [ 73.0468012, 32.1696489 ], [ 73.0469399, 32.1693204 ], [ 73.0472143, 32.1686978 ], [ 73.0479096, 32.1668524 ], [ 73.0483387, 32.1658279 ], [ 73.0494459, 32.162769 ], [ 73.0497968, 32.1618437 ], [ 73.0508621, 32.1590343 ], [ 73.0513399, 32.1577933 ], [ 73.051521, 32.1572889 ], [ 73.0521239, 32.1557572 ], [ 73.0529478, 32.153817 ], [ 73.0537375, 32.1521239 ], [ 73.05457, 32.1505833 ], [ 73.0552996, 32.1492535 ], [ 73.0562609, 32.1477492 ], [ 73.0569561, 32.1466664 ], [ 73.0583809, 32.1446533 ], [ 73.0589731, 32.1438321 ], [ 73.0595997, 32.1428147 ], [ 73.0601497, 32.1418746 ], [ 73.0606847, 32.1407845 ], [ 73.0611447, 32.1397041 ], [ 73.0616253, 32.138534 ], [ 73.0622605, 32.1361647 ], [ 73.062415, 32.1349218 ], [ 73.062578, 32.1335482 ], [ 73.062578, 32.1325524 ], [ 73.0625094, 32.1304082 ], [ 73.062578, 32.1278424 ], [ 73.0626553, 32.1262796 ], [ 73.0626896, 32.1255818 ], [ 73.0627411, 32.1249131 ], [ 73.0630673, 32.1219546 ], [ 73.0634964, 32.1193304 ], [ 73.0637883, 32.1177529 ], [ 73.0641487, 32.1160664 ], [ 73.0646036, 32.1143071 ], [ 73.0649126, 32.1131512 ], [ 73.0657452, 32.1101778 ], [ 73.0662773, 32.1084039 ], [ 73.0673502, 32.1046596 ], [ 73.0681828, 32.1019259 ], [ 73.0692986, 32.0981523 ], [ 73.070629, 32.0937023 ], [ 73.0713242, 32.0912227 ], [ 73.0716058, 32.0904607 ], [ 73.0722512, 32.0881031 ], [ 73.0726116, 32.0865178 ], [ 73.073264, 32.0829763 ], [ 73.0736931, 32.0798565 ], [ 73.0742768, 32.0756529 ], [ 73.0748089, 32.0715363 ], [ 73.0754097, 32.0673905 ], [ 73.0757882, 32.0644285 ], [ 73.0759057, 32.0635233 ], [ 73.0760878, 32.0621171 ], [ 73.0764139, 32.0598476 ], [ 73.0768088, 32.0569816 ], [ 73.0771263, 32.0545301 ], [ 73.0772808, 32.0533589 ], [ 73.077504, 32.0520276 ], [ 73.0776842, 32.051031 ], [ 73.0779074, 32.0500561 ], [ 73.0782851, 32.0484484 ], [ 73.0786713, 32.0469934 ], [ 73.0794609, 32.044709 ], [ 73.0799305, 32.0433711 ], [ 73.0800674, 32.0429944 ], [ 73.080198, 32.0426464 ], [ 73.0808129, 32.0411785 ], [ 73.081478, 32.0397689 ], [ 73.0834148, 32.0357422 ], [ 73.0857014, 32.0310353 ], [ 73.0859231, 32.0305768 ], [ 73.087057, 32.0282059 ], [ 73.087932, 32.0263815 ], [ 73.0887674, 32.0246409 ], [ 73.0892512, 32.0236623 ], [ 73.0900909, 32.0219405 ], [ 73.0909731, 32.0201195 ], [ 73.0917824, 32.0184486 ], [ 73.0927784, 32.0165038 ], [ 73.093593, 32.0150172 ], [ 73.0943429, 32.0136876 ], [ 73.0957031, 32.0113755 ], [ 73.0966209, 32.0098814 ], [ 73.0980062, 32.0077298 ], [ 73.0991596, 32.0060264 ], [ 73.0998406, 32.0050581 ], [ 73.100575300000017, 32.0039873 ], [ 73.1010818, 32.0031844 ], [ 73.1015563, 32.0024078 ], [ 73.1022947, 32.0010182 ], [ 73.1030362, 31.9994818 ], [ 73.1031967, 31.9991084 ], [ 73.1034553, 31.9984829 ], [ 73.1037506, 31.9977269 ], [ 73.1039451, 31.9971525 ], [ 73.1041705, 31.996444 ], [ 73.1043849, 31.9956964 ], [ 73.1045715, 31.994941 ], [ 73.1048167, 31.9939563 ], [ 73.104904, 31.9935709 ], [ 73.1049983, 31.9930067 ], [ 73.1050906, 31.9923879 ], [ 73.105174, 31.9917868 ], [ 73.1052769, 31.99092580000001 ], [ 73.1053438, 31.9900593 ], [ 73.1054217, 31.9889615 ], [ 73.1054629, 31.9884024 ], [ 73.1055373, 31.9876649 ], [ 73.1056046, 31.9870962 ], [ 73.1056773, 31.9865157 ], [ 73.1057756, 31.9858926 ], [ 73.1059066, 31.9851695 ], [ 73.1060625, 31.9844379 ], [ 73.1062531, 31.9836291 ], [ 73.106406600000014, 31.9830299 ], [ 73.1067004, 31.9820442 ], [ 73.1068885, 31.9814283 ], [ 73.1072965, 31.9802541 ], [ 73.1075744, 31.9795252 ], [ 73.107871, 31.9788092 ], [ 73.1082144, 31.9780185 ], [ 73.1087094, 31.9770033 ], [ 73.1093262, 31.975794 ], [ 73.1100471, 31.9745973 ], [ 73.1108973, 31.9731857 ], [ 73.1113127, 31.9725241 ], [ 73.1130057, 31.9698468 ], [ 73.1142345, 31.9679295 ], [ 73.1145175, 31.9674764 ], [ 73.1147186, 31.9671964 ], [ 73.1152263, 31.9665413 ], [ 73.1156368, 31.9660103 ], [ 73.1161023, 31.9654322 ], [ 73.1170374, 31.9643336 ], [ 73.117552, 31.9637574 ], [ 73.1182653, 31.9629964 ], [ 73.1186311, 31.9626416 ], [ 73.1191478, 31.9621634 ], [ 73.1201284, 31.9612451 ], [ 73.1208752, 31.9606108 ], [ 73.1214817, 31.9601478 ], [ 73.1218407, 31.9598433 ], [ 73.1226502, 31.9592248 ], [ 73.1233915, 31.9586842 ], [ 73.1241126, 31.9581582 ], [ 73.1250264, 31.9575737 ], [ 73.1271004, 31.9563288 ], [ 73.1284197, 31.9556552 ], [ 73.1299642, 31.9548868 ], [ 73.132335, 31.9537844 ], [ 73.1343387, 31.9528513 ], [ 73.1353407, 31.9523847 ], [ 73.1359137, 31.9521037 ], [ 73.136519, 31.951836 ], [ 73.137011, 31.9516236 ], [ 73.1375089, 31.951375 ], [ 73.1383105, 31.9509061 ], [ 73.1387726, 31.9506246 ], [ 73.1391133, 31.9503652 ], [ 73.1394805, 31.9500788 ], [ 73.1400096, 31.9496271 ], [ 73.140919, 31.9487786 ], [ 73.1417559, 31.9481281 ], [ 73.1425216, 31.9476286 ], [ 73.1433085, 31.9471798 ], [ 73.14381, 31.9469329 ], [ 73.1444619, 31.9466615 ], [ 73.1451904, 31.9464125 ], [ 73.1459058, 31.9462166 ], [ 73.1468359, 31.9459946 ], [ 73.1481637, 31.9456896 ], [ 73.1489981, 31.9454904 ], [ 73.1497447, 31.9453074 ], [ 73.1506695, 31.9450541 ], [ 73.1511555, 31.9449151 ], [ 73.1518934, 31.9447323 ], [ 73.1528042, 31.9444993 ], [ 73.1533602, 31.9443419 ], [ 73.1540831, 31.944196 ], [ 73.1557119, 31.9437861 ], [ 73.15681, 31.9434776 ], [ 73.1573593, 31.9433403 ], [ 73.1577565, 31.9432782 ], [ 73.1579412, 31.9432395 ], [ 73.1597691, 31.9427381 ], [ 73.1602899, 31.9426026 ], [ 73.1609844, 31.9424081 ], [ 73.1619187, 31.9421905 ], [ 73.1622955, 31.9420998 ], [ 73.1629964, 31.9419059 ], [ 73.1649045, 31.9414106 ], [ 73.1663077, 31.9410756 ], [ 73.1670991, 31.9409087 ], [ 73.1681678, 31.9406356 ], [ 73.1699574, 31.9401838 ], [ 73.1714037, 31.9398096 ], [ 73.1721496, 31.9396197 ], [ 73.172978, 31.9394111 ], [ 73.1736196, 31.939243 ], [ 73.1739871, 31.9391596 ], [ 73.1743474, 31.9390809 ], [ 73.1747349, 31.9390068 ], [ 73.1749223, 31.9389775 ], [ 73.1751151, 31.9389512 ], [ 73.1754845, 31.9389049 ], [ 73.1758357, 31.9388674 ], [ 73.1769836, 31.9387771 ], [ 73.1777394, 31.9387109 ], [ 73.1825394, 31.9383461 ], [ 73.1871927, 31.9379629 ], [ 73.1893163, 31.9377908 ], [ 73.1910169, 31.9376442 ], [ 73.1921252, 31.9375514 ], [ 73.1946218, 31.9373355 ], [ 73.1960927, 31.9372086 ], [ 73.1980072, 31.9370433 ], [ 73.200689, 31.9368237 ], [ 73.2015944, 31.9367333 ], [ 73.2059941, 31.9363705 ], [ 73.2072836, 31.9362502 ], [ 73.2107116, 31.9359781 ], [ 73.2114443, 31.9359152 ], [ 73.2120411, 31.9358856 ], [ 73.2160635, 31.9354845 ], [ 73.2179103, 31.9353498 ], [ 73.2205169, 31.9351343 ], [ 73.2256131, 31.9346788 ], [ 73.2275337, 31.9345217 ], [ 73.2297455, 31.9343446 ], [ 73.231247, 31.9342181 ], [ 73.233387600000015, 31.9340241 ], [ 73.2342551, 31.933957 ], [ 73.237896, 31.9336659 ], [ 73.2387798, 31.9335838 ], [ 73.2396133, 31.9335034 ], [ 73.241484, 31.9333574 ], [ 73.2429731, 31.9332177 ], [ 73.2449009, 31.9330638 ], [ 73.2461926, 31.932946 ], [ 73.2488709, 31.9327323 ], [ 73.2503614, 31.932595 ], [ 73.2507436, 31.9325853 ], [ 73.2527532, 31.9324148 ], [ 73.2552093, 31.9322127 ], [ 73.2568954, 31.9320878 ], [ 73.2578778, 31.9320686 ], [ 73.2588263, 31.932002 ], [ 73.2597619, 31.931932 ], [ 73.2612265, 31.9318111 ], [ 73.262786, 31.9316593 ], [ 73.2637093, 31.9315661 ], [ 73.2663855, 31.9313153 ], [ 73.2681028, 31.9311626 ], [ 73.2694045, 31.9310203 ], [ 73.2705694, 31.9309361 ], [ 73.2718949, 31.9307855 ], [ 73.2730174, 31.9306998 ], [ 73.2741312, 31.9305888 ], [ 73.2748994, 31.9305306 ], [ 73.2766201, 31.9304216 ], [ 73.27769, 31.9303078 ], [ 73.2809199, 31.9301767 ], [ 73.2832113, 31.9301309 ], [ 73.2842411, 31.9301082 ], [ 73.2872385, 31.9300626 ], [ 73.2922436, 31.9299785 ], [ 73.294901, 31.9299367 ], [ 73.2981759, 31.929879 ], [ 73.3006215, 31.929839 ], [ 73.302371, 31.9298044 ], [ 73.3030485, 31.9297821 ], [ 73.3040441, 31.929722 ], [ 73.3048758, 31.9296527 ], [ 73.3059654, 31.9295375 ], [ 73.3071555, 31.9293704 ], [ 73.3083008, 31.9291738 ], [ 73.3095724, 31.9289048 ], [ 73.3109023, 31.9285875 ], [ 73.311991, 31.9282945 ], [ 73.3136059, 31.9278729 ], [ 73.3154401, 31.927394 ], [ 73.3187427, 31.9265366 ], [ 73.3197972, 31.9262665 ], [ 73.320726800000017, 31.9260166 ], [ 73.3214528, 31.9258235 ], [ 73.32238, 31.9255812 ], [ 73.3245046, 31.9250436 ], [ 73.3259775, 31.9247006 ], [ 73.3276472, 31.9243506 ], [ 73.3293059, 31.9240596 ], [ 73.3305427, 31.9238742 ], [ 73.331393, 31.9237676 ], [ 73.3326916, 31.9236122 ], [ 73.3336232, 31.9235219 ], [ 73.3343138, 31.9234702 ], [ 73.3355505, 31.9233806 ], [ 73.336481, 31.9233329 ], [ 73.337824500000011, 31.9232949 ], [ 73.340652, 31.9232269 ], [ 73.3422289, 31.9231915 ], [ 73.3443723, 31.9231696 ], [ 73.3477012, 31.9230936 ], [ 73.3497317, 31.9230332 ], [ 73.3510626, 31.9229982 ], [ 73.3521685, 31.9229268 ], [ 73.3530478, 31.9228386 ], [ 73.353977, 31.9227157 ], [ 73.3546095, 31.9226244 ], [ 73.3550913, 31.9225211 ], [ 73.3571826, 31.92215 ], [ 73.3577789, 31.922029 ], [ 73.3599986, 31.9216875 ], [ 73.3609345, 31.9215926 ], [ 73.3615581, 31.9215322 ], [ 73.3618581, 31.9215135 ], [ 73.3622407, 31.9214956 ], [ 73.363473, 31.9214439 ], [ 73.36445, 31.9214481 ], [ 73.3658513, 31.9214768 ], [ 73.3667677, 31.9215026 ], [ 73.3684502, 31.9216665 ], [ 73.3700581, 31.921824 ], [ 73.3705892, 31.9218597 ], [ 73.3710656, 31.9218833 ], [ 73.3721327, 31.9219598 ], [ 73.3735436, 31.9219591 ], [ 73.3740448, 31.9219274 ], [ 73.374689500000017, 31.9219287 ], [ 73.3750925, 31.9219391 ], [ 73.3768082, 31.9218494 ], [ 73.378869, 31.9217644 ], [ 73.3798445, 31.921707 ], [ 73.3804399, 31.9216662 ], [ 73.3815801, 31.9216213 ], [ 73.3826388, 31.9215569 ], [ 73.3833211, 31.9215391 ], [ 73.3845421, 31.9214557 ], [ 73.3854806, 31.921437 ], [ 73.3888663, 31.9212658 ], [ 73.39273, 31.9210646 ], [ 73.3947309, 31.9209929 ], [ 73.395635, 31.9209621 ], [ 73.3979164, 31.9208329 ], [ 73.3990491, 31.9207737 ], [ 73.4017981, 31.920632 ], [ 73.4049052, 31.9205592 ], [ 73.4092666, 31.9204646 ], [ 73.4120248, 31.92039320000001 ], [ 73.4159409, 31.920284 ], [ 73.4193795, 31.9201676 ], [ 73.4199856, 31.9201512 ], [ 73.4237107, 31.9200419 ], [ 73.4264229, 31.9199035 ], [ 73.4276186, 31.9198314 ], [ 73.4299392, 31.9196848 ], [ 73.4319121, 31.9195371 ], [ 73.4344642, 31.9193459 ], [ 73.4404494, 31.9189061 ], [ 73.4426671, 31.9187501 ], [ 73.4464507, 31.9184701 ], [ 73.4505816, 31.9181621 ], [ 73.4538401, 31.9179168 ], [ 73.4571535, 31.9176683 ], [ 73.4610107, 31.9173843 ], [ 73.4634633, 31.9172046 ], [ 73.4664887, 31.9170039 ], [ 73.473235, 31.916647 ], [ 73.4764145, 31.9165253 ], [ 73.4801059, 31.916443 ], [ 73.4837578, 31.916392 ], [ 73.4886825, 31.9162793 ], [ 73.4928046, 31.9161975 ], [ 73.4976184, 31.9161225 ], [ 73.4992635, 31.9161143 ], [ 73.5022182, 31.916173 ], [ 73.504748300000017, 31.9162974 ], [ 73.5079905, 31.9164506 ], [ 73.5105284, 31.9165814 ], [ 73.5156182, 31.9168582 ], [ 73.5187166, 31.9169457 ], [ 73.5216349, 31.9170112 ], [ 73.5246046, 31.9169675 ], [ 73.526759, 31.9168655 ], [ 73.5293854, 31.9167271 ], [ 73.5313423, 31.9166178 ], [ 73.5365952, 31.9163118 ], [ 73.5391444, 31.9162171 ], [ 73.5422171, 31.9160496 ], [ 73.5437277, 31.9159476 ], [ 73.5448435, 31.9158237 ], [ 73.5466803, 31.9156124 ], [ 73.5477005, 31.9154291 ], [ 73.5485354, 31.9152696 ], [ 73.5507572, 31.9147673 ], [ 73.5520361, 31.9143957 ], [ 73.5535639, 31.9139513 ], [ 73.5573045, 31.9125714 ], [ 73.558103800000012, 31.9122664 ], [ 73.5585896, 31.9120851 ], [ 73.5597756, 31.9116524 ], [ 73.5618981, 31.910884 ], [ 73.5646438, 31.9098813 ], [ 73.5679234, 31.9086836 ], [ 73.5712965, 31.907445 ], [ 73.574761, 31.9061718 ], [ 73.5760945, 31.9056817 ], [ 73.5827549, 31.9032553 ], [ 73.5846518, 31.9025849 ], [ 73.58648, 31.9019874 ], [ 73.5893553, 31.9011276 ], [ 73.5920477, 31.9003903 ], [ 73.5923704, 31.9003019 ], [ 73.5971916, 31.8989926 ], [ 73.598625, 31.8986137 ], [ 73.6007021, 31.8980234 ], [ 73.6036804, 31.8971198 ], [ 73.6048821, 31.8967336 ], [ 73.6066845, 31.8961215 ], [ 73.6079977, 31.89566240000001 ], [ 73.6115254, 31.8943289 ], [ 73.6146153, 31.8931265 ], [ 73.6181086, 31.8917783 ], [ 73.6230181, 31.8898836 ], [ 73.6262539, 31.8886665 ], [ 73.6291979, 31.8875005 ], [ 73.6344336, 31.8854672 ], [ 73.6408623, 31.8829892 ], [ 73.6450138, 31.8812731 ], [ 73.6452492, 31.8811758 ], [ 73.6480206, 31.8800302 ], [ 73.6535016, 31.8776738 ], [ 73.6538976, 31.8775035 ], [ 73.6548355, 31.8771003 ], [ 73.6620968, 31.8739953 ], [ 73.666108800000018, 31.8722454 ], [ 73.668414, 31.87124 ], [ 73.670421, 31.8704095 ], [ 73.6707743, 31.8702633 ], [ 73.6720875, 31.8697239 ], [ 73.6730145, 31.8694105 ], [ 73.6739876, 31.8691131 ], [ 73.6744977, 31.8689284 ], [ 73.6757954, 31.8685066 ], [ 73.6774948, 31.8680109 ], [ 73.6795548, 31.8675225 ], [ 73.68552, 31.8662104 ], [ 73.6892193, 31.8653722 ], [ 73.6913177, 31.8648758 ], [ 73.6917365, 31.8647768 ], [ 73.6924551, 31.8646068 ], [ 73.6998108, 31.862952 ], [ 73.7030466, 31.8622084 ], [ 73.7050293, 31.8617711 ], [ 73.7065485, 31.8613555 ], [ 73.7079733, 31.8609619 ], [ 73.7093638, 31.8605026 ], [ 73.7104023, 31.86016 ], [ 73.7113722, 31.8597955 ], [ 73.7128228, 31.8592488 ], [ 73.7158526, 31.8579438 ], [ 73.7170714, 31.8573606 ], [ 73.718273, 31.8567555 ], [ 73.719509, 31.8560775 ], [ 73.7206848, 31.855385 ], [ 73.722307, 31.8543643 ], [ 73.7244528, 31.8529062 ], [ 73.7290362, 31.8495234 ], [ 73.7312334, 31.8479121 ], [ 73.7322644, 31.8472217 ], [ 73.7325759, 31.8470278 ], [ 73.7334393, 31.8464904 ], [ 73.735585, 31.84528 ], [ 73.7374733, 31.8442884 ], [ 73.7387007, 31.8436614 ], [ 73.7410267, 31.8426479 ], [ 73.7436531, 31.8416053 ], [ 73.7465456, 31.8406501 ], [ 73.7501677, 31.8396657 ], [ 73.7544592, 31.8385647 ], [ 73.7563303, 31.8379886 ], [ 73.757695, 31.8375439 ], [ 73.7593001, 31.8369532 ], [ 73.7608107, 31.8363553 ], [ 73.7644757, 31.8347292 ], [ 73.7670248, 31.8333875 ], [ 73.7688955, 31.8323978 ], [ 73.769133, 31.8322722 ], [ 73.7707327, 31.8314259 ], [ 73.775153, 31.8292528 ], [ 73.7768267, 31.8285163 ], [ 73.7782, 31.8279474 ], [ 73.7794359, 31.8275099 ], [ 73.7812727, 31.8268609 ], [ 73.7831438, 31.8262993 ], [ 73.7847231, 31.8258909 ], [ 73.7859419, 31.8255992 ], [ 73.7899159, 31.824622 ], [ 73.7955035, 31.823251 ], [ 73.798464600000017, 31.822456 ], [ 73.8000782, 31.8220185 ], [ 73.8012026, 31.8217049 ], [ 73.802018, 31.8214277 ], [ 73.8030909, 31.8211214 ], [ 73.8041209, 31.8207714 ], [ 73.805065, 31.8204651 ], [ 73.8072193, 31.8197212 ], [ 73.8086901, 31.8191719 ], [ 73.8093479, 31.8189262 ], [ 73.8113639, 31.8181684 ], [ 73.8119391, 31.8179785 ], [ 73.8125438, 31.8177273 ], [ 73.8133, 31.8174581 ], [ 73.8150422, 31.8167972 ], [ 73.8155433, 31.8166356 ], [ 73.8162473, 31.8164047 ], [ 73.8201626, 31.8149951 ], [ 73.8248404, 31.8132738 ], [ 73.829192, 31.8116765 ], [ 73.8331402, 31.8102323 ], [ 73.8378814, 31.8085401 ], [ 73.838163, 31.8084352 ], [ 73.8430622, 31.8065999 ], [ 73.8483358, 31.8046679 ], [ 73.8485845, 31.8045773 ], [ 73.8523749, 31.8030476 ], [ 73.8565033, 31.8014355 ], [ 73.8613528, 31.7995024 ], [ 73.8648632, 31.7981091 ], [ 73.868408, 31.7967012 ], [ 73.872224, 31.7952132 ], [ 73.8765362, 31.7936299 ], [ 73.8813058, 31.7918567 ], [ 73.8825014, 31.7914122 ], [ 73.8877629, 31.7894497 ], [ 73.8907927, 31.7884283 ], [ 73.8937882, 31.7876112 ], [ 73.8970755, 31.7868525 ], [ 73.9013327, 31.7858457 ], [ 73.9055384, 31.78487530000001 ], [ 73.9066799, 31.7845908 ], [ 73.9076498, 31.7843427 ], [ 73.9084395, 31.7840873 ], [ 73.9104737, 31.7834453 ], [ 73.9113835, 31.783117 ], [ 73.9126709, 31.782628100000011 ], [ 73.9140099, 31.7821028 ], [ 73.9151408, 31.7816027 ], [ 73.9154482, 31.7814738 ], [ 73.916765, 31.7808625 ], [ 73.9194601, 31.7794616 ], [ 73.9217432, 31.7782066 ], [ 73.9253825, 31.7762877 ], [ 73.9291333, 31.7742519 ], [ 73.9320429, 31.7727561 ], [ 73.9340428, 31.7718439 ], [ 73.9363259, 31.7709172 ], [ 73.9388407, 31.7699686 ], [ 73.9399709, 31.7695359 ], [ 73.9407286, 31.7692702 ], [ 73.9428147, 31.7684946 ], [ 73.9458119, 31.7673439 ], [ 73.9471759, 31.7668266 ], [ 73.9475675, 31.7666738 ], [ 73.9489516, 31.7661376 ], [ 73.9502594, 31.7656149 ], [ 73.9525871, 31.7646185 ], [ 73.9552, 31.7634521 ], [ 73.9609421, 31.7607155 ], [ 73.9651221, 31.7587086 ], [ 73.970023, 31.7563878 ], [ 73.9702592, 31.7562765 ], [ 73.9705974, 31.7561171 ], [ 73.9743746, 31.754337 ], [ 73.9764517, 31.7534174 ], [ 73.9780567, 31.7527752 ], [ 73.9795674, 31.7522278 ], [ 73.9809492, 31.7517972 ], [ 73.9831465, 31.7511403 ], [ 73.9849053, 31.7506573 ], [ 73.9866741, 31.7502864 ], [ 73.9881247, 31.7500017 ], [ 73.9897555, 31.7497098 ], [ 73.9917947, 31.7494055 ], [ 73.9986976, 31.7484459 ], [ 74.0013745, 31.7481083 ], [ 74.0052286, 31.747559 ], [ 74.0082702, 31.7471324 ], [ 74.0112429, 31.7467249 ], [ 74.0149482, 31.7462645 ], [ 74.0174972, 31.7459785 ], [ 74.0220157, 31.7455361 ], [ 74.024806, 31.7453209 ], [ 74.0287167, 31.745038 ], [ 74.0353668, 31.7445841 ], [ 74.0394014, 31.7443028 ], [ 74.042371, 31.7440925 ], [ 74.0432351, 31.7440286 ], [ 74.0444795, 31.7439431 ], [ 74.0457981, 31.7438163 ], [ 74.0469776, 31.7436721 ], [ 74.0479528, 31.7435467 ], [ 74.0493002, 31.7433453 ], [ 74.050481, 31.7431406 ], [ 74.052099, 31.7428248 ], [ 74.0534, 31.7425383 ], [ 74.0549095, 31.7421481 ], [ 74.056609, 31.7416882 ], [ 74.0592955, 31.7410167 ], [ 74.0636557, 31.7399364 ], [ 74.0702046, 31.7383013 ], [ 74.076702, 31.7366735 ], [ 74.0789421, 31.7361187 ], [ 74.0820063, 31.7353741 ], [ 74.085594, 31.7345711 ], [ 74.0909155, 31.7334615 ], [ 74.0949496, 31.7326293 ], [ 74.1005801, 31.7314832 ], [ 74.1020972, 31.7311819 ], [ 74.1037711, 31.7308495 ], [ 74.1042183, 31.7307607 ], [ 74.104642, 31.730674 ], [ 74.106056, 31.730395500000011 ], [ 74.1095923, 31.7296144 ], [ 74.1122874, 31.7290158 ], [ 74.1137722, 31.728577800000011 ], [ 74.1152657, 31.7281324 ], [ 74.1174973, 31.7273659 ], [ 74.1194285, 31.7266286 ], [ 74.1215313, 31.725716 ], [ 74.1235054, 31.7247815 ], [ 74.1248444, 31.7240953 ], [ 74.1255482, 31.7237083 ], [ 74.1267584, 31.7230293 ], [ 74.1284386, 31.7219271 ], [ 74.1293023, 31.721343 ], [ 74.131024200000013, 31.7202258 ], [ 74.1326721, 31.7189846 ], [ 74.1343458, 31.7177288 ], [ 74.1346266, 31.717508 ], [ 74.1356162, 31.7167297 ], [ 74.1361311, 31.7163416 ], [ 74.1384314, 31.7145163 ], [ 74.1423195, 31.7115957 ], [ 74.1455038, 31.7091569 ], [ 74.147538, 31.7076016 ], [ 74.1507653, 31.7051919 ], [ 74.1534518, 31.7031619 ], [ 74.156473, 31.7010588 ], [ 74.1600006, 31.6987146 ], [ 74.1638026, 31.696229 ], [ 74.1640801, 31.6960475 ], [ 74.1647814, 31.695589 ], [ 74.1697768, 31.6922881 ], [ 74.1714376, 31.6912317 ], [ 74.172164, 31.6907929 ], [ 74.1746004, 31.6893594 ], [ 74.1761797, 31.688578 ], [ 74.1777504, 31.687833 ], [ 74.179467, 31.68711 ], [ 74.1808972, 31.6866254 ], [ 74.1826085, 31.6860183 ], [ 74.1853808, 31.6851526 ], [ 74.1876295, 31.6846267 ], [ 74.1897839, 31.6841008 ], [ 74.1912087, 31.6835531 ], [ 74.1917837, 31.6833193 ], [ 74.1924446, 31.6830053 ], [ 74.1931914, 31.6826328 ], [ 74.1937578, 31.6823187 ], [ 74.1943432, 31.6819532 ], [ 74.1946355, 31.6817409 ], [ 74.1955394, 31.6810448 ], [ 74.1961279, 31.6804823 ], [ 74.196708, 31.6798782 ], [ 74.1971863, 31.6793525 ], [ 74.1973943, 31.6790804 ], [ 74.1975973, 31.6788018 ], [ 74.198109500000015, 31.6780385 ], [ 74.1983561, 31.6776347 ], [ 74.1984814, 31.6774131 ], [ 74.1987121, 31.6769663 ], [ 74.1990533, 31.6761917 ], [ 74.1997223, 31.6745455 ], [ 74.1999114, 31.6740778 ], [ 74.2001468, 31.6734671 ], [ 74.2008758, 31.6716301 ], [ 74.2011721, 31.6709289 ], [ 74.2037195, 31.6644564 ], [ 74.2040404, 31.6635675 ], [ 74.2051218, 31.6607695 ], [ 74.205842800000013, 31.6584317 ], [ 74.2062977, 31.6567367 ], [ 74.2066754, 31.6548225 ], [ 74.2069121, 31.6535126 ], [ 74.206978, 31.6530574 ], [ 74.2070088, 31.6527929 ], [ 74.2070465, 31.6524695 ], [ 74.2071555, 31.6513416 ], [ 74.207259, 31.6500369 ], [ 74.2073019, 31.6487363 ], [ 74.2073019, 31.6475307 ], [ 74.2073277, 31.6464274 ], [ 74.2072504, 31.6446737 ], [ 74.2072392, 31.6441342 ], [ 74.2070891, 31.6392098 ], [ 74.2069381, 31.6346907 ], [ 74.2069219, 31.6340555 ], [ 74.2068899, 31.63277 ], [ 74.2068667, 31.6316753 ], [ 74.2068357, 31.6308095 ], [ 74.2068502, 31.6299978 ], [ 74.2068611, 31.6291889 ], [ 74.2068985, 31.6286337 ], [ 74.2070014, 31.6270867 ], [ 74.207156, 31.6256738 ], [ 74.2073437, 31.6242663 ], [ 74.2075698, 31.6230945 ], [ 74.2077053, 31.6224465 ], [ 74.2078979, 31.6215992 ], [ 74.2082132, 31.6203275 ], [ 74.2084644, 31.6194621 ], [ 74.2087036, 31.6186885 ], [ 74.2090344, 31.617729 ], [ 74.2093711, 31.6168147 ], [ 74.2097272, 31.6158719 ], [ 74.2101879, 31.6147317 ], [ 74.2105873, 31.6138677 ], [ 74.2110464, 31.6129034 ], [ 74.211924, 31.611209 ], [ 74.2124045, 31.6102627 ], [ 74.2130592, 31.6089974 ], [ 74.2135108, 31.6081027 ], [ 74.2137715, 31.6075571 ], [ 74.2141155, 31.6067986 ], [ 74.2145189, 31.6059151 ], [ 74.2152505, 31.6039981 ], [ 74.2157081, 31.6027719 ], [ 74.2160679, 31.6015597 ], [ 74.2166355, 31.5994702 ], [ 74.2167257, 31.5991021 ], [ 74.2171343, 31.5971953 ], [ 74.2176008, 31.5951898 ], [ 74.2176293, 31.5950698 ], [ 74.2177522, 31.5946027 ], [ 74.2178801, 31.5942033 ], [ 74.2181058, 31.5935089 ], [ 74.2182811, 31.5930519 ], [ 74.2184145, 31.5927367 ], [ 74.2187951, 31.5918736 ], [ 74.2192596, 31.590973 ], [ 74.2195125, 31.59054 ], [ 74.2197023, 31.5902469 ], [ 74.2203585, 31.589147 ], [ 74.221948, 31.5865078 ], [ 74.2224424, 31.5856809 ], [ 74.2237525, 31.5835411 ], [ 74.2240086, 31.5830822 ], [ 74.2278374, 31.576825 ], [ 74.2302019, 31.5728666 ], [ 74.2309309, 31.5717259 ], [ 74.2322615, 31.5694981 ], [ 74.2331969, 31.5678976 ], [ 74.2347286, 31.5653232 ], [ 74.2357136, 31.5637813 ], [ 74.2361834, 31.5630252 ], [ 74.2367114, 31.5622802 ], [ 74.2371506, 31.5617024 ], [ 74.2375858, 31.5611564 ], [ 74.2380546, 31.5606393 ], [ 74.2392262, 31.5594933 ], [ 74.2413624, 31.5577547 ], [ 74.2414632, 31.5576727 ], [ 74.2430669, 31.5562234 ], [ 74.2434519, 31.5558771 ], [ 74.2465094, 31.5534679 ], [ 74.2488921, 31.5515179 ], [ 74.2511809, 31.5496409 ], [ 74.2548264, 31.5467314 ], [ 74.2581146, 31.5441241 ], [ 74.2591093, 31.5432715 ], [ 74.2594985, 31.5429302 ], [ 74.2598732, 31.5425766 ], [ 74.2603453, 31.542028 ], [ 74.2608174, 31.5413916 ], [ 74.2611092, 31.5409381 ], [ 74.2614954, 31.5402212 ], [ 74.2618387, 31.5393653 ], [ 74.2619828, 31.5387146 ] ], [ [ 74.26191, 31.5383377 ], [ 74.2616676, 31.5393247 ], [ 74.2613368, 31.5401821 ], [ 74.2609538, 31.54090170000001 ], [ 74.260644, 31.5413615 ], [ 74.2602059, 31.5419554 ], [ 74.2597201, 31.5424954 ], [ 74.2593229, 31.5428539 ], [ 74.258983300000011, 31.5431693 ], [ 74.2579764, 31.5440103 ], [ 74.257185400000012, 31.5446424 ], [ 74.2546795, 31.5466447 ], [ 74.2518079, 31.548979 ], [ 74.2510854, 31.5495662 ], [ 74.2487753, 31.5514346 ], [ 74.2433113, 31.5558098 ], [ 74.2430405, 31.5560184 ], [ 74.2411995, 31.5574274 ], [ 74.2410998, 31.5575106 ], [ 74.2404669, 31.5580391 ], [ 74.2398833, 31.5585803 ], [ 74.2390381, 31.559386 ], [ 74.2379177, 31.5605571 ], [ 74.2374608, 31.5610643 ], [ 74.237005, 31.5616153 ], [ 74.2365469, 31.5622087 ], [ 74.2360381, 31.562959 ], [ 74.235548, 31.5637163 ], [ 74.232102, 31.5694067 ], [ 74.2306191, 31.5718001 ], [ 74.2300152, 31.5728197 ], [ 74.2256857, 31.5799827 ], [ 74.2235754, 31.5834874 ], [ 74.2231504, 31.5842068 ], [ 74.2223051, 31.5856516 ], [ 74.2208916, 31.5878945 ], [ 74.2191122, 31.5909451 ], [ 74.2186573, 31.5918516 ], [ 74.2182712, 31.5926996 ], [ 74.2180773, 31.5931592 ], [ 74.2178001, 31.5939288 ], [ 74.2176038, 31.5945682 ], [ 74.2174992, 31.5950312 ], [ 74.2165459, 31.599082 ], [ 74.2164686, 31.599447500000011 ], [ 74.21591930000001, 31.6015529 ], [ 74.2155588, 31.6027372 ], [ 74.2151211, 31.6039653 ], [ 74.2143744, 31.6058732 ], [ 74.2139967, 31.6067796 ], [ 74.2136534, 31.6075252 ], [ 74.2133787, 31.6080808 ], [ 74.2129265, 31.6089453 ], [ 74.2122695, 31.6102049 ], [ 74.2117345, 31.6112384 ], [ 74.2109068, 31.6128686 ], [ 74.2104083, 31.6138904 ], [ 74.2100666, 31.6146442 ], [ 74.2095879, 31.6158387 ], [ 74.2092358, 31.6167745 ], [ 74.2088925, 31.6176927 ], [ 74.2085722, 31.6186575 ], [ 74.2083178, 31.6194369 ], [ 74.2080744, 31.6202874 ], [ 74.2077538, 31.621576 ], [ 74.207568, 31.6224288 ], [ 74.207419, 31.6230882 ], [ 74.2072013, 31.6242501 ], [ 74.2070127, 31.6256625 ], [ 74.2068578, 31.6270745 ], [ 74.2067529, 31.6286265 ], [ 74.2067169, 31.6291792 ], [ 74.2067125, 31.6299982 ], [ 74.2066914, 31.6308144 ], [ 74.2067365, 31.6316706 ], [ 74.206767, 31.6327766 ], [ 74.206793, 31.6340638 ], [ 74.2068099, 31.6346988 ], [ 74.2069185, 31.638283 ], [ 74.2070811, 31.6439561 ], [ 74.2071646, 31.6462374 ], [ 74.2071818, 31.6478084 ], [ 74.2071732, 31.6488532 ], [ 74.2071217, 31.6501757 ], [ 74.2070015, 31.6516297 ], [ 74.2068899, 31.6526306 ], [ 74.2068739, 31.6527422 ], [ 74.2068353, 31.6530116 ], [ 74.2067183, 31.6538289 ], [ 74.2065724, 31.6546764 ], [ 74.2063835, 31.6556992 ], [ 74.2061861, 31.6566198 ], [ 74.2059801, 31.6574527 ], [ 74.2057226, 31.6584317 ], [ 74.2053707, 31.6596079 ], [ 74.2050703, 31.6605503 ], [ 74.2046755, 31.6616097 ], [ 74.204212, 31.6628078 ], [ 74.2036198, 31.6642762 ], [ 74.2027357, 31.6665189 ], [ 74.2021014, 31.6681289 ], [ 74.201783, 31.6689369 ], [ 74.2009602, 31.6710034 ], [ 74.2007149, 31.6716301 ], [ 74.2004183, 31.6723775 ], [ 74.2001233, 31.6730267 ], [ 74.1992853, 31.6752263 ], [ 74.1988802, 31.6762225 ], [ 74.1986064, 31.6768207 ], [ 74.1982967, 31.6774409 ], [ 74.1981429, 31.6777077 ], [ 74.1979602, 31.6779925 ], [ 74.197506, 31.6786723 ], [ 74.1972954, 31.678966 ], [ 74.1970848, 31.6792424 ], [ 74.1968691, 31.6795037 ], [ 74.1966559, 31.679739 ], [ 74.1961602, 31.6802309 ], [ 74.1960275, 31.6803949 ], [ 74.1953839, 31.6809946 ], [ 74.1944987, 31.6816884 ], [ 74.1942466, 31.681871 ], [ 74.1934403, 31.6823625 ], [ 74.192676400000011, 31.6827788 ], [ 74.1920327, 31.6831075 ], [ 74.1912001, 31.6834508 ], [ 74.1903933, 31.6837503 ], [ 74.1897753, 31.6839548 ], [ 74.1890114, 31.6841447 ], [ 74.1878699, 31.6844222 ], [ 74.1864107, 31.6847509 ], [ 74.1850203, 31.6851161 ], [ 74.1836899, 31.6855105 ], [ 74.1825441, 31.6859133 ], [ 74.180849, 31.6865158 ], [ 74.1800164, 31.6867886 ], [ 74.1787117, 31.6873072 ], [ 74.1769264, 31.6880959 ], [ 74.1757763, 31.6886583 ], [ 74.1750553, 31.6890162 ], [ 74.1744459, 31.6893229 ], [ 74.1737164, 31.68971 ], [ 74.1731928, 31.6900094 ], [ 74.1721103, 31.6906788 ], [ 74.1713539, 31.6911352 ], [ 74.1709269, 31.691419 ], [ 74.169364800000011, 31.6924195 ], [ 74.1673477, 31.6937341 ], [ 74.1661461, 31.6945447 ], [ 74.1650303, 31.6952677 ], [ 74.1640171, 31.6959347 ], [ 74.163712300000014, 31.6961321 ], [ 74.1626786, 31.696794 ], [ 74.1615971, 31.6974805 ], [ 74.159528600000016, 31.6988607 ], [ 74.1584385, 31.699569 ], [ 74.1574, 31.700292 ], [ 74.1553057, 31.701716 ], [ 74.1540869, 31.7025631 ], [ 74.1519669, 31.7040746 ], [ 74.15091120000001, 31.7048633 ], [ 74.1483706, 31.7067764 ], [ 74.1418474, 31.7117563 ], [ 74.138852, 31.7140198 ], [ 74.1354767, 31.7165928 ], [ 74.1344843, 31.7173777 ], [ 74.1328524, 31.7186342 ], [ 74.1299942, 31.7207296 ], [ 74.1292486, 31.7212153 ], [ 74.1283152, 31.7218222 ], [ 74.1270073, 31.7226424 ], [ 74.1256083, 31.7234455 ], [ 74.1247586, 31.7239273 ], [ 74.1219691, 31.7253583 ], [ 74.1201151, 31.7261686 ], [ 74.1184672, 31.7268549 ], [ 74.1170252, 31.7273659 ], [ 74.1143559, 31.7282346 ], [ 74.1129912, 31.7286289 ], [ 74.1122359, 31.7288479 ], [ 74.109249, 31.7295195 ], [ 74.1069144, 31.7300159 ], [ 74.1046045, 31.7304869 ], [ 74.1041807, 31.7305782 ], [ 74.1037345, 31.7306708 ], [ 74.1020564, 31.7310162 ], [ 74.0999878, 31.7314467 ], [ 74.0986145, 31.7317314 ], [ 74.0973271, 31.7319942 ], [ 74.0963829, 31.732184 ], [ 74.0953615, 31.7323884 ], [ 74.0942972, 31.732622 ], [ 74.0933274, 31.7328045 ], [ 74.0915507, 31.7331841 ], [ 74.0898684, 31.7335053 ], [ 74.088563800000017, 31.7337754 ], [ 74.0876368, 31.7339652 ], [ 74.0856627, 31.734374 ], [ 74.0843323, 31.7346733 ], [ 74.0831221, 31.734958 ], [ 74.0821265, 31.7351916 ], [ 74.080736, 31.7355055 ], [ 74.0796974, 31.7357683 ], [ 74.0785731, 31.7360238 ], [ 74.0760496, 31.7366662 ], [ 74.0740927, 31.7371698 ], [ 74.0724963, 31.737564 ], [ 74.0701702, 31.7381261 ], [ 74.0688227, 31.7384838 ], [ 74.0663164, 31.7391042 ], [ 74.0654238, 31.7393378 ], [ 74.0617073, 31.7402721 ], [ 74.0594414, 31.7408415 ], [ 74.0576218, 31.741294 ], [ 74.0533572, 31.7424028 ], [ 74.0520577, 31.7426946 ], [ 74.0504776, 31.7430023 ], [ 74.0492781, 31.7432141 ], [ 74.0479514, 31.7434188 ], [ 74.0469683, 31.7435432 ], [ 74.0457805, 31.7436902 ], [ 74.0444426, 31.7438144 ], [ 74.043224, 31.7439042 ], [ 74.0423619, 31.7439695 ], [ 74.0393899, 31.7441701 ], [ 74.0353521, 31.7444424 ], [ 74.0287119, 31.7449202 ], [ 74.0248101, 31.7451916 ], [ 74.0220134, 31.7454227 ], [ 74.0174606, 31.745862 ], [ 74.0149488, 31.746135 ], [ 74.0112034, 31.7466049 ], [ 74.0082541, 31.7470093 ], [ 74.0052357, 31.7473984 ], [ 74.0012784, 31.7479832 ], [ 73.9986879, 31.7483163 ], [ 73.9917837, 31.7492731 ], [ 73.9900387, 31.74952 ], [ 73.9887684, 31.749739 ], [ 73.9870861, 31.7500309 ], [ 73.9856699, 31.7503156 ], [ 73.9850434, 31.7504615 ], [ 73.9841078, 31.7506951 ], [ 73.9825886, 31.7510892 ], [ 73.9811552, 31.751549 ], [ 73.9789494, 31.752257 ], [ 73.9779194, 31.7526365 ], [ 73.9771126, 31.7529576 ], [ 73.9762457, 31.7532787 ], [ 73.9752501, 31.7537312 ], [ 73.9742287, 31.7542129 ], [ 73.9723318, 31.7550595 ], [ 73.9702847, 31.7560447 ], [ 73.9699198, 31.7562203 ], [ 73.9678429, 31.7572198 ], [ 73.9652508, 31.7584604 ], [ 73.9623926, 31.7598252 ], [ 73.9594189, 31.7612589 ], [ 73.9587448, 31.7615839 ], [ 73.9561858, 31.7628117 ], [ 73.9544447, 31.7635908 ], [ 73.9520268, 31.7647082 ], [ 73.949658, 31.7657043 ], [ 73.9474311, 31.7665922 ], [ 73.9469217, 31.7667809 ], [ 73.9463213, 31.7669975 ], [ 73.9417589, 31.7687135 ], [ 73.9405056, 31.7691802 ], [ 73.9396999, 31.7694802 ], [ 73.9360169, 31.7708516 ], [ 73.9344977, 31.7714645 ], [ 73.933502, 31.771895 ], [ 73.9322232, 31.7724569 ], [ 73.9311245, 31.7729968 ], [ 73.9292963, 31.7739308 ], [ 73.92776, 31.77477 ], [ 73.925494, 31.7760031 ], [ 73.9220866, 31.777798 ], [ 73.9202326, 31.7788122 ], [ 73.9182671, 31.7798921 ], [ 73.9167565, 31.7806947 ], [ 73.915572, 31.7812419 ], [ 73.9152335, 31.7813892 ], [ 73.914960800000017, 31.7815079 ], [ 73.9144991, 31.7817088 ], [ 73.9133833, 31.7821685 ], [ 73.9118899, 31.7827522 ], [ 73.9097441, 31.7835256 ], [ 73.9080532, 31.7840655 ], [ 73.9065083, 31.7845032 ], [ 73.9051007, 31.7848461 ], [ 73.9041136, 31.785065 ], [ 73.9028691, 31.7853349 ], [ 73.9011524, 31.7857289 ], [ 73.8992985, 31.7861375 ], [ 73.8966893, 31.7867868 ], [ 73.8946121, 31.787261 ], [ 73.8928097, 31.787728 ], [ 73.891659600000011, 31.7880344 ], [ 73.8908356, 31.7882605 ], [ 73.8900889, 31.7885013 ], [ 73.8888272, 31.7889317 ], [ 73.8879088, 31.7892308 ], [ 73.8857544, 31.7900261 ], [ 73.8831108, 31.7910109 ], [ 73.8796519, 31.7923022 ], [ 73.8777202, 31.7930192 ], [ 73.8761328, 31.7936008 ], [ 73.872382, 31.7949941 ], [ 73.8702651, 31.7958516 ], [ 73.8688029, 31.7963802 ], [ 73.8658675, 31.7975547 ], [ 73.8621252, 31.7990355 ], [ 73.8575848, 31.8008227 ], [ 73.855851, 31.8015084 ], [ 73.8503321, 31.8036968 ], [ 73.8485134, 31.8044781 ], [ 73.84828, 31.8045773 ], [ 73.847328, 31.804893 ], [ 73.8437036, 31.8062225 ], [ 73.8436888, 31.8062279 ], [ 73.8405731, 31.8073512 ], [ 73.8380531, 31.8083395 ], [ 73.8377795, 31.8084421 ], [ 73.835861, 31.8090726 ], [ 73.8308314, 31.8109325 ], [ 73.827999, 31.8119755 ], [ 73.8224028, 31.8140105 ], [ 73.8162573, 31.8162496 ], [ 73.8154926, 31.8165086 ], [ 73.8149538, 31.8166866 ], [ 73.8132183, 31.8173531 ], [ 73.8124946, 31.8176137 ], [ 73.8118943, 31.817856 ], [ 73.8113121, 31.8180422 ], [ 73.8069962, 31.8196628 ], [ 73.8036745, 31.8208078 ], [ 73.8001641, 31.8218726 ], [ 73.7950228, 31.8232145 ], [ 73.7905768, 31.824323 ], [ 73.7873238, 31.8251179 ], [ 73.7840021, 31.8259201 ], [ 73.7831953, 31.8261462 ], [ 73.7822598, 31.8264233 ], [ 73.7811955, 31.8267733 ], [ 73.7794188, 31.8273713 ], [ 73.7782687, 31.8277578 ], [ 73.7776335, 31.8279912 ], [ 73.7768267, 31.8283412 ], [ 73.7754277, 31.8289319 ], [ 73.7741402, 31.8295226 ], [ 73.7723549, 31.8303977 ], [ 73.7717284, 31.8306967 ], [ 73.7703808, 31.8313894 ], [ 73.7690321, 31.8321487 ], [ 73.7687405, 31.8322988 ], [ 73.767351, 31.8329937 ], [ 73.765231, 31.8340948 ], [ 73.7627762, 31.8352761 ], [ 73.7607163, 31.8362167 ], [ 73.7589653, 31.8369095 ], [ 73.757386, 31.8374782 ], [ 73.7560213, 31.8379303 ], [ 73.7545536, 31.8383678 ], [ 73.7529057, 31.8388199 ], [ 73.7510517, 31.8392866 ], [ 73.7488287, 31.8398918 ], [ 73.7474469, 31.8402855 ], [ 73.746434, 31.8405772 ], [ 73.7449663, 31.8410074 ], [ 73.7437733, 31.8414375 ], [ 73.7423485, 31.8419479 ], [ 73.7407177, 31.8425896 ], [ 73.7388981, 31.8434135 ], [ 73.7381256, 31.8437854 ], [ 73.7371987, 31.8442447 ], [ 73.7362374, 31.8447478 ], [ 73.7352503, 31.8452873 ], [ 73.734392, 31.8457613 ], [ 73.7333105, 31.8463956 ], [ 73.732378, 31.8469819 ], [ 73.7321393, 31.8471357 ], [ 73.7320856, 31.8471703 ], [ 73.7307871, 31.8480069 ], [ 73.728504, 31.8496692 ], [ 73.7264269, 31.8512221 ], [ 73.7249249, 31.8523303 ], [ 73.72241, 31.8540946 ], [ 73.7187622, 31.8563327 ], [ 73.7164191, 31.8574846 ], [ 73.715105800000018, 31.8581188 ], [ 73.7136296, 31.858753 ], [ 73.7109516, 31.8598028 ], [ 73.709132, 31.860437 ], [ 73.7063854, 31.8612462 ], [ 73.7044113, 31.8617492 ], [ 73.70263460000001, 31.8621574 ], [ 73.6979655, 31.8632144 ], [ 73.696266, 31.8635935 ], [ 73.6922951, 31.8645328 ], [ 73.6916165, 31.8646877 ], [ 73.6911873, 31.8647857 ], [ 73.6874684, 31.8655617 ], [ 73.6835459, 31.8664583 ], [ 73.6802243, 31.8671945 ], [ 73.6776837, 31.867785 ], [ 73.6769455, 31.8679891 ], [ 73.6754263, 31.8684774 ], [ 73.6743121, 31.8688443 ], [ 73.6737267, 31.8690305 ], [ 73.6728085, 31.8693157 ], [ 73.6716669, 31.8697458 ], [ 73.6707056, 31.8701175 ], [ 73.6694182, 31.8706496 ], [ 73.6675127, 31.8714587 ], [ 73.6659877, 31.8721171 ], [ 73.6649636, 31.8725593 ], [ 73.662277100000011, 31.8737401 ], [ 73.6586722, 31.8752635 ], [ 73.6549471, 31.8768962 ], [ 73.6538788, 31.8773543 ], [ 73.6534842, 31.8775235 ], [ 73.6506127, 31.8787547 ], [ 73.6463555, 31.8805841 ], [ 73.6452407, 31.8810448 ], [ 73.6449936, 31.881147 ], [ 73.6431282, 31.8819179 ], [ 73.6384762, 31.8837618 ], [ 73.6346997, 31.8852194 ], [ 73.6308459, 31.8867061 ], [ 73.626623, 31.8883459 ], [ 73.6206663, 31.8906342 ], [ 73.61495, 31.8928568 ], [ 73.610006200000015, 31.8947442 ], [ 73.60450440000001, 31.8967118 ], [ 73.6025046, 31.8973239 ], [ 73.6005133, 31.8979141 ], [ 73.5980242, 31.8986137 ], [ 73.5965994, 31.8990072 ], [ 73.595578, 31.8992768 ], [ 73.5927971, 31.9000273 ], [ 73.5921671, 31.9002011 ], [ 73.591913, 31.9002712 ], [ 73.5904196, 31.9006831 ], [ 73.5875099, 31.9015357 ], [ 73.5846175, 31.9024465 ], [ 73.5833214, 31.9029055 ], [ 73.5808838, 31.9037508 ], [ 73.5772532, 31.9050842 ], [ 73.5733994, 31.9065196 ], [ 73.5723362, 31.9069067 ], [ 73.5698975, 31.9077947 ], [ 73.5672282, 31.9087783 ], [ 73.5643528, 31.9098421 ], [ 73.5636013, 31.9101169 ], [ 73.5626791, 31.9104541 ], [ 73.5596792, 31.9115521 ], [ 73.5584598, 31.9119954 ], [ 73.5580015, 31.9121663 ], [ 73.5571759, 31.9124794 ], [ 73.5542162, 31.9135214 ], [ 73.5534352, 31.9138202 ], [ 73.552285, 31.9141917 ], [ 73.5507487, 31.914607 ], [ 73.5484206, 31.9151456 ], [ 73.5476483, 31.9152962 ], [ 73.546646, 31.9154667 ], [ 73.5455387, 31.9155978 ], [ 73.5446804, 31.9156926 ], [ 73.5437105, 31.9158237 ], [ 73.5420197, 31.9159403 ], [ 73.538183, 31.9161006 ], [ 73.536063, 31.9161661 ], [ 73.5331276, 31.9163555 ], [ 73.5309304, 31.9164794 ], [ 73.5276345, 31.9166615 ], [ 73.5253514, 31.9167635 ], [ 73.5217465, 31.9168364 ], [ 73.519738, 31.9168291 ], [ 73.5168713, 31.916749 ], [ 73.5133694, 31.9165887 ], [ 73.5101507, 31.916443 ], [ 73.506377, 31.916265 ], [ 73.5036395, 31.9161113 ], [ 73.5014389, 31.9160204 ], [ 73.5010929, 31.9160217 ], [ 73.4989159, 31.9159911 ], [ 73.4966247, 31.9160062 ], [ 73.4956282, 31.9159986 ], [ 73.4930189, 31.9160641 ], [ 73.4900664, 31.916137 ], [ 73.4872901, 31.9161855 ], [ 73.4857205, 31.9162097 ], [ 73.4826209, 31.9162887 ], [ 73.4799169, 31.9163161 ], [ 73.4760674, 31.9164138 ], [ 73.4730547, 31.9165013 ], [ 73.4708145, 31.9166105 ], [ 73.4682911, 31.9167417 ], [ 73.4663685, 31.9168582 ], [ 73.4639095, 31.917041 ], [ 73.4609526, 31.9172589 ], [ 73.4573305, 31.9175212 ], [ 73.4529669, 31.9178527 ], [ 73.4501322, 31.9180529 ], [ 73.4451644, 31.918431 ], [ 73.4402416, 31.9187889 ], [ 73.4346884, 31.9192114 ], [ 73.4298582, 31.9195597 ], [ 73.4275473, 31.9196995 ], [ 73.4244424, 31.9198815 ], [ 73.4199895, 31.9200275 ], [ 73.4193835, 31.9200388 ], [ 73.4168765, 31.920147 ], [ 73.414072, 31.9202056 ], [ 73.4098018, 31.9203258 ], [ 73.4070938, 31.9203698 ], [ 73.4029825, 31.9204645 ], [ 73.4012144, 31.9205082 ], [ 73.3969157, 31.9207546 ], [ 73.3954481, 31.9208473 ], [ 73.3939977, 31.9208792 ], [ 73.3907, 31.9210314 ], [ 73.3881703, 31.9211736 ], [ 73.387717, 31.9211979 ], [ 73.386039900000014, 31.9212707 ], [ 73.385679, 31.9212874 ], [ 73.3845118, 31.9213252 ], [ 73.3833268, 31.9214189 ], [ 73.3826359, 31.9214337 ], [ 73.3821883, 31.9214635 ], [ 73.381567, 31.9214951 ], [ 73.3804447, 31.9215452 ], [ 73.3798047, 31.9215748 ], [ 73.3788506, 31.9216284 ], [ 73.3768324, 31.9217154 ], [ 73.3750881, 31.9218028 ], [ 73.3746126, 31.9217995 ], [ 73.3740305, 31.9217942 ], [ 73.3735649, 31.9218251 ], [ 73.3725378, 31.9218348 ], [ 73.3716183, 31.9217931 ], [ 73.3705913, 31.9217412 ], [ 73.3695219, 31.9216442 ], [ 73.367335, 31.9214177 ], [ 73.3663392, 31.9213693 ], [ 73.3655148, 31.9213355 ], [ 73.3646245, 31.921322 ], [ 73.3630797, 31.9213316 ], [ 73.3615317, 31.9214113 ], [ 73.3612521, 31.9214343 ], [ 73.3608544, 31.9214786 ], [ 73.3594784, 31.9216319 ], [ 73.3577518, 31.9218947 ], [ 73.3571445, 31.922015 ], [ 73.3550721, 31.922393 ], [ 73.354585, 31.9224915 ], [ 73.3530487, 31.9227063 ], [ 73.3521482, 31.9227885 ], [ 73.3510447, 31.9228613 ], [ 73.3497225, 31.9228982 ], [ 73.3477252, 31.9229526 ], [ 73.3443714, 31.9230415 ], [ 73.3422353, 31.9230562 ], [ 73.3406668, 31.923102 ], [ 73.337817, 31.9231593 ], [ 73.3364725, 31.9232067 ], [ 73.3355428, 31.9232515 ], [ 73.3343026, 31.9233345 ], [ 73.3336124, 31.9233928 ], [ 73.3326788, 31.9234821 ], [ 73.3313684, 31.9236377 ], [ 73.330525200000011, 31.9237491 ], [ 73.3292919, 31.9239346 ], [ 73.327605, 31.9242241 ], [ 73.3259593, 31.9245613 ], [ 73.3244704, 31.9249163 ], [ 73.3222918, 31.925478 ], [ 73.3213902, 31.9257091 ], [ 73.3206447, 31.925901 ], [ 73.3197179, 31.926138 ], [ 73.3186502, 31.926417 ], [ 73.3153696, 31.9272772 ], [ 73.3135392, 31.9277484 ], [ 73.311935800000015, 31.9281696 ], [ 73.310812, 31.9284665 ], [ 73.3095149, 31.9287825 ], [ 73.3082654, 31.9290431 ], [ 73.3071199, 31.9292379 ], [ 73.3059238, 31.9294087 ], [ 73.3048586, 31.9295291 ], [ 73.304019, 31.9295917 ], [ 73.3030518, 31.9296507 ], [ 73.302371, 31.9296759 ], [ 73.3006153, 31.9297067 ], [ 73.2981822, 31.9297447 ], [ 73.2949121, 31.9297994 ], [ 73.2925787, 31.9298536 ], [ 73.2887595, 31.9299058 ], [ 73.2879272, 31.929923 ], [ 73.2872314, 31.9299318 ], [ 73.2841918, 31.9299837 ], [ 73.2833693, 31.9299933 ], [ 73.280178800000016, 31.9300665 ], [ 73.278640900000013, 31.9301317 ], [ 73.2776759, 31.9301797 ], [ 73.2764672, 31.930292 ], [ 73.2757027, 31.9303386 ], [ 73.2748782, 31.9304067 ], [ 73.2741465, 31.9304618 ], [ 73.2730304, 31.9305706 ], [ 73.2720335, 31.930641 ], [ 73.2706845, 31.9307943 ], [ 73.2700217, 31.9308516 ], [ 73.2690533, 31.9309259 ], [ 73.2680909, 31.9310316 ], [ 73.2642839, 31.9313827 ], [ 73.2628271, 31.9315234 ], [ 73.2622411, 31.9315763 ], [ 73.2612145, 31.931678 ], [ 73.260583, 31.93172250000001 ], [ 73.259764, 31.9317899 ], [ 73.2588371, 31.9318821 ], [ 73.257845300000014, 31.9319267 ], [ 73.2569255, 31.9319537 ], [ 73.2551777, 31.9320757 ], [ 73.2527086, 31.9322946 ], [ 73.2507233, 31.9324576 ], [ 73.2503431, 31.9324689 ], [ 73.2488459, 31.9326065 ], [ 73.2461846, 31.9328161 ], [ 73.245185, 31.9329085 ], [ 73.2429759, 31.9330801 ], [ 73.2414637, 31.9332276 ], [ 73.2405097, 31.9332873 ], [ 73.2379652, 31.933521 ], [ 73.233438, 31.9338884 ], [ 73.2297375, 31.9342067 ], [ 73.2275178, 31.9343951 ], [ 73.2255811, 31.9345658 ], [ 73.2205355, 31.9349862 ], [ 73.217897, 31.9352187 ], [ 73.2161212, 31.9353648 ], [ 73.212033, 31.9357548 ], [ 73.2114962, 31.9357637 ], [ 73.2072584, 31.936128 ], [ 73.2060022, 31.9362414 ], [ 73.2015861, 31.9366118 ], [ 73.2006751, 31.9366851 ], [ 73.198121, 31.93691 ], [ 73.1960869, 31.9370764 ], [ 73.1945875, 31.9372138 ], [ 73.192117, 31.9374265 ], [ 73.1910271, 31.9375088 ], [ 73.1893696, 31.9376577 ], [ 73.1871817, 31.93784 ], [ 73.1824921, 31.9382282 ], [ 73.1777459, 31.9385745 ], [ 73.177032, 31.9386457 ], [ 73.1760906, 31.9387254 ], [ 73.1755627, 31.9387644 ], [ 73.1751861, 31.9388076 ], [ 73.1748095, 31.9388586 ], [ 73.1744365, 31.9389265 ], [ 73.1738834, 31.9390438 ], [ 73.1733376, 31.9391797 ], [ 73.1726062, 31.9393665 ], [ 73.1722424, 31.9394592 ], [ 73.171873, 31.9395502 ], [ 73.1713363, 31.9396892 ], [ 73.170628, 31.9398662 ], [ 73.1699279, 31.9400546 ], [ 73.168124, 31.9405174 ], [ 73.167059, 31.9407859 ], [ 73.1660275, 31.9410046 ], [ 73.1648791, 31.9412829 ], [ 73.1628923, 31.9417965 ], [ 73.1622226, 31.9419873 ], [ 73.1609313, 31.9422941 ], [ 73.1602255, 31.9424782 ], [ 73.1597387, 31.942595 ], [ 73.1579047, 31.9430973 ], [ 73.1577229, 31.9431334 ], [ 73.1573246, 31.9431982 ], [ 73.1567878, 31.9433323 ], [ 73.1556617, 31.9436425 ], [ 73.1540617, 31.9440527 ], [ 73.1533048, 31.9442037 ], [ 73.1527899, 31.9443543 ], [ 73.1518544, 31.9445974 ], [ 73.1511334, 31.9447642 ], [ 73.1506372, 31.9449207 ], [ 73.1497157, 31.9451689 ], [ 73.1489606, 31.9453432 ], [ 73.1480897, 31.9455533 ], [ 73.1468683, 31.9458341 ], [ 73.1463668, 31.945958 ], [ 73.1458705, 31.9460822 ], [ 73.1450999, 31.946298 ], [ 73.1443564, 31.9465592 ], [ 73.143845, 31.9467788 ], [ 73.1431989, 31.9470801 ], [ 73.1424192, 31.9475245 ], [ 73.141651, 31.9480341 ], [ 73.1408124, 31.9486831 ], [ 73.1399304, 31.9495053 ], [ 73.1392739, 31.9500585 ], [ 73.1386822, 31.9505103 ], [ 73.1382355, 31.9507888 ], [ 73.137468, 31.9512433 ], [ 73.136808, 31.9515606 ], [ 73.1358447, 31.9519866 ], [ 73.1351536, 31.9523244 ], [ 73.1342927, 31.9527219 ], [ 73.1336373, 31.9530161 ], [ 73.1298773, 31.954781 ], [ 73.1283243, 31.9555504 ], [ 73.1270541, 31.9561985 ], [ 73.1260155, 31.9568102 ], [ 73.1249567, 31.9574603 ], [ 73.1240376, 31.9580611 ], [ 73.1233292, 31.9585596 ], [ 73.122545, 31.9591317 ], [ 73.1217411, 31.959745 ], [ 73.1213821, 31.9600642 ], [ 73.1207867, 31.9605012 ], [ 73.1200091, 31.9611704 ], [ 73.1193341, 31.9617818 ], [ 73.1183766, 31.9626941 ], [ 73.1177848, 31.9633039 ], [ 73.1169167, 31.964249 ], [ 73.1160044, 31.9653223 ], [ 73.1155493, 31.9658874 ], [ 73.1149023, 31.9667024 ], [ 73.1143375, 31.967473 ], [ 73.1141444, 31.9677995 ], [ 73.1128766, 31.9697883 ], [ 73.1111042, 31.9725475 ], [ 73.1108312, 31.9729499 ], [ 73.1102542, 31.9739485 ], [ 73.1099869, 31.974371 ], [ 73.1091936, 31.975748 ], [ 73.108569, 31.9769548 ], [ 73.1080672, 31.9779766 ], [ 73.1077427, 31.9787705 ], [ 73.1074397, 31.9794771 ], [ 73.107152, 31.9802152 ], [ 73.1065594, 31.9820047 ], [ 73.1064898, 31.9822413 ], [ 73.1062657, 31.9830032 ], [ 73.1061026, 31.9836002 ], [ 73.1059198, 31.9844184 ], [ 73.1057765, 31.9851509 ], [ 73.1056391, 31.9858789 ], [ 73.1055402, 31.9865121 ], [ 73.1054603, 31.9870771 ], [ 73.1053939, 31.9876444 ], [ 73.105319600000016, 31.9883918 ], [ 73.1052755, 31.9889543 ], [ 73.1051979, 31.9900519 ], [ 73.1051308, 31.9909092 ], [ 73.1050361, 31.9917679 ], [ 73.1049502, 31.9923706 ], [ 73.1048591, 31.9929898 ], [ 73.1047652, 31.9935534 ], [ 73.1046828, 31.9939372 ], [ 73.1044438, 31.9949307 ], [ 73.1042488, 31.9956721 ], [ 73.1040394, 31.9964162 ], [ 73.1038148, 31.9971207 ], [ 73.1036158, 31.9977017 ], [ 73.1033226, 31.9984532 ], [ 73.1030746, 31.9990729 ], [ 73.102913, 31.9994337 ], [ 73.1021854, 32.0009763 ], [ 73.1014256, 32.0023571 ], [ 73.1009633, 32.0031363 ], [ 73.1004622, 32.0039154 ], [ 73.0997245, 32.0050076 ], [ 73.0990388, 32.0059694 ], [ 73.0978867, 32.007675 ], [ 73.0964742, 32.0098424 ], [ 73.0955654, 32.0113316 ], [ 73.0942116, 32.0136306 ], [ 73.0934717, 32.0149615 ], [ 73.0926451, 32.0164634 ], [ 73.0916487, 32.0184161 ], [ 73.0908316, 32.0200762 ], [ 73.089944, 32.0219056 ], [ 73.0891167, 32.0236178 ], [ 73.0886318, 32.0246016 ], [ 73.0877983, 32.026336799999989 ], [ 73.086913, 32.0281674 ], [ 73.085825, 32.0304265 ], [ 73.0856176, 32.0308591 ], [ 73.0832819, 32.0357018 ], [ 73.0814006, 32.0395312 ], [ 73.0806882, 32.0410809 ], [ 73.0803878, 32.0418084 ], [ 73.0799548, 32.0429126 ], [ 73.0798064, 32.043291599999989 ], [ 73.0793149, 32.044544 ], [ 73.0789286, 32.045759 ], [ 73.0785166, 32.0470976 ], [ 73.0781132, 32.0485744 ], [ 73.077701300000015, 32.0501967 ], [ 73.0773837, 32.0518117 ], [ 73.0770404, 32.053885 ], [ 73.0768258, 32.0554127 ], [ 73.0766541, 32.0568675 ], [ 73.076431, 32.0583806 ], [ 73.076225, 32.0600391 ], [ 73.0759417, 32.0620031 ], [ 73.0757246, 32.0635144 ], [ 73.0755731, 32.0644098 ], [ 73.0755383, 32.0648108 ], [ 73.075195, 32.0674293 ], [ 73.0747916, 32.070295 ], [ 73.0745341, 32.072346 ], [ 73.074165, 32.0751098 ], [ 73.0737015, 32.0786007 ], [ 73.0731351, 32.0825933 ], [ 73.0729376, 32.0838077 ], [ 73.0726201, 32.0855676 ], [ 73.0721394, 32.0875819 ], [ 73.0716073, 32.089618 ], [ 73.071348, 32.0905388 ], [ 73.0710236, 32.0916904 ], [ 73.069470100000018, 32.0969404 ], [ 73.0678393, 32.1025244 ], [ 73.0667407, 32.1061888 ], [ 73.0659253, 32.1089879 ], [ 73.0647666, 32.1129355 ], [ 73.0642344, 32.1148474 ], [ 73.0637538, 32.1168829 ], [ 73.0634104, 32.1186785 ], [ 73.0630929, 32.120554 ], [ 73.0628354, 32.1223495 ], [ 73.0626895, 32.1234762 ], [ 73.062603600000017, 32.1247265 ], [ 73.0624921, 32.1262747 ], [ 73.0624062, 32.1276049 ], [ 73.062363300000015, 32.1292549 ], [ 73.0623805, 32.1308322 ], [ 73.0624062, 32.1324312 ], [ 73.062432, 32.1330127 ], [ 73.0623461, 32.1340157 ], [ 73.0621916, 32.1351568 ], [ 73.0619942, 32.1362325 ], [ 73.061693800000015, 32.1376134 ], [ 73.0613763, 32.1386672 ], [ 73.0608956, 32.1398809 ], [ 73.0605176, 32.1406854 ], [ 73.0599407, 32.141818 ], [ 73.0595738, 32.1424973 ], [ 73.059322, 32.1428919 ], [ 73.0586554, 32.1439362 ], [ 73.0577542, 32.145208 ], [ 73.0566212, 32.1468214 ], [ 73.0555398, 32.1485364 ], [ 73.0549218, 32.1495392 ], [ 73.0534455, 32.1523152 ], [ 73.0523297, 32.154713199999989 ], [ 73.0516602, 32.1563263 ], [ 73.0512572, 32.1574115 ], [ 73.0510534, 32.1579246 ], [ 73.0508877, 32.1583609 ], [ 73.0499608, 32.1608677 ], [ 73.0495059, 32.1620303 ], [ 73.0485531, 32.1646315 ], [ 73.0475403, 32.1673343 ], [ 73.0467069, 32.1692885 ], [ 73.0465606, 32.1696316 ], [ 73.0454718, 32.1720422 ], [ 73.0446564, 32.1736406 ], [ 73.0438668, 32.1751299 ], [ 73.0435309, 32.1757413 ], [ 73.0431787, 32.1763243 ], [ 73.0428265, 32.1768873 ], [ 73.0425447, 32.1773201 ], [ 73.0420856, 32.1780069 ], [ 73.0414438, 32.1789633 ], [ 73.0409999, 32.1796945 ], [ 73.0404835, 32.1805715 ], [ 73.0400044, 32.1814283 ], [ 73.0392247, 32.182934 ], [ 73.0385317, 32.1844232 ], [ 73.0377647, 32.1862894 ], [ 73.0374954, 32.1870081 ], [ 73.0371643, 32.1879342 ], [ 73.0369147, 32.1887137 ], [ 73.0367229, 32.1893318 ], [ 73.0366036, 32.1897842 ], [ 73.0364459, 32.1903197 ], [ 73.0362575, 32.191052 ], [ 73.0360286, 32.1920204 ], [ 73.0358224, 32.19298 ], [ 73.0356664, 32.193764 ], [ 73.0354553, 32.1952136 ], [ 73.0353141, 32.1965038 ], [ 73.0352766, 32.1968409 ], [ 73.0352243, 32.1974866 ], [ 73.0351854, 32.1981233 ], [ 73.0351213, 32.1995532 ], [ 73.0351026, 32.2001911 ], [ 73.0350764, 32.2016441 ], [ 73.0350723, 32.2023139 ], [ 73.035071, 32.202634 ], [ 73.03503, 32.2030633 ], [ 73.035033, 32.204436 ], [ 73.0349983, 32.2075547 ], [ 73.0349726, 32.2088328 ], [ 73.0349136, 32.2107301 ], [ 73.0348106, 32.211937399999989 ], [ 73.0347011, 32.2128188 ], [ 73.0345636, 32.2137255 ], [ 73.034526, 32.2139411 ], [ 73.0341589, 32.2155787 ], [ 73.0339158, 32.2165096 ], [ 73.0336976, 32.2172262 ], [ 73.0334877, 32.2179111 ], [ 73.0327753, 32.21979 ], [ 73.032300100000015, 32.2211161 ], [ 73.0320561, 32.2219143 ], [ 73.0318505, 32.2227599 ], [ 73.0316752, 32.2236434 ], [ 73.031534, 32.2245007 ], [ 73.0314553, 32.2252499 ], [ 73.031401, 32.22604 ], [ 73.0313688, 32.2271373 ], [ 73.0313673, 32.2339625 ], [ 73.0313673, 32.2341976 ], [ 73.0313685, 32.2344629 ], [ 73.0313355, 32.2377755 ], [ 73.0313527, 32.2407012 ], [ 73.031389100000013, 32.242929 ], [ 73.0314149, 32.2435179 ], [ 73.031466, 32.2440537 ], [ 73.0316306, 32.2450832 ], [ 73.031779700000016, 32.2460351 ], [ 73.0319488, 32.2471117 ], [ 73.0320597, 32.248015099999989 ], [ 73.0321015, 32.2488354 ], [ 73.0320722, 32.2500697 ], [ 73.0320265, 32.250631 ], [ 73.0319674, 32.2511899 ], [ 73.0318559, 32.2518696 ], [ 73.0314707, 32.2539382 ], [ 73.0313694, 32.2546065 ], [ 73.0312991, 32.2552139 ], [ 73.0312497, 32.2560033 ], [ 73.0312459, 32.2566177 ], [ 73.0312497, 32.2568309 ], [ 73.031258, 32.2572898 ], [ 73.0313481, 32.2589648 ], [ 73.0314596, 32.2607614 ], [ 73.0315282, 32.2621053 ], [ 73.0315397, 32.2628322 ], [ 73.0315498, 32.2635945 ], [ 73.0315111, 32.2656062 ], [ 73.0314467, 32.2672643 ], [ 73.0314275, 32.2676777 ], [ 73.0313649, 32.269286 ], [ 73.0312875, 32.2714164 ], [ 73.0312235, 32.2733051 ], [ 73.0311935, 32.2749774 ], [ 73.0312237, 32.2776712 ], [ 73.0312749, 32.2802428 ], [ 73.0313137, 32.2822596 ], [ 73.0313098, 32.2834924 ], [ 73.0312923, 32.2841724 ], [ 73.0312237, 32.2850592 ], [ 73.0311418, 32.2857762 ], [ 73.031039, 32.2864981 ], [ 73.030863, 32.2874774 ], [ 73.0304154, 32.2894157 ], [ 73.0299543, 32.2912648 ], [ 73.0290775, 32.2948144 ], [ 73.0287998, 32.2958936 ], [ 73.0287428, 32.2961429 ], [ 73.0286871, 32.2963868 ], [ 73.0283057, 32.2981071 ], [ 73.0281751, 32.298841 ], [ 73.0281598, 32.298927 ], [ 73.0280436, 32.3001967 ], [ 73.0279818, 32.3007819 ], [ 73.0279039, 32.3014116 ], [ 73.0277698, 32.3021824 ], [ 73.0276439, 32.3027543 ], [ 73.027397, 32.3037546 ], [ 73.0272388, 32.3042914 ], [ 73.0270644, 32.3048111 ], [ 73.0268616, 32.305366899999989 ], [ 73.026677, 32.3058342 ], [ 73.0265145, 32.3062135 ], [ 73.0263106, 32.3066637 ], [ 73.0260923, 32.3071026 ], [ 73.025822600000012, 32.3076148 ], [ 73.025497500000014, 32.3082161 ], [ 73.024910800000015, 32.3092512 ], [ 73.023804900000016, 32.3110633 ], [ 73.0230921, 32.3123205 ], [ 73.022529, 32.3132618 ], [ 73.0218353, 32.3144133 ], [ 73.0212773, 32.3154132 ], [ 73.0210001, 32.3159353 ], [ 73.0207541, 32.3163835 ], [ 73.0204529, 32.3169475 ], [ 73.0199457, 32.3180164 ], [ 73.0197191, 32.3184932 ], [ 73.0194378, 32.3191555 ], [ 73.0189893, 32.3201189 ], [ 73.0185805, 32.3211308 ], [ 73.0182068, 32.3220148 ], [ 73.0179637, 32.3225677 ], [ 73.0177382, 32.323206 ], [ 73.0174108, 32.3239342 ], [ 73.0170723, 32.3245216 ], [ 73.0169205, 32.3248251 ], [ 73.0167523, 32.3251312 ], [ 73.0166068, 32.3254176 ], [ 73.0162494, 32.3260602 ], [ 73.0160525, 32.3264256 ], [ 73.0158425, 32.326791 ], [ 73.0154459, 32.3274806 ], [ 73.0148414, 32.3285137 ], [ 73.0139753, 32.3299644 ], [ 73.0129799, 32.3316175 ], [ 73.0128463, 32.3318255 ], [ 73.0124203, 32.3325609 ], [ 73.0119898, 32.3332944 ], [ 73.011350600000014, 32.3343523 ], [ 73.0107091, 32.3354457 ], [ 73.0103558, 32.3360161 ], [ 73.010018, 32.3365959 ], [ 73.0092475, 32.3378773 ], [ 73.0083742, 32.3392305 ], [ 73.0074278, 32.3406227 ], [ 73.0064954, 32.3419306 ], [ 73.0058662, 32.3427491 ], [ 73.0054584, 32.3432542 ], [ 73.0050077, 32.3438555 ], [ 73.0046056, 32.3443655 ], [ 73.0035006, 32.3456155 ], [ 73.0018698, 32.3474501 ], [ 73.0013128, 32.3480305 ], [ 73.0008024, 32.3485624 ], [ 72.9973466, 32.3521632 ], [ 72.9935443, 32.356209 ], [ 72.9929263, 32.3568398 ], [ 72.9919821, 32.3578911 ], [ 72.9909264, 32.3591237 ], [ 72.989948, 32.3603707 ], [ 72.9889609, 32.3617917 ], [ 72.987991, 32.3631837 ], [ 72.9869439, 32.3649381 ], [ 72.9860856, 32.3666346 ], [ 72.9852101, 32.368331 ], [ 72.9844891, 32.3699983 ], [ 72.9837424, 32.3719774 ], [ 72.9830987, 32.3736447 ], [ 72.9824635, 32.3753482 ], [ 72.9820721, 32.3763 ], [ 72.9819657, 32.3765587 ], [ 72.9814679, 32.3775518 ], [ 72.9808928, 32.3786609 ], [ 72.9802405, 32.3798714 ], [ 72.9794079, 32.3813066 ], [ 72.9786355, 32.3824953 ], [ 72.9777342, 32.3838797 ], [ 72.9756915, 32.3865978 ], [ 72.9720952, 32.3914031 ], [ 72.9688765, 32.3956936 ], [ 72.9648167, 32.4011506 ], [ 72.960714, 32.4066145 ], [ 72.9568345, 32.4117811 ], [ 72.953633, 32.4160199 ], [ 72.9529893, 32.4168169 ], [ 72.9524571, 32.4174255 ], [ 72.9514615, 32.4184833 ], [ 72.9507147, 32.4192079 ], [ 72.9496504, 32.4201643 ], [ 72.9486205, 32.4210482 ], [ 72.947436, 32.4218886 ], [ 72.9462086, 32.4227291 ], [ 72.9453074, 32.4232507 ], [ 72.9380976, 32.4270905 ], [ 72.9338919, 32.429206 ], [ 72.9298407, 32.4313431 ], [ 72.9263632, 32.4331325 ], [ 72.92565780000001, 32.4334955 ], [ 72.923618, 32.4345451 ], [ 72.9107606, 32.4411949 ], [ 72.8974396, 32.4480761 ], [ 72.8948819, 32.4494016 ], [ 72.8929593, 32.4505242 ], [ 72.8913939, 32.4514878 ], [ 72.8908135, 32.4518642 ], [ 72.8900081, 32.4523672 ], [ 72.8891009, 32.4529591 ], [ 72.8879038, 32.4537814 ], [ 72.8865851, 32.4547142 ], [ 72.8861418, 32.4550331 ], [ 72.8851242, 32.4557749 ], [ 72.8839664, 32.4566146 ], [ 72.8814799, 32.4584272 ], [ 72.8797416, 32.4596997 ], [ 72.8789104, 32.4603326 ], [ 72.8787715, 32.4604091 ], [ 72.8754182, 32.4629131 ], [ 72.8738834, 32.4641111 ], [ 72.8727891, 32.4649653 ], [ 72.8725069, 32.465197 ], [ 72.8702313, 32.4670654 ], [ 72.8620173, 32.4743067 ], [ 72.8561861, 32.4795575 ], [ 72.8550049, 32.4805047 ], [ 72.845546400000018, 32.4889394 ], [ 72.844113, 32.4902136 ], [ 72.8425938, 32.4917774 ], [ 72.8411605, 32.4933701 ], [ 72.8400618, 32.4946876 ], [ 72.8385598, 32.4967146 ], [ 72.8376156, 32.4980394 ], [ 72.8364398, 32.4999432 ], [ 72.8355729, 32.5014417 ], [ 72.8346116, 32.5033237 ], [ 72.8339421, 32.5048945 ], [ 72.832749, 32.5077971 ], [ 72.8315732, 32.5106417 ], [ 72.8307749, 32.5126755 ], [ 72.8297621, 32.5150133 ], [ 72.8281314, 32.5188782 ], [ 72.8271872, 32.5212375 ], [ 72.823583, 32.5298738 ], [ 72.8234632, 32.5301365 ], [ 72.8233875, 32.5303185 ], [ 72.8227498, 32.5318177 ], [ 72.8200375, 32.5384169 ], [ 72.8178317, 32.5437206 ], [ 72.8171364, 32.5455222 ], [ 72.8166043, 32.5466581 ], [ 72.8150937, 32.5498922 ], [ 72.8134629, 32.5531478 ], [ 72.8113772, 32.5571485 ], [ 72.8103043, 32.5591523 ], [ 72.8078753, 32.5638689 ], [ 72.8052317, 32.569077 ], [ 72.8042392, 32.5709344 ], [ 72.8039203, 32.5715449 ], [ 72.8023907, 32.5744729 ], [ 72.8018578, 32.5755414 ], [ 72.7999961, 32.5791018 ], [ 72.7990356, 32.5810233 ], [ 72.7981335, 32.5827325 ], [ 72.7964598, 32.5861532 ], [ 72.7952325, 32.588923 ], [ 72.7943999, 32.5907599 ], [ 72.79382480000001, 32.5921556 ], [ 72.792915, 32.5945564 ], [ 72.7903659, 32.6011004 ], [ 72.7887952, 32.6051351 ], [ 72.7877137, 32.607926 ], [ 72.7865292, 32.610912 ], [ 72.7849499, 32.6146715 ], [ 72.7832419, 32.6183947 ], [ 72.7815253, 32.6219948 ], [ 72.7802807, 32.6246334 ], [ 72.7796199, 32.6259346 ], [ 72.7790791, 32.6269683 ], [ 72.7782809, 32.6281754 ], [ 72.7778517, 32.6287682 ], [ 72.7766158, 32.6303223 ], [ 72.7763583, 32.6306476 ], [ 72.7750451, 32.6319125 ], [ 72.774058, 32.6328161 ], [ 72.7719552, 32.6344568 ], [ 72.7696206, 32.6362205 ], [ 72.7658354, 32.6390682 ], [ 72.7642905, 32.6402463 ], [ 72.7634903, 32.6409001 ], [ 72.7632646, 32.6410884 ], [ 72.7628173, 32.6414386 ], [ 72.7623764, 32.6418363 ], [ 72.7621883, 32.642044 ], [ 72.761089, 32.643296299999989 ], [ 72.760471, 32.6440046 ], [ 72.760267, 32.644206 ], [ 72.7599732, 32.644496 ], [ 72.7597844, 32.6446695 ], [ 72.7595441, 32.644814 ], [ 72.758829, 32.6450746 ], [ 72.758154, 32.64519 ], [ 72.756823200000014, 32.6452693 ], [ 72.7558144, 32.6453396 ], [ 72.7552354, 32.6455006 ], [ 72.7548806, 32.6456729 ], [ 72.7540838, 32.646049 ], [ 72.753959600000016, 32.6461106 ], [ 72.7533429, 32.6464165 ], [ 72.752338, 32.6469677 ], [ 72.7519726, 32.647254 ], [ 72.751373, 32.6479723 ], [ 72.7510033, 32.6485103 ], [ 72.7506785, 32.6487496 ], [ 72.7499933, 32.649006 ], [ 72.7493826, 32.649235 ], [ 72.7487398, 32.6494761 ], [ 72.7483906, 32.6496049 ], [ 72.7481411, 32.6497022 ], [ 72.7480167, 32.6497435 ], [ 72.7478905, 32.6497673 ], [ 72.7477166, 32.649785 ], [ 72.7475808, 32.6497819 ], [ 72.7474447, 32.649758 ], [ 72.7473323, 32.649720099999989 ], [ 72.7471961, 32.6496515 ], [ 72.7470934, 32.649578 ], [ 72.7470131, 32.6495013 ], [ 72.7469387, 32.649405099999989 ], [ 72.7468791, 32.6492919 ], [ 72.7468365, 32.6491858 ], [ 72.7467969, 32.6489351 ], [ 72.7467574, 32.6487832 ], [ 72.7466746, 32.648594 ], [ 72.7465851, 32.6484446 ], [ 72.7464955, 32.6483322 ], [ 72.7464009, 32.6482355 ], [ 72.7462374, 32.648102 ], [ 72.7460291, 32.6479781 ], [ 72.7458406, 32.6478955 ], [ 72.7456455, 32.6478342 ], [ 72.7454598, 32.6477956 ], [ 72.7451957, 32.6477713 ], [ 72.7449517, 32.6477793 ], [ 72.7446899, 32.6478211 ], [ 72.7445228, 32.647867 ], [ 72.7442314, 32.6479922 ], [ 72.7440556, 32.6481117 ], [ 72.7438968, 32.6482426 ], [ 72.7437481, 32.6484019 ], [ 72.7435994, 32.6486438 ], [ 72.7434913, 32.6489255 ], [ 72.7434642, 32.6491645 ], [ 72.743498, 32.6494547 ], [ 72.7435621, 32.6496919 ], [ 72.7435921, 32.6498619 ], [ 72.7435933, 32.6500293 ], [ 72.7435704, 32.65018 ], [ 72.7435256, 32.6503256 ], [ 72.7434601, 32.6504645 ], [ 72.7433749, 32.6505949 ], [ 72.7432655, 32.6507213 ], [ 72.7431333, 32.6508378 ], [ 72.7429569, 32.6509537 ], [ 72.7426836, 32.6510851 ], [ 72.7419976, 32.6513753 ], [ 72.7414366, 32.6516229 ], [ 72.7410852, 32.6517595 ], [ 72.7408013, 32.6518505 ], [ 72.7406594, 32.6518875 ], [ 72.740510700000016, 32.6519074 ], [ 72.7403856, 32.651916 ], [ 72.7402031, 32.6519216 ], [ 72.7398213, 32.6519103 ], [ 72.7396523, 32.6519017 ], [ 72.739436, 32.6519131 ], [ 72.739284, 32.6519416 ], [ 72.7391386, 32.6519842 ], [ 72.7389731, 32.6520468 ], [ 72.7387466, 32.652209 ], [ 72.7386317, 32.6523484 ], [ 72.738554, 32.652485 ], [ 72.7385033, 32.6526557 ], [ 72.7384797, 32.6528208 ], [ 72.7384966, 32.6529915 ], [ 72.7385574, 32.6531764 ], [ 72.7386486, 32.6533301 ], [ 72.73875, 32.6534439 ], [ 72.7394631, 32.654084 ], [ 72.7403518, 32.6548892 ], [ 72.7408385, 32.6553303 ], [ 72.7409872, 32.6554611 ], [ 72.7411528, 32.6555721 ], [ 72.7414096, 32.6557229 ], [ 72.7422781, 32.6561923 ], [ 72.743346, 32.656767099999989 ], [ 72.7434744, 32.6568496 ], [ 72.7436096, 32.6569435 ], [ 72.7437346, 32.6570516 ], [ 72.743846100000013, 32.6571654 ], [ 72.7439813, 32.6573162 ], [ 72.7445558, 32.6582124 ], [ 72.7458026, 32.6601778 ], [ 72.745992, 32.6604998 ], [ 72.7460731, 32.6606905 ], [ 72.746117, 32.6608469 ], [ 72.7461542, 32.6610062 ], [ 72.7462725, 32.6615411 ], [ 72.7464753, 32.6626442 ], [ 72.7465819, 32.6631466 ], [ 72.7466005, 32.6633272 ], [ 72.7466006, 32.6634664 ], [ 72.7465793, 32.6635989 ], [ 72.746539, 32.6637243 ], [ 72.7464676, 32.6638647 ], [ 72.7463505, 32.6640185 ], [ 72.7462072, 32.6641485 ], [ 72.7460247, 32.664263 ], [ 72.7458983, 32.6643192 ], [ 72.7457182, 32.664374 ], [ 72.7455406, 32.664403 ], [ 72.7450866, 32.6644436 ], [ 72.7449614, 32.664463 ], [ 72.7448385, 32.6644932 ], [ 72.7446672, 32.664556 ], [ 72.7445245, 32.6646302 ], [ 72.7443891, 32.6647245 ], [ 72.7442766, 32.6648279 ], [ 72.7441719, 32.6649567 ], [ 72.7440941, 32.6651084 ], [ 72.7440244, 32.665298 ], [ 72.7440029, 32.6655013 ], [ 72.7440298, 32.6656887 ], [ 72.7440888, 32.6658738 ], [ 72.7441853, 32.6660477 ], [ 72.7443033, 32.6661741 ], [ 72.7463536, 32.667706 ], [ 72.7464786, 32.6678141 ], [ 72.7465921, 32.667943699999988 ], [ 72.7466911, 32.6680909 ], [ 72.7469406, 32.6684618 ], [ 72.7474609, 32.6693334 ], [ 72.7479118, 32.6699345 ], [ 72.7481733, 32.6701823 ], [ 72.7484616, 32.670373 ], [ 72.7487377, 32.6705166 ], [ 72.7490613, 32.6706883 ], [ 72.7494091, 32.670947 ], [ 72.7501662, 32.6715339 ], [ 72.7505488, 32.6718533 ], [ 72.7508542, 32.672175 ], [ 72.7511255, 32.6724287 ], [ 72.7533326, 32.6741142 ], [ 72.7541681, 32.6747647 ], [ 72.7546501, 32.6752547 ], [ 72.7549517, 32.6757104 ], [ 72.7551073, 32.6760883 ], [ 72.7552091, 32.6765046 ], [ 72.7552333, 32.6767995 ], [ 72.7552249, 32.677177 ], [ 72.7550445, 32.6787673 ], [ 72.754973, 32.6794489 ], [ 72.7549133, 32.6800184 ], [ 72.7548981, 32.6802966 ], [ 72.7549126, 32.6805606 ], [ 72.7550777, 32.6809097 ], [ 72.7553089, 32.6811436 ], [ 72.755575, 32.6812668 ], [ 72.7559499, 32.6813013 ], [ 72.7562853, 32.6812433 ], [ 72.7566219, 32.6810477 ], [ 72.7568608, 32.6807951 ], [ 72.7569922, 32.6805266 ], [ 72.757149500000011, 32.6803179 ], [ 72.7573051, 32.680202 ], [ 72.7575066, 32.6801184 ], [ 72.7577171, 32.6800798 ], [ 72.7579446, 32.6800918 ], [ 72.7581221, 32.680134 ], [ 72.7582803, 32.6801972 ], [ 72.7584338, 32.6803036 ], [ 72.7585844, 32.6804698 ], [ 72.7586806, 32.6806533 ], [ 72.7586827, 32.6808677 ], [ 72.7586269, 32.6810898 ], [ 72.7585254, 32.6812265 ], [ 72.7573125, 32.6823226 ], [ 72.7569777, 32.6827271 ], [ 72.7567803, 32.6832039 ], [ 72.7567631, 32.6837819 ], [ 72.7570035, 32.6843164 ], [ 72.7575184, 32.6847932 ], [ 72.7583768, 32.6853134 ], [ 72.7595259, 32.6859156 ], [ 72.7599409, 32.6861892 ], [ 72.7603208, 32.6864854 ], [ 72.7607198, 32.6870082 ], [ 72.760867, 32.6872971 ], [ 72.7610071, 32.6878096 ], [ 72.7610182, 32.6883487 ], [ 72.7609088, 32.6887808 ], [ 72.7607608, 32.6893553 ], [ 72.7604926, 32.6896647 ], [ 72.7599605, 32.6901848 ], [ 72.757225, 32.6918498 ], [ 72.7563875, 32.6926183 ], [ 72.7546378, 32.693943 ], [ 72.7541935, 32.6943169 ], [ 72.7538307, 32.6947074 ], [ 72.7532265, 32.6954009 ], [ 72.7530832, 32.6955654 ], [ 72.7530511, 32.6956023 ], [ 72.752579, 32.6963463 ], [ 72.7522357, 32.6970903 ], [ 72.751798, 32.6982026 ], [ 72.7514546, 32.699416 ], [ 72.7511285, 32.701489 ], [ 72.7508452, 32.7034246 ], [ 72.750562, 32.7061691 ], [ 72.7502616, 32.7084585 ], [ 72.7500041, 32.709939 ], [ 72.7494033, 32.7125028 ], [ 72.7479012, 32.7176301 ], [ 72.7472146, 32.7199047 ], [ 72.7470258, 32.7205763 ], [ 72.7468884, 32.7213273 ], [ 72.7467683, 32.722576499999988 ], [ 72.7466996, 32.7240424 ], [ 72.7466481, 32.7257537 ], [ 72.7465623, 32.7282303 ], [ 72.746485, 32.7302304 ], [ 72.7464164, 32.7317827 ], [ 72.746227500000018, 32.7333423 ], [ 72.7459958, 32.7350534 ], [ 72.745601, 32.737111 ], [ 72.7450688, 32.7391903 ], [ 72.7446139, 32.7407208 ], [ 72.7440646, 32.7423235 ], [ 72.7420182, 32.7481067 ], [ 72.7416481, 32.749158 ], [ 72.7403911, 32.7526177 ], [ 72.7400477, 32.7534983 ], [ 72.7392495, 32.7547832 ], [ 72.738786, 32.7554617 ], [ 72.7378762, 32.7567249 ], [ 72.7374299, 32.7574828 ], [ 72.7371552, 32.758118 ], [ 72.7369836, 32.7586016 ], [ 72.7369149, 32.7594172 ], [ 72.7367261, 32.7608392 ], [ 72.7365287, 32.761994 ], [ 72.7364171, 32.7624776 ], [ 72.7359965, 32.7632715 ], [ 72.7355674, 32.7639356 ], [ 72.7350867, 32.7644985 ], [ 72.734571700000018, 32.7650398 ], [ 72.7338508, 32.765509 ], [ 72.732838, 32.7658843 ], [ 72.7321432, 32.766152 ], [ 72.7318533, 32.7662002 ], [ 72.7263567, 32.7669139 ], [ 72.7256561, 32.7670073 ], [ 72.7249555, 32.7671007 ], [ 72.7236726, 32.7672578 ], [ 72.7229, 32.767377 ], [ 72.7225188, 32.7674671 ], [ 72.7222318, 32.7675526 ], [ 72.7218659, 32.7676803 ], [ 72.7214957, 32.767855 ], [ 72.7211431, 32.7680326 ], [ 72.7207611, 32.7682662 ], [ 72.7205141, 32.7684396 ], [ 72.7200142, 32.7689145 ], [ 72.7197699, 32.7691893 ], [ 72.7195207, 32.7694996 ], [ 72.7193218, 32.7697971 ], [ 72.7191689, 32.7700051 ], [ 72.718983, 32.7703417 ], [ 72.7187913, 32.7709278 ], [ 72.7186187, 32.7715089 ], [ 72.7185277, 32.7718567 ], [ 72.7183506, 32.772367 ], [ 72.7177489, 32.7745664 ], [ 72.7169593, 32.7772582 ], [ 72.7164122, 32.7791368 ], [ 72.7161267, 32.7802385 ], [ 72.7159036, 32.7809962 ], [ 72.7155602, 32.7818622 ], [ 72.7150968, 32.7827137 ], [ 72.7138627, 32.7843755 ], [ 72.7130797, 32.7853905 ], [ 72.710419, 32.7888399 ], [ 72.7096711, 32.7897959 ], [ 72.7085348, 32.7911952 ], [ 72.7078183, 32.7919064 ], [ 72.7072433, 32.7924115 ], [ 72.7065738, 32.7928733 ], [ 72.7059558, 32.7932196 ], [ 72.704960200000016, 32.7935226 ], [ 72.7037585, 32.793869 ], [ 72.7030547, 32.7940133 ], [ 72.7018359, 32.7940494 ], [ 72.7007201, 32.7939772 ], [ 72.6922572, 32.7931186 ], [ 72.6885279, 32.7927904 ], [ 72.6870653, 32.7926682 ], [ 72.6841119, 32.7923105 ], [ 72.6819404, 32.7920363 ], [ 72.6797946, 32.7918199 ], [ 72.6783612, 32.79169 ], [ 72.6775029, 32.7916755 ], [ 72.6768764, 32.7917333 ], [ 72.674413, 32.7920507 ], [ 72.6733315, 32.7923177 ], [ 72.671838100000016, 32.7927506 ], [ 72.6710399, 32.7930392 ], [ 72.6698983, 32.7935659 ], [ 72.6686967, 32.7942153 ], [ 72.6667569, 32.7955645 ], [ 72.6649888, 32.796957 ], [ 72.6638862, 32.797792 ], [ 72.663283, 32.7982466 ], [ 72.6622422, 32.7990709 ], [ 72.6612809, 32.7999151 ], [ 72.6604655, 32.8006942 ], [ 72.6598218, 32.8014157 ], [ 72.6594098, 32.8021227 ], [ 72.659118, 32.8028586 ], [ 72.6588266, 32.8036629 ], [ 72.6586734, 32.804434 ], [ 72.6586631, 32.8045828 ], [ 72.6586545, 32.8051059 ], [ 72.6587071, 32.8061578 ], [ 72.6588671, 32.8067201 ], [ 72.6591543, 32.8074652 ], [ 72.6594933, 32.8081997 ], [ 72.6602681, 32.8093657 ], [ 72.6605885, 32.809903 ], [ 72.660826, 32.8105055 ], [ 72.6611264, 32.8111187 ], [ 72.6613582, 32.8119411 ], [ 72.6616024, 32.8133799 ], [ 72.6616037, 32.8134247 ], [ 72.6616157, 32.8141051 ], [ 72.6612809, 32.8189813 ], [ 72.6610148, 32.8228907 ], [ 72.6607488, 32.8254801 ], [ 72.6605514, 32.827038 ], [ 72.6603368, 32.8279035 ], [ 72.659839, 32.8293099 ], [ 72.657676, 32.8351011 ], [ 72.6565087, 32.8381445 ], [ 72.6563199, 32.8386997 ], [ 72.6562341, 32.839493 ], [ 72.6561482, 32.8418583 ], [ 72.6559337, 32.8449519 ], [ 72.6557732, 32.8462633 ], [ 72.6556161, 32.8469565 ], [ 72.6551011, 32.8486222 ], [ 72.6544316, 32.8504032 ], [ 72.6538995, 32.8517011 ], [ 72.6522859, 32.8557749 ], [ 72.6516507, 32.8573251 ], [ 72.6512387, 32.8586084 ], [ 72.6511529, 32.859005 ], [ 72.6510842, 32.8594376 ], [ 72.6512816, 32.8615644 ], [ 72.6515712, 32.8650237 ], [ 72.651625, 32.8656666 ], [ 72.6518824, 32.8695776 ], [ 72.6521142, 32.8724503 ], [ 72.6522174, 32.8738132 ], [ 72.6524318, 32.8766457 ], [ 72.6524318, 32.8780514 ], [ 72.6523202, 32.879529 ], [ 72.6521743, 32.8808626 ], [ 72.6519104, 32.8822897 ], [ 72.6516679, 32.8838827 ], [ 72.6514964, 32.8850037 ], [ 72.6513948, 32.8861482 ], [ 72.6513344, 32.8869464 ], [ 72.6513508, 32.8878559 ], [ 72.6513417, 32.8895695 ], [ 72.6512559, 32.8932379 ], [ 72.6511872, 32.8945784 ], [ 72.6510413, 32.895818 ], [ 72.6506722, 32.8981386 ], [ 72.6502603, 32.900805 ], [ 72.6500972, 32.9019869 ], [ 72.6499856, 32.9029237 ], [ 72.6500543, 32.9035867 ], [ 72.6505692, 32.9052729 ], [ 72.6514276, 32.9078166 ], [ 72.6522, 32.90951 ], [ 72.6530326, 32.911297 ], [ 72.6535476, 32.9119239 ], [ 72.6551521, 32.9136202 ], [ 72.6558584, 32.9142441 ], [ 72.6567579, 32.9148946 ], [ 72.66753460000001, 32.9235784 ], [ 72.6695434, 32.9252033 ], [ 72.6714218, 32.9267143 ], [ 72.6733889, 32.9281727 ], [ 72.6746246, 32.9290455 ], [ 72.6756446, 32.9297024 ], [ 72.6765447, 32.9302783 ], [ 72.6776952, 32.9310009 ], [ 72.680183, 32.9325364 ], [ 72.680864, 32.9329509 ], [ 72.6815307, 32.9334645 ], [ 72.68213440000001, 32.9340207 ], [ 72.68272, 32.9346868 ], [ 72.683059, 32.9351853 ], [ 72.683319900000015, 32.9356451 ], [ 72.683738, 32.9365172 ], [ 72.6838828, 32.9370777 ], [ 72.6839996, 32.9376342 ], [ 72.6840087, 32.9385299 ], [ 72.6839594, 32.939331 ], [ 72.683806, 32.9400611 ], [ 72.6835559, 32.9407657 ], [ 72.6833165, 32.9412577 ], [ 72.680767300000014, 32.9454858 ], [ 72.6796555, 32.9473307 ], [ 72.6772804, 32.9511976 ], [ 72.676174, 32.9530288 ], [ 72.6753315, 32.9544469 ], [ 72.6743013, 32.9561247 ], [ 72.6731928, 32.95799 ], [ 72.6725329, 32.9591323 ], [ 72.6721027, 32.9599299 ], [ 72.6718034, 32.9605915 ], [ 72.6712229, 32.9621516 ], [ 72.6707498, 32.9635885 ], [ 72.6702874, 32.9651617 ], [ 72.669575, 32.9676076 ], [ 72.6693175, 32.9684886 ], [ 72.6679442, 32.9731027 ], [ 72.6664506, 32.9781676 ], [ 72.6660233, 32.9793759 ], [ 72.6657832, 32.9799802 ], [ 72.6654663, 32.9805763 ], [ 72.6648901, 32.9816315 ], [ 72.6643016, 32.9825979 ], [ 72.6636654, 32.9834556 ], [ 72.6628039, 32.9845013 ], [ 72.6622481, 32.9850638 ], [ 72.6617912, 32.9855318 ], [ 72.6613351, 32.9859448 ], [ 72.6603867, 32.9867458 ], [ 72.658845, 32.9880452 ], [ 72.6572624, 32.9893736 ], [ 72.65546, 32.9909358 ], [ 72.654533, 32.9918861 ], [ 72.6537176, 32.9928435 ], [ 72.6524903, 32.9944129 ], [ 72.6512886, 32.9961406 ], [ 72.6498724, 32.9982066 ], [ 72.6483704, 33.0004453 ], [ 72.6477572, 33.0014662 ], [ 72.6474019, 33.0021345 ], [ 72.6470836, 33.0028286 ], [ 72.6467, 33.0038153 ], [ 72.6464514, 33.0045601 ], [ 72.6462523, 33.0053201 ], [ 72.646217400000012, 33.0054994 ], [ 72.6461022, 33.0060565 ], [ 72.6459575, 33.0067589 ], [ 72.6458978, 33.0072329 ], [ 72.6458612, 33.0076384 ], [ 72.6457476, 33.0089492 ], [ 72.6456007, 33.0102558 ], [ 72.645529, 33.0109971 ], [ 72.6453931, 33.0118356 ], [ 72.6452916, 33.0123893 ], [ 72.6452187, 33.0128813 ], [ 72.6449626, 33.0141093 ], [ 72.6447766, 33.0149803 ], [ 72.6446278, 33.0154718 ], [ 72.6445306, 33.01586 ], [ 72.6442737, 33.0167987 ], [ 72.6439673, 33.017734 ], [ 72.6433493, 33.0194972 ], [ 72.6426026, 33.0215411 ], [ 72.6417013, 33.0240311 ], [ 72.6411778, 33.0257033 ], [ 72.6407572, 33.0272063 ], [ 72.6403667, 33.0289181 ], [ 72.6400609, 33.0306964 ], [ 72.6398195, 33.0326213 ], [ 72.6395942, 33.0348969 ], [ 72.6393582, 33.0374873 ], [ 72.6391963, 33.0390133 ], [ 72.6389924, 33.04027 ], [ 72.6388235, 33.0412842 ], [ 72.6385941, 33.0423972 ], [ 72.6384694, 33.0430931 ], [ 72.6374699, 33.0480134 ], [ 72.6362082, 33.054481 ], [ 72.6347491, 33.0615164 ], [ 72.6343971, 33.063401 ], [ 72.6338822, 33.0654151 ], [ 72.6328608, 33.0687094 ], [ 72.6312214, 33.0737442 ], [ 72.6299854, 33.0775561 ], [ 72.629376, 33.0793325 ], [ 72.6284147, 33.0823962 ], [ 72.6277968, 33.0844961 ], [ 72.6274534, 33.0858265 ], [ 72.6271015, 33.0873583 ], [ 72.6266724, 33.0898895 ], [ 72.6260544, 33.0932477 ], [ 72.6251103, 33.098108499999988 ], [ 72.6246382, 33.1005532 ], [ 72.6241318, 33.1032494 ], [ 72.6238056, 33.1050829 ], [ 72.6234623, 33.1069162 ], [ 72.623428, 33.1074267 ], [ 72.6233936, 33.1080594 ], [ 72.6233936, 33.1086489 ], [ 72.6234537, 33.1094613 ], [ 72.6234537, 33.1096986 ], [ 72.6240975, 33.1107195 ], [ 72.6246296, 33.111366499999988 ], [ 72.6261059, 33.1131997 ], [ 72.6265694, 33.1137605 ], [ 72.6282002, 33.1160753 ], [ 72.628595, 33.1175347 ], [ 72.6289126, 33.1186849 ], [ 72.6287409, 33.1212943 ], [ 72.6278998, 33.1267358 ], [ 72.6275135, 33.1293091 ], [ 72.6272304, 33.1305441 ], [ 72.6266724, 33.1318176 ], [ 72.6257949, 33.1331977 ], [ 72.6248538, 33.1343556 ], [ 72.6240424, 33.1353246 ], [ 72.6234374, 33.1361448 ], [ 72.623222, 33.136511 ], [ 72.6228787, 33.1373734 ], [ 72.6226469, 33.138394 ], [ 72.6225611, 33.1390983 ], [ 72.622604, 33.1399823 ], [ 72.6228615, 33.1409166 ], [ 72.6231362, 33.141721499999989 ], [ 72.6236168, 33.142548 ], [ 72.624149, 33.1431373 ], [ 72.6250073, 33.1440716 ], [ 72.6254193, 33.1444668 ], [ 72.6273276, 33.1457122 ], [ 72.6292719, 33.147013799999989 ], [ 72.6300198, 33.1475315 ], [ 72.632503, 33.149250099999989 ], [ 72.6343194, 33.1505004 ], [ 72.6356927, 33.1513843 ], [ 72.637375, 33.1523185 ], [ 72.6400357, 33.1537054 ], [ 72.6407945, 33.1540623 ], [ 72.6420113, 33.1546692 ], [ 72.6434257, 33.1554124 ], [ 72.6464727, 33.1568998 ], [ 72.6478717, 33.1575681 ], [ 72.6490305, 33.1583082 ], [ 72.64976, 33.1588327 ], [ 72.6500604, 33.1591704 ], [ 72.6505729, 33.1598588 ], [ 72.6509926, 33.1606694 ], [ 72.6512119, 33.1612812 ], [ 72.6514123, 33.1619331 ], [ 72.6516641, 33.1627316 ], [ 72.6523092, 33.1649257 ], [ 72.6532176, 33.1678327 ], [ 72.6545408, 33.1720672 ], [ 72.6552017, 33.1738776 ], [ 72.6560428, 33.1759394 ], [ 72.6569183, 33.177994 ], [ 72.6582744, 33.1810471 ], [ 72.6598261, 33.1845398 ], [ 72.6610276, 33.1872976 ], [ 72.661523, 33.1884314 ], [ 72.6620919, 33.1898117 ], [ 72.6622206, 33.1905587 ], [ 72.6624352, 33.1920383 ], [ 72.6624781, 33.1935467 ], [ 72.6626069, 33.1956224 ], [ 72.6626927, 33.1963119 ], [ 72.6630618, 33.1981075 ], [ 72.6633744, 33.1988646 ], [ 72.6645466, 33.2009803 ], [ 72.6666581, 33.2035586 ], [ 72.6690613, 33.2065964 ], [ 72.6700484, 33.2079034 ], [ 72.6718251, 33.2098423 ], [ 72.6729066, 33.2107113 ], [ 72.6749837, 33.2121762 ], [ 72.6786572, 33.2145172 ], [ 72.6829745, 33.2172315 ], [ 72.6847457, 33.2181991 ], [ 72.6853411, 33.2185099 ], [ 72.6869656, 33.2192707 ], [ 72.6888539, 33.2199601 ], [ 72.6914117, 33.2207786 ], [ 72.6939351, 33.2216761 ], [ 72.6954199, 33.2223008 ], [ 72.6966645, 33.2230045 ], [ 72.6973082, 33.2234209 ], [ 72.6988274, 33.2249933 ], [ 72.7002608, 33.2264509 ], [ 72.7018058, 33.2280089 ], [ 72.7033507, 33.2292294 ], [ 72.7045781, 33.230091 ], [ 72.706638, 33.2313546 ], [ 72.7089383, 33.2327186 ], [ 72.7190406, 33.2387562 ], [ 72.7215726, 33.2402135 ], [ 72.7237784, 33.2413119 ], [ 72.7265679, 33.2425896 ], [ 72.7286854, 33.24351 ], [ 72.7296767, 33.2439595 ], [ 72.732001, 33.2450662 ], [ 72.7330052, 33.245547099999989 ], [ 72.7340867, 33.2461645 ], [ 72.7351338, 33.2468392 ], [ 72.7362324, 33.2476001 ], [ 72.7370049, 33.2481743 ], [ 72.7379662, 33.2489783 ], [ 72.7407815, 33.2513829 ], [ 72.7425324, 33.25284 ], [ 72.744249, 33.2542539 ], [ 72.7453648, 33.2550794 ], [ 72.7470471, 33.2562134 ], [ 72.7485663, 33.2571608 ], [ 72.7502829, 33.258323499999989 ], [ 72.7515275, 33.2591274 ], [ 72.7525746, 33.2600317 ], [ 72.7541711, 33.2614456 ], [ 72.7551971, 33.2623083 ], [ 72.7553353, 33.2624216 ], [ 72.7560593, 33.2630891 ], [ 72.7579219, 33.2647828 ], [ 72.7593552, 33.2661679 ], [ 72.7601706, 33.2670649 ], [ 72.7611405, 33.2681988 ], [ 72.7624451, 33.2700073 ], [ 72.7640759, 33.2724759 ], [ 72.7663075, 33.2758342 ], [ 72.7686936, 33.2795655 ], [ 72.7716719, 33.2840142 ], [ 72.773955, 33.2875658 ], [ 72.774985, 33.289338 ], [ 72.7757575, 33.2908877 ], [ 72.776384, 33.2925521 ], [ 72.776899, 33.2945466 ], [ 72.7773144, 33.2974402 ], [ 72.7778811, 33.3014902 ], [ 72.7783404, 33.304676 ], [ 72.7785121, 33.306082 ], [ 72.7787396, 33.3080131 ], [ 72.779027, 33.309769 ], [ 72.779284500000017, 33.3117774 ], [ 72.7794866, 33.3127093 ], [ 72.7797271, 33.3136826 ], [ 72.7802689, 33.3151149 ], [ 72.7803842, 33.3153513 ], [ 72.7810105, 33.3164922 ], [ 72.781758, 33.3176333 ], [ 72.7819415, 33.3178966 ], [ 72.7844344, 33.3209725 ], [ 72.7865067, 33.3234885 ], [ 72.7890006, 33.3265163 ], [ 72.7904597, 33.328223199999989 ], [ 72.7918759, 33.3296861 ], [ 72.7929316, 33.3307475 ], [ 72.7946225, 33.3323251 ], [ 72.7995663, 33.3367353 ], [ 72.803566, 33.3402847 ], [ 72.8059693, 33.3423498 ], [ 72.8074112, 33.3437408 ], [ 72.8084412, 33.3448379 ], [ 72.8092995, 33.3458704 ], [ 72.8102093, 33.3470749 ], [ 72.811308, 33.348853 ], [ 72.8118916, 33.3503013 ], [ 72.8124753, 33.3516492 ], [ 72.8127585, 33.3526816 ], [ 72.813076100000018, 33.3539578 ], [ 72.8134022, 33.3561946 ], [ 72.8138743, 33.3597719 ], [ 72.8143292, 33.3628186 ], [ 72.8145568, 33.3642176 ], [ 72.8147498, 33.3654136 ], [ 72.8152476, 33.367091 ], [ 72.8157797, 33.3690981 ], [ 72.8164406, 33.3714206 ], [ 72.8170586, 33.3738003 ], [ 72.8175454, 33.3761824 ], [ 72.8178139, 33.3777998 ], [ 72.8180113, 33.3794769 ], [ 72.8180543, 33.381111 ], [ 72.8180714, 33.3835478 ], [ 72.8179449, 33.3866086 ], [ 72.8178921, 33.3890821 ], [ 72.8178492, 33.3903251 ], [ 72.8178251, 33.3908289 ], [ 72.817809, 33.3913731 ], [ 72.8177983, 33.3920002 ], [ 72.8178063, 33.3923159 ], [ 72.8178358, 33.3926339 ], [ 72.8179646, 33.3939216 ], [ 72.8181443, 33.39473 ], [ 72.8187719, 33.3964812 ], [ 72.8191106, 33.3973789 ], [ 72.8198487, 33.3985039 ], [ 72.8222777, 33.4020222 ], [ 72.8243589, 33.4047846 ], [ 72.8250648, 33.4057837 ], [ 72.8257453, 33.4068873 ], [ 72.8262772, 33.4077936 ], [ 72.8268435, 33.4089345 ], [ 72.8273756, 33.4100861 ], [ 72.8278567, 33.4114513 ], [ 72.828328500000012, 33.4131099 ], [ 72.8285178, 33.4139582 ], [ 72.8286758, 33.4148616 ], [ 72.8288262, 33.4161623 ], [ 72.8288968, 33.4171248 ], [ 72.8289074, 33.4180495 ], [ 72.8288517, 33.4194034 ], [ 72.828760500000016, 33.4202983 ], [ 72.8286575, 33.4211944 ], [ 72.8284825, 33.4221412 ], [ 72.8283664, 33.4226246 ], [ 72.8282466, 33.4231247 ], [ 72.8276478, 33.4251917 ], [ 72.826595, 33.4283653 ], [ 72.825762, 33.4310087 ], [ 72.8254221, 33.432161 ], [ 72.8253212, 33.433065 ], [ 72.8253327, 33.4339907 ], [ 72.8254146, 33.4346866 ], [ 72.8255667, 33.4354764 ], [ 72.8257876, 33.4360809 ], [ 72.8260223, 33.4366658 ], [ 72.8262968, 33.4371904 ], [ 72.8265742, 33.4376655 ], [ 72.8269281, 33.4381744 ], [ 72.8271629, 33.4384487 ], [ 72.8275855, 33.4389625 ], [ 72.8280499, 33.4394153 ], [ 72.8289422, 33.4401337 ], [ 72.8303748, 33.4410502 ], [ 72.8310341, 33.4414831 ], [ 72.8316225, 33.4419363 ], [ 72.8327654, 33.4430235 ], [ 72.833632, 33.4440904 ], [ 72.8342594, 33.4450526 ], [ 72.8346549, 33.4458455 ], [ 72.834683, 33.4459063 ], [ 72.8350238, 33.4467132 ], [ 72.8352466, 33.4474106 ], [ 72.8354281, 33.4481729 ], [ 72.8355464, 33.448947 ], [ 72.8356325, 33.4502334 ], [ 72.835697, 33.4515857 ], [ 72.83584, 33.4554112 ], [ 72.8360746, 33.460415 ], [ 72.8361818, 33.462645 ], [ 72.836281, 33.4650529 ], [ 72.8363979, 33.4679142 ], [ 72.8365213, 33.4702538 ], [ 72.8366886, 33.4729824 ], [ 72.8368539, 33.4742569 ], [ 72.8371554, 33.4754596 ], [ 72.837812, 33.4771913 ], [ 72.8382262, 33.478062 ], [ 72.8388848, 33.4791815 ], [ 72.8394063, 33.47996 ], [ 72.8398569, 33.4805551 ], [ 72.8407539, 33.4815493 ], [ 72.8417411, 33.4825125 ], [ 72.8433077, 33.4838452 ], [ 72.8459022, 33.4859962 ], [ 72.8486459, 33.4882096 ], [ 72.8537991, 33.4924388 ], [ 72.8561846, 33.4943834 ], [ 72.8578148, 33.4957226 ], [ 72.8586977, 33.4964166 ], [ 72.8635365, 33.5002184 ], [ 72.867678, 33.5032771 ], [ 72.8706689, 33.5055737 ], [ 72.8732456, 33.5077194 ], [ 72.8746109, 33.5088577 ], [ 72.8756734, 33.5098095 ], [ 72.8889839, 33.5220524 ], [ 72.8891365, 33.5221911 ], [ 72.8899428, 33.5229155 ], [ 72.8910624, 33.5239415 ], [ 72.8939104, 33.5264721 ], [ 72.8962833, 33.5286736 ], [ 72.8969927, 33.5294193 ], [ 72.8974089, 33.5300312 ], [ 72.8982354, 33.5310671 ], [ 72.8987154, 33.5318881 ], [ 72.8990291, 33.5325184 ], [ 72.899259, 33.5330546 ], [ 72.899427100000011, 33.5335451 ], [ 72.8994663, 33.5336332 ], [ 72.8996815, 33.5343349 ], [ 72.899818, 33.5349311 ], [ 72.8999324, 33.5356896 ], [ 72.8999778, 33.5360137 ], [ 72.9000189, 33.5363073 ], [ 72.900202300000018, 33.5381186 ], [ 72.9003496, 33.5397124 ], [ 72.9004813, 33.5409606 ], [ 72.9006643, 33.5418732 ], [ 72.9009621, 33.5428926 ], [ 72.9013134, 33.5437785 ], [ 72.9017967, 33.5447386 ], [ 72.9026469, 33.5461374 ], [ 72.9031497, 33.5470723 ], [ 72.903428800000015, 33.5478313 ], [ 72.9036163, 33.5484957 ], [ 72.9037174, 33.5492713 ], [ 72.9037263, 33.5499541 ], [ 72.903673, 33.5506057 ], [ 72.9035336, 33.5513278 ], [ 72.9032926, 33.5520582 ], [ 72.9030132, 33.5526977 ], [ 72.902617, 33.5533855 ], [ 72.9020953, 33.5540704 ], [ 72.9014511, 33.5547476 ], [ 72.9007706, 33.5553151 ], [ 72.8993847, 33.5562698 ], [ 72.8973645, 33.557644599999989 ], [ 72.8965813, 33.5581744 ], [ 72.8952681, 33.558974 ], [ 72.8945471, 33.5594747 ], [ 72.893809, 33.5601613 ], [ 72.8923756, 33.561463 ], [ 72.8916546, 33.5622784 ], [ 72.8907008, 33.5634799 ], [ 72.8878588, 33.5672329 ], [ 72.8856879, 33.5701127 ], [ 72.8833677, 33.5729907 ], [ 72.8803247, 33.5766547 ], [ 72.8774064, 33.5804446 ], [ 72.8769321, 33.5811293 ], [ 72.8769113, 33.5811566 ], [ 72.8768689, 33.581212 ], [ 72.8729003, 33.5864152 ], [ 72.8714694, 33.5883164 ], [ 72.8713161, 33.5885178 ], [ 72.8705748, 33.5895071 ], [ 72.869801, 33.5905437 ], [ 72.8693703, 33.5911076 ] ] ] } },
{ "type": "Feature", "properties": { "ref": "N-5" }, "geometry": { "type": "MultiLineString", "coordinates": [ [ [ 74.2009751, 32.0939239 ], [ 74.2011335, 32.0928884 ], [ 74.2011791, 32.092635 ], [ 74.2012019, 32.0925077 ], [ 74.2012408, 32.0922578 ], [ 74.2014101, 32.0914676 ], [ 74.2014608, 32.0911077 ], [ 74.2015209, 32.090733 ], [ 74.2017722, 32.0893306 ], [ 74.201846, 32.0889191 ], [ 74.2021662, 32.0871377 ], [ 74.2025703, 32.0848899 ], [ 74.2028414, 32.0833819 ], [ 74.2029588, 32.0827089 ], [ 74.2030378, 32.0822678 ], [ 74.203111, 32.0818594 ], [ 74.2035361, 32.0794867 ], [ 74.2042003, 32.0757798 ], [ 74.2057047, 32.0670394 ], [ 74.2058252, 32.0663666 ], [ 74.2058676, 32.0661783 ], [ 74.2058946, 32.0660594 ], [ 74.2059525, 32.0658331 ], [ 74.205993, 32.0656743 ], [ 74.2060292, 32.0655173 ], [ 74.2060678, 32.0652624 ], [ 74.2061716, 32.0646136 ], [ 74.2063648, 32.0635104 ], [ 74.2063987, 32.0632903 ], [ 74.2064486, 32.0629704 ], [ 74.2064579, 32.062911 ], [ 74.2069176, 32.0603091 ], [ 74.2070739, 32.0594244 ], [ 74.2072587, 32.0583787 ], [ 74.2073261, 32.0579971 ], [ 74.2079496, 32.0544678 ], [ 74.2084447, 32.0516657 ], [ 74.2092427, 32.0471487 ], [ 74.2093354, 32.046624 ], [ 74.2093645, 32.0464592 ], [ 74.209443, 32.0460148 ], [ 74.209613800000014, 32.045048 ], [ 74.2099544, 32.043144 ], [ 74.210047800000012, 32.0426047 ], [ 74.2108595, 32.0379967 ], [ 74.2136472, 32.0222132 ], [ 74.2143663, 32.0181416 ], [ 74.2154037, 32.0122677 ], [ 74.2154765, 32.0118738 ], [ 74.2158298, 32.0099624 ], [ 74.2165035, 32.0059897 ], [ 74.2175572, 32.0006045 ], [ 74.2181348, 31.9976525 ], [ 74.218223, 31.9972671 ], [ 74.2187538, 31.9944479 ], [ 74.2189728, 31.993254 ], [ 74.2193355, 31.9913127 ], [ 74.2195906, 31.990148 ], [ 74.2196411, 31.989837 ], [ 74.2196661, 31.9897099 ], [ 74.2197062, 31.9894907 ], [ 74.2197669, 31.9891128 ], [ 74.2198713, 31.988665 ], [ 74.2199695, 31.9881943 ], [ 74.2201627, 31.9871099 ], [ 74.2202218, 31.986782 ], [ 74.2202845, 31.9864282 ], [ 74.220458, 31.9854784 ], [ 74.2206708, 31.9843127 ], [ 74.2207038, 31.9841283 ], [ 74.2207286, 31.9839894 ], [ 74.2207989, 31.9836414 ], [ 74.2208637, 31.9832835 ], [ 74.2209459, 31.9828299 ], [ 74.2214755, 31.9799061 ], [ 74.2217479, 31.9784026 ], [ 74.2218339, 31.9779421 ], [ 74.2219574, 31.9772815 ], [ 74.2221084, 31.9764732 ], [ 74.2223808, 31.9750676 ], [ 74.2226119, 31.9738146 ], [ 74.2226281, 31.9737287 ], [ 74.2239292, 31.9668158 ], [ 74.2239984, 31.9664236 ], [ 74.2242062, 31.9652943 ], [ 74.224464, 31.9639582 ], [ 74.2247003, 31.9626967 ], [ 74.2247994, 31.9621972 ], [ 74.2248591, 31.9618652 ], [ 74.2255606, 31.957993 ], [ 74.2259869, 31.9556403 ], [ 74.2264294, 31.9531976 ], [ 74.2268289, 31.9510624 ], [ 74.2273568, 31.9482406 ], [ 74.2283461, 31.9429528 ], [ 74.2286716, 31.9412128 ], [ 74.2288925, 31.940032 ], [ 74.2290824, 31.9390171 ], [ 74.2296955, 31.9357402 ], [ 74.2301955, 31.933207 ], [ 74.2303273, 31.932363 ], [ 74.2305591, 31.9311235 ], [ 74.2311658, 31.9281538 ], [ 74.231742, 31.9249177 ], [ 74.2328032, 31.9193302 ], [ 74.2335238, 31.9155362 ], [ 74.2345049, 31.9102185 ], [ 74.234514, 31.9101691 ], [ 74.2346757, 31.9092327 ], [ 74.2347916, 31.9085618 ], [ 74.2350051, 31.9073252 ], [ 74.2351985, 31.9062573 ], [ 74.2352271, 31.9060591 ], [ 74.2353432, 31.9055146 ], [ 74.235521800000015, 31.9045651 ], [ 74.2360789, 31.901609 ], [ 74.2365104, 31.8993198 ], [ 74.2367376, 31.8981141 ], [ 74.2370659, 31.8963723 ], [ 74.237183, 31.8959075 ], [ 74.2371988, 31.8958449 ], [ 74.2377625, 31.8926539 ], [ 74.2381392, 31.8906248 ], [ 74.2382679, 31.8899315 ], [ 74.2382828, 31.8898512 ], [ 74.2395047, 31.8832694 ], [ 74.23981, 31.881685 ], [ 74.240625, 31.8780467 ], [ 74.2406755, 31.8778276 ], [ 74.2416372, 31.8742363 ], [ 74.2418073, 31.873652 ], [ 74.2439722, 31.8658753 ], [ 74.2440885, 31.8654322 ], [ 74.244406, 31.864223 ], [ 74.245098, 31.861004 ], [ 74.2474587, 31.8463676 ], [ 74.2478868, 31.8437134 ], [ 74.2491662, 31.8357797 ], [ 74.2495463, 31.8333986 ], [ 74.2495779, 31.8332526 ], [ 74.2499957, 31.8309725 ], [ 74.250139, 31.8300653 ], [ 74.250747, 31.8262171 ], [ 74.2507954, 31.8259112 ], [ 74.2513501, 31.8224001 ], [ 74.2516099, 31.8207659 ], [ 74.2519298, 31.818754 ], [ 74.252119, 31.817564 ], [ 74.2523782, 31.8159334 ], [ 74.2524567, 31.8156373 ], [ 74.2527572, 31.8135817 ], [ 74.252767, 31.8135145 ], [ 74.2528195, 31.8131549 ], [ 74.2530842, 31.8113211 ], [ 74.2531858, 31.8106436 ], [ 74.2532394, 31.8102143 ], [ 74.2533936, 31.8093413 ], [ 74.2534958, 31.8087334 ], [ 74.2538578, 31.8065792 ], [ 74.2542787, 31.8038357 ], [ 74.254607900000011, 31.8017153 ], [ 74.2551139, 31.7985044 ], [ 74.2553728, 31.7968166 ], [ 74.2554535, 31.7962902 ], [ 74.2555025, 31.7959708 ], [ 74.2555379, 31.7957401 ], [ 74.2555845, 31.7954366 ], [ 74.2556576, 31.7949603 ], [ 74.2557481, 31.7943701 ], [ 74.2560275, 31.7926552 ], [ 74.2561866, 31.7916782 ], [ 74.2562623, 31.7912139 ], [ 74.2563113, 31.7909131 ], [ 74.2564192, 31.7902507 ], [ 74.2564408, 31.7901181 ], [ 74.25665, 31.7888339 ], [ 74.2566615, 31.7887631 ], [ 74.2567144, 31.7884224 ], [ 74.2568438, 31.787588 ], [ 74.2568551, 31.7875151 ], [ 74.2570029, 31.7865624 ], [ 74.2570515, 31.7862493 ], [ 74.2571498, 31.7856156 ], [ 74.2577634, 31.7816608 ], [ 74.2578497, 31.7811041 ], [ 74.2579618, 31.7803818 ], [ 74.2580222, 31.7799914 ], [ 74.258083, 31.7796003 ], [ 74.258168, 31.7790524 ], [ 74.2582558, 31.7784865 ], [ 74.2582954, 31.7782627 ], [ 74.258375, 31.7777179 ], [ 74.2586181, 31.7761508 ], [ 74.2589916, 31.7737431 ], [ 74.2593707, 31.7712987 ], [ 74.259569, 31.7700206 ], [ 74.2597121, 31.7691331 ], [ 74.2597814, 31.7687034 ], [ 74.2599444, 31.7675519 ], [ 74.2600285, 31.7670089 ], [ 74.2600542, 31.7668607 ], [ 74.2601238, 31.766542 ], [ 74.2602969, 31.765456 ], [ 74.2603729, 31.7648543 ], [ 74.260431200000014, 31.7645118 ], [ 74.2605478, 31.7638269 ], [ 74.2608342, 31.7621451 ], [ 74.261359900000016, 31.7588154 ], [ 74.2617687, 31.7562855 ], [ 74.2618779, 31.7556094 ], [ 74.2620801, 31.7543582 ], [ 74.2624384, 31.7521407 ], [ 74.2624954, 31.7517863 ], [ 74.2628459, 31.7496059 ], [ 74.2632886, 31.7470262 ], [ 74.2633824, 31.7464521 ], [ 74.263615, 31.745346 ], [ 74.2636482, 31.7451777 ], [ 74.2640133, 31.7436516 ], [ 74.2643519, 31.7419928 ], [ 74.264830300000014, 31.7395255 ], [ 74.2668883, 31.7298928 ], [ 74.2669919, 31.729409 ], [ 74.2681966, 31.7237856 ], [ 74.2682319, 31.7236117 ], [ 74.2685775, 31.7219813 ], [ 74.2687011, 31.7213985 ], [ 74.2691721, 31.7192068 ], [ 74.2692828, 31.7186415 ], [ 74.269331, 31.718427 ], [ 74.269421900000012, 31.7179984 ], [ 74.2695324, 31.717477 ], [ 74.269615, 31.7170872 ], [ 74.2698235, 31.716104 ], [ 74.270098, 31.7147839 ], [ 74.2701419, 31.7145563 ], [ 74.2702429, 31.7140632 ], [ 74.2714976, 31.708202 ], [ 74.2715397, 31.7080055 ], [ 74.271587900000014, 31.7077802 ], [ 74.2722638, 31.7045912 ], [ 74.2728158, 31.7020016 ], [ 74.2730095, 31.7011282 ], [ 74.2731446, 31.7004364 ], [ 74.273506, 31.6989246 ], [ 74.2736634, 31.6981088 ], [ 74.2738728, 31.6970236 ], [ 74.2741286, 31.6956063 ], [ 74.274471600000012, 31.6939739 ], [ 74.2748848, 31.6921462 ], [ 74.2750126, 31.6916391 ], [ 74.2750681, 31.6912308 ], [ 74.2751539, 31.6908433 ], [ 74.2754666, 31.68943160000001 ], [ 74.2756211, 31.6887337 ], [ 74.2760865, 31.6864529 ], [ 74.2761033, 31.6863705 ], [ 74.2763702, 31.685105 ], [ 74.2763954, 31.6849854 ], [ 74.2764547, 31.6847041 ], [ 74.2766811, 31.6836307 ], [ 74.2768948, 31.6826171 ], [ 74.2771078, 31.6816149 ], [ 74.2771995, 31.6811835 ], [ 74.2773525, 31.680464 ], [ 74.2774981, 31.6797789 ], [ 74.2776773, 31.6789361 ], [ 74.2780418, 31.6772212 ], [ 74.2780807, 31.6770382 ], [ 74.2782175, 31.6763231 ], [ 74.2782611, 31.676116 ], [ 74.2796707, 31.6694233 ], [ 74.2800917, 31.6675205 ], [ 74.2804409, 31.6658242 ], [ 74.2809947, 31.6631155 ], [ 74.281173, 31.6622434 ], [ 74.2812286, 31.6619421 ], [ 74.2814371, 31.6609316 ], [ 74.2814791, 31.6607187 ], [ 74.2815593, 31.6603414 ], [ 74.2818367, 31.6590201 ], [ 74.2820282, 31.6580894 ], [ 74.2820689, 31.65789160000001 ], [ 74.282421500000012, 31.6561783 ], [ 74.2824979, 31.6557947 ], [ 74.2825652, 31.6555022 ], [ 74.2827705, 31.6545312 ], [ 74.2829759, 31.653463 ], [ 74.2831185, 31.65275990000001 ], [ 74.2832779, 31.6519822 ], [ 74.2833563, 31.6515873 ], [ 74.2836346, 31.6502149 ], [ 74.2838549, 31.6492103 ], [ 74.2839625, 31.6487275 ], [ 74.2841356, 31.6477971 ], [ 74.2842888, 31.6470936 ], [ 74.2843225, 31.6469389 ], [ 74.2844296, 31.6464471 ], [ 74.2848119, 31.6446916 ], [ 74.2855686, 31.6410703 ], [ 74.2856085, 31.6408792 ], [ 74.2860237, 31.6388922 ], [ 74.2861375, 31.638366 ], [ 74.2868462, 31.6350905 ], [ 74.2871999, 31.6334096 ], [ 74.2878111, 31.6305045 ], [ 74.2882145, 31.6283925 ], [ 74.2886265, 31.6264777 ], [ 74.2890127, 31.6246945 ], [ 74.2891423, 31.6241357 ], [ 74.2895639, 31.6223171 ], [ 74.2897813, 31.6213501 ], [ 74.2898632, 31.6210353 ], [ 74.2898807, 31.6209579 ], [ 74.2899026, 31.6208606 ], [ 74.2900923, 31.6199516 ], [ 74.2903917, 31.6185165 ], [ 74.2904436, 31.6183192 ], [ 74.2904691, 31.6182221 ], [ 74.2905716, 31.6178323 ], [ 74.2905946, 31.6177448 ], [ 74.2907193, 31.6172704 ], [ 74.2908195, 31.6168893 ], [ 74.2909991, 31.615998500000011 ], [ 74.2910403, 31.6157944 ], [ 74.2911046, 31.6154756 ], [ 74.291158, 31.6152184 ], [ 74.2912459, 31.6148685 ], [ 74.2913821, 31.6145671 ], [ 74.2914415, 31.614429 ], [ 74.2915241, 31.6142652 ], [ 74.2916088, 31.6141074 ], [ 74.2918062, 31.6138313 ], [ 74.2921438, 31.6134312 ], [ 74.2925986, 31.6128323 ], [ 74.2927861, 31.6124747 ], [ 74.2930283, 31.6120984 ], [ 74.2933321, 31.6117029 ], [ 74.2935833, 31.6114129 ], [ 74.293946, 31.6108732 ], [ 74.2942167, 31.6104388 ], [ 74.2944009, 31.6102045 ], [ 74.2944767, 31.6101146 ], [ 74.2974719, 31.6064907 ], [ 74.2976349, 31.6063079 ], [ 74.2983291, 31.6055434 ], [ 74.2993008, 31.6043671 ], [ 74.2993982, 31.6042325 ], [ 74.2994685, 31.6041291 ], [ 74.2995462, 31.603994 ], [ 74.2996193, 31.6038476 ], [ 74.2997003, 31.6036823 ], [ 74.2997834, 31.6034653 ], [ 74.2998406, 31.6031771 ] ], [ [ 73.0946453, 33.5579087 ], [ 73.0944396, 33.5578796 ], [ 73.0943092, 33.5578393 ], [ 73.0941885, 33.5577636 ], [ 73.0941383, 33.5577445 ], [ 73.0939501, 33.5577441 ] ], [ [ 74.2006741, 32.0942537 ], [ 74.2007338, 32.0943438 ], [ 74.2007741, 32.094405099999989 ], [ 74.2007928, 32.0944642 ], [ 74.2008022, 32.0945699 ], [ 74.2007969, 32.0946699 ], [ 74.200735, 32.0950329 ], [ 74.2006761, 32.0953777 ], [ 74.200606, 32.0957904 ], [ 74.200194, 32.0980656 ], [ 74.1998332, 32.1001919 ], [ 74.1996607, 32.1011579 ], [ 74.1995207, 32.1019418 ], [ 74.1994704, 32.102221299999989 ], [ 74.1994447, 32.102437 ], [ 74.19945, 32.1026711 ], [ 74.1994675, 32.1029243 ], [ 74.1994783, 32.1030811 ], [ 74.1994956, 32.1033322 ], [ 74.1995372, 32.1040446 ], [ 74.1995486, 32.10424 ], [ 74.1995647, 32.1045147 ], [ 74.1995728, 32.1046322 ], [ 74.1995959, 32.104965199999988 ], [ 74.1995964, 32.1053782 ], [ 74.1995761, 32.1055226 ], [ 74.1995375, 32.1056906 ], [ 74.1994929, 32.1057998 ], [ 74.1994104, 32.1059508 ], [ 74.1993007, 32.1061009 ], [ 74.1991925, 32.1062405 ], [ 74.1990288, 32.1064139 ], [ 74.1989492, 32.1064967 ], [ 74.1983585, 32.1071687 ], [ 74.1982692, 32.107262 ], [ 74.1980897, 32.107459399999989 ], [ 74.1978723, 32.1076983 ], [ 74.1977924, 32.1078377 ], [ 74.1977308, 32.1079939 ], [ 74.1976691, 32.1081742 ], [ 74.1976403, 32.1083618 ], [ 74.197644, 32.1085985 ], [ 74.1976715, 32.1089963 ], [ 74.1976778, 32.109236 ], [ 74.1976913, 32.1095306 ], [ 74.1977073, 32.1098801 ], [ 74.1977202, 32.110126 ], [ 74.1977498, 32.110922099999989 ], [ 74.1977544, 32.1112334 ], [ 74.1977626, 32.1115083 ], [ 74.1977372, 32.1119474 ], [ 74.197641, 32.1125036 ], [ 74.1974041, 32.1137872 ], [ 74.1971146, 32.1153984 ], [ 74.1970603, 32.1157008 ], [ 74.1970151, 32.1159526 ], [ 74.1968686, 32.1167679 ], [ 74.196808, 32.1172006 ], [ 74.196795, 32.1172837 ], [ 74.1966488, 32.1182172 ], [ 74.1965948, 32.1185599 ], [ 74.1964986, 32.1190491 ], [ 74.1964545, 32.1192734 ], [ 74.1964179, 32.1194761 ], [ 74.1963539, 32.1198302 ], [ 74.1962745, 32.1202695 ], [ 74.1961476, 32.1209718 ], [ 74.195957, 32.1220307 ], [ 74.1958041, 32.1228758 ], [ 74.1957475, 32.1231949 ], [ 74.1956146, 32.1239351 ], [ 74.195562, 32.124223 ], [ 74.1953268, 32.125523 ], [ 74.1950918, 32.1268083 ], [ 74.195058, 32.1270004 ], [ 74.1948115, 32.128313 ], [ 74.194749, 32.1286065 ], [ 74.19474, 32.1286573 ], [ 74.1946542, 32.129139 ], [ 74.194567, 32.1296937 ], [ 74.1945298, 32.1299054 ], [ 74.1944363, 32.1304254 ], [ 74.1943306, 32.1310071 ], [ 74.1942915, 32.131222 ], [ 74.1941846, 32.131825899999988 ], [ 74.1941586, 32.1319707 ], [ 74.1940751, 32.1323998 ], [ 74.1940084, 32.1328093 ], [ 74.1938831, 32.1334885 ], [ 74.1937866, 32.1340113 ], [ 74.1936801, 32.1345885 ], [ 74.1936484, 32.1347606 ], [ 74.1935441, 32.1353417 ], [ 74.1934945, 32.1356182 ], [ 74.1933109, 32.1366408 ], [ 74.1932784, 32.1367959 ], [ 74.1931141, 32.1378281 ], [ 74.1929358, 32.1386712 ], [ 74.1928355, 32.1392303 ], [ 74.1927916, 32.1394744 ], [ 74.1927325, 32.1398034 ], [ 74.1926975, 32.1400285 ], [ 74.192587, 32.140703 ], [ 74.192449, 32.1415451 ], [ 74.1924374, 32.1416319 ], [ 74.192426, 32.141709 ], [ 74.1924115, 32.1418118 ], [ 74.1923327, 32.1424861 ], [ 74.1919211, 32.1448861 ], [ 74.1915555, 32.1467849 ], [ 74.1915391, 32.1468851 ], [ 74.1914367, 32.1475124 ], [ 74.1914245, 32.1475867 ], [ 74.1913313, 32.1481265 ], [ 74.1911393, 32.1491981 ], [ 74.1908935, 32.1505966 ], [ 74.1908601, 32.1508635 ], [ 74.1907393, 32.1518307 ], [ 74.1907138, 32.1520431 ], [ 74.1906494, 32.1525609 ], [ 74.1905019, 32.1538053 ], [ 74.1901854, 32.1553766 ], [ 74.190167, 32.1554298 ], [ 74.1897884, 32.157038799999988 ], [ 74.1896334, 32.1576722 ], [ 74.1895819, 32.1578199 ], [ 74.1892685, 32.1584907 ], [ 74.1891501, 32.1587692 ], [ 74.1890428, 32.1590212 ], [ 74.1890025, 32.1590961 ], [ 74.1888953, 32.1594073 ], [ 74.1886861, 32.1599976 ], [ 74.1884125, 32.1611465 ], [ 74.1881522, 32.1622705 ], [ 74.1880946, 32.1625551 ], [ 74.1880492, 32.1628142 ], [ 74.1879806, 32.1631056 ], [ 74.1879248, 32.1633288 ], [ 74.1879013, 32.1634362 ], [ 74.1878206, 32.1638052 ], [ 74.187609, 32.1646346 ], [ 74.1875541, 32.1648907 ], [ 74.1874549, 32.1655061 ], [ 74.1874201, 32.1657307 ], [ 74.1872202, 32.166453 ], [ 74.1868705, 32.1675793 ], [ 74.1866615, 32.1682522 ], [ 74.1865025, 32.1689045 ], [ 74.1864166, 32.1692439 ], [ 74.1863239, 32.1696101 ], [ 74.1862076, 32.1700291 ], [ 74.1860843, 32.170473 ], [ 74.1859366, 32.1709667 ], [ 74.1856854, 32.171905099999989 ], [ 74.1856458, 32.1720729 ], [ 74.185609, 32.1721965 ], [ 74.1851554, 32.1737128 ], [ 74.1849066, 32.1744644 ], [ 74.1847128, 32.175129 ], [ 74.1846829, 32.1752276 ], [ 74.1844298, 32.1761193 ], [ 74.1841004, 32.1771605 ], [ 74.183439, 32.1794145 ], [ 74.1832952, 32.1799037 ], [ 74.1832354, 32.1800831 ], [ 74.1830832, 32.180632 ], [ 74.1827653, 32.1817469 ], [ 74.182599, 32.1823213 ], [ 74.1825731, 32.1824108 ], [ 74.1825142, 32.1826108 ], [ 74.1823315, 32.1832307 ], [ 74.1820851, 32.1840669 ], [ 74.1820206, 32.1842906 ], [ 74.1819123, 32.184687 ], [ 74.181698, 32.185418 ], [ 74.1815551, 32.1858824 ], [ 74.1806855, 32.1885769 ], [ 74.1805012, 32.1891836 ], [ 74.1794664, 32.1926944 ], [ 74.1790567, 32.1940844 ], [ 74.1789181, 32.1945546 ], [ 74.1783743, 32.1963996 ], [ 74.1777283, 32.1985914 ], [ 74.1766785, 32.202242 ], [ 74.176651, 32.2023362 ], [ 74.1764472, 32.2030292 ], [ 74.1761111, 32.204172 ], [ 74.1753183, 32.2067076 ], [ 74.1749278, 32.2077041 ], [ 74.1748198, 32.207974 ], [ 74.1744951, 32.2091406 ], [ 74.1742907, 32.2097598 ], [ 74.1742203, 32.210005 ], [ 74.1738785, 32.2111948 ], [ 74.1735986, 32.2122069 ], [ 74.1734826, 32.2125943 ], [ 74.1734441, 32.212723 ], [ 74.1728269, 32.2147866 ], [ 74.1727466, 32.2150248 ], [ 74.1717394, 32.2184015 ], [ 74.1709179, 32.2211557 ], [ 74.1702684, 32.2233292 ], [ 74.169597, 32.2255607 ], [ 74.1694763, 32.2259734 ], [ 74.1694496, 32.2260627 ], [ 74.1691616, 32.2270264 ], [ 74.1685889, 32.2289427 ], [ 74.1685387, 32.2291019 ], [ 74.1684981, 32.2292512 ], [ 74.1684723, 32.2293411 ], [ 74.1674316, 32.232803 ], [ 74.1673563, 32.2330548 ], [ 74.1673326, 32.2331356 ], [ 74.1668315, 32.2348002 ], [ 74.1660314, 32.2374859 ], [ 74.1657409, 32.2384781 ], [ 74.1657096, 32.2385748 ], [ 74.1654626, 32.2394112 ], [ 74.165277, 32.2399977 ], [ 74.1651038, 32.240602 ], [ 74.1648968, 32.241292799999989 ], [ 74.1646991, 32.2419544 ], [ 74.1645645, 32.2423934 ], [ 74.1643395, 32.2432446 ], [ 74.164248, 32.2435464 ], [ 74.1640305, 32.2442642 ], [ 74.1639569, 32.2445017 ], [ 74.1639384, 32.244556599999989 ], [ 74.1638567, 32.2448297 ], [ 74.1638222, 32.2449711 ], [ 74.163773800000016, 32.2452508 ], [ 74.1636536, 32.2456795 ], [ 74.1632495, 32.2470633 ], [ 74.16279, 32.2485692 ], [ 74.1626154, 32.2491095 ], [ 74.1620266, 32.2510642 ], [ 74.1614684, 32.252914 ], [ 74.1613586, 32.253318 ], [ 74.1611093, 32.2541065 ], [ 74.1602497, 32.2570322 ], [ 74.1600188, 32.2578154 ], [ 74.1596873, 32.2589504 ], [ 74.1594774, 32.2596241 ], [ 74.1594263, 32.2598399 ], [ 74.159313200000014, 32.2602108 ], [ 74.1591543, 32.2607169 ], [ 74.159005, 32.2612413 ], [ 74.1588409, 32.2617954 ], [ 74.1588333, 32.261821 ], [ 74.158791600000015, 32.2619659 ], [ 74.158669, 32.2623731 ], [ 74.1585393, 32.2628042 ], [ 74.158393, 32.2632864 ], [ 74.1582106, 32.2639103 ], [ 74.158108, 32.2642694 ], [ 74.1566389, 32.2691017 ], [ 74.1559919, 32.2712296 ], [ 74.1558401, 32.2717289 ], [ 74.1553496, 32.27337 ], [ 74.15471, 32.2755099 ], [ 74.1540986, 32.2775555 ], [ 74.1536883, 32.2789281 ], [ 74.1535395, 32.2794259 ], [ 74.1534292, 32.2797948 ], [ 74.1527233, 32.2820962 ], [ 74.1524204, 32.2832123 ], [ 74.1524013, 32.2832826 ], [ 74.152286, 32.2837521 ], [ 74.1519442, 32.2853819 ], [ 74.1517438, 32.2861817 ], [ 74.1515057, 32.2873379 ], [ 74.1513746, 32.2879748 ], [ 74.1510536, 32.2895337 ], [ 74.1508751, 32.2904008 ], [ 74.1506342, 32.2915706 ], [ 74.1506162, 32.291677 ], [ 74.1497041, 32.2960952 ], [ 74.1493347, 32.2978504 ], [ 74.1490437, 32.2991898 ], [ 74.1484168, 32.3019725 ], [ 74.1481491, 32.3028668 ], [ 74.1476175, 32.3049558 ], [ 74.1471266, 32.3066382 ], [ 74.1458714, 32.3104191 ], [ 74.1456509, 32.3111898 ], [ 74.1450318, 32.3129425 ], [ 74.1450126, 32.3130025 ], [ 74.1449336, 32.3132556 ], [ 74.1448659, 32.3134666 ], [ 74.1446452, 32.3141541 ], [ 74.1444052, 32.3149025 ], [ 74.1433042, 32.3183367 ], [ 74.143133, 32.3188708 ], [ 74.1427407, 32.3200943 ], [ 74.142557, 32.32071 ], [ 74.1421458, 32.3220886 ], [ 74.14182, 32.3232679 ], [ 74.1415068, 32.3244013 ], [ 74.1413925, 32.324815 ], [ 74.1399732, 32.3311425 ], [ 74.1395504, 32.3330274 ], [ 74.1389499, 32.3355477 ], [ 74.1385648, 32.337088 ], [ 74.137339, 32.3423868 ], [ 74.1372068, 32.3428969 ], [ 74.1370568, 32.3435188 ], [ 74.1369816, 32.343868 ], [ 74.1369333, 32.3440878 ], [ 74.1369122, 32.3441791 ], [ 74.1367261, 32.3450656 ], [ 74.1365363, 32.3458891 ], [ 74.1359533, 32.3483877 ], [ 74.1357734, 32.3491962 ], [ 74.1355025, 32.350369199999989 ], [ 74.1354867, 32.3504405 ], [ 74.1353621, 32.35097 ], [ 74.1352415, 32.3515128 ], [ 74.1345555, 32.3544541 ], [ 74.1344784, 32.3547648 ], [ 74.134166, 32.3561911 ], [ 74.1336494, 32.3584046 ], [ 74.1334423, 32.3592642 ], [ 74.133185400000016, 32.3607183 ], [ 74.1330451, 32.3616012 ], [ 74.1329823, 32.3619967 ], [ 74.132732, 32.363099 ], [ 74.1325093, 32.364053 ], [ 74.1322308, 32.3649731 ], [ 74.1316378, 32.3669822 ], [ 74.1316123, 32.3671037 ], [ 74.1314664, 32.3677816 ], [ 74.1308297, 32.370532 ], [ 74.1303157, 32.3727146 ], [ 74.1299987, 32.3740751 ], [ 74.1297661, 32.3750259 ], [ 74.1297364, 32.3751472 ], [ 74.1296394, 32.3755438 ], [ 74.1295402, 32.3759494 ], [ 74.1294655, 32.3762546 ], [ 74.1288646, 32.3787319 ], [ 74.1284168, 32.3805984 ], [ 74.1279099, 32.3827415 ], [ 74.1274571, 32.3846258 ], [ 74.1265747, 32.3882974 ], [ 74.1255516, 32.3925483 ], [ 74.1247257, 32.3959794 ], [ 74.1245208, 32.3968309 ], [ 74.1243981, 32.3973407 ], [ 74.1242352, 32.3980176 ], [ 74.1240472, 32.3987986 ], [ 74.1238521, 32.399609 ], [ 74.123503, 32.4010635 ], [ 74.123164, 32.4024761 ], [ 74.1230278, 32.4030437 ], [ 74.1226644, 32.4045581 ], [ 74.1222377, 32.4061053 ] ], [ [ 74.2005014, 32.0939851 ], [ 74.2002197, 32.0941718 ], [ 74.1998407, 32.0944447 ], [ 74.1995158, 32.0946688 ], [ 74.1990784, 32.0949874 ], [ 74.1988868, 32.0951158 ], [ 74.1981176, 32.0956608 ], [ 74.1976031, 32.0960253 ], [ 74.1966062, 32.0967146 ], [ 74.1952206, 32.0976728 ], [ 74.1950806, 32.0977696 ], [ 74.1928391, 32.0993195 ], [ 74.1927824, 32.0993587 ], [ 74.1919512, 32.0999335 ], [ 74.1919062, 32.099972 ], [ 74.1905975, 32.1008979 ], [ 74.1898769, 32.101412 ], [ 74.1897561, 32.1015055 ], [ 74.189531, 32.1016581 ], [ 74.1894874, 32.1016899 ], [ 74.1866588, 32.1037135 ], [ 74.1855763, 32.1044799 ], [ 74.1852227, 32.1047322 ], [ 74.1848927, 32.1049676 ], [ 74.1840224, 32.1055876 ], [ 74.1837384, 32.1057874 ], [ 74.182904, 32.1063742 ], [ 74.1812449, 32.1075417 ], [ 74.1806832, 32.107937 ], [ 74.1795608, 32.1087269 ], [ 74.1793859, 32.1088395 ], [ 74.1770775, 32.1104754 ], [ 74.1753593, 32.1116723 ], [ 74.1747971, 32.112046899999989 ], [ 74.1691566, 32.1160143 ], [ 74.1686788, 32.116361 ], [ 74.1671412, 32.1174311 ], [ 74.166448, 32.1179136 ], [ 74.1657394, 32.1184068 ], [ 74.165508, 32.1185678 ], [ 74.1654127, 32.1186318 ], [ 74.16382, 32.1197757 ], [ 74.1634338, 32.1200958 ], [ 74.1631021, 32.1203706 ], [ 74.1627863, 32.1206746 ], [ 74.1623175, 32.121163 ], [ 74.161881, 32.1217324 ], [ 74.1616406, 32.1221037 ], [ 74.1612312, 32.1229201 ], [ 74.1608314, 32.1238072 ], [ 74.1605667, 32.1243915 ], [ 74.1596835, 32.1263375 ], [ 74.159096, 32.1276101 ], [ 74.1587028, 32.1284789 ], [ 74.1566222, 32.1330302 ], [ 74.1543704, 32.137954 ], [ 74.153708, 32.1394228 ], [ 74.1531273, 32.140679 ], [ 74.1528875, 32.1411976 ], [ 74.1513447, 32.1445344 ], [ 74.1504532, 32.1465154 ], [ 74.1501398, 32.1471811 ], [ 74.1496147, 32.1483228 ], [ 74.1492158, 32.14919 ], [ 74.1491204, 32.1494043 ], [ 74.1486662, 32.150437 ], [ 74.1479716, 32.1519867 ], [ 74.1476112, 32.1528049 ], [ 74.1470271, 32.1541592 ], [ 74.1469443, 32.1543229 ], [ 74.1467276, 32.1548133 ], [ 74.146425, 32.1554395 ], [ 74.1462668, 32.1557316 ], [ 74.1460929, 32.1561031 ], [ 74.145999, 32.156304 ], [ 74.1459134, 32.1565108 ], [ 74.1452602, 32.1580776 ], [ 74.1450709, 32.158662 ], [ 74.1449612, 32.1591459 ], [ 74.1448923, 32.1595668 ], [ 74.1448461, 32.1602131 ], [ 74.1448812, 32.1607811 ], [ 74.144893, 32.1609444 ], [ 74.1449221, 32.1612014 ], [ 74.1450381, 32.1621428 ], [ 74.1452078, 32.1635198 ], [ 74.145731700000013, 32.1676092 ], [ 74.1458627, 32.1685767 ], [ 74.1460917, 32.1705015 ], [ 74.1461639, 32.1711088 ], [ 74.1461913, 32.1713392 ], [ 74.1464092, 32.1730049 ], [ 74.1467666, 32.175736 ], [ 74.146818, 32.1761963 ], [ 74.1468458, 32.1763409 ], [ 74.1473712, 32.1803806 ], [ 74.1474002, 32.1806413 ], [ 74.1474043, 32.1806777 ], [ 74.1474212, 32.1808294 ], [ 74.1474612, 32.1811892 ], [ 74.147483, 32.1814621 ], [ 74.1475159, 32.182033 ], [ 74.1474953, 32.1827816 ], [ 74.1474868, 32.1828569 ], [ 74.1474874, 32.1829333 ], [ 74.1475002, 32.1832252 ], [ 74.1475629, 32.18354 ], [ 74.147663, 32.1838323 ], [ 74.1478119, 32.1841718 ], [ 74.1479211, 32.1843468 ], [ 74.1480325, 32.1845253 ], [ 74.1480994, 32.1846114 ], [ 74.148169, 32.184701 ], [ 74.1483303, 32.1849087 ], [ 74.1485125, 32.185068 ], [ 74.1485931, 32.185132 ], [ 74.149427, 32.1857938 ], [ 74.1497325, 32.1860362 ], [ 74.1500748, 32.1863078 ], [ 74.1505908, 32.1867172 ], [ 74.1533498, 32.1889065 ], [ 74.1539272, 32.1893647 ], [ 74.1541928, 32.18957 ], [ 74.1544052, 32.189744 ], [ 74.155217100000016, 32.1903879 ], [ 74.156057, 32.191054199999989 ], [ 74.156479, 32.1913889 ], [ 74.156558, 32.1914515 ], [ 74.1569564, 32.1917684 ], [ 74.1606888, 32.1947118 ], [ 74.1610951, 32.1950323 ], [ 74.1615598, 32.1954088 ], [ 74.1618498, 32.195637499999989 ], [ 74.1624269, 32.1960926 ], [ 74.1629034, 32.1964683 ], [ 74.1630765, 32.1966048 ], [ 74.163849, 32.1972139 ], [ 74.1653041, 32.1983612 ], [ 74.1665959, 32.1993799 ], [ 74.1668032, 32.1995409 ], [ 74.168576, 32.2009175 ], [ 74.1688863, 32.2011456 ], [ 74.1695817, 32.2015329 ], [ 74.1698517, 32.2016801 ], [ 74.1699977, 32.2017276 ], [ 74.1706211, 32.2019648 ], [ 74.1709806, 32.2020833 ], [ 74.1713179, 32.2021584 ], [ 74.1727333, 32.2024062 ], [ 74.1747174, 32.2027501 ], [ 74.1757226, 32.2029142 ], [ 74.1763334, 32.2029746 ] ], [ [ 73.0902881, 33.5585711 ], [ 73.0896919, 33.5589009 ], [ 73.089508600000016, 33.5590017 ], [ 73.0890829, 33.559236 ], [ 73.088864, 33.5593596 ], [ 73.0882977, 33.559704 ], [ 73.0875051, 33.5601586 ], [ 73.0872644, 33.5603209 ], [ 73.0869001, 33.5605796 ], [ 73.086725, 33.5607165 ], [ 73.0863879, 33.5610771 ], [ 73.086088, 33.5614151 ], [ 73.0854932, 33.562071 ], [ 73.0851486, 33.5623724 ], [ 73.0848722, 33.5625655 ], [ 73.0845646, 33.5627308 ], [ 73.0840526, 33.5629983 ], [ 73.0834516, 33.5632356 ], [ 73.0833093, 33.5632898 ], [ 73.0825568, 33.5635764 ], [ 73.0815321, 33.5639667 ], [ 73.081082900000013, 33.5641523 ], [ 73.0808201, 33.5642595 ], [ 73.0797106, 33.5647122 ], [ 73.079515, 33.5647806 ], [ 73.0790146, 33.5650153 ], [ 73.0781818, 33.565517 ], [ 73.0771681, 33.5661996 ], [ 73.0769197, 33.5664412 ], [ 73.0767906, 33.5665645 ], [ 73.0765812, 33.5669556 ], [ 73.0764108, 33.5674637 ], [ 73.0763246, 33.5677209 ], [ 73.07555, 33.5700311 ], [ 73.0750806, 33.5714309 ], [ 73.0744074, 33.5733755 ], [ 73.074351, 33.5735013 ], [ 73.0741659, 33.5738493 ], [ 73.0735075, 33.5747789 ], [ 73.0728014, 33.5756959 ], [ 73.0724437, 33.5761268 ], [ 73.072358, 33.5762301 ], [ 73.0718235, 33.5768229 ], [ 73.071536, 33.5771319 ], [ 73.0711874, 33.5775082 ], [ 73.0703034, 33.5786753 ], [ 73.0702909, 33.5786953 ], [ 73.0693974, 33.580084 ], [ 73.0690277, 33.5806513 ], [ 73.0684674, 33.5815117 ], [ 73.068343700000014, 33.5816791 ], [ 73.0680202, 33.5821171 ], [ 73.0678274, 33.5823682 ], [ 73.0676165, 33.5826429 ], [ 73.0672548, 33.5830112 ], [ 73.0669484, 33.5833225 ], [ 73.066601, 33.5836356 ], [ 73.0664506, 33.5837491 ], [ 73.0661618, 33.5839671 ], [ 73.0657713, 33.5843408 ], [ 73.0656537, 33.5845037 ], [ 73.0656207, 33.5845921 ], [ 73.0656106, 33.5847538 ] ], [ [ 73.0656106, 33.5847538 ], [ 73.0656138, 33.5848202 ] ], [ [ 73.0656138, 33.5848202 ], [ 73.0656512, 33.5849767 ] ], [ [ 74.1224029, 32.4062146 ], [ 74.1229163, 32.4040689 ], [ 74.1230757, 32.403402899999989 ], [ 74.1232027, 32.4028723 ], [ 74.1233533, 32.4022428 ], [ 74.1238689, 32.4000881 ], [ 74.123977, 32.39963 ], [ 74.1243575, 32.3980906 ], [ 74.1248625, 32.3959998 ], [ 74.1257522, 32.3923164 ], [ 74.1265327, 32.3891166 ], [ 74.1265865, 32.388896 ], [ 74.1266367, 32.3886903 ], [ 74.1267254, 32.3883268 ], [ 74.1279159, 32.3832651 ], [ 74.1280348, 32.3827626 ], [ 74.1281154, 32.3824221 ], [ 74.1288826, 32.3791757 ], [ 74.1289797, 32.378763 ], [ 74.1294517, 32.376879099999989 ], [ 74.1296098, 32.3762045 ], [ 74.1301322, 32.3740916 ], [ 74.1306485, 32.3719248 ], [ 74.1309701, 32.3705754 ], [ 74.1317745, 32.3671187 ], [ 74.1318033, 32.3670119 ], [ 74.1320952, 32.3659471 ], [ 74.13239, 32.3650106 ], [ 74.1326717, 32.3640807 ], [ 74.1328917, 32.3631386 ], [ 74.1331523, 32.3619593 ], [ 74.133349, 32.3607633 ], [ 74.1335708, 32.3593727 ], [ 74.133793, 32.3584009 ], [ 74.1346148, 32.3547982 ], [ 74.1346919, 32.3544859 ], [ 74.135378, 32.3515162 ], [ 74.1354986, 32.3510068 ], [ 74.1356409, 32.3504288 ], [ 74.1360957, 32.3484195 ], [ 74.1368309, 32.3452143 ], [ 74.1370622, 32.3441925 ], [ 74.137078, 32.3441156 ], [ 74.1371353, 32.3438701 ], [ 74.1372106, 32.3435476 ], [ 74.1381246, 32.3396467 ], [ 74.1385905, 32.3375591 ], [ 74.1387032, 32.3370847 ], [ 74.1387289, 32.3369761 ], [ 74.1406819, 32.328546 ], [ 74.140878500000014, 32.3276974 ], [ 74.1409312, 32.3274479 ], [ 74.141465, 32.3250696 ], [ 74.141517, 32.324838 ], [ 74.1428645, 32.3201195 ], [ 74.1431799, 32.3191484 ], [ 74.1432584, 32.3189001 ], [ 74.1435622, 32.3179517 ], [ 74.144521, 32.314959 ], [ 74.1446218, 32.3146536 ], [ 74.1447628, 32.3142267 ], [ 74.1450721, 32.3132826 ], [ 74.1451533, 32.3130099 ], [ 74.1451759, 32.3129581 ], [ 74.1457793, 32.311129 ], [ 74.1461599, 32.309938 ], [ 74.146506, 32.3088787 ], [ 74.1469694, 32.3074362 ], [ 74.1472971, 32.3063466 ], [ 74.1474943, 32.3057476 ], [ 74.1478316, 32.3045326 ], [ 74.1485095, 32.3019726 ], [ 74.1490771, 32.2994672 ], [ 74.1494314, 32.2978096 ], [ 74.1497472, 32.2963394 ], [ 74.1503499, 32.2935259 ], [ 74.1506318, 32.2920974 ], [ 74.1507121, 32.2916903 ], [ 74.1507298, 32.2915886 ], [ 74.1516976, 32.2871168 ], [ 74.1518746, 32.2861932 ], [ 74.152853, 32.2823996 ], [ 74.1530804, 32.2816099 ], [ 74.1531258, 32.2814524 ], [ 74.1537445, 32.2793042 ], [ 74.1559173, 32.2717592 ], [ 74.158208500000015, 32.2642909 ], [ 74.1582608, 32.264126499999989 ], [ 74.1584266, 32.2635729 ], [ 74.1587006, 32.2626582 ], [ 74.1588969, 32.2619729 ], [ 74.1589331, 32.2618451 ], [ 74.1589434, 32.261806899999989 ], [ 74.1595167, 32.2599046 ], [ 74.1595901, 32.259629 ], [ 74.1597276, 32.259186899999989 ], [ 74.1598742, 32.2587 ], [ 74.1601056, 32.2579258 ], [ 74.1602313, 32.2575024 ], [ 74.1603668, 32.2570311 ], [ 74.1608728, 32.2554365 ], [ 74.1616234, 32.2529148 ], [ 74.1616842, 32.2527068 ], [ 74.1633285, 32.2471985 ], [ 74.1634618, 32.2467518 ], [ 74.1640082, 32.2448537 ], [ 74.1640372, 32.2447439 ], [ 74.1640791, 32.2445777 ], [ 74.1642277, 32.2440648 ], [ 74.1644777, 32.2432665 ], [ 74.164655, 32.2426359 ], [ 74.1648845, 32.2418567 ], [ 74.165075, 32.241246 ], [ 74.1658683, 32.2385905 ], [ 74.165889, 32.2384996 ], [ 74.1661811, 32.2375122 ], [ 74.1664575, 32.2366029 ], [ 74.1665507, 32.2362965 ], [ 74.1672211, 32.234073 ], [ 74.1675097, 32.2330876 ], [ 74.1682614, 32.2305212 ], [ 74.1685121, 32.229636 ], [ 74.1687093, 32.229036 ], [ 74.1687311, 32.228968 ], [ 74.1692904, 32.2271715 ], [ 74.1696159, 32.2260908 ], [ 74.1699407, 32.2250122 ], [ 74.1702299, 32.2239526 ], [ 74.1705573, 32.2228333 ], [ 74.1710873, 32.2211846 ], [ 74.1718097, 32.2186428 ], [ 74.1722299, 32.2173769 ], [ 74.1724766, 32.2165136 ], [ 74.1728805, 32.2150586 ], [ 74.1729607, 32.2148055 ], [ 74.1731234, 32.2142265 ], [ 74.1731639, 32.2140813 ], [ 74.1733024, 32.2136205 ], [ 74.173967, 32.2114002 ], [ 74.1740105, 32.2112548 ], [ 74.1740878, 32.2110199 ], [ 74.174474, 32.2098231 ], [ 74.1750191, 32.2080956 ], [ 74.1751868, 32.2074748 ], [ 74.1755003, 32.2066273 ], [ 74.1755879, 32.206353799999988 ], [ 74.1762302, 32.2041949 ], [ 74.176577, 32.2029977 ], [ 74.1767601, 32.2023655 ], [ 74.1767971, 32.2022347 ], [ 74.1778295, 32.1986528 ], [ 74.1782166, 32.1973893 ], [ 74.1786063, 32.1960661 ], [ 74.1790802, 32.1944947 ], [ 74.1791858, 32.1941146 ], [ 74.1792438, 32.1939054 ], [ 74.1793507, 32.193547 ], [ 74.17956, 32.1928446 ], [ 74.1803306, 32.190258 ], [ 74.18064, 32.1892195 ], [ 74.1808023, 32.188682 ], [ 74.1809855, 32.1880596 ], [ 74.1812001, 32.187449 ], [ 74.1818145, 32.1854349 ], [ 74.1819944, 32.184827 ], [ 74.1822111, 32.1840947 ], [ 74.1826176, 32.1827252 ], [ 74.1827647, 32.1822296 ], [ 74.1828738, 32.1818556 ], [ 74.1830457, 32.1812473 ], [ 74.183269400000015, 32.1804557 ], [ 74.183512, 32.1795971 ], [ 74.1835581, 32.179434 ], [ 74.1838507, 32.1784782 ], [ 74.1844339, 32.1764544 ], [ 74.184536, 32.1761488 ], [ 74.1847333, 32.1754855 ], [ 74.1852763, 32.1737317 ], [ 74.1856643, 32.1724349 ], [ 74.1856949, 32.1723327 ], [ 74.1857504, 32.1721473 ], [ 74.1859383, 32.1715192 ], [ 74.1860293, 32.171215 ], [ 74.1863745, 32.1700612 ], [ 74.1864871, 32.1696847 ], [ 74.1866115, 32.1693186 ], [ 74.1867162, 32.1689958 ], [ 74.1869318, 32.1683234 ], [ 74.1869495, 32.1682585 ], [ 74.1873766, 32.1669086 ], [ 74.1875278, 32.1664584 ], [ 74.187628, 32.1660866 ], [ 74.1877136, 32.1657262 ], [ 74.1877827, 32.1652324 ], [ 74.1878848, 32.164662299999989 ], [ 74.1880698, 32.1638502 ], [ 74.1882817, 32.1628755 ], [ 74.1884173, 32.1622547 ], [ 74.188625, 32.1612331 ], [ 74.1889176, 32.1601403 ], [ 74.1894341, 32.1586846 ], [ 74.1896319, 32.1582467 ], [ 74.189767, 32.1579105 ], [ 74.1898033, 32.157786 ], [ 74.189984, 32.1570748 ], [ 74.1901001, 32.1566343 ], [ 74.1901196, 32.1565692 ], [ 74.1903652, 32.1556827 ], [ 74.1906078, 32.1548128 ], [ 74.1908435, 32.1534219 ], [ 74.1909381, 32.1524527 ], [ 74.1909845, 32.1518412 ], [ 74.1910176, 32.1508722 ], [ 74.1910266, 32.1506087 ], [ 74.1910883, 32.1502351 ], [ 74.1911243, 32.1500114 ], [ 74.1912527, 32.1492131 ], [ 74.191459, 32.1480534 ], [ 74.1915107, 32.147678 ], [ 74.1916769, 32.1468016 ], [ 74.191694, 32.1467138 ], [ 74.1917311, 32.1464914 ], [ 74.1918007, 32.1461056 ], [ 74.191865, 32.1457523 ], [ 74.1919301, 32.1454087 ], [ 74.1921143, 32.1444214 ], [ 74.192174900000012, 32.1440964 ], [ 74.192288, 32.1434429 ], [ 74.1922926, 32.1434164 ], [ 74.19238, 32.1429117 ], [ 74.1924005, 32.1427933 ], [ 74.192543, 32.1417877 ], [ 74.1925644, 32.1416695 ], [ 74.1925712, 32.141588 ], [ 74.1926342, 32.1412036 ], [ 74.1928139, 32.1400507 ], [ 74.1928522, 32.1398049 ], [ 74.1929223, 32.1394429 ], [ 74.19327, 32.1376479 ], [ 74.1932898, 32.137532 ], [ 74.1934164, 32.136789 ], [ 74.1934394, 32.1366544 ], [ 74.1936964, 32.1352114 ], [ 74.1937046, 32.1351655 ], [ 74.1937727, 32.1347748 ], [ 74.1938677, 32.1342601 ], [ 74.1938926, 32.1341251 ], [ 74.194058, 32.1332294 ], [ 74.1941117, 32.1329213 ], [ 74.194129, 32.1328247 ], [ 74.194141, 32.1327518 ], [ 74.194259, 32.1321066 ], [ 74.1943023, 32.1317523 ], [ 74.1943958, 32.1313022 ], [ 74.1944095, 32.1312336 ], [ 74.1944359, 32.1310941 ], [ 74.1944885, 32.1308341 ], [ 74.194555, 32.1305054 ], [ 74.194614, 32.130214 ], [ 74.194664, 32.1299226 ], [ 74.1948619, 32.1287697 ], [ 74.1948866, 32.1286256 ], [ 74.194945300000015, 32.1283037 ], [ 74.1951502, 32.1271802 ], [ 74.1952145, 32.1268273 ], [ 74.1952978, 32.126368 ], [ 74.1955503, 32.1249901 ], [ 74.195594, 32.124751 ], [ 74.1956912, 32.1242325 ], [ 74.1957436, 32.1239315 ], [ 74.1958418, 32.1233916 ], [ 74.1959327, 32.1228924 ], [ 74.1960897, 32.1220296 ], [ 74.1962165, 32.1213324 ], [ 74.1962826, 32.1209689 ], [ 74.196424, 32.1202133 ], [ 74.1964562, 32.1200144 ], [ 74.1964877, 32.1198313 ], [ 74.19694290000001, 32.1171962 ], [ 74.1970082, 32.1167917 ], [ 74.1970807, 32.1163615 ], [ 74.1971894, 32.115688399999989 ], [ 74.1972299, 32.1154493 ], [ 74.1972775, 32.1151587 ], [ 74.1973613, 32.1146385 ], [ 74.1974367, 32.1142083 ], [ 74.197557, 32.1135712 ], [ 74.1976684, 32.1129467 ], [ 74.1977369, 32.11249 ], [ 74.1977523, 32.1124061 ], [ 74.197784400000018, 32.1122304 ], [ 74.1978313, 32.111974 ], [ 74.1978655, 32.1115255 ], [ 74.1978676, 32.1113317 ], [ 74.1978698, 32.1111598 ], [ 74.1978259, 32.1101211 ], [ 74.197818, 32.1097824 ], [ 74.1977936, 32.1093581 ], [ 74.1977765, 32.1085801 ], [ 74.1977737, 32.1083537 ], [ 74.1977947, 32.1081814 ], [ 74.1978388, 32.1080324 ], [ 74.1979024, 32.1078855 ], [ 74.1979613, 32.1077897 ], [ 74.198351800000012, 32.1072993 ], [ 74.1984189, 32.1072221 ], [ 74.1990524, 32.1065468 ], [ 74.199073, 32.106523 ], [ 74.1993903, 32.106156 ], [ 74.1995151, 32.1059599 ], [ 74.1996372, 32.1057125 ], [ 74.1996807, 32.1055271 ], [ 74.1996948, 32.105383 ], [ 74.1996646, 32.1045916 ], [ 74.1996308, 32.1040366 ], [ 74.1996187, 32.103838 ], [ 74.1996116, 32.1037218 ], [ 74.1995962, 32.1034686 ], [ 74.1995745, 32.1029145 ], [ 74.1995463, 32.1024636 ], [ 74.1995412, 32.1023884 ], [ 74.1995513, 32.1022414 ], [ 74.1995801, 32.102101 ], [ 74.1995971, 32.1020182 ], [ 74.1997345, 32.1012905 ], [ 74.2001615, 32.099029 ], [ 74.200218, 32.0987298 ], [ 74.200346, 32.0980516 ], [ 74.2004432, 32.097556 ], [ 74.2005322, 32.0970563 ], [ 74.2007198, 32.0960037 ], [ 74.2007574, 32.0957928 ], [ 74.2008312, 32.0953824 ], [ 74.200886, 32.0950555 ], [ 74.2009848, 32.0945163 ], [ 74.2009857, 32.094365 ], [ 74.2009852, 32.0941467 ] ], [ [ 73.0946453, 33.5579087 ], [ 73.0938521, 33.5580189 ], [ 73.0932817, 33.5580981 ] ], [ [ 73.0932817, 33.5580981 ], [ 73.09313010000001, 33.5581192 ], [ 73.092977, 33.5581404 ], [ 73.0926348, 33.558188 ], [ 73.0912288, 33.5583832 ], [ 73.090966, 33.5584197 ], [ 73.0907337, 33.5584556 ], [ 73.0905348, 33.5585049 ], [ 73.0902881, 33.5585711 ] ], [ [ 73.0939501, 33.5577441 ], [ 73.0939241, 33.5576574 ], [ 73.0937304, 33.557276099999989 ], [ 73.0936291, 33.5571976 ], [ 73.0934531, 33.5571294 ], [ 73.093321800000012, 33.5570915 ], [ 73.0931986, 33.557079 ], [ 73.0930183, 33.5570972 ], [ 73.0928895, 33.5571175 ], [ 73.0926417, 33.5572071 ], [ 73.0924297, 33.5573202 ], [ 73.092225, 33.5574359 ], [ 73.0921951, 33.5574528 ], [ 73.0921594, 33.557473 ], [ 73.091958, 33.5575926 ], [ 73.0911435, 33.5580762 ], [ 73.0910076, 33.5581576 ], [ 73.0906073, 33.5583977 ], [ 73.0902881, 33.5585711 ] ], [ [ 73.0617124, 33.5875777 ], [ 73.0620214, 33.5872779 ], [ 73.0622309, 33.5870883 ], [ 73.0623319, 33.586995 ], [ 73.062388200000015, 33.5869168 ], [ 73.0625458, 33.5867367 ], [ 73.0627154, 33.5864741 ], [ 73.0628927, 33.5862685 ] ], [ [ 73.023077, 33.6048125 ], [ 73.0218275, 33.6052393 ], [ 73.0209072, 33.6055229 ], [ 73.0199518, 33.6058182 ] ], [ [ 74.1220642, 32.4062602 ], [ 74.1214497, 32.4066327 ], [ 74.120138, 32.4073209 ], [ 74.1198396, 32.4074699 ], [ 74.1179927, 32.4084498 ], [ 74.1122246, 32.4114644 ], [ 74.1109975, 32.4121057 ], [ 74.1073853, 32.413982 ], [ 74.1037229, 32.4158897 ], [ 74.1016137, 32.4169677 ], [ 74.1011606, 32.4172112 ], [ 74.1006877, 32.417453 ], [ 74.1002274, 32.4177187 ], [ 74.0999363, 32.4179291 ], [ 74.0997143, 32.4181242 ], [ 74.099385, 32.4184375 ], [ 74.0990612, 32.4188184 ], [ 74.0981968, 32.4199148 ], [ 74.0980412, 32.4201101 ], [ 74.0959246, 32.4229265 ], [ 74.0956026, 32.4233489 ], [ 74.0947539, 32.4244712 ], [ 74.0939061, 32.4255922 ], [ 74.0930289, 32.4267522 ], [ 74.092548, 32.427388 ], [ 74.0923156, 32.4280055 ], [ 74.0921736, 32.4284668 ], [ 74.092045, 32.4290513 ], [ 74.0920005, 32.4295487 ], [ 74.0919887, 32.429994199999989 ], [ 74.0921151, 32.4309756 ], [ 74.0921798, 32.4312504 ], [ 74.0926023, 32.4330458 ], [ 74.0931479, 32.4353644 ], [ 74.0933578, 32.4363433 ], [ 74.0937744, 32.4379842 ], [ 74.0938326, 32.4382406 ], [ 74.0939184, 32.4386003 ], [ 74.0939901, 32.4389107 ], [ 74.0945676, 32.4414091 ], [ 74.0946895, 32.441944899999989 ], [ 74.095512, 32.4454414 ], [ 74.0957229, 32.4463377 ], [ 74.0960832, 32.4479958 ], [ 74.0961741, 32.4484119 ], [ 74.0962196, 32.4487604 ], [ 74.0962414, 32.4490337 ], [ 74.0962633, 32.4492839 ], [ 74.0962724, 32.4497107 ], [ 74.0962497, 32.4503542 ], [ 74.0961486, 32.4516194 ], [ 74.0959704, 32.4542796 ], [ 74.095914, 32.4555154 ], [ 74.0959078, 32.4556321 ], [ 74.0958139, 32.4573868 ], [ 74.0958043, 32.457543699999988 ], [ 74.0957339, 32.458691699999989 ], [ 74.0953955, 32.4646578 ], [ 74.0951603, 32.4688048 ], [ 74.095103, 32.4693713 ], [ 74.0950584, 32.4697795 ], [ 74.0949729, 32.470263 ], [ 74.0948946, 32.4706268 ], [ 74.0947291, 32.4713236 ], [ 74.0945199, 32.4720542 ], [ 74.0943379, 32.4726252 ], [ 74.0941295, 32.4732063 ], [ 74.0936715, 32.474249 ], [ 74.0932564, 32.4750365 ], [ 74.093164, 32.4752064 ], [ 74.0922539, 32.4767639 ], [ 74.0919089, 32.4774254 ], [ 74.0918291, 32.477562 ], [ 74.0916909, 32.4778225 ], [ 74.0915488, 32.4781332 ], [ 74.0913942, 32.4784871 ], [ 74.0912698, 32.4788181 ], [ 74.0910723, 32.4794546 ], [ 74.0909133, 32.4799339 ], [ 74.0907223, 32.4806771 ], [ 74.0889713, 32.4874274 ], [ 74.0887256, 32.4882701 ], [ 74.0885329, 32.4891872 ], [ 74.0885673, 32.4900463 ], [ 74.0886774, 32.490499 ], [ 74.0887172, 32.4906186 ], [ 74.0887876, 32.4908299 ], [ 74.0888177, 32.4909457 ], [ 74.0889199, 32.491339 ], [ 74.0890078, 32.4916774 ], [ 74.0890749, 32.4921219 ], [ 74.0890691, 32.4924577 ], [ 74.0890654, 32.4927273 ], [ 74.0890049, 32.4931524 ], [ 74.088611, 32.4947784 ], [ 74.0884933, 32.4952104 ], [ 74.088445, 32.4953876 ], [ 74.0884291, 32.4954533 ], [ 74.088396, 32.4955896 ], [ 74.0882039, 32.4961479 ], [ 74.0877823, 32.4971327 ], [ 74.0874625, 32.4977169 ], [ 74.0863117, 32.4996287 ], [ 74.0855904, 32.5008062 ], [ 74.0843746, 32.5027912 ], [ 74.0842182, 32.5030865 ], [ 74.0826015, 32.5062895 ], [ 74.0815696, 32.5080415 ], [ 74.0813716, 32.5083776 ], [ 74.0810843, 32.5088695 ], [ 74.0809736, 32.5090623 ], [ 74.0809481, 32.5090973 ], [ 74.0807869, 32.5093729 ], [ 74.0804094, 32.5100133 ], [ 74.0797385, 32.5111515 ], [ 74.0786817, 32.5129444 ], [ 74.0783545, 32.5134999 ], [ 74.0781016, 32.5139292 ], [ 74.0760115, 32.5174773 ], [ 74.0728301, 32.522878 ], [ 74.0725417, 32.5233675 ], [ 74.072169300000013, 32.5239997 ], [ 74.0714996, 32.5251364 ], [ 74.0701989, 32.5273443 ], [ 74.0699133, 32.5278291 ], [ 74.0694964, 32.5285368 ], [ 74.0677535, 32.5314951 ], [ 74.0674492, 32.5319702 ], [ 74.0670973, 32.532445 ], [ 74.0668289, 32.5327609 ], [ 74.0666926, 32.5329214 ], [ 74.0660179, 32.5336032 ], [ 74.0651375, 32.5344927 ], [ 74.0647719, 32.5348621 ], [ 74.0646686, 32.5349649 ], [ 74.0623015, 32.5373199 ], [ 74.0622668, 32.5373544 ], [ 74.061533, 32.5380776 ], [ 74.0611227, 32.5384819 ], [ 74.0606596, 32.5389547 ], [ 74.0601492, 32.5394758 ], [ 74.057626, 32.5420041 ], [ 74.0560539, 32.5435793 ], [ 74.0549718, 32.5446636 ], [ 74.0534534, 32.5461508 ], [ 74.0510152, 32.5486278 ], [ 74.0509453, 32.5486979 ], [ 74.0494847, 32.5501613 ], [ 74.0493762, 32.55027 ], [ 74.0471655, 32.5524848 ], [ 74.0464852, 32.5533871 ], [ 74.045827300000013, 32.5544178 ], [ 74.0457107, 32.5546144 ], [ 74.0452666, 32.5553631 ], [ 74.0451372, 32.5556238 ], [ 74.0451119, 32.5556762 ], [ 74.0446282, 32.5565644 ], [ 74.0423191, 32.5605295 ], [ 74.0417156, 32.5615364 ], [ 74.0412859, 32.5624072 ], [ 74.0410012, 32.5635205 ], [ 74.0409987, 32.5635888 ], [ 74.0409678, 32.5644407 ], [ 74.0412788, 32.5673591 ], [ 74.0416006, 32.5703792 ], [ 74.0435556, 32.5886737 ], [ 74.0436287, 32.5891994 ], [ 74.0436859, 32.5897327 ], [ 74.0437799, 32.5907727 ], [ 74.0438241, 32.5916596 ], [ 74.0438025, 32.5921188 ], [ 74.043757, 32.592578 ], [ 74.04358, 32.5936544 ], [ 74.0434407, 32.5944182 ], [ 74.0434011, 32.5945451 ], [ 74.0433414, 32.594812 ], [ 74.0432499, 32.5950788 ], [ 74.0430637, 32.5954711 ], [ 74.0428217, 32.5958701 ], [ 74.0425067, 32.5962745 ], [ 74.0421838, 32.5966654 ], [ 74.0397991, 32.5993938 ], [ 74.0397397, 32.5994512 ], [ 74.03946, 32.5997667 ], [ 74.0391165, 32.6001494 ], [ 74.0384454, 32.6009148 ], [ 74.0378684, 32.6016224 ], [ 74.0378201, 32.6016868 ], [ 74.0376935, 32.6018258 ], [ 74.0372711, 32.602283899999989 ], [ 74.0367856, 32.6027063 ], [ 74.036102, 32.6032313 ], [ 74.0357512, 32.6035304 ], [ 74.0354611, 32.6038112 ], [ 74.0353004, 32.6039925 ], [ 74.0351246, 32.6042262 ], [ 74.0348154, 32.6046525 ], [ 74.0342658, 32.6055138 ], [ 74.033236, 32.6068502 ], [ 74.0325896, 32.6076999 ], [ 74.03202, 32.6084241 ], [ 74.0312417, 32.6094466 ], [ 74.0306312, 32.6101981 ], [ 74.029042, 32.6119869 ], [ 74.0266531, 32.6147172 ], [ 74.0264339, 32.6149677 ], [ 74.0246331, 32.6170362 ], [ 74.0238571, 32.6179275 ], [ 74.0233707, 32.6184863 ], [ 74.0218046, 32.6202525 ], [ 74.0214003, 32.6207226 ], [ 74.0205535, 32.6217072 ], [ 74.0202633, 32.6220351 ], [ 74.0198386, 32.6225176 ], [ 74.0185061, 32.6240471 ], [ 74.0180566, 32.6245613 ], [ 74.0169018, 32.6259174 ], [ 74.0159671, 32.6271103 ], [ 74.0149994, 32.6282656 ], [ 74.0137679, 32.6297879 ], [ 74.0126181, 32.631195 ], [ 74.0124877, 32.6313548 ], [ 74.0110558, 32.6330835 ], [ 74.0093068, 32.6352388 ], [ 74.0051805, 32.6402672 ], [ 74.0038641, 32.6418372 ], [ 74.0022727, 32.6438083 ], [ 73.999889, 32.6467062 ], [ 73.9989495, 32.6478484 ], [ 73.9983921, 32.6485257 ], [ 73.997560100000015, 32.6494753 ], [ 73.9969259, 32.650199199999989 ], [ 73.9912732, 32.6567293 ], [ 73.9901187, 32.6580732 ], [ 73.9887863, 32.6596673 ], [ 73.9885474, 32.6599547 ], [ 73.9877608, 32.6609012 ], [ 73.9848219, 32.6643917 ], [ 73.9832774, 32.66628 ], [ 73.9815412, 32.6683779 ], [ 73.9800867, 32.6701346 ], [ 73.9776054, 32.6731314 ], [ 73.9775431, 32.6732067 ], [ 73.9727411, 32.679058 ], [ 73.968406, 32.6843514 ], [ 73.968151, 32.6846628 ], [ 73.9663496, 32.6868348 ], [ 73.9657534, 32.6875394 ], [ 73.9654535, 32.6879028 ], [ 73.965132400000016, 32.6882919 ], [ 73.9643679, 32.6892199 ], [ 73.9634223, 32.6904461 ], [ 73.959137, 32.6957258 ], [ 73.957721, 32.6974148 ], [ 73.957472, 32.6977157 ], [ 73.9569882, 32.6982194 ], [ 73.9560273, 32.6994196 ], [ 73.9553319, 32.7002595 ], [ 73.9542701, 32.7015387 ], [ 73.9532379, 32.7028316 ], [ 73.9521764, 32.7041506 ], [ 73.9515315, 32.704882 ], [ 73.9513164, 32.7051536 ], [ 73.9511947, 32.705299 ], [ 73.9510248, 32.7055016 ], [ 73.9504872, 32.7061823 ], [ 73.9501453, 32.7065719 ], [ 73.9492061, 32.7076185 ], [ 73.9474923, 32.709702 ], [ 73.946592400000014, 32.7107388 ], [ 73.9451886, 32.7124257 ], [ 73.9451263, 32.7125006 ], [ 73.9421577, 32.716046 ], [ 73.9417732, 32.7165052 ], [ 73.9416507, 32.7166515 ], [ 73.9383343, 32.7206121 ], [ 73.9377588, 32.7212963 ], [ 73.9374017, 32.7217208 ], [ 73.9365774, 32.7227531 ], [ 73.9357609, 32.7239028 ], [ 73.9346722, 32.7254961 ], [ 73.9343721, 32.7260453 ], [ 73.934286, 32.7261906 ], [ 73.9337139, 32.7271561 ], [ 73.9331957, 32.7278989 ], [ 73.9326367, 32.7286007 ], [ 73.9321912, 32.7290937 ], [ 73.9311854, 32.7301619 ], [ 73.9295694, 32.7320556 ], [ 73.9237684, 32.7390392 ], [ 73.9229441, 32.7400315 ], [ 73.922736, 32.740282 ], [ 73.9213429, 32.741959 ], [ 73.9212118, 32.7421251 ], [ 73.9196716, 32.743955 ], [ 73.9184003, 32.7454655 ], [ 73.9180022, 32.7459385 ], [ 73.9158582, 32.7484857 ], [ 73.9148398, 32.7496788 ], [ 73.9145317, 32.7500398 ], [ 73.9136763, 32.7510419 ], [ 73.9135479, 32.7512095 ], [ 73.9130199, 32.7518109 ], [ 73.9118323, 32.7532021 ], [ 73.9078255, 32.7577375 ], [ 73.9072906, 32.7583154 ], [ 73.9065568, 32.759093 ], [ 73.9061876, 32.7595378 ], [ 73.905335, 32.7604842 ], [ 73.9051617, 32.7606789 ], [ 73.9040901, 32.7619186 ], [ 73.9036839, 32.7623883 ], [ 73.9027296, 32.7635837 ], [ 73.9012305, 32.7654615 ], [ 73.9005999, 32.7662428 ], [ 73.8986566, 32.768602 ], [ 73.8980417, 32.7693485 ], [ 73.8974643, 32.7700876 ], [ 73.897396500000013, 32.7701791 ], [ 73.8970713, 32.7705823 ], [ 73.8965505, 32.7712596 ], [ 73.8934346, 32.7751388 ], [ 73.8921774, 32.7766731 ], [ 73.8918417, 32.77712 ], [ 73.8915318, 32.7775126 ], [ 73.8914413, 32.7776232 ], [ 73.8907733, 32.7784393 ], [ 73.8899913, 32.7794062 ], [ 73.8881058, 32.7816798 ], [ 73.8865148, 32.7837042 ], [ 73.8860155, 32.7843804 ], [ 73.8856803, 32.7848246 ], [ 73.8847361, 32.7859746 ], [ 73.8837363, 32.7871061 ], [ 73.883448, 32.7874526 ], [ 73.8829216, 32.7881321 ], [ 73.8819984, 32.78927 ], [ 73.8804613, 32.7912021 ], [ 73.8800806, 32.7916473 ], [ 73.8795699, 32.7922947 ], [ 73.8790571, 32.7929282 ], [ 73.8779667, 32.7942708 ], [ 73.8773295, 32.7951074 ], [ 73.8770429, 32.7954517 ], [ 73.8769578, 32.7955526 ], [ 73.8738284, 32.7995066 ], [ 73.872446, 32.8012098 ], [ 73.8718868, 32.8018697 ], [ 73.8713628, 32.8025297 ], [ 73.870782, 32.8033707 ], [ 73.8702181, 32.8040662 ], [ 73.8699425, 32.8043806 ], [ 73.8650027, 32.8105353 ], [ 73.8646963, 32.8109201 ], [ 73.8646111, 32.8110267 ], [ 73.8643804, 32.8112533 ], [ 73.8624408, 32.813078 ], [ 73.8615772, 32.8139029 ], [ 73.8604756, 32.8149314 ], [ 73.8571595, 32.8180275 ], [ 73.8570335, 32.818145199999989 ], [ 73.8563169, 32.8188298 ], [ 73.853748200000013, 32.8212437 ], [ 73.852748800000015, 32.8221709 ], [ 73.8517939, 32.823086 ], [ 73.8503401, 32.8244336 ], [ 73.8499378, 32.8248243 ], [ 73.8494745, 32.825411 ], [ 73.849195600000016, 32.8257666 ], [ 73.8488514, 32.8261908 ], [ 73.8486837, 32.8263948 ], [ 73.8484738, 32.8265972 ], [ 73.8482087, 32.8267884 ], [ 73.8477957, 32.8270315 ], [ 73.8475474, 32.827143 ], [ 73.847209, 32.8272728 ], [ 73.8468842, 32.8273644 ], [ 73.8465753, 32.8274465 ], [ 73.8461348, 32.8275384 ], [ 73.8455774, 32.8276547 ], [ 73.8452052, 32.8277324 ], [ 73.8423819, 32.8283499 ], [ 73.8414795, 32.828599 ], [ 73.8406776, 32.8289215 ], [ 73.8386699, 32.8296819 ], [ 73.8378009, 32.8300234 ], [ 73.8369198, 32.8303806 ], [ 73.8363699, 32.8305733 ], [ 73.831061, 32.8326093 ], [ 73.8307967, 32.8327083 ], [ 73.8302779, 32.8329309 ], [ 73.8298418, 32.8331555 ], [ 73.8293412, 32.833474 ], [ 73.82902, 32.8337629 ], [ 73.828792, 32.834037 ], [ 73.8285895, 32.8343357 ], [ 73.8284731, 32.8345564 ], [ 73.8283391, 32.8348653 ], [ 73.8282287, 32.8353446 ], [ 73.8281843, 32.8356428 ], [ 73.8280595, 32.8361516 ], [ 73.8279215, 32.8366719 ], [ 73.8278572, 32.8370301 ], [ 73.8276182, 32.8382514 ], [ 73.8275195, 32.8385737 ], [ 73.827449, 32.8387584 ], [ 73.8273929, 32.8388998 ], [ 73.8273405, 32.8390004 ], [ 73.8272582, 32.8391544 ], [ 73.8271872, 32.8392606 ], [ 73.8270469, 32.8394474 ], [ 73.826866900000013, 32.8396509 ], [ 73.8265175, 32.8399559 ], [ 73.8263454, 32.8401084 ], [ 73.8260069, 32.8404447 ], [ 73.8257511, 32.8407223 ], [ 73.8252811, 32.8411754 ], [ 73.8250679, 32.8413892 ], [ 73.8249182, 32.841573 ], [ 73.8247574, 32.8417852 ], [ 73.8246302, 32.8420005 ], [ 73.8243964, 32.8424672 ], [ 73.8241738, 32.84289 ], [ 73.8237941, 32.843638 ], [ 73.8234443, 32.8442462 ], [ 73.8229314, 32.8452273 ], [ 73.8212993, 32.8485691 ], [ 73.8211346, 32.8488929 ], [ 73.8209589, 32.8491735 ], [ 73.8207356, 32.8494789 ], [ 73.8206384, 32.8495921 ], [ 73.8204241, 32.8498148 ], [ 73.8201789, 32.8500022 ], [ 73.8186426, 32.8509295 ], [ 73.817558, 32.8515714 ], [ 73.8170589, 32.8518613 ], [ 73.8164062, 32.8521941 ], [ 73.8149257, 32.8528346 ], [ 73.8143064, 32.8531127 ], [ 73.813429, 32.8535132 ], [ 73.8119307, 32.8543501 ], [ 73.8109725, 32.8548743 ], [ 73.8101346, 32.8553266 ], [ 73.8098874, 32.8554749 ], [ 73.8096991, 32.85561 ], [ 73.8093728, 32.8558668 ], [ 73.8092091, 32.856003099999988 ], [ 73.8090592, 32.8561422 ], [ 73.8089064, 32.8563033 ], [ 73.8087447, 32.8564962 ], [ 73.8084629, 32.8568753 ], [ 73.8083038, 32.8571186 ], [ 73.8082099, 32.8572829 ], [ 73.8080533, 32.8576204 ], [ 73.8078681, 32.8580762 ], [ 73.8076594, 32.8585562 ], [ 73.8071082, 32.859641 ], [ 73.8068846, 32.8599324 ], [ 73.806788, 32.8600464 ], [ 73.8066341, 32.8601954 ], [ 73.8064645, 32.8603532 ], [ 73.8062584, 32.8605263 ], [ 73.8057054, 32.8610106 ], [ 73.8052993, 32.861362 ], [ 73.8048525, 32.861728 ], [ 73.8046071, 32.8619133 ], [ 73.8044593, 32.8620139 ], [ 73.8042534, 32.8621222 ], [ 73.8029626, 32.8627691 ], [ 73.8025948, 32.862967499999989 ], [ 73.8023376, 32.8631317 ], [ 73.8020866, 32.8633124 ], [ 73.8016452, 32.8636731 ], [ 73.8012645, 32.8640223 ], [ 73.8011736, 32.8641057 ], [ 73.8010863, 32.8641858 ], [ 73.8004955, 32.8647276 ], [ 73.799442, 32.8656749 ], [ 73.7968287, 32.8680247 ], [ 73.794979700000013, 32.8696871 ], [ 73.7887056, 32.8753281 ], [ 73.7874663, 32.8764423 ], [ 73.7862196, 32.8775631 ], [ 73.7848668, 32.8787793 ], [ 73.7843394, 32.8792449 ], [ 73.7838809, 32.8797407 ], [ 73.7835213, 32.8802465 ], [ 73.7831946, 32.8808732 ], [ 73.7829863, 32.8813516 ], [ 73.7828889, 32.8815754 ], [ 73.7824239, 32.8824434 ], [ 73.7820732, 32.8829355 ], [ 73.7817998, 32.8832431 ], [ 73.7813666, 32.8835729 ], [ 73.7807372, 32.8839712 ], [ 73.7796464, 32.8844871 ], [ 73.7775247, 32.8854535 ], [ 73.7766553, 32.885915 ], [ 73.7752668, 32.8866521 ], [ 73.7733261, 32.8877385 ], [ 73.7727128, 32.8880732 ], [ 73.7722565, 32.8883222 ], [ 73.7721364, 32.8883878 ], [ 73.7709816, 32.8890275 ], [ 73.7704389, 32.8893282 ], [ 73.7701376, 32.8894951 ], [ 73.7682376, 32.8905344 ], [ 73.7672217, 32.8912037 ], [ 73.7667288, 32.8915068 ], [ 73.7666283, 32.8915686 ], [ 73.7657602, 32.892163 ], [ 73.764835, 32.8927766 ], [ 73.7642028, 32.8931642 ], [ 73.7630197, 32.8937952 ], [ 73.7625234, 32.8940532 ], [ 73.7619718, 32.8943727 ], [ 73.7614776, 32.8947446 ], [ 73.7609557, 32.8951533 ], [ 73.7607956, 32.8952787 ], [ 73.7605787, 32.8954497 ], [ 73.7598176, 32.8960498 ], [ 73.7590668, 32.8966883 ], [ 73.7584766, 32.8971697 ], [ 73.7576685, 32.8978288 ], [ 73.757314, 32.8981179 ], [ 73.7571387, 32.8982735 ], [ 73.7569988, 32.8983977 ], [ 73.756901, 32.8984794 ], [ 73.7561791, 32.8990825 ], [ 73.7553653, 32.8997624 ], [ 73.7545306, 32.9004327 ], [ 73.7532759, 32.9014402 ], [ 73.7526107, 32.9020888 ], [ 73.7513822, 32.9034985 ], [ 73.7512975, 32.9036011 ], [ 73.7508243, 32.9041741 ], [ 73.749633, 32.9056776 ], [ 73.7495717, 32.9057549 ], [ 73.7495058, 32.9058357 ], [ 73.7492982, 32.9060904 ], [ 73.7490004, 32.9063539 ], [ 73.7486866, 32.9065678 ], [ 73.7485096, 32.9066489 ], [ 73.7482253, 32.9067457 ], [ 73.747987, 32.9068071 ], [ 73.7474877, 32.9068538 ], [ 73.7469797, 32.9068256 ], [ 73.7443642, 32.9062878 ], [ 73.7426564, 32.9059518 ], [ 73.7414041, 32.9057054 ], [ 73.7407349, 32.9055768 ], [ 73.7395225, 32.9053171 ], [ 73.7392719, 32.9052634 ], [ 73.738704, 32.9051585 ], [ 73.7381924, 32.9050626 ], [ 73.7368388, 32.9048435 ], [ 73.7359507, 32.9046691 ], [ 73.7352306, 32.9045616 ], [ 73.7348756, 32.9045638 ], [ 73.7345596, 32.9045524 ], [ 73.7343011, 32.9045794 ], [ 73.7338516, 32.904629 ], [ 73.7335323, 32.9046801 ], [ 73.7331386, 32.9047865 ], [ 73.7327956, 32.9048972 ], [ 73.7324948, 32.9050149 ], [ 73.7323414, 32.9050836 ], [ 73.7319571, 32.9052676 ], [ 73.7317155, 32.9054153 ], [ 73.7315761, 32.9055137 ], [ 73.7314152, 32.9056355 ], [ 73.7312825, 32.9057355 ], [ 73.73111, 32.9059061 ], [ 73.730699, 32.9063383 ], [ 73.7305196, 32.9064909 ], [ 73.7303759, 32.9066469 ], [ 73.7298378, 32.9071419 ], [ 73.727998, 32.9088944 ], [ 73.7226728, 32.9139903 ], [ 73.7219599, 32.9146247 ], [ 73.7209016, 32.9156434 ], [ 73.7206292, 32.9159439 ], [ 73.7204451, 32.9161964 ], [ 73.7202292, 32.9165203 ], [ 73.720028500000012, 32.9169286 ], [ 73.7198499, 32.9174488 ], [ 73.7197993, 32.9177257 ], [ 73.7197851, 32.9178035 ], [ 73.7197789, 32.9178703 ], [ 73.7197539, 32.9181421 ], [ 73.719749, 32.9182092 ], [ 73.7197035, 32.9188353 ], [ 73.7196771, 32.9193975 ], [ 73.7196675, 32.919593 ], [ 73.719657, 32.9197617 ], [ 73.7196202, 32.9203545 ], [ 73.7193736, 32.9242948 ], [ 73.719353400000017, 32.9244309 ], [ 73.7193193, 32.9245801 ] ], [ [ 73.7195419, 32.924599799999989 ], [ 73.7195237, 32.9245176 ], [ 73.7195144, 32.9244039 ], [ 73.7195539, 32.9231385 ], [ 73.719706, 32.9203396 ], [ 73.7197097, 32.9202716 ], [ 73.7197534, 32.9198924 ], [ 73.7198408, 32.9195058 ], [ 73.7199667, 32.9191028 ], [ 73.7200837, 32.9187949 ], [ 73.7202597, 32.9184446 ], [ 73.7203294, 32.9183331 ], [ 73.7203621, 32.9182739 ], [ 73.7205464, 32.9180486 ], [ 73.7206105, 32.9179739 ], [ 73.7211512, 32.917425 ], [ 73.7212922, 32.9172914 ], [ 73.7228709, 32.9157367 ], [ 73.723212, 32.9154105 ], [ 73.7234824, 32.9151533 ], [ 73.7236972, 32.9149486 ], [ 73.7239764, 32.9147245 ], [ 73.7295885, 32.9094168 ], [ 73.7310212, 32.9079962 ], [ 73.7314713, 32.9075924 ], [ 73.7321068, 32.9070057 ], [ 73.7323066, 32.9068229 ], [ 73.7325448, 32.9065914 ], [ 73.7328253, 32.9063571 ], [ 73.733049, 32.9061703 ], [ 73.7335989, 32.9058212 ], [ 73.7345932, 32.9054732 ], [ 73.7346269, 32.9054647 ], [ 73.7351483, 32.9053329 ], [ 73.7363471, 32.905029899999988 ], [ 73.7370804, 32.905033 ], [ 73.737531, 32.9050578 ], [ 73.7394663, 32.9054132 ], [ 73.739621, 32.9054425 ], [ 73.7407465, 32.9056938 ], [ 73.7423761, 32.9060133 ], [ 73.7472183, 32.9069629 ], [ 73.7478042, 32.9069597 ], [ 73.7482199, 32.9068899 ], [ 73.7485284, 32.906802 ], [ 73.7488368, 32.9066354 ], [ 73.749099, 32.906407 ], [ 73.7496147, 32.9058788 ], [ 73.7514117, 32.9036404 ], [ 73.751739, 32.9032328 ], [ 73.7527931, 32.902064 ], [ 73.7528885, 32.9019751 ], [ 73.7536782, 32.9012398 ], [ 73.755419, 32.8998638 ], [ 73.7574407, 32.8982035 ], [ 73.7577802, 32.8979247 ], [ 73.7597113, 32.8963389 ], [ 73.7599401, 32.896149 ], [ 73.760208800000015, 32.895932 ], [ 73.7609735, 32.8953079 ], [ 73.7613876, 32.8949799 ], [ 73.7617973, 32.8946586 ], [ 73.7621091, 32.8944288 ], [ 73.7630289, 32.8939018 ], [ 73.7630777, 32.8938736 ], [ 73.7642499, 32.893239 ], [ 73.764807, 32.8929021 ], [ 73.765895, 32.892209099999988 ], [ 73.7667542, 32.891624 ], [ 73.7673655, 32.8912163 ], [ 73.7684534, 32.8905822 ], [ 73.77198, 32.8886385 ], [ 73.7728554, 32.888187 ], [ 73.7734315, 32.8878385 ], [ 73.777584600000012, 32.8855944 ], [ 73.7798262, 32.88454 ], [ 73.7808451, 32.8840593 ], [ 73.781496, 32.883637 ], [ 73.781873, 32.883337 ], [ 73.7822926, 32.8829092 ], [ 73.7826042, 32.8824512 ], [ 73.782756, 32.882135 ], [ 73.783669, 32.880297 ], [ 73.7842525, 32.8796148 ], [ 73.7846121, 32.8792424 ], [ 73.7848574, 32.8790128 ], [ 73.7851515, 32.878734 ], [ 73.7855382, 32.8783853 ], [ 73.7875983, 32.8765276 ], [ 73.7888226, 32.8754822 ], [ 73.7907046, 32.8737632 ], [ 73.7928413, 32.871873 ], [ 73.7951379, 32.8697847 ], [ 73.7995788, 32.8657462 ], [ 73.8004569, 32.8649477 ], [ 73.801138, 32.8643153 ], [ 73.8018174, 32.8636951 ], [ 73.8020385, 32.8634975 ], [ 73.8022052, 32.8633703 ], [ 73.8023424, 32.8632801 ], [ 73.8024617, 32.8632151 ], [ 73.8027314, 32.8631069 ], [ 73.802891, 32.8630429 ], [ 73.8036281, 32.8627472 ], [ 73.8039646, 32.8626013 ], [ 73.8042906, 32.8624153 ], [ 73.8044499, 32.8622909 ], [ 73.8045933, 32.8621635 ], [ 73.8053968, 32.8614372 ], [ 73.8055289, 32.8613228 ], [ 73.8058489, 32.8610457 ], [ 73.8063421, 32.8606361 ], [ 73.8065219, 32.8604868 ], [ 73.8067985, 32.8602436 ], [ 73.8069367, 32.8601012 ], [ 73.8070489, 32.8599587 ], [ 73.8072125, 32.8597199 ], [ 73.8075003, 32.8591588 ], [ 73.8077403, 32.8587271 ], [ 73.8078577, 32.8584663 ], [ 73.8079699, 32.8582121 ], [ 73.8083247, 32.8573772 ], [ 73.8084473, 32.8571427 ], [ 73.8085882, 32.8569257 ], [ 73.8088751, 32.8565597 ], [ 73.8091004, 32.8562606 ], [ 73.8092144, 32.8561329 ], [ 73.8093459, 32.8560172 ], [ 73.8097086, 32.8557564 ], [ 73.8099905, 32.8555741 ], [ 73.8102709, 32.8554198 ], [ 73.8109123, 32.8550725 ], [ 73.8135827, 32.8536169 ], [ 73.8144287, 32.8531803 ], [ 73.8165836, 32.8522511 ], [ 73.8171914, 32.8519234 ], [ 73.8178723, 32.8515222 ], [ 73.8201877, 32.850121 ], [ 73.8204396, 32.8499354 ], [ 73.8206671, 32.8497183 ], [ 73.8208659, 32.8494937 ], [ 73.8210407, 32.8492399 ], [ 73.821208400000017, 32.8489853 ], [ 73.82138, 32.84868 ], [ 73.823269, 32.8449187 ], [ 73.8236512, 32.8441931 ], [ 73.8245197, 32.8425328 ], [ 73.8248116, 32.8419753 ], [ 73.8249239, 32.8418229 ], [ 73.8250869, 32.8416368 ], [ 73.8252119, 32.8415227 ], [ 73.8253616, 32.8414096 ], [ 73.8257394, 32.841180099999988 ], [ 73.826409, 32.840790399999989 ], [ 73.8268086, 32.8405481 ], [ 73.8270567, 32.840364 ], [ 73.8272382, 32.8401656 ], [ 73.8273853, 32.839955 ], [ 73.8274584, 32.8397909 ], [ 73.8275313, 32.8395347 ], [ 73.8276697, 32.8389312 ], [ 73.8278194, 32.8383387 ], [ 73.8279896, 32.8375309 ], [ 73.828108, 32.8370165 ], [ 73.8283169, 32.8361306 ], [ 73.8283976, 32.8356434 ], [ 73.828513, 32.8349439 ], [ 73.8286127, 32.8346018 ], [ 73.828803, 32.8343218 ], [ 73.82897, 32.8341267 ], [ 73.8291265, 32.8339667 ], [ 73.8294005, 32.8337102 ], [ 73.8296009, 32.8335394 ], [ 73.8300051, 32.8332715 ], [ 73.8305751, 32.8329829 ], [ 73.8311463, 32.8327759 ], [ 73.8332103, 32.831965 ], [ 73.8349863, 32.8312795 ], [ 73.8369973, 32.8305033 ], [ 73.8384615, 32.8299243 ], [ 73.8386903, 32.8298384 ], [ 73.8394039, 32.8295704 ], [ 73.8404567, 32.8292418 ], [ 73.8416385, 32.8288879 ], [ 73.8424775, 32.8286638 ], [ 73.8453814, 32.8280213 ], [ 73.8456604, 32.8279608 ], [ 73.8465458, 32.827769 ], [ 73.8469929, 32.8276529 ], [ 73.8473407, 32.8275495 ], [ 73.8475996, 32.8274446 ], [ 73.8478381, 32.8273205 ], [ 73.8480563, 32.8271819 ], [ 73.8485056, 32.8268508 ], [ 73.848667, 32.8266912 ], [ 73.848789700000012, 32.8265396 ], [ 73.8490769, 32.8261776 ], [ 73.8496027, 32.825488899999989 ], [ 73.8500069, 32.8249747 ], [ 73.8506232, 32.8242916 ], [ 73.8513235, 32.8236586 ], [ 73.8527771, 32.822266 ], [ 73.8543714, 32.8207773 ], [ 73.8552159, 32.81999 ], [ 73.8563898, 32.8188958 ], [ 73.8566712, 32.8186229 ], [ 73.8571891, 32.8181204 ], [ 73.8576186, 32.8177222 ], [ 73.8580474, 32.8173247 ], [ 73.859764, 32.815713 ], [ 73.8601931, 32.8153125 ], [ 73.8611826, 32.8143928 ], [ 73.8616872, 32.8139074 ], [ 73.8625176, 32.8131377 ], [ 73.8631738, 32.812526 ], [ 73.8636057, 32.8121092 ], [ 73.8638317, 32.811891 ], [ 73.8641813, 32.8115681 ], [ 73.8644528, 32.8113062 ], [ 73.8646755, 32.8110819 ], [ 73.8647412, 32.8109918 ], [ 73.8650483, 32.8106243 ], [ 73.8689103, 32.8058364 ], [ 73.8694511, 32.8051635 ], [ 73.8701295, 32.8043194 ], [ 73.870812, 32.8034767 ], [ 73.8709225, 32.8033473 ], [ 73.8710615, 32.8031517 ], [ 73.871487, 32.8025927 ], [ 73.8738292, 32.7997541 ], [ 73.8744714, 32.7989392 ], [ 73.8768749, 32.7959142 ], [ 73.8771681, 32.7955379 ], [ 73.8772847, 32.7953982 ], [ 73.877944700000015, 32.7945637 ], [ 73.8783935, 32.794011 ], [ 73.880208, 32.7917348 ], [ 73.8806085, 32.7912546 ], [ 73.8825585, 32.7888261 ], [ 73.8831254, 32.7880701 ], [ 73.8835537, 32.7875382 ], [ 73.8838328, 32.7871894 ], [ 73.8848152, 32.7860287 ], [ 73.8856921, 32.7849593 ], [ 73.8857154, 32.7849309 ], [ 73.8861328, 32.7843905 ], [ 73.8876143, 32.7825615 ], [ 73.8882526, 32.781703 ], [ 73.8891879, 32.780556499999989 ], [ 73.8900988, 32.7794674 ], [ 73.8916779, 32.7775451 ], [ 73.8919887, 32.7771007 ], [ 73.8922643, 32.7767066 ], [ 73.8935104, 32.7752099 ], [ 73.894139, 32.774389 ], [ 73.8943367, 32.7741564 ], [ 73.8947773, 32.7736382 ], [ 73.8951147, 32.773241 ], [ 73.8953614, 32.7729505 ], [ 73.8960937, 32.7720753 ], [ 73.896768, 32.771227 ], [ 73.8972162, 32.7706632 ], [ 73.8980395, 32.7696027 ], [ 73.8987642, 32.7686659 ], [ 73.8990601, 32.7683065 ], [ 73.89921, 32.7681288 ], [ 73.8994414, 32.7678336 ], [ 73.9005451, 32.7665025 ], [ 73.9028049, 32.763696 ], [ 73.9038179, 32.7624379 ], [ 73.9042131, 32.7619681 ], [ 73.9045992, 32.7615174 ], [ 73.9052786, 32.7607524 ], [ 73.9074038, 32.7583951 ], [ 73.9078013, 32.7579421 ], [ 73.907933, 32.757792 ], [ 73.9109895, 32.7543774 ], [ 73.911988, 32.753171 ], [ 73.9136508, 32.7512544 ], [ 73.914966400000012, 32.7497379 ], [ 73.9152789, 32.7493905 ], [ 73.9159659, 32.7485858 ], [ 73.9162149, 32.7482892 ], [ 73.9213453, 32.7421761 ], [ 73.9214663, 32.7420263 ], [ 73.927168, 32.7352378 ], [ 73.9274417, 32.7349116 ], [ 73.9296983, 32.7321564 ], [ 73.9312705, 32.7303003 ], [ 73.9314242, 32.7301364 ], [ 73.9322917, 32.7291676 ], [ 73.9327777, 32.7286269 ], [ 73.9333376, 32.7279302 ], [ 73.9338729, 32.7272049 ], [ 73.9339997, 32.7269909 ], [ 73.9345201, 32.7261124 ], [ 73.9353335, 32.7248741 ], [ 73.9359495, 32.7239363 ], [ 73.9362598, 32.7234639 ], [ 73.937541, 32.7217902 ], [ 73.9378806, 32.7213846 ], [ 73.9389468, 32.7201112 ], [ 73.9394467, 32.7195141 ], [ 73.9422918, 32.7161157 ], [ 73.942713700000013, 32.7156118 ], [ 73.9435323, 32.7146637 ], [ 73.944225, 32.7137869 ], [ 73.9452583, 32.7125722 ], [ 73.9466781, 32.7108399 ], [ 73.9476146, 32.7097575 ], [ 73.9496195, 32.7073102 ], [ 73.9503142, 32.7065444 ], [ 73.9509609, 32.70576 ], [ 73.9511948, 32.7054729 ], [ 73.9514608, 32.705139 ], [ 73.9517162, 32.7048251 ], [ 73.951841, 32.7046871 ], [ 73.9520339, 32.7044631 ], [ 73.9522495, 32.7042012 ], [ 73.9529328, 32.7033677 ], [ 73.9533235, 32.7028886 ], [ 73.9562731, 32.699312 ], [ 73.9570979, 32.6982789 ], [ 73.9578031, 32.6974756 ], [ 73.9592249, 32.6957809 ], [ 73.9602029, 32.694576 ], [ 73.96306, 32.6910559 ], [ 73.9635064, 32.6905059 ], [ 73.9646184, 32.6891308 ], [ 73.9646374, 32.6891065 ], [ 73.9650314, 32.6886017 ], [ 73.9652018, 32.688375 ], [ 73.965625, 32.687856 ], [ 73.9661107, 32.6873096 ], [ 73.9681602, 32.6848414 ], [ 73.9682784, 32.684699 ], [ 73.9728557, 32.6791088 ], [ 73.9729818, 32.67897 ], [ 73.9732182, 32.6786585 ], [ 73.9735755, 32.6782209 ], [ 73.9742047, 32.6774899 ], [ 73.9747603, 32.6767863 ], [ 73.9771151, 32.6739855 ], [ 73.9776824, 32.6732997 ], [ 73.9785714, 32.6722183 ], [ 73.9796681, 32.6708843 ], [ 73.9816673, 32.6684524 ], [ 73.9834364, 32.6663115 ], [ 73.9843935, 32.6651436 ], [ 73.9849467, 32.6644685 ], [ 73.9878743, 32.6609973 ], [ 73.9889154, 32.6597418 ], [ 73.9889394, 32.6597133 ], [ 73.9904036, 32.6579758 ], [ 73.9904682, 32.6579 ], [ 73.9913996, 32.6568103 ], [ 73.9914309, 32.6567739 ], [ 73.9970316, 32.6502558 ], [ 73.9975249, 32.6496911 ], [ 73.9990733, 32.6479187 ], [ 73.9995426, 32.6473815 ], [ 73.999925, 32.6469094 ], [ 74.002392, 32.6438641 ], [ 74.0042928, 32.6415493 ], [ 74.0056492, 32.6399006 ], [ 74.0070951, 32.6381349 ], [ 74.0091293, 32.6356501 ], [ 74.0094189, 32.6352996 ], [ 74.0104599, 32.6340392 ], [ 74.012279, 32.6318197 ], [ 74.0124818, 32.6315763 ], [ 74.0126029, 32.6314284 ], [ 74.0151356, 32.6283241 ], [ 74.0160925, 32.6271781 ], [ 74.0173672, 32.6255889 ], [ 74.0181568, 32.624654 ], [ 74.018591, 32.6241544 ], [ 74.0191856, 32.6234688 ], [ 74.0199514, 32.6225862 ], [ 74.0206827, 32.6217653 ], [ 74.023514, 32.6185295 ], [ 74.0240422, 32.6179234 ], [ 74.0261554, 32.6154988 ], [ 74.0265465, 32.61505 ], [ 74.029157, 32.6120614 ], [ 74.0295499, 32.6116294 ], [ 74.0296144, 32.6115585 ], [ 74.0301063, 32.6110176 ], [ 74.0302364, 32.610877 ], [ 74.0308163, 32.610237 ], [ 74.0322995, 32.6085312 ], [ 74.03282, 32.6079616 ], [ 74.0332366, 32.6074725 ], [ 74.0334752, 32.6072381 ], [ 74.0336022, 32.6071247 ], [ 74.033716, 32.6070278 ], [ 74.0344004, 32.6064977 ], [ 74.0351427, 32.6057835 ], [ 74.0382101, 32.6022247 ], [ 74.0399895, 32.6001893 ], [ 74.0428936, 32.5968321 ], [ 74.0434158, 32.5962309 ], [ 74.0437288, 32.5958401 ], [ 74.0439592, 32.5954735 ], [ 74.0440701, 32.5952134 ], [ 74.0441751, 32.5949173 ], [ 74.0442124, 32.5946474 ], [ 74.0442635, 32.5942432 ], [ 74.0441718, 32.5931653 ], [ 74.0438131, 32.5900904 ], [ 74.0433497, 32.5857451 ], [ 74.0432846, 32.5851315 ], [ 74.043269, 32.584984 ], [ 74.0429523, 32.581999 ], [ 74.0425557, 32.5783896 ], [ 74.0419914, 32.5730036 ], [ 74.041759, 32.5707995 ], [ 74.0417029, 32.5703862 ], [ 74.041071, 32.564456 ], [ 74.0411152, 32.5637192 ], [ 74.041211, 32.5631146 ], [ 74.041374, 32.562454 ], [ 74.0417219, 32.561733499999988 ], [ 74.0417955, 32.5615812 ], [ 74.0423816, 32.5605433 ], [ 74.0446843, 32.5566069 ], [ 74.0451979, 32.5556737 ], [ 74.0452198, 32.5556365 ], [ 74.0459154, 32.5544547 ], [ 74.0462324, 32.5539287 ], [ 74.0465696, 32.5534299 ], [ 74.0472622, 32.5525407 ], [ 74.0494313, 32.5503623 ], [ 74.0494573, 32.5503362 ], [ 74.0526661, 32.5471165 ], [ 74.0529542, 32.5468274 ], [ 74.0577714, 32.5419935 ], [ 74.0582953, 32.5414676 ], [ 74.0592856, 32.5404734 ], [ 74.0595578, 32.5402002 ], [ 74.0602302, 32.5395252 ], [ 74.0607959, 32.5389586 ], [ 74.061115, 32.538639 ], [ 74.0616409, 32.5381122 ], [ 74.0616685, 32.5380846 ], [ 74.0620203, 32.5377322 ], [ 74.0620469, 32.5377057 ], [ 74.0624838, 32.5372704 ], [ 74.0631174, 32.5366391 ], [ 74.064847, 32.5349157 ], [ 74.0652078, 32.5345479 ], [ 74.0660815, 32.5336859 ], [ 74.0661993, 32.5335697 ], [ 74.0667704, 32.5329721 ], [ 74.0669975, 32.5327139 ], [ 74.0671796, 32.5324905 ], [ 74.0675343, 32.5320119 ], [ 74.0678408, 32.5315333 ], [ 74.0733702, 32.5221475 ], [ 74.0746976, 32.5198942 ], [ 74.0749686, 32.5194343 ], [ 74.0752193, 32.5190086 ], [ 74.0760991, 32.5175151 ], [ 74.0771052, 32.5158071 ], [ 74.0772338, 32.5155889 ], [ 74.0782296, 32.5138983 ], [ 74.0783248, 32.5137366 ], [ 74.0787676, 32.512985 ], [ 74.0809049, 32.5093565 ], [ 74.0810311, 32.509139 ], [ 74.0810503, 32.5091097 ], [ 74.0811683, 32.5089067 ], [ 74.0812166, 32.5088343 ], [ 74.0827133, 32.5063302 ], [ 74.0836558, 32.5044743 ], [ 74.0843239, 32.5030927 ], [ 74.0844604, 32.5028105 ], [ 74.086392, 32.4996345 ], [ 74.0875513, 32.4977526 ], [ 74.0878944, 32.4970857 ], [ 74.088240700000014, 32.4963316 ], [ 74.0884367, 32.495948 ], [ 74.0885749, 32.4956571 ], [ 74.0886506, 32.4954337 ], [ 74.0887046, 32.4951025 ], [ 74.0887136, 32.4949791 ], [ 74.0887314, 32.494734 ], [ 74.0887868, 32.4944509 ], [ 74.0888993, 32.4940056 ], [ 74.089062, 32.4933619 ], [ 74.0891814, 32.4928893 ], [ 74.0893089, 32.492235 ], [ 74.0894882, 32.4915746 ], [ 74.0895036, 32.4914999 ], [ 74.089524, 32.49143 ], [ 74.0896091, 32.4911718 ], [ 74.0897017, 32.4908907 ], [ 74.0898761, 32.4901505 ], [ 74.0899017, 32.4900418 ], [ 74.0901536, 32.4891039 ], [ 74.0902958, 32.4885741 ], [ 74.0904068, 32.4881609 ], [ 74.0904509, 32.4879969 ], [ 74.0904827, 32.4878783 ], [ 74.0905238, 32.4877251 ], [ 74.0906445, 32.4872644 ], [ 74.0907506, 32.4868591 ], [ 74.0908701, 32.4864027 ], [ 74.091107, 32.4854981 ], [ 74.0912161, 32.4850813 ], [ 74.0913765, 32.4844687 ], [ 74.0916023, 32.4836065 ], [ 74.0916779, 32.483318 ], [ 74.092157, 32.4814884 ], [ 74.0921825, 32.481391 ], [ 74.0923001, 32.4809418 ], [ 74.0925349, 32.4800558 ], [ 74.0927204, 32.4793556 ], [ 74.0930081, 32.4782701 ], [ 74.0931712, 32.4776544 ], [ 74.0934052, 32.4767712 ], [ 74.0937346, 32.4754906 ], [ 74.093791, 32.475287 ], [ 74.094004, 32.4744349 ], [ 74.094139, 32.473895 ], [ 74.0943248, 32.4732355 ], [ 74.0945453, 32.4723866 ], [ 74.0947186, 32.4717196 ], [ 74.0950008, 32.4705865 ], [ 74.0951604, 32.469668399999989 ], [ 74.0952239, 32.4691793 ], [ 74.095344, 32.4670764 ], [ 74.0954027, 32.4660477 ], [ 74.0954609, 32.4651436 ], [ 74.0954723, 32.4649279 ], [ 74.0955727, 32.4630303 ], [ 74.0956685, 32.4612191 ], [ 74.0957029, 32.4605691 ], [ 74.0957866, 32.459407 ], [ 74.0960359, 32.4555492 ], [ 74.0961196, 32.4542765 ], [ 74.0961831, 32.4533486 ], [ 74.0962997, 32.4516436 ], [ 74.0963684, 32.4505017 ], [ 74.0963769, 32.4503596 ], [ 74.0964007, 32.4499182 ], [ 74.096411, 32.4497272 ], [ 74.0964162, 32.4492321 ], [ 74.0964013, 32.4489676 ], [ 74.0963477, 32.4486719 ], [ 74.0962325, 32.4481936 ], [ 74.0956629, 32.4456989 ], [ 74.0950516, 32.443093399999988 ], [ 74.0949141, 32.4424999 ], [ 74.0939286, 32.4382459 ], [ 74.0938671, 32.4379642 ], [ 74.0934763, 32.4362809 ], [ 74.0934027, 32.4359637 ], [ 74.0922409, 32.4309583 ], [ 74.0921715, 32.4305109 ], [ 74.0921162, 32.4299905 ], [ 74.0921278, 32.429554 ], [ 74.0921715, 32.4290652 ], [ 74.0922981, 32.4284902 ], [ 74.0924375, 32.428037 ], [ 74.092777, 32.427226 ], [ 74.0934395, 32.4263508 ], [ 74.0957354, 32.4233996 ], [ 74.095866, 32.4232313 ], [ 74.0960119, 32.4230433 ], [ 74.0984382, 32.4198514 ], [ 74.0988218, 32.4193668 ], [ 74.0991223, 32.4189485 ], [ 74.099481400000016, 32.418565 ], [ 74.099876, 32.418168 ], [ 74.1003475, 32.4178109 ], [ 74.1012103, 32.4172879 ], [ 74.1016683, 32.4170414 ], [ 74.1046033, 32.4155178 ], [ 74.1050527, 32.4152848 ], [ 74.1054221, 32.415092799999989 ], [ 74.107679, 32.4139213 ], [ 74.11103030000001, 32.412181 ], [ 74.1124346, 32.411446 ], [ 74.11538680000001, 32.409901 ], [ 74.1173565, 32.4088701 ], [ 74.1180722, 32.4084955 ], [ 74.1199378, 32.4075159 ], [ 74.1201608, 32.4074029 ], [ 74.1202835, 32.4073408 ], [ 74.1212369, 32.406834 ], [ 74.1216796, 32.4066386 ], [ 74.1222076, 32.4063941 ] ], [ [ 73.7193134, 32.9248839 ], [ 73.7192048, 32.9255872 ], [ 73.7191497, 32.9257866 ], [ 73.7190301, 32.9261765 ], [ 73.718961, 32.9263716 ], [ 73.7188825, 32.9265902 ], [ 73.7187891, 32.9268632 ], [ 73.7186522, 32.9272631 ], [ 73.7185947, 32.927431 ], [ 73.7183959, 32.9280132 ], [ 73.7180402, 32.9290528 ], [ 73.7176713, 32.9301307 ], [ 73.7175255, 32.9305516 ], [ 73.7168789, 32.9324507 ], [ 73.7163518, 32.933999 ], [ 73.7159602, 32.9351079 ], [ 73.7159071, 32.9352607 ], [ 73.7154184, 32.9370065 ], [ 73.7149463, 32.9388614 ], [ 73.7146808, 32.9398582 ], [ 73.7145546, 32.9403318 ], [ 73.7138343, 32.9431031 ], [ 73.7125132, 32.948185699999989 ], [ 73.7123736, 32.9485751 ], [ 73.7122958, 32.9487416 ], [ 73.7122127, 32.9489037 ], [ 73.7121456, 32.9490095 ], [ 73.7120383, 32.949158 ], [ 73.7119863, 32.9492226 ], [ 73.7117755, 32.9494844 ], [ 73.7113095, 32.9499442 ], [ 73.710785, 32.9504616 ], [ 73.7106959, 32.9505495 ], [ 73.7097717, 32.9514756 ], [ 73.7081974, 32.9530612 ], [ 73.7079299, 32.9533214 ], [ 73.7065872, 32.9546669 ], [ 73.705695, 32.955561 ], [ 73.7055093, 32.9557471 ], [ 73.7046468, 32.9566114 ], [ 73.7019136, 32.9593208 ], [ 73.6999906, 32.9612292 ], [ 73.6990323, 32.9621987 ], [ 73.697707, 32.9635191 ], [ 73.69606, 32.9651471 ], [ 73.6960124, 32.9651942 ], [ 73.6946348, 32.9666236 ], [ 73.6943456, 32.9669236 ], [ 73.6932302, 32.9680661 ], [ 73.6909455, 32.9704154 ], [ 73.6886709, 32.9727714 ], [ 73.6879061, 32.9736007 ], [ 73.687250800000015, 32.9742803 ], [ 73.6870461, 32.9744866 ], [ 73.686934, 32.9745996 ], [ 73.6841808, 32.9774394 ], [ 73.6827014, 32.9789653 ], [ 73.6811416, 32.9805742 ], [ 73.6808355, 32.9808899 ], [ 73.6807511, 32.980977 ], [ 73.6794514, 32.9823002 ], [ 73.679095, 32.982685 ], [ 73.6769316, 32.984962 ], [ 73.6758319, 32.9861189 ], [ 73.6757551, 32.9861997 ], [ 73.675216, 32.9867671 ], [ 73.673397, 32.9886044 ], [ 73.67079, 32.9912375 ], [ 73.6701663, 32.9918478 ], [ 73.6687291, 32.9932622 ], [ 73.6681801, 32.9938024 ], [ 73.6675766, 32.9943964 ], [ 73.6673642, 32.994657 ], [ 73.6671956, 32.9948939 ], [ 73.6671328, 32.9949821 ], [ 73.6669251, 32.9953743 ], [ 73.6668049, 32.995625 ], [ 73.6666782, 32.9959311 ], [ 73.6664853, 32.9964457 ], [ 73.6663364, 32.9968834 ], [ 73.6659033, 32.9979936 ], [ 73.6657397, 32.9984052 ], [ 73.6653867, 32.9992937 ], [ 73.6650252, 32.9999089 ], [ 73.6647302, 33.0004218 ], [ 73.6641782, 33.0013013 ], [ 73.6616157, 33.0053914 ], [ 73.6612272, 33.0059733 ], [ 73.6607341, 33.0065833 ], [ 73.6599661, 33.0073161 ], [ 73.6583799, 33.008394 ], [ 73.657281, 33.0090897 ], [ 73.656335, 33.0096329 ], [ 73.6547527, 33.0102939 ], [ 73.654521, 33.0103823 ], [ 73.6543523, 33.0104535 ], [ 73.6536691, 33.0107492 ], [ 73.6528443, 33.0110958 ], [ 73.6524913, 33.0112441 ], [ 73.6522026, 33.011313 ], [ 73.6518899, 33.0113794 ], [ 73.6515862, 33.0114337 ], [ 73.6514116, 33.011452 ], [ 73.6511737, 33.011477 ], [ 73.6507257, 33.0115179 ], [ 73.6490798, 33.0116266 ], [ 73.6489639, 33.0116343 ], [ 73.6469199, 33.011741799999989 ], [ 73.6465458, 33.0117642 ], [ 73.6461917, 33.011803799999988 ], [ 73.6458692, 33.0118643 ], [ 73.645487, 33.0119848 ], [ 73.6452479, 33.0120934 ], [ 73.6450403, 33.0122054 ], [ 73.6448452, 33.0123424 ], [ 73.6446588, 33.0124949 ], [ 73.6434422, 33.0137241 ], [ 73.6432017, 33.013941 ], [ 73.6429421, 33.0141415 ], [ 73.6427207, 33.0143013 ], [ 73.6424992, 33.0144549 ], [ 73.6422728, 33.0145836 ], [ 73.6419475, 33.0147532 ], [ 73.6416591, 33.0148991 ], [ 73.6413494, 33.0150449 ], [ 73.6408188, 33.0152677 ], [ 73.6370894, 33.0167133 ], [ 73.6363469, 33.0170035 ], [ 73.6359016, 33.0171789 ], [ 73.6357428, 33.0172277 ], [ 73.6355221, 33.0172956 ], [ 73.635097, 33.0174263 ], [ 73.634589300000016, 33.0175705 ], [ 73.6344507, 33.0176011 ], [ 73.6340569, 33.0176882 ], [ 73.6321572, 33.0180112 ], [ 73.6309881, 33.0183151 ], [ 73.6306002, 33.018416 ], [ 73.6297432, 33.0186814 ], [ 73.6289147, 33.01896 ], [ 73.6271321, 33.0196218 ], [ 73.62446, 33.0204767 ], [ 73.6234452, 33.0208122 ], [ 73.6216361, 33.0213141 ], [ 73.6194407, 33.0220227 ], [ 73.6185572, 33.0223387 ], [ 73.6172954, 33.0227258 ], [ 73.6152745, 33.0232939 ], [ 73.6148964, 33.0234179 ], [ 73.6138421, 33.0237635 ], [ 73.6085126, 33.0254224 ], [ 73.608188, 33.0255296 ], [ 73.6076664, 33.0257056 ], [ 73.607372, 33.0258009 ], [ 73.6051026, 33.0264864 ], [ 73.603055, 33.027118699999988 ], [ 73.6026135, 33.027248 ], [ 73.6009405, 33.0277386 ], [ 73.5964527, 33.0292447 ], [ 73.5956515, 33.0295105 ], [ 73.5944406, 33.0299444 ], [ 73.593657, 33.030247 ], [ 73.5927091, 33.0306186 ], [ 73.5919947, 33.0308839 ], [ 73.590745, 33.0313966 ], [ 73.5902719, 33.0315537 ], [ 73.5898257, 33.0316718 ], [ 73.589551, 33.0317371 ], [ 73.5891558, 33.031799 ], [ 73.5885743, 33.0318537 ], [ 73.5881491, 33.0318559 ], [ 73.5875354, 33.0318271 ], [ 73.5865484, 33.0316915 ], [ 73.5849385, 33.0314559 ], [ 73.5841499, 33.0313264 ], [ 73.5834748, 33.031273 ], [ 73.5827984, 33.0312906 ], [ 73.5823608, 33.0313099 ], [ 73.5815025, 33.0314493 ], [ 73.581063, 33.0315183 ], [ 73.5804577, 33.0316397 ], [ 73.5797846, 33.0317799 ], [ 73.5782125, 33.0320517 ], [ 73.5777149, 33.0321522 ], [ 73.5768775, 33.032332 ], [ 73.5761508, 33.0324634 ], [ 73.5754531, 33.0325901 ], [ 73.5727473, 33.0331092 ], [ 73.5704122, 33.033575 ], [ 73.5697275, 33.0337116 ], [ 73.5691146, 33.0338339 ], [ 73.5687294, 33.0339457 ], [ 73.5682025, 33.0341758 ], [ 73.5678411, 33.0343729 ], [ 73.5644582, 33.0364693 ], [ 73.5638467, 33.0367706 ], [ 73.5635784, 33.0368785 ], [ 73.5601452, 33.0379219 ], [ 73.5545448, 33.0389427 ], [ 73.5537777, 33.0390956 ], [ 73.5534236, 33.0392845 ], [ 73.5531822, 33.0394823 ], [ 73.5528925, 33.0398556 ], [ 73.5518002, 33.0421707 ], [ 73.5516697, 33.0423724 ], [ 73.5514923, 33.0425838 ], [ 73.551184, 33.0428813 ], [ 73.5508618, 33.0431632 ], [ 73.5505723, 33.0433589 ], [ 73.550152, 33.0435507 ], [ 73.5496056, 33.0437621 ], [ 73.5490999, 33.0439252 ], [ 73.54866, 33.0439837 ], [ 73.5482233, 33.0439813 ], [ 73.5478232, 33.0439342 ], [ 73.5473146, 33.0438076 ], [ 73.5453673, 33.0431601 ], [ 73.5448781, 33.043003399999989 ], [ 73.5442826, 33.0429584 ], [ 73.5438106, 33.0429494 ], [ 73.5429158, 33.0430432 ], [ 73.5421916, 33.0432905 ], [ 73.5411123, 33.0437274 ], [ 73.5405168, 33.0438847 ], [ 73.5399761, 33.043947 ], [ 73.5392884, 33.0438668 ], [ 73.5351696, 33.0426879 ], [ 73.5340366, 33.0423783 ], [ 73.5334369, 33.0422742 ], [ 73.5329583, 33.0422209 ], [ 73.5325507, 33.0422794 ], [ 73.5320839, 33.0424143 ], [ 73.5315636, 33.0427381 ], [ 73.5312577, 33.0429373 ], [ 73.5308662, 33.0431922 ], [ 73.5285635, 33.0445821 ], [ 73.5273431, 33.0451772 ], [ 73.5249808, 33.0459125 ], [ 73.5233548, 33.0464959 ], [ 73.5207197, 33.0473852 ], [ 73.5180245, 33.0482397 ], [ 73.5169432, 33.0485453 ], [ 73.5157764, 33.0488218 ], [ 73.513650200000015, 33.0492916 ], [ 73.511889, 33.0497912 ], [ 73.4993129, 33.053399299999988 ], [ 73.4921823, 33.0554009 ], [ 73.4910505, 33.0557185 ], [ 73.4900264, 33.056007 ], [ 73.4895053, 33.0561451 ], [ 73.4876672, 33.0566324 ], [ 73.4834848, 33.0576278 ], [ 73.4821823, 33.0579439 ], [ 73.4812626, 33.0581602 ], [ 73.4806744, 33.0583591 ], [ 73.4800628, 33.0586459 ], [ 73.4796712, 33.0588494 ], [ 73.4780024, 33.0597194 ], [ 73.4771604, 33.0601406 ], [ 73.476462, 33.0605034 ], [ 73.4753984, 33.0611031 ], [ 73.474939, 33.0612522 ], [ 73.4744428, 33.0613734 ], [ 73.4741024, 33.0614058 ], [ 73.4736913, 33.0613712 ], [ 73.4733009, 33.0612964 ], [ 73.4722121, 33.0607805 ], [ 73.4717772, 33.0605997 ], [ 73.4712952, 33.0604421 ], [ 73.4708841, 33.0603508 ], [ 73.4705137, 33.0603053 ], [ 73.4700417, 33.0602878 ], [ 73.4698294, 33.0602951 ], [ 73.46924, 33.0603302 ], [ 73.4689684, 33.06038 ], [ 73.4686902, 33.0604311 ], [ 73.4677129, 33.0606751 ], [ 73.4667207, 33.0609507 ], [ 73.465950800000016, 33.0611397 ], [ 73.4654959, 33.0612834 ], [ 73.4643655, 33.061679 ], [ 73.4635028, 33.0620007 ], [ 73.4630522, 33.0621806 ], [ 73.4626679, 33.0623315 ], [ 73.4623262, 33.0624433 ], [ 73.4620898, 33.0625145 ], [ 73.4618053, 33.0625654 ], [ 73.4615745, 33.0625821 ], [ 73.4613582, 33.0625809 ], [ 73.4608932, 33.0625693 ], [ 73.4605543, 33.0625648 ], [ 73.460296700000015, 33.0625802 ], [ 73.4600732, 33.0626264 ], [ 73.459862700000016, 33.0626863 ], [ 73.459603, 33.062794 ], [ 73.4594915, 33.0628708 ], [ 73.459370400000012, 33.0629542 ], [ 73.4592079, 33.0631244 ], [ 73.4590421, 33.0633765 ], [ 73.4589025, 33.0636549 ], [ 73.4588462, 33.0638597 ], [ 73.4588426, 33.0640551 ], [ 73.4588613, 33.0642734 ], [ 73.4588946, 33.0644338 ], [ 73.4589473, 33.0645545 ], [ 73.459039, 33.0647203 ], [ 73.459165, 33.0649092 ], [ 73.4593216, 33.0650664 ], [ 73.4594926, 33.0651994 ], [ 73.4600477, 33.0655568 ], [ 73.4604846, 33.0658284 ], [ 73.4606139, 33.0659389 ], [ 73.4608035, 33.0661364 ], [ 73.460945, 33.0663476 ], [ 73.461033700000016, 33.0665352 ], [ 73.4610796, 33.0668188 ], [ 73.4610636, 33.0670865 ], [ 73.4609876, 33.0673304 ], [ 73.4607907, 33.0678294 ], [ 73.4599935, 33.0694298 ], [ 73.4598088, 33.0697426 ], [ 73.4595382, 33.0701332 ], [ 73.459184, 33.0706274 ], [ 73.4587983, 33.071167 ], [ 73.4585785, 33.0714254 ], [ 73.4582907, 33.0716975 ], [ 73.4580274, 33.0719801 ], [ 73.4575457, 33.072476 ], [ 73.4572607, 33.0727357 ], [ 73.4569719, 33.0729742 ], [ 73.4567496, 33.0731534 ], [ 73.4564346, 33.0733503 ], [ 73.4556916, 33.073783 ], [ 73.4552843, 33.0740249 ], [ 73.4545064, 33.0744375 ], [ 73.4540731, 33.0746895 ], [ 73.4535345, 33.0750247 ], [ 73.452875, 33.0754393 ], [ 73.4522215, 33.0759528 ], [ 73.4515294, 33.0765951 ], [ 73.4509975, 33.0771369 ], [ 73.450422300000014, 33.077860099999988 ], [ 73.4500571, 33.0783481 ], [ 73.4498629, 33.0787459 ], [ 73.4497505, 33.0794697 ], [ 73.4497023, 33.0798985 ], [ 73.4496007, 33.0812428 ], [ 73.449505, 33.0820318 ], [ 73.4494039, 33.0828942 ], [ 73.449322, 33.0832964 ], [ 73.4492221, 33.0836572 ], [ 73.4489266, 33.0841605 ], [ 73.4485578, 33.0845554 ], [ 73.4479947, 33.085077 ], [ 73.4475303, 33.0854965 ], [ 73.4470847, 33.0859418 ], [ 73.4464508, 33.0866341 ], [ 73.4456372, 33.0876328 ], [ 73.4451963, 33.0881916 ], [ 73.4447966, 33.0887332 ], [ 73.4443009, 33.0893742 ], [ 73.4437124, 33.0901453 ], [ 73.4431183, 33.090996 ], [ 73.4428727, 33.0915059 ], [ 73.4424974, 33.0923716 ], [ 73.442283, 33.0930094 ], [ 73.4421444, 33.0935457 ], [ 73.4420487, 33.0941492 ], [ 73.4420031, 33.0947604 ], [ 73.4420149, 33.095994 ], [ 73.4420243, 33.0968649 ], [ 73.4420338, 33.0974768 ], [ 73.4420662, 33.097973 ], [ 73.4421081, 33.0982011 ], [ 73.442378, 33.0990966 ], [ 73.4428038, 33.1003838 ], [ 73.4430046, 33.1009301 ], [ 73.4437904, 33.1039097 ], [ 73.4439475, 33.104428 ], [ 73.4441391, 33.1049743 ], [ 73.4442724, 33.1052917 ], [ 73.4444294, 33.1056134 ], [ 73.4450404, 33.1068818 ], [ 73.4453461, 33.1076481 ], [ 73.4455271, 33.1081692 ], [ 73.4456225, 33.1084776 ], [ 73.4457072, 33.1087114 ], [ 73.4458501, 33.1092882 ], [ 73.4459493, 33.1097212 ], [ 73.4461844, 33.1110269 ], [ 73.4462143, 33.1114537 ], [ 73.4464462, 33.1130696 ], [ 73.4465413, 33.1138562 ], [ 73.4465503, 33.114445 ], [ 73.4464548, 33.1148606 ], [ 73.4463857, 33.1150956 ], [ 73.4462669, 33.1154345 ], [ 73.4461596, 33.1157829 ], [ 73.4446855, 33.118644 ], [ 73.4440091, 33.1201022 ], [ 73.4435641, 33.1210138 ], [ 73.440656, 33.1231966 ], [ 73.44046, 33.1233397 ], [ 73.4401435, 33.1235015 ], [ 73.439886, 33.1236163 ], [ 73.438959400000016, 33.1239623 ], [ 73.438512, 33.1241189 ], [ 73.436341, 33.124914 ], [ 73.4353179, 33.1252972 ], [ 73.4336458, 33.1260287 ], [ 73.431965100000014, 33.12681 ], [ 73.4318322, 33.126872 ], [ 73.429679, 33.1278768 ], [ 73.4274897, 33.1288984 ], [ 73.4264195, 33.129348 ], [ 73.4261661, 33.1294819 ], [ 73.4255299, 33.1297609 ], [ 73.4251125, 33.1299509 ], [ 73.4246507, 33.1301716 ], [ 73.4240595, 33.1304253 ], [ 73.4236124, 33.1306413 ], [ 73.4231871, 33.1308314 ], [ 73.4229288, 33.1309472 ], [ 73.422621, 33.1310652 ], [ 73.422214, 33.1312094 ], [ 73.4216818, 33.1313645 ], [ 73.4212305, 33.1314672 ], [ 73.420677400000017, 33.1315655 ], [ 73.4192544, 33.1316847 ], [ 73.4178866, 33.1317449 ], [ 73.4173125, 33.1317701 ], [ 73.4170967, 33.1317843 ], [ 73.4169449, 33.131797 ], [ 73.416731, 33.1318421 ], [ 73.4161538, 33.1319902 ], [ 73.4143245, 33.1324369 ], [ 73.4135187, 33.1326141 ], [ 73.4129552, 33.1327692 ], [ 73.4127635, 33.1328135 ], [ 73.4122038, 33.1329396 ], [ 73.4116064, 33.133029199999989 ], [ 73.4110846, 33.1330707 ], [ 73.4103254, 33.1331035 ], [ 73.4100971, 33.1331016 ], [ 73.4093732, 33.1330795 ], [ 73.4079999, 33.1329964 ], [ 73.4069967, 33.1331402 ], [ 73.4062832, 33.1332615 ], [ 73.4059044, 33.1333342 ], [ 73.4056856, 33.1333812 ], [ 73.4054196, 33.1334681 ], [ 73.4051581, 33.1335597 ], [ 73.4048644, 33.1336991 ], [ 73.4046325, 33.1338448 ], [ 73.4044249, 33.1339983 ], [ 73.404206, 33.1341987 ], [ 73.404013, 33.1344019 ], [ 73.4037938, 33.1346859 ], [ 73.4031964, 33.1355269 ], [ 73.402429, 33.1366937 ], [ 73.4017534, 33.1376343 ], [ 73.4014832, 33.138039 ], [ 73.4008453, 33.1388611 ], [ 73.4006927, 33.1390577 ], [ 73.4004217, 33.139407 ], [ 73.3995806, 33.1404909 ], [ 73.3993536, 33.1407531 ], [ 73.3990901, 33.140989 ], [ 73.3989551, 33.1410973 ], [ 73.3986605, 33.1413335 ], [ 73.3981378, 33.1417525 ], [ 73.3979974, 33.1418651 ], [ 73.3969986, 33.1426659 ], [ 73.3966804, 33.1429211 ], [ 73.3964083, 33.1431375 ], [ 73.396177100000017, 33.1433649 ], [ 73.3959889, 33.1435904 ], [ 73.3958476, 33.1438049 ], [ 73.3958001, 33.143881 ], [ 73.3957361, 33.1440317 ], [ 73.3956704, 33.1442801 ], [ 73.3956099, 33.1445293 ], [ 73.3955063, 33.1449806 ], [ 73.3954493, 33.1452234 ], [ 73.3953901, 33.1454754 ], [ 73.3953454, 33.1458145 ], [ 73.3953169, 33.1460304 ], [ 73.3953035, 33.1463027 ], [ 73.3952977, 33.1464814 ], [ 73.3953075, 33.1466351 ], [ 73.3953492, 33.1472142 ], [ 73.3953592, 33.1473496 ], [ 73.3953722, 33.1475271 ], [ 73.3954148, 33.1481587 ], [ 73.3954222, 33.1487693 ], [ 73.395394, 33.1489697 ], [ 73.3953564, 33.149175 ], [ 73.3953104, 33.1493606 ], [ 73.3952315, 33.149620299999988 ], [ 73.3951683, 33.149782 ], [ 73.3950437, 33.1500331 ], [ 73.3949832, 33.1501073 ], [ 73.3947709, 33.150367599999988 ], [ 73.3944671, 33.1507361 ], [ 73.3941918, 33.151123399999989 ], [ 73.3941399, 33.1511965 ], [ 73.3934182, 33.1520485 ], [ 73.393389, 33.1520829 ], [ 73.3930564, 33.1525754 ], [ 73.3927721, 33.153070299999989 ], [ 73.3924614, 33.1536754 ], [ 73.3912994, 33.1559384 ], [ 73.3910028, 33.1565159 ], [ 73.3904838, 33.1575892 ], [ 73.390233, 33.1580856 ], [ 73.3898191, 33.1589195 ], [ 73.389731, 33.1590972 ], [ 73.3893104, 33.1599451 ], [ 73.3892069, 33.1601468 ], [ 73.3887735, 33.1609911 ], [ 73.3881639, 33.1621657 ], [ 73.3879884, 33.1625099 ], [ 73.3879264, 33.1626314 ], [ 73.3877663, 33.162988399999989 ], [ 73.3876135, 33.1633291 ], [ 73.3875187, 33.163516099999988 ], [ 73.3874115, 33.163684 ], [ 73.3871614, 33.1640938 ], [ 73.3869238, 33.164439 ], [ 73.3867443, 33.1646904 ], [ 73.386445, 33.1650584 ], [ 73.385751, 33.1658647 ], [ 73.384647, 33.1673203 ], [ 73.3838831, 33.168193 ], [ 73.3836559, 33.1684526 ], [ 73.381138, 33.1710199 ], [ 73.3807496, 33.1714347 ], [ 73.3802607, 33.1719055 ], [ 73.3801595, 33.1719698 ], [ 73.3797049, 33.1722587 ], [ 73.3791227, 33.1725456 ], [ 73.378381, 33.1727796 ], [ 73.377406, 33.173012899999989 ], [ 73.3764914, 33.1732737 ], [ 73.3760308, 33.1734696 ], [ 73.3758273, 33.1735562 ], [ 73.3757026, 33.1736336 ], [ 73.373868, 33.1747729 ], [ 73.3737623, 33.174834 ], [ 73.3713811, 33.1762103 ], [ 73.3696266, 33.1773963 ], [ 73.3687158, 33.1781776 ], [ 73.3650401, 33.1827976 ], [ 73.3641948, 33.1838168 ], [ 73.3638608, 33.1841683 ], [ 73.3633863, 33.1846214 ], [ 73.3627736, 33.185122 ], [ 73.3624194, 33.1854122 ], [ 73.3621791, 33.1856006 ], [ 73.3620575, 33.185696 ], [ 73.3617312, 33.1859061 ], [ 73.3610257, 33.1863822 ], [ 73.360277, 33.1868377 ], [ 73.3589503, 33.1875216 ], [ 73.3582234, 33.1878423 ], [ 73.357399, 33.1881809 ], [ 73.3566832, 33.1884568 ], [ 73.3558737, 33.1887732 ], [ 73.3557613, 33.1888198 ], [ 73.3554744, 33.1889362 ], [ 73.3550119, 33.1891031 ], [ 73.3548537, 33.1891684 ], [ 73.3539879, 33.1895253 ], [ 73.3529593, 33.1899151 ], [ 73.3521028, 33.190261 ], [ 73.3517476, 33.1904156 ], [ 73.3515877, 33.1904852 ], [ 73.351015, 33.190759 ], [ 73.3507707, 33.1908836 ], [ 73.3504236, 33.1910603 ], [ 73.3501746, 33.1911892 ], [ 73.3498029, 33.1914241 ], [ 73.3486962, 33.1921227 ], [ 73.3486448, 33.1921618 ], [ 73.3482676, 33.1924486 ], [ 73.3478395, 33.1927751 ], [ 73.3473573, 33.1932243 ], [ 73.3464863, 33.1940155 ], [ 73.3462783, 33.1942376 ], [ 73.3462576, 33.194259699999989 ], [ 73.3458918, 33.1946698 ], [ 73.3455802, 33.1950192 ], [ 73.3423187, 33.1986761 ], [ 73.3407291, 33.2005389 ], [ 73.3402827, 33.201062 ], [ 73.3400809, 33.2012985 ], [ 73.3396873, 33.2018513 ], [ 73.3393911, 33.2022674 ], [ 73.3388544, 33.2030888 ], [ 73.3384426, 33.2038273 ], [ 73.3379967, 33.2047445 ], [ 73.3369108, 33.2069781 ], [ 73.3354362, 33.2102137 ], [ 73.3343232, 33.2126981 ], [ 73.3337452, 33.2139885 ], [ 73.3335485, 33.2144274 ], [ 73.3325986, 33.2165478 ], [ 73.3322345, 33.2173398 ], [ 73.3319268, 33.2179992 ], [ 73.3317581, 33.2183608 ], [ 73.3315688, 33.2188325 ], [ 73.3313289, 33.2193344 ], [ 73.3308564, 33.2203228 ], [ 73.3307562, 33.2205107 ], [ 73.3305284, 33.2208045 ], [ 73.330403, 33.2209663 ], [ 73.3296934, 33.2217753 ], [ 73.3290861, 33.2224358 ], [ 73.3285471, 33.223032 ], [ 73.3280142, 33.2236869 ], [ 73.3276197, 33.2242501 ], [ 73.3275477, 33.2243528 ], [ 73.3271997, 33.2249471 ], [ 73.3269234, 33.2256536 ], [ 73.3268079, 33.2260269 ], [ 73.3267523, 33.2262064 ], [ 73.3266585, 33.2265096 ], [ 73.3263743, 33.2277608 ], [ 73.3263587, 33.2278724 ], [ 73.3263286, 33.2280085 ], [ 73.3262228, 33.2284872 ], [ 73.3261381, 33.2288706 ], [ 73.3256509, 33.2310746 ], [ 73.325375, 33.232323 ], [ 73.3252437, 33.2329174 ], [ 73.3249272, 33.2339827 ], [ 73.3245349, 33.2350788 ], [ 73.3241016, 33.2360167 ], [ 73.3236829, 33.2368658 ], [ 73.3233108, 33.2374487 ], [ 73.3229761, 33.2379664 ], [ 73.3226236, 33.2384734 ], [ 73.3224831, 33.2386754 ], [ 73.3215853, 33.2397472 ], [ 73.3210328, 33.2403135 ], [ 73.3206271, 33.2407294 ], [ 73.3203071, 33.2410415 ], [ 73.3194471, 33.2418804 ], [ 73.3193108, 33.2420133 ], [ 73.3190478, 33.2422702 ], [ 73.3188485, 33.2424643 ], [ 73.3187797, 33.2425314 ], [ 73.3178694, 33.2434086 ], [ 73.3178092, 33.2434666 ], [ 73.3170831, 33.2441662 ], [ 73.3168396, 33.2444008 ], [ 73.3166898, 33.2445452 ], [ 73.3163125, 33.2449088 ], [ 73.3159653, 33.2452433 ], [ 73.3132219, 33.2478739 ], [ 73.3084211, 33.252499 ], [ 73.3077048, 33.2531915 ], [ 73.3066968, 33.2541343 ], [ 73.3041923, 33.2565663 ], [ 73.3028633, 33.2578569 ], [ 73.3024908, 33.2582213 ], [ 73.300683, 33.2599585 ], [ 73.2983004, 33.262248 ], [ 73.2973853, 33.2631273 ], [ 73.2973567, 33.2631526 ], [ 73.2967912, 33.2637306 ], [ 73.2948852, 33.2655996 ], [ 73.2945737, 33.2659193 ], [ 73.2940781, 33.2667066 ], [ 73.2938423, 33.2670811 ], [ 73.2935939, 33.267551 ], [ 73.2931721, 33.2683144 ], [ 73.2922613, 33.2701044 ], [ 73.2911394, 33.2720781 ], [ 73.2895148, 33.2748534 ], [ 73.2893565, 33.2751411 ], [ 73.2886331, 33.276382 ], [ 73.2882913, 33.277032 ], [ 73.2874498, 33.2784599 ], [ 73.2871096, 33.2790264 ], [ 73.2868404, 33.2794945 ], [ 73.2863957, 33.2802763 ], [ 73.2861761, 33.2806494 ], [ 73.285483, 33.2815257 ], [ 73.2845867, 33.2823318 ], [ 73.2835062, 33.2830576 ], [ 73.2818001, 33.2840775 ], [ 73.2807724, 33.2847985 ], [ 73.2799551, 33.2853535 ], [ 73.2792864, 33.2858075 ], [ 73.2785511, 33.2863128 ], [ 73.2775873, 33.2868253 ], [ 73.2765402, 33.2874076 ], [ 73.2756985, 33.2879563 ], [ 73.275068, 33.2886115 ], [ 73.2746941, 33.289048199999989 ], [ 73.2744342, 33.2894856 ], [ 73.2739546, 33.2903192 ], [ 73.2723011, 33.2927233 ], [ 73.2721901, 33.2928775 ], [ 73.2690276, 33.297271 ], [ 73.2674698, 33.2994352 ], [ 73.2594631, 33.3105633 ], [ 73.2591175, 33.3114453 ], [ 73.2590461, 33.3119459 ], [ 73.2590313, 33.3124123 ], [ 73.2589576, 33.3138073 ], [ 73.258955, 33.3139329 ], [ 73.2589535, 33.3141581 ], [ 73.2589499, 33.3149342 ], [ 73.258804, 33.3191657 ], [ 73.2587283, 33.3197332 ], [ 73.2587106, 33.3199528 ], [ 73.2586884, 33.32015 ], [ 73.2586458, 33.3203711 ], [ 73.2585717, 33.3206297 ], [ 73.2585515, 33.3207003 ], [ 73.2583992, 33.3211122 ], [ 73.2583553, 33.3212311 ], [ 73.2583508, 33.3212426 ], [ 73.2581378, 33.3217919 ], [ 73.2575291, 33.3232177 ], [ 73.257454, 33.3233974 ], [ 73.2568842, 33.3247574 ], [ 73.256374900000012, 33.3258233 ], [ 73.256104, 33.326454 ], [ 73.2558418, 33.3270643 ], [ 73.2556398, 33.3275034 ], [ 73.2554787, 33.3279499 ], [ 73.25535, 33.3281796 ], [ 73.2551327, 33.328536 ], [ 73.2550509, 33.3286525 ], [ 73.2550218, 33.3286928 ], [ 73.2549034, 33.3288564 ], [ 73.2546151, 33.3292553 ], [ 73.2543931, 33.3295178 ], [ 73.2543536, 33.3295646 ], [ 73.2538439, 33.3302324 ], [ 73.2536443, 33.3304594 ], [ 73.2533059, 33.3308441 ], [ 73.2531931, 33.3309888 ], [ 73.2530884, 33.331123 ], [ 73.2525958, 33.331784 ], [ 73.2523768, 33.3320779 ], [ 73.2518524, 33.332739 ], [ 73.2518153, 33.3327847 ], [ 73.2515225, 33.3331547 ], [ 73.251324, 33.3334505 ], [ 73.2510263, 33.3338976 ], [ 73.2508104, 33.3342796 ], [ 73.2506266, 33.3346214 ], [ 73.2505883, 33.3347063 ], [ 73.25045, 33.3349713 ], [ 73.250237400000017, 33.3355262 ], [ 73.249954, 33.3362623 ], [ 73.2498917, 33.3364119 ], [ 73.2496235, 33.3370516 ], [ 73.2493164, 33.3378079 ], [ 73.2490589, 33.3384712 ], [ 73.2489307, 33.3387777 ], [ 73.2486981, 33.3393339 ], [ 73.2485586, 33.3396947 ], [ 73.248226, 33.3404846 ], [ 73.247935, 33.3412094 ], [ 73.2475273, 33.342242399999989 ], [ 73.2471237, 33.3432014 ], [ 73.2469037, 33.3438165 ], [ 73.246779, 33.3441918 ], [ 73.2466757, 33.3445503 ], [ 73.2466207, 33.344724 ], [ 73.2465215, 33.3450321 ], [ 73.2462063, 33.3461121 ], [ 73.2456391, 33.3480009 ], [ 73.245395, 33.3488153 ], [ 73.2452314, 33.3493867 ], [ 73.2450264, 33.3500499 ], [ 73.2443476, 33.3522467 ], [ 73.2443248, 33.3523286 ], [ 73.2442121, 33.3527329 ], [ 73.2440552, 33.3533232 ], [ 73.2438648, 33.3539595 ], [ 73.2438031, 33.3541544 ], [ 73.243688, 33.3544925 ], [ 73.243673, 33.3545364 ], [ 73.2432063, 33.35608 ], [ 73.2430655, 33.3565449 ], [ 73.2430344, 33.3566582 ], [ 73.2429729, 33.3568821 ], [ 73.2429474, 33.3569795 ], [ 73.2427999, 33.3575004 ], [ 73.2427329, 33.3577076 ], [ 73.242639, 33.3579944 ], [ 73.2426055, 33.3581221 ], [ 73.242588, 33.3581972 ], [ 73.2424438, 33.358666 ], [ 73.2422166, 33.3594047 ], [ 73.2421193, 33.3597212 ], [ 73.2418786, 33.3605035 ], [ 73.2417284, 33.3610165 ], [ 73.2417205, 33.3610442 ], [ 73.2415836, 33.3615206 ], [ 73.2412563, 33.3626105 ], [ 73.2410324, 33.3633329 ], [ 73.2406971, 33.3644351 ], [ 73.2404881, 33.3651279 ], [ 73.240445, 33.3652707 ], [ 73.2403283, 33.365722 ], [ 73.240122, 33.3663862 ], [ 73.2399769, 33.3668533 ], [ 73.23971, 33.3677706 ], [ 73.2395746, 33.3682119 ], [ 73.2395367, 33.3683337 ], [ 73.2388719, 33.3704709 ], [ 73.2388616, 33.3705042 ], [ 73.2383808, 33.3720551 ], [ 73.2383758, 33.3720725 ], [ 73.2380224, 33.373295 ], [ 73.2371149, 33.3764348 ], [ 73.2371326, 33.376523 ], [ 73.2369006, 33.3770506 ], [ 73.2367099, 33.3775457 ], [ 73.236441700000015, 33.3781236 ], [ 73.2361603, 33.3787215 ], [ 73.2356341, 33.3796999 ], [ 73.2351827, 33.3805148 ], [ 73.234564, 33.381663 ], [ 73.2338091, 33.383064 ], [ 73.2317942, 33.3868031 ], [ 73.2317439, 33.3868964 ], [ 73.2317303, 33.3869193 ], [ 73.2313979, 33.3874765 ], [ 73.231358, 33.3875488 ], [ 73.2309432, 33.3883 ], [ 73.230571, 33.3889743 ], [ 73.2303916, 33.389299199999989 ], [ 73.2303639, 33.3893553 ], [ 73.2303152, 33.3894539 ], [ 73.2301696, 33.3897329 ], [ 73.2295779, 33.3908297 ], [ 73.229331, 33.3913045 ], [ 73.228926, 33.3920462 ], [ 73.2287576, 33.3923624 ], [ 73.228595, 33.3926677 ], [ 73.2283107, 33.393144 ], [ 73.2280806, 33.3936063 ], [ 73.2279347, 33.3938484 ], [ 73.2276883, 33.394315 ], [ 73.2275718, 33.3945621 ], [ 73.2273689, 33.394949 ], [ 73.2268918, 33.3958879 ], [ 73.2265111, 33.3966032 ], [ 73.2264334, 33.3967491 ], [ 73.2254996, 33.3985036 ], [ 73.225486, 33.3985291 ], [ 73.2243961, 33.4005768 ], [ 73.2240394, 33.4012038 ], [ 73.2238833, 33.4015814 ], [ 73.2238246, 33.4017234 ], [ 73.2237593, 33.4019029 ], [ 73.2236153, 33.4022989 ], [ 73.2234785, 33.4028631 ], [ 73.2233981, 33.4033087 ], [ 73.2233644, 33.4035745 ], [ 73.2233498, 33.4036895 ], [ 73.2233125, 33.4048648 ], [ 73.2232916, 33.4053116 ], [ 73.2232718, 33.4058863 ], [ 73.2232707, 33.4059154 ], [ 73.2231937, 33.407393 ], [ 73.2231692, 33.4078629 ], [ 73.2231033, 33.4091282 ], [ 73.2230903, 33.4093767 ], [ 73.2231219, 33.409485 ], [ 73.2230917, 33.4102891 ], [ 73.2230496, 33.411409 ], [ 73.2229997, 33.4127373 ], [ 73.2229233, 33.414768 ], [ 73.2229251, 33.4150628 ], [ 73.2229256, 33.4151396 ], [ 73.222926, 33.4152113 ], [ 73.2228938, 33.4157016 ], [ 73.2228804, 33.4163128 ], [ 73.222877, 33.4167874 ], [ 73.2228751, 33.4170628 ], [ 73.222844, 33.4175969 ], [ 73.2228402, 33.4176628 ], [ 73.2228267, 33.4182338 ], [ 73.2228026, 33.4187733 ], [ 73.2228006, 33.4188158 ], [ 73.2227678, 33.4195188 ], [ 73.2228348, 33.4201053 ], [ 73.2229448, 33.4206851 ], [ 73.2230816, 33.4211194 ], [ 73.2232264, 33.4214642 ], [ 73.223289, 33.4216022 ], [ 73.2234276, 33.4219075 ], [ 73.2236905, 33.422406699999989 ], [ 73.2239587, 33.422926 ], [ 73.22431, 33.423588699999989 ], [ 73.2246507, 33.4242558 ], [ 73.2249109, 33.4247841 ], [ 73.2252488, 33.4254131 ], [ 73.2254664, 33.4258949 ], [ 73.226594, 33.4280123 ], [ 73.2271933, 33.4292656 ], [ 73.2273892, 33.4296753 ], [ 73.2276413, 33.4302819 ], [ 73.2278826, 33.4308929 ], [ 73.2280625, 33.4314504 ], [ 73.228191200000012, 33.4318824 ], [ 73.228275, 33.43224 ], [ 73.2283293, 33.4325155 ], [ 73.2284461, 33.4331075 ], [ 73.228493, 33.4333453 ], [ 73.2285445, 33.4343051 ], [ 73.2285274, 33.4354153 ], [ 73.2284647, 33.4359936 ], [ 73.2284141, 33.4364611 ], [ 73.228184, 33.4375283 ], [ 73.2278665, 33.4384594 ], [ 73.2275712, 33.4391437 ], [ 73.2275451, 33.4392041 ], [ 73.2268279, 33.4408659 ], [ 73.2265361, 33.4414747 ], [ 73.2262841, 33.4419905 ], [ 73.2261857, 33.4422236 ], [ 73.2260787, 33.442457 ], [ 73.2256233, 33.4434507 ], [ 73.2249034, 33.4450217 ], [ 73.2242971, 33.4463351 ], [ 73.2240327, 33.446820599999988 ], [ 73.223976, 33.4469414 ], [ 73.2235824, 33.4477803 ], [ 73.2227756, 33.4494861 ], [ 73.222764, 33.4495094 ], [ 73.2224398, 33.4501572 ], [ 73.2222318, 33.4505099 ], [ 73.2218707, 33.4511686 ], [ 73.2218516, 33.4511962 ], [ 73.2214898, 33.4517191 ], [ 73.2212001, 33.4520503 ], [ 73.2207227, 33.452574 ], [ 73.2199824, 33.4531961 ], [ 73.2195586, 33.4535676 ], [ 73.2192634, 33.4537888 ], [ 73.2188805, 33.4540757 ], [ 73.218137, 33.4546328 ], [ 73.2178119, 33.4548704 ], [ 73.2167543, 33.4556433 ], [ 73.2160808, 33.4561355 ], [ 73.216061, 33.45615 ], [ 73.2149637, 33.4569827 ], [ 73.214044, 33.4576807 ], [ 73.2131213, 33.4583609 ], [ 73.2130314, 33.458429 ], [ 73.2128448, 33.458570699999989 ], [ 73.2122539, 33.4590193 ], [ 73.2107838, 33.4601355 ], [ 73.209393, 33.4611894 ], [ 73.2091957, 33.4613369 ], [ 73.2081056, 33.4621516 ], [ 73.2075283, 33.462585 ], [ 73.2057989, 33.4638835 ], [ 73.2054058, 33.4641815 ], [ 73.2044372, 33.4649159 ], [ 73.2034225, 33.4656852 ], [ 73.2032693, 33.4658014 ], [ 73.202548, 33.4663482 ], [ 73.2024676, 33.466403 ], [ 73.2020062, 33.4667386 ], [ 73.2002157, 33.468064 ], [ 73.2000536, 33.468184 ], [ 73.1981118, 33.4696036 ], [ 73.197697, 33.4699375 ], [ 73.1972967, 33.470323 ], [ 73.1971047, 33.4705429 ], [ 73.1968946, 33.4707836 ], [ 73.1967181, 33.4710393 ], [ 73.1965981, 33.4712124 ], [ 73.1964125, 33.4715735 ], [ 73.1963543, 33.4717071 ], [ 73.1962961, 33.4718619 ], [ 73.1961833, 33.4722443 ], [ 73.1960705, 33.4727209 ], [ 73.1960277, 33.4732036 ], [ 73.196085, 33.4742747 ], [ 73.1961448, 33.4755198 ], [ 73.1962206, 33.476563 ], [ 73.1962977, 33.4779763 ], [ 73.1963663, 33.4790971 ], [ 73.1964019, 33.4796797 ], [ 73.1965262, 33.4818552 ], [ 73.1965297, 33.4819595 ], [ 73.1965641, 33.4826174 ], [ 73.1965897, 33.4830621 ], [ 73.1966517, 33.4842055 ], [ 73.1967542, 33.4858026 ], [ 73.1968079, 33.4865155 ], [ 73.1969179, 33.4885678 ], [ 73.1970834, 33.4906495 ], [ 73.197082400000014, 33.490849 ], [ 73.1970734, 33.4927254 ], [ 73.1970091, 33.4932531 ], [ 73.196943, 33.4937958 ], [ 73.1968989, 33.4940533 ], [ 73.1967735, 33.4947496 ], [ 73.1966233, 33.4954386 ], [ 73.1963068, 33.4968196 ], [ 73.1956493, 33.4994266 ], [ 73.195571, 33.4997453 ], [ 73.19548, 33.500047699999989 ], [ 73.195392200000015, 33.5002833 ], [ 73.195309, 33.5004577 ], [ 73.1950565, 33.5008207 ], [ 73.1948457, 33.5010857 ], [ 73.1946268, 33.5013179 ], [ 73.1943434, 33.5015626 ], [ 73.1940645, 33.5017751 ], [ 73.1936396, 33.5020612 ], [ 73.1918107, 33.503216 ], [ 73.1914499, 33.5034423 ], [ 73.1907593, 33.5038754 ], [ 73.1884182, 33.5053318 ], [ 73.1872541, 33.5060578 ], [ 73.1861012, 33.5067769 ], [ 73.1855374, 33.5071286 ], [ 73.1854872, 33.5071599 ], [ 73.1853976, 33.5072161 ], [ 73.1850232, 33.5074517 ], [ 73.1846316, 33.5076966 ], [ 73.1845147, 33.50777 ], [ 73.1840429, 33.5080662 ], [ 73.1837209, 33.5082684 ], [ 73.183011, 33.5087142 ], [ 73.1820557, 33.5093218 ], [ 73.1816182, 33.5096 ], [ 73.1813722, 33.5097564 ], [ 73.1810617, 33.5099503 ], [ 73.1800763, 33.5105728 ], [ 73.1791052, 33.5111863 ], [ 73.1789794, 33.5112657 ], [ 73.1784476, 33.5116269 ], [ 73.1782727, 33.5117292 ], [ 73.1774125, 33.512236 ], [ 73.1770134, 33.5124703 ], [ 73.1766271, 33.5126783 ], [ 73.1762327, 33.5128855 ], [ 73.1758192, 33.513082 ], [ 73.1754136, 33.5132712 ], [ 73.1748589, 33.513503899999989 ], [ 73.1743315, 33.513706 ], [ 73.1738055, 33.5138828 ], [ 73.1732246, 33.514085099999988 ], [ 73.172128, 33.5144406 ], [ 73.1716003, 33.5146386 ], [ 73.1713341, 33.514732099999989 ], [ 73.1709149, 33.5148793 ], [ 73.1703192, 33.515081 ], [ 73.1692094, 33.5154625 ], [ 73.1687945, 33.5156153 ], [ 73.1682934, 33.5158059 ], [ 73.1681003, 33.5159035 ], [ 73.1675341, 33.516275 ], [ 73.1671697, 33.516535 ], [ 73.1667855, 33.5168194 ], [ 73.1666811, 33.5169164 ], [ 73.1661833, 33.5173789 ], [ 73.1658438, 33.5177024 ], [ 73.1655368, 33.5179949 ], [ 73.1651349, 33.5183601 ], [ 73.1648235, 33.5185709 ], [ 73.1641042, 33.5189051 ], [ 73.1639784, 33.5189655 ], [ 73.1637096, 33.5190749 ], [ 73.1633354, 33.5191722 ], [ 73.1632453, 33.5191937 ], [ 73.1626394, 33.5193164 ], [ 73.1614688, 33.5195831 ], [ 73.16138, 33.5196118 ], [ 73.1609479, 33.5197577 ], [ 73.1600309, 33.5199617 ], [ 73.1599963, 33.5199689 ], [ 73.1597587, 33.5200185 ], [ 73.1596022, 33.5200574 ], [ 73.1595596, 33.520068 ], [ 73.1594146, 33.520104 ], [ 73.158446, 33.5203283 ], [ 73.157876, 33.520457 ], [ 73.1557333, 33.5209167 ], [ 73.153788, 33.5213663 ], [ 73.1535659, 33.5214088 ], [ 73.1531345, 33.5214769 ], [ 73.1524406, 33.5216374 ], [ 73.1524085, 33.5216448 ], [ 73.152335, 33.5216624 ], [ 73.1511675, 33.5219525 ], [ 73.1509109, 33.5219999 ], [ 73.1506181, 33.5220612 ], [ 73.1501409, 33.5221686 ], [ 73.1485722, 33.5225294 ], [ 73.1479057, 33.5226827 ], [ 73.1474852, 33.5227795 ], [ 73.1472851, 33.5228255 ], [ 73.1467316, 33.5229545 ], [ 73.146095, 33.5231142 ], [ 73.1448792, 33.5234842 ], [ 73.1440217, 33.5237949 ], [ 73.1435914, 33.5239918 ], [ 73.1431405, 33.5241982 ], [ 73.142929, 33.5243084 ], [ 73.1427574, 33.5243978 ], [ 73.1423758, 33.5245836 ], [ 73.1421436, 33.5247176 ], [ 73.1419543, 33.5248358 ], [ 73.1408608, 33.5255186 ], [ 73.1407773, 33.5255708 ], [ 73.1403778, 33.525848 ], [ 73.140109, 33.5260399 ], [ 73.1399076, 33.5261691 ], [ 73.1395753, 33.5263842 ], [ 73.1389421, 33.5267874 ], [ 73.1388062, 33.5268755 ], [ 73.1383055, 33.5272037 ], [ 73.1369613, 33.5280403 ], [ 73.1361161, 33.5284966 ], [ 73.1353664, 33.528793 ], [ 73.1347207, 33.5290482 ], [ 73.1339085, 33.5293585 ], [ 73.1335355, 33.5295067 ], [ 73.1327553, 33.5298854 ], [ 73.1326697, 33.5299269 ], [ 73.1326575, 33.5299329 ], [ 73.1325443, 33.5299878 ], [ 73.1321428, 33.5301935 ], [ 73.1317653, 33.5304184 ], [ 73.1316312, 33.5304983 ], [ 73.1311267, 33.5308731 ], [ 73.1311026, 33.530891 ], [ 73.1308373, 33.5311086 ], [ 73.1304092, 33.5314962 ], [ 73.1301567, 33.5318078 ], [ 73.1300215, 33.5319746 ], [ 73.1297782, 33.532277 ], [ 73.1296198, 33.5324749 ], [ 73.12919620000001, 33.53301 ], [ 73.1287107, 33.5336231 ], [ 73.1279344, 33.5345513 ], [ 73.1273217, 33.5352498 ], [ 73.1267608, 33.5360056 ], [ 73.126612, 33.5362516 ], [ 73.1263475, 33.536558 ], [ 73.1261239, 33.5368088 ], [ 73.1258919, 33.5370318 ], [ 73.1256558, 33.5372461 ], [ 73.1253904, 33.5374499 ], [ 73.124987, 33.5376885 ], [ 73.1246338, 33.537854 ], [ 73.1242368, 33.5379892 ], [ 73.1237287, 33.5381353 ], [ 73.1236286, 33.5381641 ], [ 73.1229243, 33.5383506 ], [ 73.122780600000013, 33.5383983 ], [ 73.122392800000014, 33.5385269 ], [ 73.1219867, 33.5385883 ], [ 73.1206552, 33.5389235 ], [ 73.119292500000014, 33.5392404 ], [ 73.1185702, 33.5394075 ], [ 73.11807, 33.5395401 ], [ 73.1168863, 33.5398853 ], [ 73.1166971, 33.5399435 ], [ 73.1163537, 33.5400375 ], [ 73.1154472, 33.5402857 ], [ 73.1139424, 33.5406754 ], [ 73.1125383, 33.541039 ], [ 73.1125147, 33.5410452 ], [ 73.1118411, 33.5412046 ], [ 73.1112642, 33.5413875 ], [ 73.1110948, 33.5414356 ], [ 73.1106229, 33.5415545 ], [ 73.1105106, 33.5415837 ], [ 73.110351, 33.5416252 ], [ 73.1099245, 33.5417426 ], [ 73.1092728, 33.5419125 ], [ 73.1086089, 33.5420813 ], [ 73.10787, 33.5422702 ], [ 73.1075307, 33.5423764 ], [ 73.1072101, 33.5424872 ], [ 73.1069513, 33.5426122 ], [ 73.1067287, 33.542762 ], [ 73.1064633, 33.5429879 ], [ 73.1061574, 33.5433205 ], [ 73.1060019, 33.5434939 ], [ 73.105943, 33.5435585 ], [ 73.1054567, 33.5441361 ], [ 73.105016, 33.544645 ], [ 73.1041955, 33.5455894 ], [ 73.1039535, 33.5458535 ], [ 73.1033774, 33.5464459 ], [ 73.1030562, 33.5467465 ], [ 73.1027665, 33.5470785 ], [ 73.1026148, 33.5472918 ], [ 73.1023314, 33.5477811 ], [ 73.1022925, 33.547833 ], [ 73.1020413, 33.5482125 ], [ 73.1018021, 33.5485914 ], [ 73.1015466, 33.5489954 ], [ 73.1012894, 33.5494259 ], [ 73.0998698, 33.5517869 ], [ 73.0997234, 33.5520408 ], [ 73.0993317, 33.5526576 ], [ 73.099286, 33.5527359 ], [ 73.0991371, 33.5530029 ], [ 73.099007, 33.5532256 ], [ 73.098875, 33.5534177 ], [ 73.0984269, 33.5541156 ], [ 73.097978900000015, 33.5548654 ], [ 73.0978021, 33.5551612 ], [ 73.0976339, 33.5554521 ], [ 73.0975463, 33.5556036 ], [ 73.0975183, 33.5556505 ], [ 73.0973441, 33.555942 ], [ 73.0969605, 33.5564431 ], [ 73.0967098, 33.5566992 ], [ 73.096492, 33.5569207 ], [ 73.0963619, 33.5570738 ], [ 73.0962949, 33.5572221 ], [ 73.0961569, 33.5573445 ], [ 73.0959033, 33.5575298 ], [ 73.095628, 33.5576693 ], [ 73.0954547, 33.5577351 ], [ 73.095219, 33.5578099 ], [ 73.0949567, 33.557865 ], [ 73.0946453, 33.5579087 ] ], [ [ 72.8717706, 33.6680159 ], [ 72.8711785, 33.668098 ], [ 72.8702846, 33.6682386 ], [ 72.8699042, 33.6683096 ], [ 72.8694151, 33.6684077 ], [ 72.8689453, 33.6684806 ], [ 72.8685138, 33.6685643 ], [ 72.8679827, 33.6686617 ], [ 72.8673406, 33.6687708 ], [ 72.86678040000001, 33.6688677 ] ], [ [ 72.86678040000001, 33.6688677 ], [ 72.8664013, 33.6689365 ], [ 72.8656605, 33.6690755 ], [ 72.8653768, 33.6691218 ], [ 72.8647178, 33.6692329 ], [ 72.8639203, 33.6693623 ], [ 72.8638358, 33.6693764 ], [ 72.8632697, 33.6694694 ], [ 72.862827, 33.6695381 ], [ 72.8619933, 33.6696778 ], [ 72.8615186, 33.6697849 ], [ 72.8606871, 33.6700104 ], [ 72.8603813, 33.6701019 ], [ 72.8600755, 33.6702091 ], [ 72.8597993, 33.6703251 ], [ 72.8595766, 33.6704144 ], [ 72.8592843, 33.6705439 ], [ 72.8589919, 33.6706711 ], [ 72.8584501, 33.6709792 ], [ 72.8579915, 33.6712604 ], [ 72.8575087, 33.6716154 ], [ 72.8573155, 33.6717337 ], [ 72.856999, 33.6719725 ], [ 72.8560951, 33.6727202 ], [ 72.855623, 33.6731203 ] ], [ [ 73.0657707, 33.5847973 ], [ 73.065758, 33.5846748 ], [ 73.0657621, 33.5845675 ], [ 73.0657883, 33.5845021 ], [ 73.0659477, 33.5843032 ], [ 73.0666158, 33.5837773 ], [ 73.0666606, 33.5837331 ], [ 73.0670406, 33.5833805 ], [ 73.0676098, 33.5828188 ], [ 73.068005, 33.5823592 ], [ 73.0682889, 33.582006 ], [ 73.0688486, 33.5812238 ], [ 73.0689567, 33.5810622 ], [ 73.069573, 33.5801405 ], [ 73.0704173, 33.5787338 ], [ 73.0711166, 33.5778252 ], [ 73.071587, 33.5773247 ], [ 73.0716687, 33.5772265 ], [ 73.0729233, 33.5757738 ], [ 73.0736588, 33.5748312 ], [ 73.0743048, 33.5739201 ], [ 73.0745153, 33.5735416 ], [ 73.074631, 33.5732666 ], [ 73.0748582, 33.5727879 ], [ 73.0750242, 33.5722874 ], [ 73.0756985, 33.5701785 ], [ 73.0758963, 33.5696289 ], [ 73.0760201, 33.5692955 ], [ 73.0761789, 33.5688573 ], [ 73.076366, 33.5682736 ], [ 73.0764895, 33.5678611 ], [ 73.0765192, 33.5677696 ], [ 73.0765546, 33.5676744 ], [ 73.0766198, 33.5674965 ], [ 73.0767147, 33.5672362 ], [ 73.0767891, 33.5670018 ], [ 73.0769518, 33.5667402 ], [ 73.0770208, 33.5666571 ], [ 73.0772624, 33.5664388 ], [ 73.0775093, 33.5662524 ], [ 73.0775788, 33.5662 ], [ 73.07829120000001, 33.5657173 ], [ 73.0788353, 33.5653612 ], [ 73.0792642, 33.5651047 ], [ 73.0794559, 33.5650073 ], [ 73.0798852, 33.5647762 ], [ 73.0808006, 33.5644316 ], [ 73.0811212, 33.5643109 ], [ 73.0816662, 33.5641057 ], [ 73.0835334, 33.5633738 ], [ 73.0841335, 33.5631385 ], [ 73.0846969, 33.562916 ], [ 73.0849935, 33.562773 ], [ 73.0853504, 33.562511 ], [ 73.0856879, 33.56221 ], [ 73.0860749, 33.5617764 ], [ 73.0862751, 33.5614993 ], [ 73.0865412, 33.5611853 ], [ 73.0868137, 33.5608908 ], [ 73.0870397, 33.5606954 ], [ 73.0874323, 33.5604296 ], [ 73.0879117, 33.5601369 ], [ 73.0888104, 33.559584199999989 ], [ 73.089248200000014, 33.5593104 ], [ 73.0895641, 33.5591392 ], [ 73.0900147, 33.558922 ], [ 73.0906222, 33.5586918 ], [ 73.0909786, 33.5585575 ], [ 73.0911263, 33.558538 ], [ 73.0936341, 33.5582074 ], [ 73.0939411, 33.5581669 ], [ 73.0940285, 33.5581554 ], [ 73.0942144, 33.5581382 ], [ 73.0945918, 33.5580855 ], [ 73.0950479, 33.5580141 ], [ 73.0954192, 33.5579354 ], [ 73.0957353, 33.5578442 ], [ 73.0959791, 33.5577273 ], [ 73.0961882, 33.5575628 ], [ 73.0963632, 33.5574318 ], [ 73.0964751, 33.5573907 ], [ 73.0965827, 33.5573098 ], [ 73.0966947, 33.5572245 ], [ 73.0968316, 33.5570907 ], [ 73.0970027, 33.556845 ], [ 73.097119, 33.5566495 ], [ 73.0971843, 33.5565356 ], [ 73.0979344, 33.5552279 ], [ 73.0984894, 33.5543742 ], [ 73.0990788, 33.5535138 ], [ 73.0993185, 33.5531272 ], [ 73.0994689, 33.5528972 ], [ 73.099497, 33.5528503 ], [ 73.0996026, 33.552664 ], [ 73.0996751, 33.5525412 ], [ 73.0998403, 33.5522709 ], [ 73.0999437, 33.5520934 ], [ 73.1002126, 33.5516127 ], [ 73.1015035, 33.5494873 ], [ 73.1018224, 33.5489439 ], [ 73.1019914, 33.5486922 ], [ 73.1026463, 33.547757 ], [ 73.1028947, 33.547443799999989 ], [ 73.103557, 33.5465849 ], [ 73.1036453, 33.5464601 ], [ 73.1043237, 33.5456831 ], [ 73.1049516, 33.5449591 ], [ 73.105333, 33.5445192 ], [ 73.1053571, 33.5444914 ], [ 73.105975, 33.5437086 ], [ 73.1063348, 33.5433317 ], [ 73.1064557, 33.543205 ], [ 73.1067195, 33.5429915 ], [ 73.106923400000014, 33.5428543 ], [ 73.1070774, 33.5427685 ], [ 73.1072283, 33.5426843 ], [ 73.1073929, 33.5426204 ], [ 73.1075556, 33.5425503 ], [ 73.1082963, 33.5423142 ], [ 73.1084961, 33.5422597 ], [ 73.1093905, 33.542044 ], [ 73.1109687, 33.5416715 ], [ 73.1119579, 33.5414655 ], [ 73.113033, 33.541149 ], [ 73.1144475, 33.5407327 ], [ 73.1149784, 33.5406029 ], [ 73.1155164, 33.540456 ], [ 73.1156545, 33.5404182 ], [ 73.1167857, 33.5401427 ], [ 73.1168283, 33.5401321 ], [ 73.1178316, 33.5398885 ], [ 73.1184226, 33.539745 ], [ 73.1186262, 33.5396723 ], [ 73.1190173, 33.5395615 ], [ 73.119338, 33.5394552 ], [ 73.1204027, 33.5391893 ], [ 73.1208661, 33.5390998 ], [ 73.1217482, 33.538882799999989 ], [ 73.1220222, 33.5388361 ], [ 73.1226289, 33.5387614 ], [ 73.1234534, 33.5386112 ], [ 73.1237443, 33.5385329 ], [ 73.1241929, 33.5383955 ], [ 73.1246057, 33.5382209 ], [ 73.1249956, 33.538005 ], [ 73.1252867, 33.537821699999988 ], [ 73.1256796, 33.5375001 ], [ 73.1259088, 33.5373072 ], [ 73.126639, 33.5365078 ], [ 73.1268038, 33.5363274 ], [ 73.126967, 33.5361488 ], [ 73.127225, 33.5358292 ], [ 73.12746460000001, 33.5355323 ], [ 73.1277997, 33.5350991 ], [ 73.127806, 33.5350909 ], [ 73.1279046, 33.5349641 ], [ 73.1282011, 33.5345825 ], [ 73.1288947, 33.5336923 ], [ 73.1293074, 33.5331607 ], [ 73.1298187, 33.5325278 ], [ 73.1301865, 33.5320767 ], [ 73.1305124, 33.5316674 ], [ 73.1307623, 33.531426599999989 ], [ 73.1309964, 33.5312059 ], [ 73.1312897, 33.5309737 ], [ 73.1314829, 33.5308398 ], [ 73.1317224, 33.5306739 ], [ 73.1318959, 33.5305632 ], [ 73.1321885, 33.5303999 ], [ 73.1325575, 33.5302174 ], [ 73.1327096, 33.5301421 ], [ 73.133226, 33.5299192 ], [ 73.1337156, 33.5297327 ], [ 73.1340048, 33.5296048 ], [ 73.1341509, 33.5295293 ], [ 73.1352282, 33.5290681 ], [ 73.1356502, 33.5288822 ], [ 73.1360044, 33.5287181 ], [ 73.1363724, 33.5285346 ], [ 73.137353, 33.5279875 ], [ 73.1382093, 33.5274365 ], [ 73.1390418, 33.5269008 ], [ 73.1399198, 33.5263565 ], [ 73.1407603, 33.5257992 ], [ 73.1413912, 33.5253922 ], [ 73.1422689, 33.5248261 ], [ 73.1427242, 33.524583 ], [ 73.1432409, 33.5243565 ], [ 73.1433796, 33.5242924 ], [ 73.1439229, 33.5240705 ], [ 73.1446149, 33.5238304 ], [ 73.1460705, 33.5233287 ], [ 73.1470097, 33.5230486 ], [ 73.1493687, 33.522545 ], [ 73.1511862, 33.522187 ], [ 73.1524846, 33.5218893 ], [ 73.1536406, 33.521601 ], [ 73.1556172, 33.521123 ], [ 73.156810100000015, 33.5208533 ], [ 73.1583918, 33.5204786 ], [ 73.1599001, 33.5201304 ], [ 73.1601745, 33.5200828 ], [ 73.160970100000014, 33.5199447 ], [ 73.1615735, 33.5198404 ], [ 73.161963900000018, 33.5197574 ], [ 73.1621986, 33.5197113 ], [ 73.1625739, 33.5196391 ], [ 73.1629845, 33.5195461 ], [ 73.1633829, 33.5194367 ], [ 73.1635617, 33.51939 ], [ 73.163723, 33.5193411 ], [ 73.1639851, 33.5192336 ], [ 73.1646738, 33.5188971 ], [ 73.1651248, 33.5186023 ], [ 73.1659717, 33.5178415 ], [ 73.1668256, 33.5170523 ], [ 73.1674339, 33.5165506 ], [ 73.1678902, 33.5162324 ], [ 73.168379, 33.5159484 ], [ 73.1694067, 33.5155482 ], [ 73.1727863, 33.514383 ], [ 73.1729937, 33.5143115 ], [ 73.1733251, 33.5141961 ], [ 73.1740516, 33.5139431 ], [ 73.1746348, 33.5137383 ], [ 73.1751921, 33.5135138 ], [ 73.1758575, 33.5132114 ], [ 73.1763039, 33.5129949 ], [ 73.1766915, 33.5127811 ], [ 73.1770776, 33.5125726 ], [ 73.1774721, 33.5123495 ], [ 73.1784213, 33.5117666 ], [ 73.1789059, 33.5114664 ], [ 73.1799792, 33.5107801 ], [ 73.1806953, 33.5103404 ], [ 73.181301, 33.5099686 ], [ 73.1814947, 33.5098497 ], [ 73.1819496, 33.5095546 ], [ 73.1821495, 33.509425 ], [ 73.1825599, 33.5091588 ], [ 73.1827259, 33.5090512 ], [ 73.1829851, 33.508883 ], [ 73.1830936, 33.5088175 ], [ 73.1831835, 33.5087617 ], [ 73.1836722, 33.5084585 ], [ 73.1839932, 33.5082592 ], [ 73.1842185, 33.5081194 ], [ 73.1844096, 33.5080008 ], [ 73.184623, 33.5078684 ], [ 73.1847521, 33.5077882 ], [ 73.185054, 33.5076009 ], [ 73.185571, 33.5072709 ], [ 73.185645600000015, 33.5072242 ], [ 73.1860025, 33.5070009 ], [ 73.1884878, 33.5054456 ], [ 73.1900666, 33.504457 ], [ 73.1905146, 33.5041764 ], [ 73.1908106, 33.5039911 ], [ 73.1918433, 33.5033433 ], [ 73.1933526, 33.5023985 ], [ 73.193705200000011, 33.5021778 ], [ 73.1941208, 33.5018959 ], [ 73.1944336, 33.5016766 ], [ 73.1944942, 33.5016264 ], [ 73.1946998, 33.5014561 ], [ 73.1949575, 33.5011883 ], [ 73.1952119, 33.5008804 ], [ 73.1954727, 33.5005002 ], [ 73.1955566, 33.5003309 ], [ 73.1955926, 33.5002478 ], [ 73.1956363, 33.5001469 ], [ 73.1957485, 33.4997669 ], [ 73.1958292, 33.4994454 ], [ 73.1963444, 33.497351 ], [ 73.1965977, 33.4963191 ], [ 73.1967901, 33.4955901 ], [ 73.1968103, 33.4954857 ], [ 73.1969739, 33.4945925 ], [ 73.1971765, 33.4935341 ], [ 73.1972113, 33.4931065 ], [ 73.1972557, 33.4926126 ], [ 73.1972324, 33.4914023 ], [ 73.1972183, 33.4906709 ], [ 73.1970921, 33.4886098 ], [ 73.1970895, 33.4885678 ], [ 73.1969482, 33.4860688 ], [ 73.1968117, 33.4840162 ], [ 73.1967496, 33.4830826 ], [ 73.1967233, 33.482687 ], [ 73.1967063, 33.4820537 ], [ 73.1966978, 33.4819549 ], [ 73.1966901, 33.4818532 ], [ 73.1966531, 33.4812271 ], [ 73.1966199, 33.4806239 ], [ 73.1965448, 33.4794512 ], [ 73.1964961, 33.4787194 ], [ 73.1964661, 33.4782752 ], [ 73.1964503, 33.4780514 ], [ 73.1963396, 33.4758223 ], [ 73.1962991, 33.475525399999988 ], [ 73.1962892, 33.475441 ], [ 73.1961808, 33.4738005 ], [ 73.1961802, 33.4735908 ], [ 73.1961798, 33.4734654 ], [ 73.1961791, 33.4732393 ], [ 73.1962281, 33.4726683 ], [ 73.19633, 33.4722404 ], [ 73.1964901, 33.471776 ], [ 73.1967531, 33.4712613 ], [ 73.1970105, 33.4708722 ], [ 73.1972869, 33.4705224 ], [ 73.1975198, 33.4702705 ], [ 73.1978364, 33.469963899999989 ], [ 73.1982403, 33.4696543 ], [ 73.1983125, 33.4696029 ], [ 73.1992846, 33.4689106 ], [ 73.2025868, 33.4664352 ], [ 73.2026085, 33.4664189 ], [ 73.2045382, 33.4649844 ], [ 73.2058203, 33.464058 ], [ 73.2076675, 33.4626163 ], [ 73.2083432, 33.4620983 ], [ 73.2099456, 33.4609164 ], [ 73.2126682, 33.458882 ], [ 73.2141071, 33.4578067 ], [ 73.214162, 33.4577657 ], [ 73.2144257, 33.4575959 ], [ 73.2182306, 33.4546829 ], [ 73.2191525, 33.4539779 ], [ 73.2196662, 33.4536014 ], [ 73.2202616, 33.4531287 ], [ 73.2208281, 33.4526139 ], [ 73.2212218, 33.4521833 ], [ 73.2219588, 33.4512779 ], [ 73.2221269, 33.4510556 ], [ 73.222439, 33.4505168 ], [ 73.2227615, 33.4499366 ], [ 73.2230824, 33.4492487 ], [ 73.2231449, 33.4491151 ], [ 73.2232689, 33.4488499 ], [ 73.2237313, 33.447861 ], [ 73.2237724, 33.4477732 ], [ 73.2240008, 33.4472749 ], [ 73.2241107, 33.4470473 ], [ 73.2241948, 33.4468732 ], [ 73.224346, 33.4465392 ], [ 73.2249982, 33.4450981 ], [ 73.2252267, 33.4445952 ], [ 73.2256309, 33.4437111 ], [ 73.2260899, 33.4427072 ], [ 73.2263876, 33.4421709 ], [ 73.2265897, 33.4417483 ], [ 73.2265974, 33.4417287 ], [ 73.2267188, 33.4414156 ], [ 73.2269995, 33.4408238 ], [ 73.2270042, 33.4408133 ], [ 73.2273928, 33.4399446 ], [ 73.2277011, 33.4392833 ], [ 73.2277216, 33.4392302 ], [ 73.2280011, 33.4385076 ], [ 73.2282517, 33.4377123 ], [ 73.2283241, 33.4374826 ], [ 73.2284546, 33.4369441 ], [ 73.2285483, 33.4364225 ], [ 73.2286779, 33.4353835 ], [ 73.2286845, 33.4353307 ], [ 73.2286934, 33.4343028 ], [ 73.2286279, 33.4332845 ], [ 73.2284916, 33.4325201 ], [ 73.2284848, 33.432482 ], [ 73.2284501, 33.4323245 ], [ 73.2282639, 33.4314797 ], [ 73.2282079, 33.4313084 ], [ 73.227985, 33.430626499999988 ], [ 73.2272124, 33.4288219 ], [ 73.2268904, 33.4280825 ], [ 73.2265365, 33.4273131 ], [ 73.2264076, 33.4270326 ], [ 73.2262549, 33.4266976 ], [ 73.2257505, 33.4257679 ], [ 73.2256375, 33.4255644 ], [ 73.2250342, 33.4245197 ], [ 73.2243893, 33.4234028 ], [ 73.2236588, 33.4220001 ], [ 73.2235068, 33.4216924 ], [ 73.2234049, 33.4214283 ], [ 73.2232118, 33.4208037 ], [ 73.223134, 33.4204589 ], [ 73.2230642, 33.4199619 ], [ 73.2229974, 33.4193787 ], [ 73.2229955, 33.4188627 ], [ 73.2229945, 33.4185739 ], [ 73.223093, 33.415077599999989 ], [ 73.2231065, 33.4146763 ], [ 73.2231566, 33.413187 ], [ 73.2231605, 33.4130707 ], [ 73.2231775, 33.4126828 ], [ 73.2232049, 33.411652 ], [ 73.2232626, 33.4102815 ], [ 73.2232581, 33.4101691 ], [ 73.2232719, 33.4098198 ], [ 73.2233007, 33.4090923 ], [ 73.2233207, 33.408585 ], [ 73.2233298, 33.4083567 ], [ 73.2233394, 33.408114 ], [ 73.2234072, 33.4063985 ], [ 73.223459, 33.4050885 ], [ 73.2234612, 33.4050329 ], [ 73.2235363, 33.4037163 ], [ 73.2235739, 33.4034072 ], [ 73.2236221, 33.4030803 ], [ 73.2237455, 33.4026325 ], [ 73.2239011, 33.4019966 ], [ 73.2240942, 33.4015263 ], [ 73.2261702, 33.3975673 ], [ 73.226868700000011, 33.3961701 ], [ 73.2269749, 33.3960088 ], [ 73.2275382, 33.3950145 ], [ 73.227801, 33.3945801 ], [ 73.2282624, 33.3937515 ], [ 73.2288042, 33.3927079 ], [ 73.2288957, 33.3925305 ], [ 73.2291529, 33.3920316 ], [ 73.2294694, 33.3914359 ], [ 73.229759, 33.3908805 ], [ 73.2304241, 33.3896613 ], [ 73.230553, 33.3894249 ], [ 73.2306283, 33.3892867 ], [ 73.231053, 33.3885074 ], [ 73.2311491, 33.388331 ], [ 73.2317331, 33.3872594 ], [ 73.2318565, 33.387033 ], [ 73.2320708, 33.3866542 ], [ 73.2344851, 33.3821372 ], [ 73.2352491, 33.3808332 ], [ 73.235456, 33.3803186 ], [ 73.2359388, 33.379454 ], [ 73.2365933, 33.3782042 ], [ 73.2369449, 33.3773965 ], [ 73.2370008, 33.3772206 ], [ 73.2370654, 33.3770171 ], [ 73.2373921, 33.3760491 ], [ 73.237413, 33.3759872 ], [ 73.2376034, 33.3753266 ], [ 73.2379175, 33.3742995 ], [ 73.2385205, 33.3723278 ], [ 73.23864, 33.371953 ], [ 73.2387828, 33.3715053 ], [ 73.2388107, 33.3714178 ], [ 73.2389017, 33.371126 ], [ 73.239086, 33.3705356 ], [ 73.2395099, 33.3690568 ], [ 73.2399064, 33.3676738 ], [ 73.2400212, 33.3672733 ], [ 73.2405844, 33.3654275 ], [ 73.2408594, 33.3644577 ], [ 73.2411699, 33.3633625 ], [ 73.2411768, 33.3633381 ], [ 73.2412867, 33.3629496 ], [ 73.2414099, 33.3625192 ], [ 73.2414475, 33.3623946 ], [ 73.2416685, 33.3616629 ], [ 73.2417856, 33.361275 ], [ 73.2422971, 33.3596764 ], [ 73.2423708, 33.3594461 ], [ 73.2424556, 33.3591772 ], [ 73.2426068, 33.3586979 ], [ 73.2427718, 33.3581135 ], [ 73.242875, 33.357748 ], [ 73.2430147, 33.3572258 ], [ 73.2430896, 33.3569459 ], [ 73.2432918, 33.3562794 ], [ 73.2435354, 33.3554944 ], [ 73.2438404, 33.3545116 ], [ 73.2439906, 33.3539762 ], [ 73.244774, 33.3514524 ], [ 73.2454821, 33.3490058 ], [ 73.2455762, 33.3486801 ], [ 73.2460464, 33.3470803 ], [ 73.2462922, 33.3462947 ], [ 73.2466596, 33.345069 ], [ 73.2469144, 33.3443319 ], [ 73.24707, 33.3438793 ], [ 73.2476762, 33.3421987 ], [ 73.2480785, 33.3412173 ], [ 73.2485935, 33.340007299999989 ], [ 73.2492211, 33.3384656 ], [ 73.249634200000017, 33.3373676 ], [ 73.2500204, 33.3364802 ], [ 73.2503743, 33.335589 ], [ 73.2503852, 33.3355615 ], [ 73.2507446, 33.3347771 ], [ 73.2508787, 33.3344903 ], [ 73.2509807, 33.3342796 ], [ 73.2513175, 33.3337361 ], [ 73.2514742, 33.3334998 ], [ 73.2516995, 33.3331995 ], [ 73.2519355, 33.3328903 ], [ 73.2524233, 33.332279 ], [ 73.25259, 33.3320701 ], [ 73.253248900000017, 33.3312139 ], [ 73.2539418, 33.3303355 ], [ 73.254548, 33.3295332 ], [ 73.2548591, 33.3291433 ], [ 73.2551756, 33.3287444 ], [ 73.2553902, 33.3283993 ], [ 73.2556263, 33.3280183 ], [ 73.2558086, 33.3276507 ], [ 73.2560447, 33.3271442 ], [ 73.2565221, 33.3259295 ], [ 73.2573581, 33.3239895 ], [ 73.2575574, 33.323527 ], [ 73.2575784, 33.3234777 ], [ 73.2578471, 33.3228457 ], [ 73.2582816, 33.3217878 ], [ 73.2585123, 33.3211961 ], [ 73.2585713, 33.3210348 ], [ 73.2586893, 33.3206851 ], [ 73.258802, 33.3203713 ], [ 73.2588395, 33.3201338 ], [ 73.2588771, 33.3199903 ], [ 73.2588932, 33.3197976 ], [ 73.2589264, 33.3192437 ], [ 73.258973700000013, 33.318452799999989 ], [ 73.259097, 33.3147724 ], [ 73.2591319, 33.3139285 ], [ 73.2591775, 33.3123606 ], [ 73.2592151, 33.3119661 ], [ 73.2592633, 33.3116523 ], [ 73.2593062, 33.3114192 ], [ 73.2594123, 33.3111705 ], [ 73.2594994, 33.3109664 ], [ 73.2597318, 33.3105541 ], [ 73.2601109, 33.309953199999988 ], [ 73.2611355, 33.3084962 ], [ 73.2617053, 33.3077028 ], [ 73.2628789, 33.3060685 ], [ 73.2633778, 33.3053938 ], [ 73.265847, 33.3019506 ], [ 73.2662295, 33.3014353 ], [ 73.266529800000015, 33.3009937 ], [ 73.2676528, 33.2995378 ], [ 73.2687262, 33.2979377 ], [ 73.2704236, 33.2955824 ], [ 73.271977, 33.2934269 ], [ 73.2726261, 33.2925301 ], [ 73.2735702, 33.2911311 ], [ 73.2745466, 33.2895572 ], [ 73.2749221, 33.2890325 ], [ 73.2750347, 33.2888397 ], [ 73.2752069, 33.28869 ], [ 73.2753938, 33.2885065 ], [ 73.2758421, 33.2881275 ], [ 73.2761612, 33.2878577 ], [ 73.2762232, 33.2878246 ], [ 73.2776686, 33.2869877 ], [ 73.2777672, 33.2869287 ], [ 73.2788596, 33.2862747 ], [ 73.2795301, 33.2858218 ], [ 73.2799378, 33.2855416 ], [ 73.2808766, 33.2849518 ], [ 73.2818744, 33.2842747 ], [ 73.2826238, 33.2837904 ], [ 73.2833871, 33.2832971 ], [ 73.2839745, 33.2829069 ], [ 73.2843106, 33.2827245 ], [ 73.284696, 33.2824316 ], [ 73.285034, 33.2821535 ], [ 73.2856509, 33.281561599999989 ], [ 73.2860264, 33.2811086 ], [ 73.2863054, 33.2807678 ], [ 73.2872809, 33.279091 ], [ 73.2878168, 33.2781275 ], [ 73.2878778, 33.2779966 ], [ 73.2882097, 33.2774177 ], [ 73.288882200000018, 33.276286899999988 ], [ 73.2901087, 33.2741258 ], [ 73.2913533, 33.2719775 ], [ 73.2920828, 33.2706589 ], [ 73.2922661, 33.27038 ], [ 73.2924999, 33.2700242 ], [ 73.2926929, 33.2696614 ], [ 73.2930819, 33.2689301 ], [ 73.2934924, 33.2681761 ], [ 73.2937765, 33.2676191 ], [ 73.2942052, 33.2668606 ], [ 73.2943814, 33.266526 ], [ 73.2946465, 33.26612 ], [ 73.295019, 33.2656308 ], [ 73.2953121, 33.2653255 ], [ 73.2956566, 33.2649836 ], [ 73.296402500000013, 33.2642576 ], [ 73.2964737, 33.2641889 ], [ 73.2971646, 33.2635219 ], [ 73.2974696, 33.2632394 ], [ 73.2980073, 33.2627153 ], [ 73.3025769, 33.2583294 ], [ 73.3039177, 33.257046599999988 ], [ 73.3041854, 33.2568003 ], [ 73.3053519, 33.2556707 ], [ 73.3056415, 33.2553896 ], [ 73.3060209, 33.2550215 ], [ 73.3063454, 33.2547066 ], [ 73.3066735, 33.2543882 ], [ 73.3068751, 33.2541902 ], [ 73.3078144, 33.2532802 ], [ 73.3078793, 33.2532178 ], [ 73.3085616, 33.2525621 ], [ 73.313344, 33.247966 ], [ 73.3134079, 33.2479051 ], [ 73.3144937, 33.2468708 ], [ 73.3161096, 33.2453315 ], [ 73.3161646, 33.2452785 ], [ 73.316463, 33.2449911 ], [ 73.3170168, 33.2444577 ], [ 73.3173837, 33.2441044 ], [ 73.3189122, 33.2426321 ], [ 73.320327, 33.2413184 ], [ 73.3203971, 33.2412474 ], [ 73.3209813, 33.2406556 ], [ 73.3215842, 33.2400449 ], [ 73.3221454, 33.2393786 ], [ 73.3226286, 33.2388048 ], [ 73.3231672, 33.238069 ], [ 73.3233154, 33.2378504 ], [ 73.3235088, 33.2375302 ], [ 73.3241421, 33.2364203 ], [ 73.3245843, 33.2353964 ], [ 73.3247077, 33.2351106 ], [ 73.3248341, 33.2347798 ], [ 73.3251148, 33.234045099999989 ], [ 73.3255626, 33.2323673 ], [ 73.3260959, 33.229868 ], [ 73.3261159, 33.2297744 ], [ 73.3265146, 33.227922 ], [ 73.3265158, 33.2279001 ], [ 73.3267939, 33.2267136 ], [ 73.3268908, 33.2263002 ], [ 73.3269953, 33.2259955 ], [ 73.3271336, 33.2255921 ], [ 73.3272596, 33.2253368 ], [ 73.3276346, 33.224577 ], [ 73.32791, 33.224133 ], [ 73.3282896, 33.2235873 ], [ 73.3284245, 33.2234286 ], [ 73.3286532, 33.2231591 ], [ 73.328797, 33.2230042 ], [ 73.3291571, 33.2226162 ], [ 73.3298356, 33.2218732 ], [ 73.330259, 33.22139 ], [ 73.3305715, 33.2210292 ], [ 73.3308917, 33.2206194 ], [ 73.3311764, 33.2200422 ], [ 73.3313239, 33.2197431 ], [ 73.3317263, 33.2188814 ], [ 73.3324807, 33.217194899999988 ], [ 73.3325986, 33.2169313 ], [ 73.3336615, 33.2146232 ], [ 73.3357098, 33.2101753 ], [ 73.3361703, 33.2091669 ], [ 73.3368437, 33.2076925 ], [ 73.3370731, 33.2071901 ], [ 73.3376794, 33.2058569 ], [ 73.3381189, 33.2048905 ], [ 73.3384373, 33.2042587 ], [ 73.3386573, 33.2038537 ], [ 73.3388163, 33.203561 ], [ 73.3393052, 33.2027599 ], [ 73.3399363, 33.2018387 ], [ 73.3411334, 33.2003168 ], [ 73.342474, 33.1987708 ], [ 73.3432416, 33.1979002 ], [ 73.343607, 33.1974858 ], [ 73.3458667, 33.1949229 ], [ 73.3459499, 33.1948285 ], [ 73.347, 33.1937427 ], [ 73.3478638, 33.1929802 ], [ 73.3487693, 33.1922913 ], [ 73.349686, 33.1916759 ], [ 73.3497645, 33.191628 ], [ 73.3509451, 33.1909771 ], [ 73.3518432, 33.1905746 ], [ 73.352261, 33.1903874 ], [ 73.355569, 33.1890792 ], [ 73.3561729, 33.1888292 ], [ 73.356868, 33.1885543 ], [ 73.3574847, 33.1883287 ], [ 73.3580191, 33.1881167 ], [ 73.3585939, 33.1878762 ], [ 73.3591392, 33.187636 ], [ 73.3604937, 33.1869316 ], [ 73.3615932, 33.1862347 ], [ 73.3620862, 33.1859038 ], [ 73.3624154, 33.1856601 ], [ 73.3636737, 33.1846503 ], [ 73.3643964, 33.1838743 ], [ 73.3681009, 33.1791715 ], [ 73.368929, 33.178288 ], [ 73.3697828, 33.1775486 ], [ 73.3707201, 33.1768453 ], [ 73.3739616, 33.1748991 ], [ 73.3756359, 33.1738912 ], [ 73.3771869, 33.1733099 ], [ 73.3783191, 33.1729474 ], [ 73.3790079, 33.1727247 ], [ 73.3795244, 33.1724932 ], [ 73.3797985, 33.1723509 ], [ 73.3802103, 33.1721372 ], [ 73.3807869, 33.1716305 ], [ 73.3820171, 33.1703508 ], [ 73.3837509, 33.1686188 ], [ 73.3838258, 33.1685323 ], [ 73.384427, 33.1678381 ], [ 73.3865349, 33.1651581 ], [ 73.3870556, 33.1645069 ], [ 73.3874715, 33.1638849 ], [ 73.387615, 33.1636403 ], [ 73.3877215, 33.1634189 ], [ 73.3880949, 33.1626624 ], [ 73.3883194, 33.1622076 ], [ 73.3886533, 33.1615634 ], [ 73.3889475, 33.1609802 ], [ 73.3890013, 33.1608753 ], [ 73.3893983, 33.1601002 ], [ 73.3895605, 33.1597852 ], [ 73.3898135, 33.1592937 ], [ 73.3900936, 33.1587201 ], [ 73.3903725, 33.1581492 ], [ 73.3906905, 33.1575417 ], [ 73.391146, 33.1566269 ], [ 73.3915002, 33.1559157 ], [ 73.3917396, 33.1554615 ], [ 73.3928731, 33.15323 ], [ 73.3931144, 33.1527868 ], [ 73.393292, 33.1525087 ], [ 73.3935509, 33.152116299999989 ], [ 73.3940704, 33.1515881 ], [ 73.3944565, 33.1511098 ], [ 73.3947496, 33.150732 ], [ 73.3949555, 33.1504887 ], [ 73.3950593, 33.1503546 ], [ 73.3951278, 33.1502295 ], [ 73.395264, 33.1499758 ], [ 73.3953778, 33.1496942 ], [ 73.3954424, 33.1494792 ], [ 73.3954833, 33.1493431 ], [ 73.3955632, 33.148990499999989 ], [ 73.3956078, 33.1487211 ], [ 73.3956149, 33.1484902 ], [ 73.3956137, 33.1484277 ], [ 73.3956085, 33.1481444 ], [ 73.3955987, 33.1479124 ], [ 73.3955815, 33.1475028 ], [ 73.3955597, 33.1468959 ], [ 73.3955444, 33.1464708 ], [ 73.3955, 33.1460857 ], [ 73.395491, 33.1458824 ], [ 73.3954893, 33.1458451 ], [ 73.3955055, 33.1456945 ], [ 73.3955181, 33.1455195 ], [ 73.3955613, 33.1452623 ], [ 73.3956216, 33.1450005 ], [ 73.3957506, 33.1446098 ], [ 73.3959906, 33.1441482 ], [ 73.396051, 33.1440269 ], [ 73.3963048, 33.143632 ], [ 73.3964082, 33.1434804 ], [ 73.396595, 33.1432565 ], [ 73.3968152, 33.1430177 ], [ 73.396983, 33.1428819 ], [ 73.39771, 33.1422781 ], [ 73.3979403, 33.1420868 ], [ 73.3980405, 33.1420086 ], [ 73.3989518, 33.141297 ], [ 73.399205, 33.1410725 ], [ 73.399351, 33.1409431 ], [ 73.399536200000014, 33.1407596 ], [ 73.3997032, 33.1405565 ], [ 73.4000006, 33.1401764 ], [ 73.4001792, 33.1399532 ], [ 73.4009723, 33.1389624 ], [ 73.4014934, 33.138265 ], [ 73.4018879, 33.1377135 ], [ 73.4020783, 33.137459 ], [ 73.4026952, 33.1366111 ], [ 73.4038408, 33.1349349 ], [ 73.4040286, 33.1347033 ], [ 73.4041852, 33.1345329 ], [ 73.404433, 33.1342926 ], [ 73.4046574, 33.1340982 ], [ 73.4048251, 33.1339936 ], [ 73.4051487, 33.1338104 ], [ 73.4056762, 33.1335644 ], [ 73.4058689, 33.133494 ], [ 73.4060335, 33.1334485 ], [ 73.4062224, 33.1333937 ], [ 73.4065497, 33.1333232 ], [ 73.406944400000015, 33.1332543 ], [ 73.407507400000014, 33.1331822 ], [ 73.4080237, 33.1331681 ], [ 73.408452, 33.1331713 ], [ 73.4087537, 33.1331902 ], [ 73.4093549, 33.133228 ], [ 73.4102071, 33.1332667 ], [ 73.4103468, 33.1332731 ], [ 73.4109342, 33.1332653 ], [ 73.4111904, 33.133248 ], [ 73.4115253, 33.1332057 ], [ 73.4118769, 33.1331462 ], [ 73.4122379, 33.1330585 ], [ 73.4133413, 33.1327758 ], [ 73.4150109, 33.1323651 ], [ 73.4165032, 33.1319926 ], [ 73.4168606, 33.1319173 ], [ 73.4170077, 33.1319057 ], [ 73.4170797, 33.1318966 ], [ 73.4171659, 33.1318884 ], [ 73.4174039, 33.1318631 ], [ 73.4176131, 33.1318577 ], [ 73.4185408, 33.1318158 ], [ 73.4202963, 33.1317318 ], [ 73.4207035, 33.1316681 ], [ 73.4210132, 33.1316181 ], [ 73.421414400000018, 33.1315411 ], [ 73.4217864, 33.1314448 ], [ 73.4221647, 33.1313398 ], [ 73.4226454, 33.13117 ], [ 73.4230424, 33.1310178 ], [ 73.4240435, 33.1305645 ], [ 73.4240999, 33.1305369 ], [ 73.426314, 33.1295417 ], [ 73.426589, 33.1294164 ], [ 73.4266819, 33.1293751 ], [ 73.4275294, 33.1289981 ], [ 73.4280674, 33.128742 ], [ 73.4284302, 33.1285693 ], [ 73.4319179, 33.1269814 ], [ 73.4324741, 33.1267281 ], [ 73.4337134, 33.1261173 ], [ 73.4346476, 33.1257235 ], [ 73.43582210000001, 33.1252737 ], [ 73.4386069, 33.1242662 ], [ 73.4390364, 33.1241334 ], [ 73.4396902, 33.1239238 ], [ 73.4404198, 33.1235514 ], [ 73.4436743, 33.1211061 ], [ 73.4440991, 33.1203942 ], [ 73.4448462, 33.1186776 ], [ 73.4462056, 33.1160527 ], [ 73.446435900000012, 33.1154487 ], [ 73.4465401, 33.1151179 ], [ 73.4466184, 33.1147476 ], [ 73.4466688, 33.1144898 ], [ 73.4466896, 33.1141431 ], [ 73.4466573, 33.1137572 ], [ 73.4465542, 33.1130105 ], [ 73.446408, 33.111951 ], [ 73.446325, 33.1110276 ], [ 73.4462063, 33.110346 ], [ 73.4459841, 33.1093525 ], [ 73.4458561, 33.1087837 ], [ 73.445808, 33.1084605 ], [ 73.4457528, 33.1077431 ], [ 73.4456626, 33.1068884 ], [ 73.4455943, 33.1066148 ], [ 73.4455044, 33.1062819 ], [ 73.4449074, 33.1050495 ], [ 73.4448164, 33.1047568 ], [ 73.4446429, 33.1039554 ], [ 73.4445296, 33.1036476 ], [ 73.4444064, 33.1032929 ], [ 73.4441382, 33.1027343 ], [ 73.4438556, 33.1021796 ], [ 73.443346, 33.1012629 ], [ 73.4431252, 33.10081 ], [ 73.4429415, 33.100396599999989 ], [ 73.4426397, 33.0995051 ], [ 73.4422139, 33.0981618 ], [ 73.4421693, 33.0979794 ], [ 73.4421237, 33.0974729 ], [ 73.4421051, 33.0968592 ], [ 73.4420931, 33.0959804 ], [ 73.4420976, 33.0947559 ], [ 73.442145700000012, 33.0941672 ], [ 73.4421695, 33.094003 ], [ 73.4422322, 33.0935713 ], [ 73.4422709, 33.093417099999989 ], [ 73.4423682, 33.09303 ], [ 73.4425713, 33.0924117 ], [ 73.442958, 33.0915342 ], [ 73.4432017, 33.0910227 ], [ 73.4437908, 33.0901875 ], [ 73.4443856, 33.0894184 ], [ 73.4448795, 33.0887769 ], [ 73.4453274, 33.0882322 ], [ 73.4457837, 33.0877399 ], [ 73.4467245, 33.0868635 ], [ 73.4474629, 33.0861754 ], [ 73.4479004, 33.0857842 ], [ 73.4483497, 33.0853172 ], [ 73.4488671, 33.084677 ], [ 73.4491342, 33.0842029 ], [ 73.4493463, 33.0837181 ], [ 73.449485600000017, 33.0833346 ], [ 73.449593300000018, 33.0829015 ], [ 73.4497002, 33.0820738 ], [ 73.4497945, 33.081267 ], [ 73.4498954, 33.0799146 ], [ 73.4499552, 33.0795864 ], [ 73.4502494, 33.0787135 ], [ 73.450372, 33.078422 ], [ 73.450559, 33.0780897 ], [ 73.4507874, 33.077697 ], [ 73.451025, 33.0773705 ], [ 73.4512206, 33.0771393 ], [ 73.4516465, 33.0766358 ], [ 73.4518445, 33.0764148 ], [ 73.4522162, 33.0760691 ], [ 73.4530556, 33.0754508 ], [ 73.4538115, 33.075019 ], [ 73.4541419, 33.0748338 ], [ 73.4553924, 33.0741328 ], [ 73.45599, 33.073827 ], [ 73.456204200000016, 33.0737231 ], [ 73.4566098, 33.0734843 ], [ 73.456815, 33.073327 ], [ 73.4571593, 33.0730416 ], [ 73.4575371, 33.0726519 ], [ 73.4587224, 33.0714526 ], [ 73.4593801, 33.0707468 ], [ 73.4597076, 33.0704029 ], [ 73.4599446, 33.0700688 ], [ 73.4602088, 33.069601 ], [ 73.4610303, 33.0679038 ], [ 73.461242, 33.0673994 ], [ 73.4613077, 33.0671038 ], [ 73.4613178, 33.0667996 ], [ 73.461273, 33.0665725 ], [ 73.4611929, 33.0663965 ], [ 73.4611078, 33.0662513 ], [ 73.4609319, 33.0660445 ], [ 73.4607373, 33.065889 ], [ 73.4605641, 33.0657636 ], [ 73.4601276, 33.0654771 ], [ 73.459602, 33.065132 ], [ 73.4593986, 33.0649786 ], [ 73.4592729, 33.0648234 ], [ 73.4591254, 33.0645941 ], [ 73.4590478, 33.064416 ], [ 73.4590011, 33.0642292 ], [ 73.4589781, 33.0640416 ], [ 73.458999100000014, 33.0638637 ], [ 73.4590357, 33.0636833 ], [ 73.45913, 33.0635019 ], [ 73.4593023, 33.0632751 ], [ 73.4595123, 33.0630546 ], [ 73.4597009, 33.0629319 ], [ 73.4598839, 33.0628351 ], [ 73.4601715, 33.0627446 ], [ 73.4604437, 33.0626961 ], [ 73.4607822, 33.0626799 ], [ 73.4610674, 33.0626941 ], [ 73.4615071, 33.062703 ], [ 73.4618294, 33.062678 ], [ 73.4621843, 33.0626367 ], [ 73.4624856, 33.0625658 ], [ 73.4630992, 33.0623599 ], [ 73.4645079, 33.0619173 ], [ 73.4678093, 33.0609308 ], [ 73.4685696, 33.060728399999988 ], [ 73.4692294, 33.0605913 ], [ 73.469481, 33.0605752 ], [ 73.4697483, 33.0605583 ], [ 73.470078, 33.060555 ], [ 73.4706559, 33.0606494 ], [ 73.471181, 33.060771 ], [ 73.4727409, 33.0613743 ], [ 73.4733479, 33.0615312 ], [ 73.4734145, 33.0615449 ], [ 73.4739659, 33.0616144 ], [ 73.474595, 33.061585 ], [ 73.475207, 33.061497 ], [ 73.475783, 33.061313 ], [ 73.4767088, 33.0608966 ], [ 73.4796652, 33.0595068 ], [ 73.4804011, 33.0591859 ], [ 73.4810622, 33.0589571 ], [ 73.482004, 33.0586493 ], [ 73.4846111, 33.0577951 ], [ 73.48631, 33.057283 ], [ 73.4878938, 33.0567567 ], [ 73.4911083, 33.0558775 ], [ 73.4923159, 33.0555509 ], [ 73.4980286, 33.0539119 ], [ 73.5003893, 33.0532346 ], [ 73.5024442, 33.052645 ], [ 73.5033643, 33.052381 ], [ 73.505856200000011, 33.051682 ], [ 73.511956, 33.0499708 ], [ 73.513606, 33.049464 ], [ 73.5148423, 33.0491625 ], [ 73.5158059, 33.0489275 ], [ 73.5168546, 33.0486712 ], [ 73.5180689, 33.0483332 ], [ 73.5215431, 33.047221 ], [ 73.5250429, 33.0460495 ], [ 73.5266583, 33.0455625 ], [ 73.5273945, 33.0453341 ], [ 73.5275414, 33.0452825 ], [ 73.5278515, 33.0451528 ], [ 73.528522, 33.0448155 ], [ 73.5289844, 33.0445269 ], [ 73.531838, 33.042682 ], [ 73.532931, 33.042312 ], [ 73.534175, 33.042485 ], [ 73.53863, 33.043856 ], [ 73.5398243, 33.0442512 ], [ 73.5409694, 33.0444027 ], [ 73.5429839, 33.0443902 ], [ 73.5472977, 33.0443634 ], [ 73.5480832, 33.0443297 ], [ 73.548878, 33.0442119 ], [ 73.5493301, 33.0440753 ], [ 73.5498251, 33.043903 ], [ 73.5502547, 33.0436682 ], [ 73.5506843, 33.0434294 ], [ 73.5509085, 33.0432767 ], [ 73.55117, 33.0430496 ], [ 73.551576, 33.042673 ], [ 73.5519476, 33.0422546 ], [ 73.553695, 33.040287 ], [ 73.554475, 33.039634 ], [ 73.555367, 33.039132 ], [ 73.5566, 33.038753 ], [ 73.560216, 33.038051 ], [ 73.563429, 33.037073 ], [ 73.5646618, 33.0365661 ], [ 73.5655181, 33.0360184 ], [ 73.5679069, 33.0344905 ], [ 73.5684456, 33.0342271 ], [ 73.568573, 33.0341665 ], [ 73.5689002, 33.0340361 ], [ 73.5690357, 33.0339978 ], [ 73.5692382, 33.0339417 ], [ 73.5697642, 33.0338291 ], [ 73.572531, 33.0333179 ], [ 73.572791200000012, 33.0332694 ], [ 73.575111, 33.0328374 ], [ 73.5762051, 33.0326337 ], [ 73.5764028, 33.0325969 ], [ 73.57888, 33.0321356 ], [ 73.5802753, 33.0318634 ], [ 73.5805167, 33.0318082 ], [ 73.5819007, 33.0315408 ], [ 73.5829305, 33.0314589 ], [ 73.5831737, 33.0314627 ], [ 73.5834601, 33.031454499999988 ], [ 73.5839013, 33.0314731 ], [ 73.5849355, 33.0316137 ], [ 73.5865635, 33.0318481 ], [ 73.5875067, 33.0319488 ], [ 73.5878626, 33.0319618 ], [ 73.5882205, 33.0319633 ], [ 73.5887081, 33.0319437 ], [ 73.5892004, 33.0318943 ], [ 73.5896131, 33.03182 ], [ 73.5899832, 33.0317347 ], [ 73.5904142, 33.0316198 ], [ 73.5909952, 33.031409 ], [ 73.5920524, 33.0310036 ], [ 73.5927922, 33.0307271 ], [ 73.5936803, 33.0303763 ], [ 73.5945182, 33.0300393 ], [ 73.5950148, 33.0298674 ], [ 73.5957131, 33.0296241 ], [ 73.5965044, 33.0293484 ], [ 73.5976079, 33.028962 ], [ 73.5981496, 33.02879 ], [ 73.5999862, 33.0282066 ], [ 73.6012784, 33.0277711 ], [ 73.6026616, 33.0273654 ], [ 73.6030685, 33.0272651 ], [ 73.6034566, 33.0271588 ], [ 73.605297, 33.0265868 ], [ 73.6074953, 33.0259035 ], [ 73.6077145, 33.025834 ], [ 73.6084898, 33.0255843 ], [ 73.6102388, 33.0250198 ], [ 73.611165, 33.0247208 ], [ 73.6139225, 33.0239024 ], [ 73.6153001, 33.0234399 ], [ 73.6175943, 33.0227754 ], [ 73.6190837, 33.0222766 ], [ 73.619493, 33.0221583 ], [ 73.6198622, 33.0220339 ], [ 73.6221553, 33.0213207 ], [ 73.6234367, 33.0209722 ], [ 73.6238767, 33.0208299 ], [ 73.6245477, 33.020613 ], [ 73.6249782, 33.0204738 ], [ 73.6254025, 33.0203302 ], [ 73.626165200000017, 33.0200902 ], [ 73.6273281, 33.0197128 ], [ 73.6281386, 33.0194352 ], [ 73.6290008, 33.0190816 ], [ 73.6298701, 33.0187814 ], [ 73.6307288, 33.0185253 ], [ 73.6315925, 33.0183046 ], [ 73.6325568, 33.01808 ], [ 73.6339497, 33.0178274 ], [ 73.6348872, 33.0176196 ], [ 73.6359777, 33.0172652 ], [ 73.6362868, 33.0171648 ], [ 73.6371704, 33.0168509 ], [ 73.6528117, 33.011295 ], [ 73.653459, 33.0110651 ], [ 73.655525, 33.0102451 ], [ 73.657449, 33.0092351 ], [ 73.6594489, 33.0078707 ], [ 73.6600754, 33.0074433 ], [ 73.6605352, 33.0070215 ], [ 73.66091560000001, 33.0066421 ], [ 73.6612219, 33.0062702 ], [ 73.661623300000016, 33.0057201 ], [ 73.6619504, 33.0052347 ], [ 73.6620296, 33.0051185 ], [ 73.6621412, 33.0049236 ], [ 73.6641456, 33.0017814 ], [ 73.6643861, 33.0013885 ], [ 73.6645119, 33.0012099 ], [ 73.6646355, 33.001041 ], [ 73.6648802, 33.0006469 ], [ 73.6652248, 32.999965599999989 ], [ 73.6655554, 32.999278 ], [ 73.6660599, 32.9980415 ], [ 73.6667384, 32.9963503 ], [ 73.6672339, 32.995388 ], [ 73.6676412, 32.9948452 ], [ 73.6678705, 32.9945918 ], [ 73.6704118, 32.9919221 ], [ 73.670988, 32.991331 ], [ 73.6720562, 32.9902476 ], [ 73.6736133, 32.9886195 ], [ 73.6753272, 32.9868983 ], [ 73.6753599, 32.9868655 ], [ 73.6771219, 32.985041 ], [ 73.6792711, 32.9828154 ], [ 73.6813208, 32.9806909 ], [ 73.6834258, 32.9785019 ], [ 73.6843575, 32.9775433 ], [ 73.686741, 32.9750048 ], [ 73.6868525, 32.974886 ], [ 73.6871156, 32.9746212 ], [ 73.6871845, 32.9745495 ], [ 73.6873515, 32.9743758 ], [ 73.6876508, 32.9740848 ], [ 73.6880167, 32.9736928 ], [ 73.6892527, 32.9724358 ], [ 73.6904957, 32.9711716 ], [ 73.6907798, 32.9708827 ], [ 73.6909446, 32.9707151 ], [ 73.6910992, 32.9705578 ], [ 73.6928763, 32.9686671 ], [ 73.6933658, 32.9681463 ], [ 73.6944657, 32.9669986 ], [ 73.6946393, 32.9668151 ], [ 73.6959447, 32.965518 ], [ 73.6978426, 32.9636174 ], [ 73.6985401, 32.9629221 ], [ 73.6985993, 32.9628631 ], [ 73.7011769, 32.9602935 ], [ 73.7020104, 32.9594276 ], [ 73.7026663, 32.9588082 ], [ 73.7029092, 32.9585723 ], [ 73.7034013, 32.9580945 ], [ 73.7038003, 32.9576909 ], [ 73.704516900000016, 32.956966 ], [ 73.7047774, 32.9567037 ], [ 73.7062861, 32.9552087 ], [ 73.7080974, 32.9534155 ], [ 73.7089499, 32.9525715 ], [ 73.7098415, 32.9516732 ], [ 73.7101478, 32.9513497 ], [ 73.7107887, 32.9506663 ], [ 73.7113218, 32.9500698 ], [ 73.711893, 32.9494998 ], [ 73.7121042, 32.9492745 ], [ 73.7121337, 32.949235 ], [ 73.7122943, 32.9490198 ], [ 73.712336, 32.9489415 ], [ 73.7123442, 32.9489261 ], [ 73.7124764, 32.9486223 ], [ 73.712509, 32.9485593 ], [ 73.7125867, 32.948286 ], [ 73.7136429, 32.9442855 ], [ 73.7137832, 32.9437658 ], [ 73.7140012, 32.9429586 ], [ 73.7143088, 32.9418191 ], [ 73.7147135, 32.9403202 ], [ 73.714834, 32.9398741 ], [ 73.7154989, 32.9372703 ], [ 73.715682, 32.9365535 ], [ 73.715869, 32.9358211 ], [ 73.716045, 32.9351836 ], [ 73.7182647, 32.9287121 ], [ 73.719063, 32.9263844 ], [ 73.7191855, 32.9260273 ], [ 73.7192021, 32.9259789 ], [ 73.719303, 32.9255796 ], [ 73.719407, 32.9251131 ], [ 73.7194882, 32.9248933 ] ], [ [ 73.0617124, 33.5875777 ], [ 73.0620485, 33.5873535 ], [ 73.0623735, 33.5870835 ], [ 73.0625904, 33.5868359 ], [ 73.0627982, 33.5865579 ], [ 73.0628927, 33.5862685 ] ], [ [ 73.0628927, 33.5862685 ], [ 73.0629751, 33.586163299999988 ], [ 73.0631368, 33.585969 ], [ 73.0633093, 33.585811 ], [ 73.063541, 33.5856348 ], [ 73.0636317, 33.5855798 ], [ 73.0640552, 33.5852998 ], [ 73.0641294, 33.5852596 ] ], [ [ 73.030486, 33.6024986 ], [ 73.0297141, 33.6027504 ], [ 73.0293617, 33.6028626 ], [ 73.0284785, 33.6031439 ] ], [ [ 73.0284785, 33.6031439 ], [ 73.028165, 33.6032438 ], [ 73.0253082, 33.6041325 ], [ 73.0239644, 33.6045505 ], [ 73.023077, 33.6048125 ] ], [ [ 73.023077, 33.6048125 ], [ 73.0224811, 33.6049318 ], [ 73.0221744, 33.6050346 ], [ 73.0217665, 33.6051617 ], [ 73.0214706, 33.6052591 ], [ 73.0211058, 33.6053792 ], [ 73.0208155, 33.6054692 ], [ 73.020275, 33.6056382 ], [ 73.0201438, 33.6057113 ], [ 73.0199518, 33.6058182 ] ], [ [ 73.0199518, 33.6058182 ], [ 73.0199337, 33.6058239 ], [ 73.0197002, 33.605865699999988 ], [ 73.0195058, 33.6059292 ], [ 73.0181677, 33.606367399999989 ], [ 73.0171603, 33.606671899999988 ], [ 73.0164493, 33.606887 ], [ 73.0155305, 33.607165 ], [ 73.0146315, 33.6074396 ], [ 73.0140731, 33.6076328 ], [ 73.0135871, 33.6077891 ], [ 73.0125508, 33.6081353 ], [ 73.0115985, 33.608435 ], [ 73.0115834, 33.6084397 ], [ 73.0104943, 33.6087825 ], [ 73.0075612, 33.609719 ], [ 73.006792, 33.6100213 ], [ 73.0065376, 33.6101071 ], [ 73.0051141, 33.6106149 ], [ 73.0046355, 33.6108518 ], [ 73.0044951, 33.6109136 ], [ 73.0043996, 33.6109469 ], [ 73.0040499, 33.6110729 ], [ 73.0016163, 33.6120251 ], [ 73.0012868, 33.6121495 ], [ 73.0002452, 33.6125426 ], [ 72.999603, 33.6128125 ], [ 72.9994604, 33.6128627 ], [ 72.9993907, 33.6128943 ], [ 72.9983581, 33.6132953 ], [ 72.9974584, 33.6136092 ], [ 72.997078300000013, 33.6137253 ], [ 72.9969482, 33.6137614 ], [ 72.9967647, 33.6138124 ], [ 72.9966211, 33.613844 ], [ 72.996315, 33.6139114 ], [ 72.9961487, 33.6139293 ], [ 72.9955619, 33.6139856 ], [ 72.9950952, 33.6140601 ], [ 72.9940296, 33.6142255 ], [ 72.9925856, 33.6144488 ], [ 72.9916688, 33.6146183 ], [ 72.9910227, 33.6148439 ], [ 72.9895491, 33.6154079 ], [ 72.9881699, 33.6161082 ], [ 72.9876433, 33.6163639 ], [ 72.9875215, 33.6164239 ], [ 72.9873919, 33.6164219 ], [ 72.9871398, 33.6165061 ], [ 72.9865397, 33.6167222 ], [ 72.9864599, 33.6167547 ], [ 72.9858426, 33.6170148 ], [ 72.9850346, 33.6172964 ], [ 72.9838216, 33.6176717 ], [ 72.9834035, 33.61778 ], [ 72.9831699, 33.6178405 ], [ 72.9827151, 33.6179742 ], [ 72.9825042, 33.618052 ], [ 72.9822891, 33.6181503 ], [ 72.9821103, 33.6182524 ], [ 72.9819558, 33.6183454 ], [ 72.9817669, 33.618474 ], [ 72.981596, 33.6186087 ], [ 72.9812863, 33.6188528 ], [ 72.9812029, 33.6189127 ], [ 72.980848600000016, 33.6191673 ], [ 72.9807155, 33.6192688 ], [ 72.9803422, 33.6195533 ], [ 72.979913, 33.6198749 ], [ 72.9797353, 33.6200114 ], [ 72.9795548, 33.620138 ], [ 72.978823, 33.6205548 ], [ 72.9783321, 33.6208845 ], [ 72.9779013, 33.6211457 ], [ 72.977556, 33.6213646 ], [ 72.9772714, 33.6215524 ], [ 72.9769791, 33.6217077 ], [ 72.9758011, 33.6222955 ], [ 72.9752969, 33.6225428 ], [ 72.9749853, 33.6227064 ], [ 72.974522, 33.6229535 ], [ 72.9739929, 33.6232256 ], [ 72.9736879, 33.6233824 ], [ 72.9728081, 33.6238112 ], [ 72.9725241, 33.6239671 ], [ 72.9719635, 33.624275 ], [ 72.9714878, 33.6245133 ], [ 72.9707846, 33.6248763 ], [ 72.9705706, 33.6249859 ], [ 72.9703892, 33.6250763 ], [ 72.9702965, 33.6251216 ], [ 72.9697621, 33.6253709 ], [ 72.9695824, 33.6254494 ], [ 72.9692994, 33.6255576 ], [ 72.9689845, 33.6256524 ], [ 72.968699, 33.6257213 ], [ 72.9684225, 33.6257763 ], [ 72.9680391, 33.62583 ], [ 72.9678644, 33.6258544 ], [ 72.9675526, 33.6258734 ], [ 72.9672749, 33.6258747 ], [ 72.9669927, 33.6258659 ], [ 72.9667611, 33.6258399 ], [ 72.9666793, 33.6258307 ], [ 72.9664818, 33.6258 ], [ 72.9662158, 33.6257524 ], [ 72.9658328, 33.6256995 ], [ 72.964992600000016, 33.6255664 ], [ 72.9649399, 33.625558 ], [ 72.9648227, 33.6255394 ], [ 72.9639163, 33.6253958 ], [ 72.9605527, 33.6248761 ], [ 72.9596882, 33.6247445 ], [ 72.9579672, 33.6244868 ], [ 72.9561567, 33.624221 ], [ 72.9550176, 33.6240373 ], [ 72.9545061, 33.6239548 ], [ 72.9543837, 33.6239351 ], [ 72.9542242, 33.6239117 ], [ 72.9540716, 33.6238879 ], [ 72.9537194, 33.623833 ], [ 72.9530151, 33.623734 ], [ 72.9527183, 33.6237291 ], [ 72.9524728, 33.6237314 ], [ 72.9521869, 33.623744 ], [ 72.9518757, 33.6237698 ], [ 72.951653400000012, 33.623785 ], [ 72.9514687, 33.6238172 ], [ 72.9512535, 33.6238921 ], [ 72.9509344, 33.6239909 ], [ 72.950634, 33.6240892 ], [ 72.9503631, 33.6241919 ], [ 72.9501312, 33.6242915 ], [ 72.949848, 33.6244415 ], [ 72.949537, 33.6246319 ], [ 72.949317, 33.6247704 ], [ 72.9490729, 33.6249268 ], [ 72.9489145, 33.6250277 ], [ 72.9486346, 33.625217 ], [ 72.9480737, 33.6255962 ], [ 72.9467335, 33.6265065 ], [ 72.9465968, 33.6265993 ], [ 72.9457818, 33.62714 ], [ 72.9457512, 33.6271604 ], [ 72.9455084, 33.6273215 ], [ 72.9448063, 33.6278122 ], [ 72.9443698, 33.6281133 ], [ 72.9429269, 33.6290784 ], [ 72.9428662, 33.6291202 ], [ 72.9422161, 33.6295771 ], [ 72.9416809, 33.629923 ], [ 72.9414795, 33.6300589 ], [ 72.9407757, 33.630502 ], [ 72.9403787, 33.63071 ], [ 72.9399805, 33.6308927 ], [ 72.9394646, 33.6311286 ], [ 72.9390353, 33.6313075 ], [ 72.9389366, 33.6313489 ], [ 72.9386943, 33.6314505 ], [ 72.9380218, 33.6317564 ], [ 72.9374774, 33.6320104 ], [ 72.9359451, 33.6327215 ], [ 72.9358571, 33.6327646 ], [ 72.9357196, 33.6328253 ], [ 72.9351919, 33.6330741 ], [ 72.9346253, 33.6333435 ], [ 72.9342875, 33.6335113 ], [ 72.9335405, 33.6338461 ], [ 72.9326069, 33.6342713 ], [ 72.9315866, 33.6347241 ], [ 72.93113910000001, 33.6349475 ], [ 72.9308718, 33.6350922 ], [ 72.9306575, 33.6352291 ], [ 72.930354, 33.6354641 ], [ 72.9300271, 33.6357091 ], [ 72.9298066, 33.6359271 ], [ 72.9291503, 33.6365592 ], [ 72.928943, 33.6367562 ], [ 72.928748, 33.6369396 ], [ 72.928067, 33.6375774 ], [ 72.9278216, 33.6378075 ], [ 72.9276893, 33.6379496 ], [ 72.927291, 33.6383774 ], [ 72.9271715, 33.6385057 ], [ 72.9267911, 33.6388637 ], [ 72.9266778, 33.6389748 ], [ 72.9265256, 33.6391352 ], [ 72.9259187, 33.6396645 ], [ 72.9251606, 33.640338 ], [ 72.9246724, 33.640731 ], [ 72.9240699, 33.6412228 ], [ 72.9236503, 33.6415653 ], [ 72.9235057, 33.6416833 ], [ 72.923138, 33.6419835 ], [ 72.922783, 33.6422347 ], [ 72.9223367, 33.6425931 ], [ 72.9219398, 33.642884 ], [ 72.9215278, 33.6431861 ], [ 72.9204355, 33.6439868 ], [ 72.9188066, 33.645011 ], [ 72.9176974, 33.6459524 ], [ 72.9170218, 33.6464313 ], [ 72.9167467, 33.6466372 ], [ 72.9165923, 33.6467379 ], [ 72.9164359, 33.6468244 ], [ 72.916094, 33.6469983 ], [ 72.9156983, 33.6471759 ], [ 72.9153379, 33.6473443 ], [ 72.9144342, 33.6477162 ], [ 72.9143534, 33.6477548 ], [ 72.9126875, 33.6485504 ], [ 72.9119527, 33.6489946 ], [ 72.9117907, 33.6490995 ], [ 72.9116716, 33.6491812 ], [ 72.91145, 33.649357 ], [ 72.9114017, 33.6493927 ], [ 72.911252100000013, 33.6495404 ], [ 72.9108344, 33.6499383 ], [ 72.9107613, 33.6500779 ], [ 72.9104816, 33.6503555 ], [ 72.9103101, 33.6505241 ], [ 72.9097964, 33.650936 ], [ 72.9094757, 33.6512322 ], [ 72.909244, 33.6514391 ], [ 72.9088033, 33.6518329 ], [ 72.9087439, 33.651886 ], [ 72.9086666, 33.6519551 ], [ 72.9080532, 33.6524082 ], [ 72.9075921, 33.6528519 ], [ 72.9075109, 33.6529247 ], [ 72.9072805, 33.6531313 ], [ 72.907057, 33.6533316 ], [ 72.9063935, 33.6539266 ], [ 72.9059609, 33.6542425 ], [ 72.9056993, 33.654433499999989 ], [ 72.9056883, 33.6544415 ], [ 72.9055452, 33.654569 ], [ 72.9051999, 33.6548807 ], [ 72.9050326, 33.6550648 ], [ 72.9047045, 33.6554892 ], [ 72.90387, 33.6562925 ], [ 72.903611, 33.6565419 ], [ 72.9028042, 33.6573186 ], [ 72.9024276, 33.6576584 ], [ 72.9021559, 33.6578725 ], [ 72.9020233, 33.6579769 ], [ 72.901395400000013, 33.6583368 ], [ 72.9011171, 33.6584621 ], [ 72.8993376, 33.6592914 ], [ 72.8983178, 33.6597607 ], [ 72.8978957, 33.6599518 ], [ 72.8973209, 33.660212 ], [ 72.8969519, 33.6603791 ], [ 72.8963676, 33.6606436 ], [ 72.8959143, 33.6608506 ], [ 72.8957079, 33.6609448 ], [ 72.8947175, 33.6614107 ], [ 72.8942256, 33.6615945 ], [ 72.8939107, 33.6616784 ], [ 72.8924748, 33.6618934 ], [ 72.8915823, 33.6620213 ], [ 72.8912086, 33.662067 ], [ 72.8909948, 33.6620932 ], [ 72.8903659, 33.6621702 ], [ 72.889071, 33.6623757 ], [ 72.8887804, 33.6624218 ], [ 72.8882188, 33.6625468 ], [ 72.8874624, 33.6628295 ], [ 72.8872493, 33.6629455 ], [ 72.886861, 33.663157 ], [ 72.8863123, 33.6635072 ], [ 72.8860014, 33.6637057 ], [ 72.8848231, 33.664437 ], [ 72.8840999, 33.6647414 ], [ 72.8837835, 33.6648746 ], [ 72.8828715, 33.6651916 ], [ 72.8827813, 33.6652174 ], [ 72.8801726, 33.6659634 ], [ 72.8790816, 33.6662754 ], [ 72.878355, 33.6664832 ], [ 72.8777284, 33.6666578 ], [ 72.8753292, 33.6673407 ], [ 72.8744783, 33.6675404 ], [ 72.8743971, 33.6675594 ], [ 72.8733076, 33.6677844 ], [ 72.8724465, 33.6679037 ], [ 72.8717706, 33.6680159 ] ], [ [ 74.1768255, 32.2028839 ], [ 74.1757632, 32.2028264 ], [ 74.1748201, 32.2025997 ], [ 74.1728321, 32.2023004 ], [ 74.1720476, 32.2021759 ], [ 74.1715325, 32.20209 ], [ 74.1713315, 32.2020447 ], [ 74.1710684, 32.2019741 ], [ 74.1706539, 32.2018526 ], [ 74.1702789, 32.2017331 ], [ 74.1699082, 32.2015853 ], [ 74.1694926, 32.201377 ], [ 74.1689133, 32.201042 ], [ 74.1686337, 32.20084 ], [ 74.1672766, 32.1997535 ], [ 74.1666136, 32.199271 ], [ 74.16382320000001, 32.1970708 ], [ 74.1630696, 32.1964765 ], [ 74.162369700000013, 32.1959247 ], [ 74.1616322, 32.1953431 ], [ 74.1611087, 32.1949291 ], [ 74.1581905, 32.1926214 ], [ 74.1570289, 32.1917028 ], [ 74.1566281, 32.1913848 ], [ 74.1565485, 32.1913216 ], [ 74.1560179, 32.1909006 ], [ 74.1554375, 32.19044 ], [ 74.1536982, 32.189059799999988 ], [ 74.1525775, 32.1881705 ], [ 74.150666, 32.1866537 ], [ 74.1502445, 32.1863192 ], [ 74.1498201, 32.1859829 ], [ 74.1493913, 32.1856423 ], [ 74.1486735, 32.1850726 ], [ 74.148587, 32.185004 ], [ 74.1484135, 32.1848523 ], [ 74.148124, 32.1844796 ], [ 74.147909, 32.184135 ], [ 74.1477639, 32.1838041 ], [ 74.1476945, 32.1836015 ], [ 74.1476666, 32.18352 ], [ 74.147606, 32.183216 ], [ 74.1475936, 32.1829331 ], [ 74.1475932, 32.1829044 ], [ 74.1475969, 32.1827882 ], [ 74.1476301, 32.1818843 ], [ 74.147567, 32.181182 ], [ 74.1474768, 32.1803714 ], [ 74.1472628, 32.1787265 ], [ 74.1470734, 32.17727 ], [ 74.1469513, 32.1763311 ], [ 74.1467709, 32.1749527 ], [ 74.146624, 32.1738297 ], [ 74.1465216, 32.1730473 ], [ 74.1462968, 32.1713295 ], [ 74.1460231, 32.1691768 ], [ 74.1459454, 32.1685653 ], [ 74.1456597, 32.166301499999989 ], [ 74.1453039, 32.1634821 ], [ 74.1450153, 32.161195 ], [ 74.1449764, 32.1607459 ], [ 74.1449567, 32.1602862 ], [ 74.144986, 32.1595841 ], [ 74.1450279, 32.1593108 ], [ 74.1450519, 32.1591541 ], [ 74.1451682, 32.1586702 ], [ 74.1453767, 32.1580753 ], [ 74.1460128, 32.1566763 ], [ 74.1461857, 32.1562475 ], [ 74.1462255, 32.1561488 ], [ 74.1464081, 32.1557272 ], [ 74.1467719, 32.1549386 ], [ 74.1471005, 32.1541999 ], [ 74.147572200000013, 32.1531835 ], [ 74.1480707, 32.1520191 ], [ 74.1482586, 32.1515926 ], [ 74.149283, 32.1492678 ], [ 74.1494981, 32.1487796 ], [ 74.1499712, 32.1477058 ], [ 74.1502979, 32.1470138 ], [ 74.1503696, 32.1468474 ], [ 74.1504667, 32.1466433 ], [ 74.1504916, 32.1465909 ], [ 74.151221, 32.1450129 ], [ 74.1514273, 32.1445683 ], [ 74.1515567, 32.1442893 ], [ 74.1517274, 32.1439215 ], [ 74.1519575, 32.1434256 ], [ 74.1522074, 32.1428871 ], [ 74.1524736, 32.1423136 ], [ 74.1537788, 32.139501 ], [ 74.153822, 32.1394202 ], [ 74.1540835, 32.1388494 ], [ 74.1544628, 32.1380218 ], [ 74.1549984, 32.1368578 ], [ 74.1563394, 32.1339013 ], [ 74.1565673, 32.1334009 ], [ 74.1572345, 32.1319357 ], [ 74.157755, 32.1307926 ], [ 74.1582248, 32.1297607 ], [ 74.1589969, 32.1280652 ], [ 74.1591216, 32.1277913 ], [ 74.1591914, 32.1276406 ], [ 74.1592381, 32.1275381 ], [ 74.1597561, 32.1264008 ], [ 74.160912, 32.1238297 ], [ 74.161309, 32.1229405 ], [ 74.1613991, 32.1227712 ], [ 74.1617454, 32.1221204 ], [ 74.16195, 32.1217956 ], [ 74.162414, 32.1211967 ], [ 74.1629077, 32.1206923 ], [ 74.163176, 32.1204333 ], [ 74.1638785, 32.1198461 ], [ 74.1639514, 32.119794 ], [ 74.1645921, 32.1193357 ], [ 74.1652681, 32.1188523 ], [ 74.1656025, 32.1186116 ], [ 74.1658526, 32.1184434 ], [ 74.1678311, 32.1170554 ], [ 74.1687141, 32.1164379 ], [ 74.1692597, 32.116086 ], [ 74.1748444, 32.1121333 ], [ 74.1752024, 32.1118815 ], [ 74.1768751, 32.1107188 ], [ 74.1770982, 32.1105621 ], [ 74.1784096, 32.1096414 ], [ 74.1788678, 32.1093197 ], [ 74.1790429, 32.1091968 ], [ 74.1794837, 32.108890599999988 ], [ 74.1800235, 32.1085083 ], [ 74.1805208, 32.1081591 ], [ 74.180838, 32.1079363 ], [ 74.1829181, 32.1064758 ], [ 74.1841021, 32.1056486 ], [ 74.186531, 32.1039352 ], [ 74.1871638, 32.1034899 ], [ 74.1877086, 32.1031138 ], [ 74.1878676, 32.1030027 ], [ 74.1888307, 32.1023407 ], [ 74.1889892, 32.1022254 ], [ 74.1896633, 32.1017308 ], [ 74.1917265, 32.1002788 ], [ 74.1919742, 32.1001002 ], [ 74.192015, 32.1000708 ], [ 74.1928371, 32.0994983 ], [ 74.1929263, 32.09944 ], [ 74.1949548, 32.0980071 ], [ 74.1953039, 32.0977645 ], [ 74.1963543, 32.0970206 ], [ 74.1971103, 32.0964888 ], [ 74.197671, 32.0960944 ], [ 74.1982563, 32.0956797 ], [ 74.1986868, 32.0953747 ], [ 74.1989629, 32.095179 ], [ 74.199185, 32.0950217 ], [ 74.1992265, 32.0949926 ], [ 74.1995893, 32.0947349 ], [ 74.1999076, 32.0945145 ], [ 74.2002792, 32.0942638 ], [ 74.2005262, 32.0941516 ] ], [ [ 74.2996152, 31.6021719 ], [ 74.2996855, 31.6024946 ], [ 74.2997037, 31.6027023 ], [ 74.299704, 31.6029119 ], [ 74.2996902, 31.6030841 ], [ 74.299659, 31.603256 ], [ 74.2995357, 31.6036818 ], [ 74.2994685, 31.603839 ], [ 74.299377, 31.6040022 ], [ 74.2992734, 31.604157 ], [ 74.298994, 31.6044771 ], [ 74.2983905, 31.6051589 ], [ 74.2973181, 31.606155 ], [ 74.2972281, 31.6062412 ], [ 74.2971582, 31.6063038 ], [ 74.294243, 31.6099004 ], [ 74.2940421, 31.6101607 ], [ 74.2936525, 31.6107186 ], [ 74.2933715, 31.6111058 ], [ 74.2932437, 31.6112836 ], [ 74.293127, 31.611445 ], [ 74.2929743, 31.6116561 ], [ 74.2920169, 31.6129372 ], [ 74.2913645, 31.6138215 ], [ 74.2910935, 31.6141539 ], [ 74.2909296, 31.6143794 ], [ 74.2908945, 31.614438 ], [ 74.2908337, 31.614595 ], [ 74.2907524, 31.6149293 ], [ 74.2906683, 31.6154237 ], [ 74.2905574, 31.6160043 ], [ 74.2904803, 31.6163626 ], [ 74.2903817, 31.616957 ], [ 74.2903365, 31.6172294 ], [ 74.290317, 31.6173473 ], [ 74.2903033, 31.6174296 ], [ 74.2902309, 31.6178661 ], [ 74.290209, 31.6179982 ], [ 74.2901676, 31.6182479 ], [ 74.2901346, 31.6184469 ], [ 74.2898597, 31.6198785 ], [ 74.2897061, 31.620635 ], [ 74.2896027, 31.6211076 ], [ 74.2895555, 31.6213338 ], [ 74.289349, 31.6222358 ], [ 74.2892274, 31.6227752 ], [ 74.2890388, 31.6236119 ], [ 74.2890287, 31.6238195 ], [ 74.2890191, 31.624018 ], [ 74.2890108, 31.6240587 ], [ 74.2882875, 31.6276208 ], [ 74.2879273, 31.6293383 ], [ 74.2865387, 31.6359059 ], [ 74.2860849, 31.6381231 ], [ 74.2859568, 31.6387339 ], [ 74.285927, 31.6388845 ], [ 74.2856761, 31.6400554 ], [ 74.2856143, 31.6403438 ], [ 74.2854892, 31.6409274 ], [ 74.285488, 31.6409322 ], [ 74.285445, 31.6411112 ], [ 74.2854438, 31.641116 ], [ 74.2846733, 31.6446886 ], [ 74.2841833, 31.6471258 ], [ 74.2840909, 31.6475854 ], [ 74.2840344, 31.6478664 ], [ 74.2839723, 31.6481519 ], [ 74.2838393, 31.6487632 ], [ 74.2837432, 31.6492048 ], [ 74.2836275, 31.6497677 ], [ 74.2835122, 31.650329 ], [ 74.2834332, 31.6507132 ], [ 74.283328900000015, 31.6512212 ], [ 74.2829078, 31.6532703 ], [ 74.2827584, 31.6539972 ], [ 74.282613, 31.6546963 ], [ 74.2825018, 31.6552316 ], [ 74.282484200000013, 31.655316 ], [ 74.2820492, 31.657388 ], [ 74.2817846, 31.6586529 ], [ 74.2814552, 31.6602273 ], [ 74.2814272, 31.66036140000001 ], [ 74.2813713, 31.660629 ], [ 74.2813161, 31.6608928 ], [ 74.2811238, 31.6618119 ], [ 74.2805879, 31.664374 ], [ 74.280522, 31.664689 ], [ 74.2804506, 31.6650304 ], [ 74.280383300000011, 31.6653522 ], [ 74.28029690000001, 31.665765 ], [ 74.2799577, 31.6673867 ], [ 74.2795912, 31.6691387 ], [ 74.2795297, 31.6693933 ], [ 74.2794028, 31.669969 ], [ 74.2793586, 31.6702453 ], [ 74.2788384, 31.6727191 ], [ 74.2780834, 31.6763086 ], [ 74.2779355, 31.6770116 ], [ 74.2779029, 31.6771665 ], [ 74.277806, 31.6776271 ], [ 74.27717890000001, 31.6807022 ], [ 74.2769932, 31.6815954 ], [ 74.2768762, 31.6820871 ], [ 74.276563, 31.6836738 ], [ 74.2761855, 31.6854051 ], [ 74.2759018, 31.6867057 ], [ 74.2755058, 31.6885613 ], [ 74.2754753, 31.6887064 ], [ 74.275352, 31.6891939 ], [ 74.2752544, 31.6897627 ], [ 74.2750909, 31.6905444 ], [ 74.2750387, 31.6907942 ], [ 74.274982, 31.6910654 ], [ 74.2748427, 31.6916207 ], [ 74.2747986, 31.6919658 ], [ 74.2746303, 31.6927299 ], [ 74.2743683, 31.6939193 ], [ 74.2735814, 31.6976681 ], [ 74.2733263, 31.6988836 ], [ 74.2730929, 31.6999956 ], [ 74.2728486, 31.7011557 ], [ 74.2728173, 31.7013046 ], [ 74.2721332, 31.7045458 ], [ 74.2719224, 31.7055442 ], [ 74.2716712, 31.7067578 ], [ 74.2715684, 31.7072181 ], [ 74.2714995, 31.7075368 ], [ 74.2714007, 31.7080108 ], [ 74.2713328, 31.7082864 ], [ 74.2711941, 31.7089877 ], [ 74.2710526, 31.7096569 ], [ 74.2708655, 31.7105102 ], [ 74.2707964, 31.7108679 ], [ 74.2681034, 31.7235999 ], [ 74.268063, 31.7237605 ], [ 74.2680563, 31.7237924 ], [ 74.2678461, 31.724792 ], [ 74.2678242, 31.7248946 ], [ 74.2676531, 31.7256958 ], [ 74.2673113, 31.7272959 ], [ 74.2670795, 31.728381 ], [ 74.2668647, 31.7293864 ], [ 74.2665438, 31.7308889 ], [ 74.2664881, 31.7311497 ], [ 74.2663108, 31.7319796 ], [ 74.2662402, 31.7323049 ], [ 74.2657697, 31.7344723 ], [ 74.2656702, 31.7349307 ], [ 74.2655774, 31.7354134 ], [ 74.2651588, 31.7373728 ], [ 74.2651185, 31.7375476 ], [ 74.2650302, 31.7379645 ], [ 74.2647349, 31.7393572 ], [ 74.2646304, 31.7398465 ], [ 74.2644616, 31.7406367 ], [ 74.2642189, 31.7417727 ], [ 74.264134700000014, 31.7421668 ], [ 74.2639985, 31.7428042 ], [ 74.2638256, 31.7436137 ], [ 74.2635728, 31.7448898 ], [ 74.2632635, 31.7464509 ], [ 74.2631723, 31.7469655 ], [ 74.2627433, 31.7495865 ], [ 74.2627084, 31.7497348 ], [ 74.2626521, 31.750086 ], [ 74.2625582, 31.7507474 ], [ 74.2623109, 31.752236 ], [ 74.2622224, 31.7528164 ], [ 74.2621581, 31.7533079 ], [ 74.2619785, 31.7544489 ], [ 74.2618415, 31.7552397 ], [ 74.2616993, 31.756095 ], [ 74.2614874, 31.7572061 ], [ 74.261424, 31.7575784 ], [ 74.2613747, 31.7578818 ], [ 74.2613301, 31.7582075 ], [ 74.2607742, 31.7616336 ], [ 74.2607269, 31.7619056 ], [ 74.260605, 31.762735299999989 ], [ 74.2605277, 31.7632615 ], [ 74.2603139, 31.7647175 ], [ 74.2601896, 31.7653783 ], [ 74.2601762, 31.7654702 ], [ 74.2601099, 31.7658702 ], [ 74.2599162, 31.767039 ], [ 74.2598387, 31.7675065 ], [ 74.2597897, 31.7678019 ], [ 74.2594242, 31.770007 ], [ 74.2589271, 31.7732584 ], [ 74.2587228, 31.7745949 ], [ 74.2581166, 31.7784804 ], [ 74.258093, 31.7786316 ], [ 74.2580536, 31.7789021 ], [ 74.258006400000014, 31.7791863 ], [ 74.2578875, 31.7799487 ], [ 74.2576261, 31.7816244 ], [ 74.2573187, 31.7835943 ], [ 74.2572406, 31.7840946 ], [ 74.2571671, 31.7845657 ], [ 74.257097, 31.785015 ], [ 74.2570558, 31.7852793 ], [ 74.2568538, 31.7865738 ], [ 74.2567071, 31.7875143 ], [ 74.2566961, 31.7875849 ], [ 74.256534, 31.7886234 ], [ 74.2565033, 31.78882 ], [ 74.256447200000011, 31.7891709 ], [ 74.2564001, 31.7894657 ], [ 74.2563301, 31.7899036 ], [ 74.2562778, 31.7902308 ], [ 74.2562054, 31.7906839 ], [ 74.256122, 31.7912056 ], [ 74.2560415, 31.7917093 ], [ 74.2558539, 31.7928832 ], [ 74.2557801, 31.793345 ], [ 74.2556518, 31.7941474 ], [ 74.2555992, 31.7944859 ], [ 74.2555344, 31.7949233 ], [ 74.255495200000013, 31.7951877 ], [ 74.2552445, 31.7968801 ], [ 74.2550039, 31.7985044 ], [ 74.254909, 31.7990742 ], [ 74.2546886, 31.8003982 ], [ 74.2545997, 31.8009319 ], [ 74.2544611, 31.8017641 ], [ 74.2543234, 31.8025911 ], [ 74.2543066, 31.802692 ], [ 74.2542371, 31.8031724 ], [ 74.2541204, 31.8039786 ], [ 74.2537789, 31.8063384 ], [ 74.2537511, 31.8065304 ], [ 74.2536666, 31.8070169 ], [ 74.2532786, 31.8092522 ], [ 74.2532436, 31.809486 ], [ 74.2531732, 31.8099462 ], [ 74.2531257, 31.8102568 ], [ 74.2530565, 31.8107088 ], [ 74.2529901, 31.811143 ], [ 74.2529036, 31.8117082 ], [ 74.2528622, 31.811979 ], [ 74.252819, 31.8122609 ], [ 74.2527807, 31.8125112 ], [ 74.2526789, 31.8131767 ], [ 74.2524286, 31.8148144 ], [ 74.252286400000017, 31.8157451 ], [ 74.2522513, 31.8159241 ], [ 74.25216, 31.81648190000001 ], [ 74.2518308, 31.8184926 ], [ 74.2515326, 31.8203141 ], [ 74.2515097, 31.820454 ], [ 74.2511942, 31.8223808 ], [ 74.2506856, 31.8254115 ], [ 74.2506648, 31.8255691 ], [ 74.2503732, 31.8273257 ], [ 74.250182, 31.8285227 ], [ 74.249611, 31.8320972 ], [ 74.2494067, 31.8333757 ], [ 74.2476056, 31.8445393 ], [ 74.2462522, 31.8529271 ], [ 74.2457209, 31.8562196 ], [ 74.2452854, 31.8589187 ], [ 74.244951, 31.8609906 ], [ 74.2446923, 31.8622241 ], [ 74.2444667, 31.8633003 ], [ 74.2442869, 31.8641575 ], [ 74.2438316, 31.8658424 ], [ 74.2437975, 31.8659656 ], [ 74.2416768, 31.8736201 ], [ 74.2415206, 31.8741994 ], [ 74.2405792, 31.8778193 ], [ 74.2405239, 31.8780346 ], [ 74.2396767, 31.8816271 ], [ 74.2393784, 31.8832485 ], [ 74.2376318, 31.8926284 ], [ 74.2373843, 31.8939382 ], [ 74.2367194, 31.8974569 ], [ 74.2357581, 31.9025436 ], [ 74.2355792, 31.9034906 ], [ 74.2354513, 31.9041673 ], [ 74.2350966, 31.906044 ], [ 74.2350513, 31.9062629 ], [ 74.2349725, 31.9068419 ], [ 74.2346045, 31.9088126 ], [ 74.234412300000017, 31.9098418 ], [ 74.2343541, 31.9101535 ], [ 74.2322296, 31.9215301 ], [ 74.231759, 31.9238431 ], [ 74.2309782, 31.9281643 ], [ 74.2296933, 31.9351739 ], [ 74.2295623, 31.9358681 ], [ 74.2265505, 31.9518391 ], [ 74.2261041, 31.9542615 ], [ 74.2258437, 31.9556592 ], [ 74.225496, 31.9575252 ], [ 74.2253933, 31.9580765 ], [ 74.2252964, 31.9585963 ], [ 74.2249763, 31.9603145 ], [ 74.2248827, 31.960817 ], [ 74.2245547, 31.9625772 ], [ 74.2243716, 31.9635597 ], [ 74.2240226, 31.9654332 ], [ 74.2239632, 31.9657519 ], [ 74.2238064, 31.9666113 ], [ 74.2236081, 31.9676573 ], [ 74.2235636, 31.9679214 ], [ 74.2233249, 31.9691774 ], [ 74.2232712, 31.9694654 ], [ 74.2232176, 31.9697532 ], [ 74.2231707, 31.9700302 ], [ 74.2231225, 31.9702638 ], [ 74.2230783, 31.9705009 ], [ 74.2229089, 31.9714101 ], [ 74.222852100000011, 31.971715 ], [ 74.2228266, 31.9718514 ], [ 74.2227893, 31.972052 ], [ 74.2219392, 31.9766135 ], [ 74.2216957, 31.9779166 ], [ 74.221424, 31.9793702 ], [ 74.2213216, 31.9799132 ], [ 74.2211492, 31.9808268 ], [ 74.220916, 31.9820193 ], [ 74.2208548, 31.9824017 ], [ 74.2207437, 31.9830726 ], [ 74.2206649, 31.9835459 ], [ 74.2206204, 31.9837906 ], [ 74.2205216, 31.9843135 ], [ 74.2204504, 31.9846306 ], [ 74.2202916, 31.9855631 ], [ 74.220209, 31.9859919 ], [ 74.2201012, 31.9865239 ], [ 74.2196157, 31.9890606 ], [ 74.2195538, 31.9893839 ], [ 74.2194919, 31.9897149 ], [ 74.219472, 31.9898213 ], [ 74.2194035, 31.9901882 ], [ 74.2190824, 31.9919076 ], [ 74.2189748, 31.9924837 ], [ 74.2187969, 31.9934361 ], [ 74.2185609, 31.9947001 ], [ 74.2181125, 31.9971013 ], [ 74.2180619, 31.9974689 ], [ 74.2180529, 31.9975173 ], [ 74.2177564, 31.9991047 ], [ 74.2171124, 32.0020553 ], [ 74.2170246, 32.0024429 ], [ 74.2169435, 32.0029742 ], [ 74.2165402, 32.0050425 ], [ 74.2160604, 32.007834 ], [ 74.2159276, 32.008607 ], [ 74.2153684, 32.0118605 ], [ 74.2153232, 32.0121236 ], [ 74.215303, 32.012241 ], [ 74.21468, 32.0157707 ], [ 74.2136908, 32.0213748 ], [ 74.2135472, 32.0221885 ], [ 74.2126317, 32.0273561 ], [ 74.2117896, 32.0321093 ], [ 74.2117635, 32.0322566 ], [ 74.2115859, 32.0332592 ], [ 74.2114805, 32.0338829 ], [ 74.2114666, 32.0339615 ], [ 74.2106128, 32.0387924 ], [ 74.2098384, 32.0431739 ], [ 74.2094698, 32.0452599 ], [ 74.209261, 32.0464411 ], [ 74.2092409, 32.0465536 ], [ 74.2090844, 32.0474354 ], [ 74.208985700000014, 32.0479914 ], [ 74.208982, 32.0480121 ], [ 74.2088422, 32.0487999 ], [ 74.2088349, 32.0488412 ], [ 74.2087646, 32.0491792 ], [ 74.2087506, 32.0492616 ], [ 74.2086995, 32.0495613 ], [ 74.2086404, 32.0499084 ], [ 74.2082525, 32.0520755 ], [ 74.2079337, 32.0538543 ], [ 74.2078087, 32.0545638 ], [ 74.207223, 32.057828 ], [ 74.207218, 32.0578554 ], [ 74.2070985, 32.058523 ], [ 74.20673570000001, 32.0605499 ], [ 74.2063591, 32.0626534 ], [ 74.2061194, 32.0637932 ], [ 74.2059803, 32.0645869 ], [ 74.2058312, 32.0654037 ], [ 74.205812, 32.0655426 ], [ 74.2057822, 32.0657447 ], [ 74.2057436, 32.0660797 ], [ 74.2052064, 32.069113 ], [ 74.2051813, 32.0692944 ], [ 74.2050963, 32.0697774 ], [ 74.2045898, 32.0726551 ], [ 74.2041398, 32.0752116 ], [ 74.2040437, 32.0757564 ], [ 74.2038469, 32.0768681 ], [ 74.2036391, 32.0780416 ], [ 74.2035607, 32.0784843 ], [ 74.2032691, 32.0801311 ], [ 74.2026654, 32.0835402 ], [ 74.2018767, 32.0880456 ], [ 74.2017264, 32.0888977 ], [ 74.2015894, 32.0896769 ], [ 74.2015601, 32.0898437 ], [ 74.2014061, 32.0907192 ], [ 74.201092, 32.0924135 ], [ 74.2010522, 32.092621 ], [ 74.2009961, 32.0928759 ], [ 74.2009147, 32.0932456 ], [ 74.2008827, 32.0933906 ], [ 74.2008505, 32.0934838 ], [ 74.200813, 32.0935792 ], [ 74.2007808, 32.093653 ], [ 74.2007513, 32.0937053 ], [ 74.2007156, 32.0937544 ], [ 74.2006487, 32.0938397 ] ], [ [ 72.8669518, 33.669113599999989 ], [ 72.8674555, 33.6690053 ], [ 72.8679867, 33.6689074 ], [ 72.8685316, 33.6688124 ], [ 72.8690186, 33.6687152 ], [ 72.8694752, 33.6686443 ], [ 72.8699522, 33.668561 ], [ 72.8703808, 33.6684971 ], [ 72.8710761, 33.6684103 ], [ 72.8718229, 33.668282 ] ], [ [ 72.8718229, 33.668282 ], [ 72.872982, 33.6680773 ], [ 72.8740428, 33.6679112 ], [ 72.8747715, 33.6677646 ], [ 72.8757275, 33.6675061 ], [ 72.8766088, 33.6672641 ], [ 72.8778743, 33.6669241 ], [ 72.8784177, 33.6667781 ], [ 72.8788664, 33.6666573 ], [ 72.8789978, 33.6666192 ], [ 72.8805793, 33.6661613 ], [ 72.8808526, 33.6660842 ], [ 72.882304, 33.6656749 ], [ 72.8833532, 33.665376 ], [ 72.8838645, 33.6652195 ], [ 72.8843339, 33.66505 ], [ 72.8845457, 33.6649482 ], [ 72.8847448, 33.6648525 ], [ 72.8851696, 33.6646214 ], [ 72.8858026, 33.6641877 ], [ 72.8861915, 33.6639422 ], [ 72.8863351, 33.6638515 ], [ 72.8868439, 33.6635316 ], [ 72.8871559, 33.6633579 ], [ 72.8873001, 33.6632777 ], [ 72.8876189, 33.6631366 ], [ 72.887814, 33.6630502 ], [ 72.8882901, 33.6628835 ], [ 72.8889312, 33.6627056 ], [ 72.8896138, 33.6625814 ], [ 72.8903613, 33.6624785 ], [ 72.891376, 33.6623448 ], [ 72.891646400000013, 33.6623077 ], [ 72.8918516, 33.6622797 ], [ 72.8923435, 33.6622126 ], [ 72.8923927, 33.6622055 ], [ 72.8931168, 33.6621003 ], [ 72.8936462, 33.6620202 ], [ 72.8941159, 33.6619249 ], [ 72.894752, 33.6617388 ], [ 72.8950233, 33.6616081 ], [ 72.895752, 33.6612875 ], [ 72.8961021, 33.6611228 ], [ 72.8965985, 33.6608894 ], [ 72.8977227, 33.6603658 ], [ 72.898467, 33.6600192 ], [ 72.9003408, 33.6591731 ], [ 72.9013696, 33.6586886 ], [ 72.9018117, 33.6584761 ], [ 72.9022199, 33.6582403 ], [ 72.9025879, 33.6579619 ], [ 72.9028428, 33.657731 ], [ 72.9030873, 33.6575096 ], [ 72.9039912, 33.6566699 ], [ 72.904471, 33.656215 ], [ 72.9048411, 33.6558706 ], [ 72.9051156, 33.6556039 ], [ 72.9057374, 33.6550524 ], [ 72.905896, 33.6549117 ], [ 72.906118400000011, 33.6547145 ], [ 72.9064488, 33.6544082 ], [ 72.9065632, 33.6543023 ], [ 72.9068479, 33.6540385 ], [ 72.9072167, 33.6536553 ], [ 72.9093833, 33.651557 ], [ 72.9096145, 33.6513486 ], [ 72.9097942, 33.6511745 ], [ 72.9098141, 33.6510969 ], [ 72.9100711, 33.6508711 ], [ 72.9103703, 33.6506004 ], [ 72.9105295, 33.6504411 ], [ 72.9106834, 33.6502919 ], [ 72.9110005, 33.6500082 ], [ 72.9111502, 33.6498663 ], [ 72.9115803, 33.6494993 ], [ 72.9118086, 33.6493174 ], [ 72.9121683, 33.649038 ], [ 72.9124288, 33.6488939 ], [ 72.9131913, 33.6484822 ], [ 72.9135829, 33.6483102 ], [ 72.9142147, 33.6479988 ], [ 72.9148462, 33.6476876 ], [ 72.9151025, 33.6475803 ], [ 72.9158923, 33.6472497 ], [ 72.9163016, 33.6470456 ], [ 72.9164739, 33.6469596 ], [ 72.9166035, 33.6468839 ], [ 72.9170671, 33.64662 ], [ 72.9174103, 33.6464057 ], [ 72.917736, 33.6462093 ], [ 72.9181427, 33.6459233 ], [ 72.9187569, 33.6455012 ], [ 72.919082, 33.6452758 ], [ 72.9191684, 33.6452147 ], [ 72.9205877, 33.6442004 ], [ 72.921913, 33.6432284 ], [ 72.9222019, 33.6430115 ], [ 72.9225427, 33.6427555 ], [ 72.9228696, 33.6425088 ], [ 72.9231811, 33.6422624 ], [ 72.9240122, 33.6416042 ], [ 72.924506, 33.6412101 ], [ 72.9248644, 33.6409044 ], [ 72.9250529, 33.6407491 ], [ 72.9254898, 33.6403904 ], [ 72.9257474, 33.6401655 ], [ 72.925936, 33.6400008 ], [ 72.9267213, 33.639284 ], [ 72.9270769, 33.6389638 ], [ 72.9274045, 33.6386514 ], [ 72.9276331, 33.6384273 ], [ 72.9278169, 33.6382688 ], [ 72.9281717, 33.6379103 ], [ 72.9283348, 33.637742 ], [ 72.9285751, 33.6375004 ], [ 72.929100100000014, 33.6370122 ], [ 72.9297413, 33.6363701 ], [ 72.9298664, 33.6362521 ], [ 72.9301558, 33.635979 ], [ 72.9303026, 33.6358405 ], [ 72.9303856, 33.6357729 ], [ 72.9306592, 33.6355501 ], [ 72.9310098, 33.6353094 ], [ 72.931669, 33.6349255 ], [ 72.9337194, 33.6339808 ], [ 72.9345197, 33.6335743 ], [ 72.9354246, 33.6331584 ], [ 72.9360909, 33.6328522 ], [ 72.9371794, 33.6323529 ], [ 72.937248, 33.6323243 ], [ 72.9381407, 33.6319027 ], [ 72.9391785, 33.6314625 ], [ 72.9402612, 33.6309526 ], [ 72.9405491, 33.6308278 ], [ 72.9409267, 33.6306178 ], [ 72.9414803, 33.6303098 ], [ 72.9420361, 33.629927 ], [ 72.9425888, 33.6295425 ], [ 72.9426323, 33.6295118 ], [ 72.9433515, 33.6290258 ], [ 72.9439927, 33.6285889 ], [ 72.9449393, 33.6279437 ], [ 72.9455107, 33.6275541 ], [ 72.9460616, 33.6271831 ], [ 72.9493587, 33.6249061 ], [ 72.9497364, 33.6246774 ], [ 72.9500454, 33.6244916 ], [ 72.9503372, 33.6243486 ], [ 72.9506984, 33.6242165 ], [ 72.9511612, 33.624077 ], [ 72.9515159, 33.6239641 ], [ 72.9518927, 33.6239103 ], [ 72.9522124, 33.6238736 ], [ 72.9524592, 33.6238705 ], [ 72.9527161, 33.6238701 ], [ 72.9530157, 33.6238754 ], [ 72.953531, 33.6239385 ], [ 72.9542027, 33.6240678 ], [ 72.9544052, 33.6240959 ], [ 72.9553037, 33.6242366 ], [ 72.9553827, 33.6242487 ], [ 72.9559829, 33.624341 ], [ 72.9580503, 33.6246587 ], [ 72.9594826, 33.6248798 ], [ 72.960476, 33.6250342 ], [ 72.9622606, 33.625310399999989 ], [ 72.9632491, 33.6254634 ], [ 72.9646447, 33.6256794 ], [ 72.9648899, 33.6257174 ], [ 72.9656829, 33.625847 ], [ 72.9664526, 33.6259444 ], [ 72.966628, 33.6259638 ], [ 72.9669095, 33.6259748 ], [ 72.9671644, 33.6259811 ], [ 72.9673744, 33.6259811 ], [ 72.9675493, 33.6259763 ], [ 72.9677987, 33.6259546 ], [ 72.9681356, 33.625921 ], [ 72.9684993, 33.6258527 ], [ 72.9687561, 33.6257902 ], [ 72.9690785, 33.625718 ], [ 72.9696698, 33.6255064 ], [ 72.9702873, 33.625233 ], [ 72.9706094, 33.6250652 ], [ 72.9711973, 33.6247668 ], [ 72.9718264, 33.6244456 ], [ 72.9726826, 33.6240196 ], [ 72.9732208, 33.6237519 ], [ 72.9737893, 33.623469 ], [ 72.9753475, 33.6226913 ], [ 72.975891300000015, 33.6224128 ], [ 72.97701, 33.6218483 ], [ 72.9775208, 33.6215976 ], [ 72.9777662, 33.6214771 ], [ 72.9781928, 33.6212749 ], [ 72.9785443, 33.6210718 ], [ 72.9789371, 33.6208159 ], [ 72.9794027, 33.6204994 ], [ 72.979811400000017, 33.6201934 ], [ 72.9800268, 33.6199745 ], [ 72.980125, 33.619898 ], [ 72.9807123, 33.6194504 ], [ 72.9812938, 33.6190143 ], [ 72.9819527, 33.6185237 ], [ 72.9821808, 33.6183839 ], [ 72.9824114, 33.6182484 ], [ 72.9827161, 33.6181148 ], [ 72.983055, 33.6179988 ], [ 72.98347, 33.6178906 ], [ 72.984566, 33.6175872 ], [ 72.9857001, 33.6173446 ], [ 72.9863431, 33.6171546 ], [ 72.9869228, 33.6169462 ], [ 72.9874391, 33.6166851 ], [ 72.9877812, 33.6165083 ], [ 72.9880473, 33.6163211 ], [ 72.9882088, 33.6162393 ], [ 72.9886495, 33.6160112 ], [ 72.9892332, 33.6157091 ], [ 72.9896674, 33.6155053 ], [ 72.989936, 33.6153989 ], [ 72.9903116, 33.6152343 ], [ 72.990964, 33.6150038 ], [ 72.991567, 33.6148227 ], [ 72.992086, 33.6147321 ], [ 72.9928373, 33.6146004 ], [ 72.9938258, 33.6144399 ], [ 72.9952075, 33.614252 ], [ 72.9953098, 33.6142396 ], [ 72.9954004, 33.6142488 ], [ 72.9958854, 33.614156699999988 ], [ 72.9961287, 33.6141105 ], [ 72.9962341, 33.6140905 ], [ 72.9968095, 33.6139291 ], [ 72.9969589, 33.6138876 ], [ 72.9971569, 33.6138325 ], [ 72.9975178, 33.6137138 ], [ 72.998792, 33.613261 ], [ 72.9996473, 33.6129339 ], [ 73.0009405, 33.6124425 ], [ 73.0044708, 33.6110322 ], [ 73.0050107, 33.6108925 ], [ 73.0055898, 33.6107098 ], [ 73.006084, 33.6105306 ], [ 73.0068252, 33.6101956 ], [ 73.0076874, 33.6098446 ], [ 73.0096954, 33.6091968 ], [ 73.0103739, 33.6089861 ], [ 73.0105989, 33.6089166 ], [ 73.0108519, 33.6088364 ], [ 73.0110656, 33.6087691 ], [ 73.0120659, 33.6084332 ], [ 73.0123943, 33.6083378 ], [ 73.0128445, 33.6082224 ], [ 73.0136571, 33.6079814 ], [ 73.013727, 33.607958 ], [ 73.0142178, 33.6078132 ], [ 73.0150477, 33.6075202 ], [ 73.0160291, 33.6071628 ], [ 73.0183722, 33.6064346 ], [ 73.01911, 33.6062142 ], [ 73.0198386, 33.6059876 ], [ 73.0208382, 33.6056637 ], [ 73.0245277, 33.6045052 ], [ 73.0253517, 33.6042501 ], [ 73.0253751, 33.6042417 ], [ 73.0265773, 33.6038656 ], [ 73.0275905, 33.603541 ], [ 73.0297567, 33.6028568 ], [ 73.0304924, 33.602624399999989 ], [ 73.031262500000011, 33.6023869 ], [ 73.03319, 33.6018112 ], [ 73.0343739, 33.6014525 ], [ 73.0344698, 33.6014275 ], [ 73.0356474, 33.6010516 ], [ 73.0365082, 33.6007892 ], [ 73.0367401, 33.6007185 ], [ 73.0370345, 33.6006366 ], [ 73.0371292, 33.6006102 ], [ 73.0419108, 33.5991429 ], [ 73.0420591, 33.5990911 ], [ 73.0435247, 33.5986643 ], [ 73.0440438, 33.598510399999988 ], [ 73.0443237, 33.598422 ], [ 73.0448323, 33.5981982 ], [ 73.0450363, 33.5980762 ], [ 73.0451295, 33.5980224 ], [ 73.0463889, 33.5970146 ], [ 73.0482058, 33.5956744 ], [ 73.0484231, 33.5954846 ], [ 73.0497511, 33.594439 ], [ 73.0502509, 33.5940567 ], [ 73.0505814, 33.5938018 ], [ 73.0514249, 33.593174 ], [ 73.0518034, 33.5928719 ], [ 73.0528088, 33.5920728 ], [ 73.0532373, 33.5917119 ], [ 73.0545437, 33.5906996 ], [ 73.0558472, 33.5897699 ], [ 73.0559762, 33.5896863 ], [ 73.0563186, 33.5894813 ], [ 73.0565017, 33.5893955 ], [ 73.0566924, 33.5893107 ], [ 73.057049, 33.5891929 ], [ 73.057278, 33.589128 ], [ 73.057536, 33.589055 ], [ 73.057811, 33.5889927 ], [ 73.0579568, 33.5889621 ], [ 73.0583498, 33.5889031 ], [ 73.0588229, 33.5888122 ], [ 73.0591415, 33.5887699 ], [ 73.0594242, 33.5887075 ], [ 73.0599174, 33.5885518 ], [ 73.0601231, 33.5884735 ], [ 73.0604955, 33.5883062 ], [ 73.060916600000013, 33.5880979 ], [ 73.0612546, 33.5878969 ], [ 73.0615206, 33.587708 ], [ 73.0617124, 33.5875777 ] ], [ [ 72.8559376, 33.6732512 ], [ 72.8561267, 33.6730744 ], [ 72.8565786, 33.6726711 ], [ 72.857197, 33.6721396 ], [ 72.857687, 33.671743 ], [ 72.858112800000015, 33.6713971 ], [ 72.8585318, 33.6711074 ], [ 72.8590658, 33.6708121 ], [ 72.8593299, 33.6706778 ], [ 72.8596306, 33.6705326 ], [ 72.8598341, 33.6704524 ], [ 72.860125, 33.6703449 ], [ 72.8604242, 33.6702582 ], [ 72.8607453, 33.6701765 ], [ 72.8615733, 33.6700218 ], [ 72.862032900000017, 33.6699473 ], [ 72.8630179, 33.669776 ], [ 72.8637059, 33.6696566 ], [ 72.8657181, 33.6693215 ], [ 72.8659917, 33.6692754 ], [ 72.8664627, 33.669196 ], [ 72.8669518, 33.669113599999989 ] ], [ [ 73.0657707, 33.5847973 ], [ 73.0656106, 33.5847538 ] ], [ [ 73.0656106, 33.5847538 ], [ 73.0654978, 33.5847519 ], [ 73.06533, 33.5847627 ], [ 73.0649607, 33.5847679 ], [ 73.0647833, 33.5848062 ], [ 73.0646892, 33.5848234 ], [ 73.064602, 33.5848513 ], [ 73.0643323, 33.5849754 ], [ 73.0639903, 33.5851606 ], [ 73.0636366, 33.5853921 ], [ 73.0634044, 33.5855369 ], [ 73.0633388, 33.585578 ], [ 73.0631263, 33.5857114 ], [ 73.0629098, 33.5859233 ], [ 73.0627083, 33.5861625 ], [ 73.0625577, 33.586398599999988 ], [ 73.0623992, 33.5866685 ], [ 73.0622155, 33.5868857 ], [ 73.062159, 33.5869609 ], [ 73.0620148, 33.587123 ], [ 73.0618546, 33.5872606 ], [ 73.061714, 33.5873815 ], [ 73.0614645, 33.5875779 ], [ 73.061219200000011, 33.587732 ], [ 73.0608535, 33.5879511 ], [ 73.0604643, 33.5881567 ], [ 73.0603964, 33.5881885 ], [ 73.0601213, 33.5883175 ], [ 73.0598879, 33.5884158 ], [ 73.0595836, 33.5885163 ], [ 73.0594261, 33.5885655 ], [ 73.0593347, 33.5885941 ], [ 73.0590231, 33.5886596 ], [ 73.0584466, 33.5887525 ], [ 73.0578167, 33.5888613 ], [ 73.0577743, 33.5888686 ], [ 73.0576399, 33.5888942 ], [ 73.057513, 33.5889212 ], [ 73.0574376, 33.5889393 ], [ 73.0572546, 33.5889832 ], [ 73.0569754, 33.5890421 ], [ 73.056775, 33.5891132 ], [ 73.0565229, 33.5892126 ], [ 73.056263, 33.5893327 ], [ 73.0559494, 33.5895178 ], [ 73.0557784, 33.5896227 ], [ 73.0556529, 33.5897052 ], [ 73.055395, 33.5898885 ], [ 73.0551924, 33.5900375 ], [ 73.0548584, 33.5902904 ], [ 73.0540103, 33.5909321 ], [ 73.0538675, 33.5910464 ], [ 73.0537148, 33.5911686 ], [ 73.0535348, 33.5913074 ], [ 73.053434, 33.5913852 ], [ 73.0532666, 33.5915143 ], [ 73.0520058, 33.5925479 ], [ 73.051846, 33.5926646 ], [ 73.0504769, 33.5937338 ], [ 73.0503661, 33.5938123 ], [ 73.0499359, 33.5941247 ], [ 73.0498568, 33.5941802 ], [ 73.0495516, 33.5944527 ], [ 73.0494314, 33.5945542 ], [ 73.0487321, 33.5951057 ], [ 73.048128, 33.5955242 ], [ 73.048075, 33.5955843 ], [ 73.0477879, 33.5957849 ], [ 73.0472729, 33.596171 ], [ 73.046818, 33.5965141 ], [ 73.0463251, 33.596896 ], [ 73.0462746, 33.5969351 ], [ 73.0456098, 33.5974549 ], [ 73.045454, 33.5975859 ], [ 73.045021, 33.5979432 ], [ 73.0449377, 33.5979948 ], [ 73.0444458, 33.5982122 ], [ 73.0440881, 33.5983322 ], [ 73.043714, 33.5984236 ], [ 73.0431796, 33.5985889 ], [ 73.0426563, 33.5987304 ], [ 73.041543, 33.5990836 ], [ 73.0410286, 33.5992433 ], [ 73.0409841, 33.5992571 ], [ 73.0403382, 33.59946 ], [ 73.0401402, 33.5995199 ], [ 73.0385817, 33.6000092 ], [ 73.0378264, 33.6002463 ], [ 73.0366557, 33.6006139 ], [ 73.034836, 33.6011693 ], [ 73.0344105, 33.6013012 ], [ 73.0343329, 33.6013253 ], [ 73.0337253, 33.601514 ], [ 73.0319187, 33.602075 ], [ 73.030486, 33.6024986 ] ], [ [ 73.0641294, 33.5852596 ], [ 73.0642581, 33.5851836 ], [ 73.0642826, 33.5851691 ], [ 73.0647554, 33.5849595 ], [ 73.0650056, 33.584918 ], [ 73.0653309, 33.5848616 ], [ 73.0654794, 33.5848379 ], [ 73.0656138, 33.5848202 ] ], [ [ 73.0656512, 33.5849767 ], [ 73.0658063, 33.584981 ], [ 73.0657741, 33.5848335 ], [ 73.0657707, 33.5847973 ] ], [ [ 73.030486, 33.6024986 ], [ 73.0301777, 33.6025358 ], [ 73.0294722, 33.6027437 ], [ 73.0289931, 33.6029143 ], [ 73.0287481, 33.6030234 ], [ 73.0284785, 33.6031439 ] ], [ [ 72.8669518, 33.669113599999989 ], [ 72.8674608, 33.6690207 ], [ 72.8679948, 33.6689313 ], [ 72.8685449, 33.6688444 ], [ 72.869031600000014, 33.6687552 ], [ 72.8694864, 33.668691699999989 ], [ 72.8699613, 33.6686025 ], [ 72.8703897, 33.6685279 ], [ 72.8710771, 33.6684273 ], [ 72.8718229, 33.668282 ] ], [ [ 72.8669518, 33.669113599999989 ], [ 72.8674449, 33.6689746 ], [ 72.8679706, 33.6688597 ], [ 72.868505, 33.6687486 ], [ 72.8689925, 33.6686353 ], [ 72.8694527, 33.6685495 ], [ 72.869934, 33.6684779 ], [ 72.8703631, 33.6684355 ], [ 72.8710739, 33.6683764 ], [ 72.8718229, 33.668282 ] ], [ [ 72.8669518, 33.669113599999989 ], [ 72.8674714, 33.6690514 ], [ 72.8680108, 33.6689791 ], [ 72.8685714, 33.6689082 ], [ 72.8690576, 33.6688351 ], [ 72.8695089, 33.6687866 ], [ 72.8699796, 33.668685499999988 ], [ 72.8704074, 33.6685896 ], [ 72.8710793, 33.6684612 ], [ 72.8718229, 33.668282 ] ], [ [ 72.8669518, 33.669113599999989 ], [ 72.8674661, 33.669036 ], [ 72.8680028, 33.6689552 ], [ 72.86855820000001, 33.6688763 ], [ 72.8690446, 33.6687951 ], [ 72.8694976, 33.668739099999989 ], [ 72.8699705, 33.668644 ], [ 72.8703985, 33.6685587 ], [ 72.8710782, 33.6684442 ], [ 72.8718229, 33.668282 ] ], [ [ 72.8669518, 33.669113599999989 ], [ 72.8674502, 33.66899 ], [ 72.8679787, 33.6688835 ], [ 72.8685183, 33.6687805 ], [ 72.8690055, 33.6686753 ], [ 72.8694639, 33.6685969 ], [ 72.8699431, 33.6685195 ], [ 72.870372, 33.6684663 ], [ 72.871075, 33.6683933 ], [ 72.8718229, 33.668282 ] ], [ [ 72.8717706, 33.6680159 ], [ 72.8711678, 33.6680596 ], [ 72.870261, 33.6681511 ], [ 72.8698731, 33.6682172 ], [ 72.869394, 33.6683156 ], [ 72.8689089, 33.6684052 ], [ 72.8684896, 33.6684978 ], [ 72.8679612, 33.668621 ], [ 72.8673314, 33.6687467 ], [ 72.86678040000001, 33.6688677 ] ], [ [ 72.8717706, 33.6680159 ], [ 72.8711732, 33.6680788 ], [ 72.8702728, 33.6681949 ], [ 72.8698887, 33.6682634 ], [ 72.8694046, 33.6683616 ], [ 72.8689271, 33.6684429 ], [ 72.8685017, 33.6685311 ], [ 72.867972, 33.6686413 ], [ 72.867336, 33.6687588 ], [ 72.86678040000001, 33.6688677 ] ], [ [ 72.8717706, 33.6680159 ], [ 72.8711839, 33.6681172 ], [ 72.8702964, 33.6682824 ], [ 72.8699198, 33.6683558 ], [ 72.8694257, 33.6684538 ], [ 72.8689636, 33.6685183 ], [ 72.8685258, 33.6685976 ], [ 72.8679934, 33.668682 ], [ 72.8673451, 33.6687829 ], [ 72.86678040000001, 33.6688677 ] ], [ [ 72.8717706, 33.6680159 ], [ 72.8711624, 33.6680404 ], [ 72.8702492, 33.6681074 ], [ 72.8698575, 33.668171 ], [ 72.8693835, 33.6682695 ], [ 72.8688906, 33.6683674 ], [ 72.8684776, 33.6684645 ], [ 72.8679505, 33.6686007 ], [ 72.8673269, 33.6687347 ], [ 72.86678040000001, 33.6688677 ] ], [ [ 72.8717706, 33.6680159 ], [ 72.8711893, 33.6681364 ], [ 72.8703082, 33.6683261 ], [ 72.8699353, 33.668402 ], [ 72.8694363, 33.6684999 ], [ 72.8689818, 33.668556099999989 ], [ 72.8685379, 33.6686309 ], [ 72.8680041, 33.6687023 ], [ 72.8673497, 33.6687949 ], [ 72.86678040000001, 33.6688677 ] ], [ [ 73.0939501, 33.5577441 ], [ 73.0937038, 33.5578514 ], [ 73.0934731, 33.5580071 ], [ 73.0932817, 33.5580981 ] ], [ [ 73.0656138, 33.5848202 ], [ 73.0657707, 33.5847973 ] ], [ [ 73.0641294, 33.5852596 ], [ 73.0644973, 33.5851218 ], [ 73.0646838, 33.5850741 ], [ 73.064879300000015, 33.5850345 ], [ 73.0651258, 33.5849986 ], [ 73.065406, 33.5849819 ], [ 73.0655301, 33.5849782 ], [ 73.0656512, 33.5849767 ] ] ] } }
]
}
